concelho,distrito,ano,mes,valor
Abrantes,Santarém,2020,1,1863.0
Abrantes,Santarém,2020,2,3408.0
Abrantes,Santarém,2020,3,1569.0
Abrantes,Santarém,2020,4,768.0
Abrantes,Santarém,2020,5,451.0
Abrantes,Santarém,2020,6,1856.0
Abrantes,Santarém,2020,7,3243.0
Abrantes,Santarém,2020,8,5819.0
Abrantes,Santarém,2020,9,3411.0
Abrantes,Santarém,2020,10,2345.0
Abrantes,Santarém,2020,11,1166.0
Abrantes,Santarém,2020,12,993.0
Abrantes,Santarém,2021,1,794.0
Abrantes,Santarém,2021,2,1729.0
Abrantes,Santarém,2021,3,735.0
Abrantes,Santarém,2021,4,876.0
Abrantes,Santarém,2021,5,2596.0
Abrantes,Santarém,2021,6,3200.0
Abrantes,Santarém,2021,7,3916.0
Abrantes,Santarém,2021,8,5523.0
Abrantes,Santarém,2021,9,3678.0
Abrantes,Santarém,2021,10,3787.0
Abrantes,Santarém,2021,11,2486.0
Abrantes,Santarém,2021,12,1628.0
Abrantes,Santarém,2022,1,1170.0
Abrantes,Santarém,2022,2,1619.0
Abrantes,Santarém,2022,3,2096.0
Abrantes,Santarém,2022,4,3414.0
Abrantes,Santarém,2022,5,3047.0
Abrantes,Santarém,2022,6,3643.0
Abrantes,Santarém,2022,7,4675.0
Abrantes,Santarém,2022,8,6080.0
Abrantes,Santarém,2022,9,3810.0
Abrantes,Santarém,2022,10,3387.0
Abrantes,Santarém,2022,11,2611.0
Abrantes,Santarém,2022,12,2808.0
Abrantes,Santarém,2023,1,2007.0
Abrantes,Santarém,2023,2,1909.0
Abrantes,Santarém,2023,3,1903.0
Abrantes,Santarém,2023,4,3607.0
Abrantes,Santarém,2023,5,2967.0
Abrantes,Santarém,2023,6,3218.0
Abrantes,Santarém,2023,7,3628.0
Abrantes,Santarém,2023,8,6618.0
Abrantes,Santarém,2023,9,4003.0
Abrantes,Santarém,2023,10,3526.0
Abrantes,Santarém,2023,11,2727.0
Abrantes,Santarém,2023,12,2563.0
Abrantes,Santarém,2024,1,2401.0
Abrantes,Santarém,2024,2,2066.0
Abrantes,Santarém,2024,3,2695.0
Abrantes,Santarém,2024,4,3422.0
Abrantes,Santarém,2024,5,3972.0
Abrantes,Santarém,2024,6,4168.0
Abrantes,Santarém,2024,7,5588.0
Abrantes,Santarém,2024,8,7741.0
Abrantes,Santarém,2024,9,4750.0
Abrantes,Santarém,2024,10,3981.0
Abrantes,Santarém,2024,11,3344.0
Abrantes,Santarém,2024,12,2942.0
Abrantes,Santarém,2025,1,2353.0
Abrantes,Santarém,2025,2,2517.0
Abrantes,Santarém,2025,3,2629.0
Abrantes,Santarém,2025,4,3660.0
Abrantes,Santarém,2025,5,3788.0
Abrantes,Santarém,2025,6,4596.0
Abrantes,Santarém,2025,7,6226.0
Abrantes,Santarém,2025,8,6388.0
Abrantes,Santarém,2025,9,4233.0
Abrantes,Santarém,2025,10,3203.0
Abrantes,Santarém,2025,11,2990.0
Abrantes,Santarém,2025,12,2504.0
Abrantes,Santarém,2026,1,2254.0
Abrantes,Santarém,2026,2,1898.0
Abrantes,Santarém,2026,3,2503.0
Abrantes,Santarém,2026,4,3314.0
Abrantes,Santarém,2026,5,3514.0
Abrantes,Santarém,2026,6,4253.0
Abrantes,Santarém,2026,7,5236.0
Aguiar da Beira,Guarda,2020,1,338.0
Aguiar da Beira,Guarda,2020,2,621.0
Aguiar da Beira,Guarda,2020,3,114.0
Aguiar da Beira,Guarda,2020,4,
Aguiar da Beira,Guarda,2020,5,
Aguiar da Beira,Guarda,2020,6,566.0
Aguiar da Beira,Guarda,2020,7,938.0
Aguiar da Beira,Guarda,2020,8,1427.0
Aguiar da Beira,Guarda,2020,9,862.0
Aguiar da Beira,Guarda,2020,10,473.0
Aguiar da Beira,Guarda,2020,11,316.0
Aguiar da Beira,Guarda,2020,12,313.0
Aguiar da Beira,Guarda,2021,1,177.0
Aguiar da Beira,Guarda,2021,2,76.0
Aguiar da Beira,Guarda,2021,3,264.0
Aguiar da Beira,Guarda,2021,4,482.0
Aguiar da Beira,Guarda,2021,5,464.0
Aguiar da Beira,Guarda,2021,6,475.0
Aguiar da Beira,Guarda,2021,7,709.0
Aguiar da Beira,Guarda,2021,8,1200.0
Aguiar da Beira,Guarda,2021,9,593.0
Aguiar da Beira,Guarda,2021,10,741.0
Aguiar da Beira,Guarda,2021,11,559.0
Aguiar da Beira,Guarda,2021,12,478.0
Aguiar da Beira,Guarda,2022,1,763.0
Aguiar da Beira,Guarda,2022,2,580.0
Aguiar da Beira,Guarda,2022,3,736.0
Aguiar da Beira,Guarda,2022,4,570.0
Aguiar da Beira,Guarda,2022,5,780.0
Aguiar da Beira,Guarda,2022,6,862.0
Aguiar da Beira,Guarda,2022,7,1223.0
Aguiar da Beira,Guarda,2022,8,1019.0
Aguiar da Beira,Guarda,2022,9,546.0
Aguiar da Beira,Guarda,2022,10,632.0
Aguiar da Beira,Guarda,2022,11,889.0
Aguiar da Beira,Guarda,2022,12,542.0
Aguiar da Beira,Guarda,2023,1,366.0
Aguiar da Beira,Guarda,2023,2,512.0
Aguiar da Beira,Guarda,2023,3,570.0
Aguiar da Beira,Guarda,2023,4,571.0
Aguiar da Beira,Guarda,2023,5,682.0
Aguiar da Beira,Guarda,2023,6,601.0
Aguiar da Beira,Guarda,2023,7,831.0
Aguiar da Beira,Guarda,2023,8,1316.0
Aguiar da Beira,Guarda,2023,9,508.0
Aguiar da Beira,Guarda,2023,10,524.0
Aguiar da Beira,Guarda,2023,11,465.0
Aguiar da Beira,Guarda,2023,12,532.0
Aguiar da Beira,Guarda,2024,1,480.0
Aguiar da Beira,Guarda,2024,2,391.0
Aguiar da Beira,Guarda,2024,3,826.0
Aguiar da Beira,Guarda,2024,4,459.0
Aguiar da Beira,Guarda,2024,5,724.0
Aguiar da Beira,Guarda,2024,6,769.0
Aguiar da Beira,Guarda,2024,7,807.0
Aguiar da Beira,Guarda,2024,8,1202.0
Aguiar da Beira,Guarda,2024,9,717.0
Aguiar da Beira,Guarda,2024,10,811.0
Aguiar da Beira,Guarda,2024,11,685.0
Aguiar da Beira,Guarda,2024,12,559.0
Aguiar da Beira,Guarda,2025,1,382.0
Aguiar da Beira,Guarda,2025,2,806.0
Aguiar da Beira,Guarda,2025,3,798.0
Aguiar da Beira,Guarda,2025,4,641.0
Aguiar da Beira,Guarda,2025,5,898.0
Aguiar da Beira,Guarda,2025,6,747.0
Aguiar da Beira,Guarda,2025,7,1026.0
Aguiar da Beira,Guarda,2025,8,1199.0
Aguiar da Beira,Guarda,2025,9,839.0
Aguiar da Beira,Guarda,2025,10,830.0
Aguiar da Beira,Guarda,2025,11,679.0
Aguiar da Beira,Guarda,2025,12,475.0
Aguiar da Beira,Guarda,2026,1,529.0
Aguiar da Beira,Guarda,2026,2,667.0
Aguiar da Beira,Guarda,2026,3,570.0
Aguiar da Beira,Guarda,2026,4,551.0
Aguiar da Beira,Guarda,2026,5,670.0
Aguiar da Beira,Guarda,2026,6,659.0
Aguiar da Beira,Guarda,2026,7,749.0
Alandroal,Évora,2020,1,466.0
Alandroal,Évora,2020,2,541.0
Alandroal,Évora,2020,3,461.0
Alandroal,Évora,2020,4,255.0
Alandroal,Évora,2020,5,379.0
Alandroal,Évora,2020,6,1140.0
Alandroal,Évora,2020,7,1449.0
Alandroal,Évora,2020,8,2303.0
Alandroal,Évora,2020,9,1269.0
Alandroal,Évora,2020,10,710.0
Alandroal,Évora,2020,11,533.0
Alandroal,Évora,2020,12,307.0
Alandroal,Évora,2021,1,204.0
Alandroal,Évora,2021,2,212.0
Alandroal,Évora,2021,3,289.0
Alandroal,Évora,2021,4,252.0
Alandroal,Évora,2021,5,578.0
Alandroal,Évora,2021,6,1046.0
Alandroal,Évora,2021,7,1472.0
Alandroal,Évora,2021,8,2070.0
Alandroal,Évora,2021,9,1016.0
Alandroal,Évora,2021,10,786.0
Alandroal,Évora,2021,11,471.0
Alandroal,Évora,2021,12,377.0
Alandroal,Évora,2022,1,325.0
Alandroal,Évora,2022,2,506.0
Alandroal,Évora,2022,3,453.0
Alandroal,Évora,2022,4,744.0
Alandroal,Évora,2022,5,727.0
Alandroal,Évora,2022,6,1208.0
Alandroal,Évora,2022,7,1547.0
Alandroal,Évora,2022,8,2267.0
Alandroal,Évora,2022,9,1584.0
Alandroal,Évora,2022,10,797.0
Alandroal,Évora,2022,11,539.0
Alandroal,Évora,2022,12,682.0
Alandroal,Évora,2023,1,514.0
Alandroal,Évora,2023,2,435.0
Alandroal,Évora,2023,3,490.0
Alandroal,Évora,2023,4,1244.0
Alandroal,Évora,2023,5,836.0
Alandroal,Évora,2023,6,1648.0
Alandroal,Évora,2023,7,1922.0
Alandroal,Évora,2023,8,3414.0
Alandroal,Évora,2023,9,1784.0
Alandroal,Évora,2023,10,1269.0
Alandroal,Évora,2023,11,925.0
Alandroal,Évora,2023,12,857.0
Alandroal,Évora,2024,1,386.0
Alandroal,Évora,2024,2,622.0
Alandroal,Évora,2024,3,871.0
Alandroal,Évora,2024,4,988.0
Alandroal,Évora,2024,5,1514.0
Alandroal,Évora,2024,6,1904.0
Alandroal,Évora,2024,7,2321.0
Alandroal,Évora,2024,8,4007.0
Alandroal,Évora,2024,9,2427.0
Alandroal,Évora,2024,10,1514.0
Alandroal,Évora,2024,11,891.0
Alandroal,Évora,2024,12,885.0
Alandroal,Évora,2025,1,654.0
Alandroal,Évora,2025,2,722.0
Alandroal,Évora,2025,3,1140.0
Alandroal,Évora,2025,4,1371.0
Alandroal,Évora,2025,5,1569.0
Alandroal,Évora,2025,6,1906.0
Alandroal,Évora,2025,7,2242.0
Alandroal,Évora,2025,8,4134.0
Alandroal,Évora,2025,9,2490.0
Alandroal,Évora,2025,10,1560.0
Alandroal,Évora,2025,11,896.0
Alandroal,Évora,2025,12,914.0
Alandroal,Évora,2026,1,425.0
Alandroal,Évora,2026,2,877.0
Alandroal,Évora,2026,3,1183.0
Alandroal,Évora,2026,4,1554.0
Alandroal,Évora,2026,5,1618.0
Alandroal,Évora,2026,6,2131.0
Alandroal,Évora,2026,7,2206.0
Albergaria-a-Velha,Aveiro,2020,1,1463.0
Albergaria-a-Velha,Aveiro,2020,2,1495.0
Albergaria-a-Velha,Aveiro,2020,3,695.0
Albergaria-a-Velha,Aveiro,2020,4,
Albergaria-a-Velha,Aveiro,2020,5,
Albergaria-a-Velha,Aveiro,2020,6,1047.0
Albergaria-a-Velha,Aveiro,2020,7,1465.0
Albergaria-a-Velha,Aveiro,2020,8,2056.0
Albergaria-a-Velha,Aveiro,2020,9,1527.0
Albergaria-a-Velha,Aveiro,2020,10,1407.0
Albergaria-a-Velha,Aveiro,2020,11,1172.0
Albergaria-a-Velha,Aveiro,2020,12,1064.0
Albergaria-a-Velha,Aveiro,2021,1,771.0
Albergaria-a-Velha,Aveiro,2021,2,635.0
Albergaria-a-Velha,Aveiro,2021,3,161.0
Albergaria-a-Velha,Aveiro,2021,4,983.0
Albergaria-a-Velha,Aveiro,2021,5,1451.0
Albergaria-a-Velha,Aveiro,2021,6,1615.0
Albergaria-a-Velha,Aveiro,2021,7,1526.0
Albergaria-a-Velha,Aveiro,2021,8,2336.0
Albergaria-a-Velha,Aveiro,2021,9,1455.0
Albergaria-a-Velha,Aveiro,2021,10,1838.0
Albergaria-a-Velha,Aveiro,2021,11,1383.0
Albergaria-a-Velha,Aveiro,2021,12,1406.0
Albergaria-a-Velha,Aveiro,2022,1,1261.0
Albergaria-a-Velha,Aveiro,2022,2,1302.0
Albergaria-a-Velha,Aveiro,2022,3,1374.0
Albergaria-a-Velha,Aveiro,2022,4,1614.0
Albergaria-a-Velha,Aveiro,2022,5,1989.0
Albergaria-a-Velha,Aveiro,2022,6,2085.0
Albergaria-a-Velha,Aveiro,2022,7,2815.0
Albergaria-a-Velha,Aveiro,2022,8,4079.0
Albergaria-a-Velha,Aveiro,2022,9,1885.0
Albergaria-a-Velha,Aveiro,2022,10,1838.0
Albergaria-a-Velha,Aveiro,2022,11,1377.0
Albergaria-a-Velha,Aveiro,2022,12,1405.0
Albergaria-a-Velha,Aveiro,2023,1,1403.0
Albergaria-a-Velha,Aveiro,2023,2,1200.0
Albergaria-a-Velha,Aveiro,2023,3,1325.0
Albergaria-a-Velha,Aveiro,2023,4,2041.0
Albergaria-a-Velha,Aveiro,2023,5,1869.0
Albergaria-a-Velha,Aveiro,2023,6,1609.0
Albergaria-a-Velha,Aveiro,2023,7,2165.0
Albergaria-a-Velha,Aveiro,2023,8,3179.0
Albergaria-a-Velha,Aveiro,2023,9,1856.0
Albergaria-a-Velha,Aveiro,2023,10,1877.0
Albergaria-a-Velha,Aveiro,2023,11,1461.0
Albergaria-a-Velha,Aveiro,2023,12,2183.0
Albergaria-a-Velha,Aveiro,2024,1,1130.0
Albergaria-a-Velha,Aveiro,2024,2,1037.0
Albergaria-a-Velha,Aveiro,2024,3,1489.0
Albergaria-a-Velha,Aveiro,2024,4,1471.0
Albergaria-a-Velha,Aveiro,2024,5,2059.0
Albergaria-a-Velha,Aveiro,2024,6,1881.0
Albergaria-a-Velha,Aveiro,2024,7,2545.0
Albergaria-a-Velha,Aveiro,2024,8,4297.0
Albergaria-a-Velha,Aveiro,2024,9,2170.0
Albergaria-a-Velha,Aveiro,2024,10,1999.0
Albergaria-a-Velha,Aveiro,2024,11,1877.0
Albergaria-a-Velha,Aveiro,2024,12,2029.0
Albergaria-a-Velha,Aveiro,2025,1,1714.0
Albergaria-a-Velha,Aveiro,2025,2,1475.0
Albergaria-a-Velha,Aveiro,2025,3,1353.0
Albergaria-a-Velha,Aveiro,2025,4,1850.0
Albergaria-a-Velha,Aveiro,2025,5,2075.0
Albergaria-a-Velha,Aveiro,2025,6,1634.0
Albergaria-a-Velha,Aveiro,2025,7,2160.0
Albergaria-a-Velha,Aveiro,2025,8,2470.0
Albergaria-a-Velha,Aveiro,2025,9,1711.0
Albergaria-a-Velha,Aveiro,2025,10,1568.0
Albergaria-a-Velha,Aveiro,2025,11,1422.0
Albergaria-a-Velha,Aveiro,2025,12,1663.0
Albergaria-a-Velha,Aveiro,2026,1,1414.0
Albergaria-a-Velha,Aveiro,2026,2,1480.0
Albergaria-a-Velha,Aveiro,2026,3,1749.0
Albergaria-a-Velha,Aveiro,2026,4,2025.0
Albergaria-a-Velha,Aveiro,2026,5,1908.0
Albergaria-a-Velha,Aveiro,2026,6,1654.0
Albergaria-a-Velha,Aveiro,2026,7,2116.0
Albufeira,Faro,2020,1,198750.0
Albufeira,Faro,2020,2,326609.0
Albufeira,Faro,2020,3,212668.0
Albufeira,Faro,2020,4,4728.0
Albufeira,Faro,2020,5,7693.0
Albufeira,Faro,2020,6,107793.0
Albufeira,Faro,2020,7,367347.0
Albufeira,Faro,2020,8,762926.0
Albufeira,Faro,2020,9,522275.0
Albufeira,Faro,2020,10,220813.0
Albufeira,Faro,2020,11,34656.0
Albufeira,Faro,2020,12,36236.0
Albufeira,Faro,2021,1,22007.0
Albufeira,Faro,2021,2,13244.0
Albufeira,Faro,2021,3,16759.0
Albufeira,Faro,2021,4,24892.0
Albufeira,Faro,2021,5,162741.0
Albufeira,Faro,2021,6,448500.0
Albufeira,Faro,2021,7,544391.0
Albufeira,Faro,2021,8,1013266.0
Albufeira,Faro,2021,9,689330.0
Albufeira,Faro,2021,10,574159.0
Albufeira,Faro,2021,11,175517.0
Albufeira,Faro,2021,12,103406.0
Albufeira,Faro,2022,1,91991.0
Albufeira,Faro,2022,2,171374.0
Albufeira,Faro,2022,3,294834.0
Albufeira,Faro,2022,4,644181.0
Albufeira,Faro,2022,5,740270.0
Albufeira,Faro,2022,6,868862.0
Albufeira,Faro,2022,7,1090373.0
Albufeira,Faro,2022,8,1212484.0
Albufeira,Faro,2022,9,886180.0
Albufeira,Faro,2022,10,731935.0
Albufeira,Faro,2022,11,225321.0
Albufeira,Faro,2022,12,181135.0
Albufeira,Faro,2023,1,169600.0
Albufeira,Faro,2023,2,256652.0
Albufeira,Faro,2023,3,389348.0
Albufeira,Faro,2023,4,746840.0
Albufeira,Faro,2023,5,793219.0
Albufeira,Faro,2023,6,893667.0
Albufeira,Faro,2023,7,1095636.0
Albufeira,Faro,2023,8,1206459.0
Albufeira,Faro,2023,9,922830.0
Albufeira,Faro,2023,10,818737.0
Albufeira,Faro,2023,11,271391.0
Albufeira,Faro,2023,12,207650.0
Albufeira,Faro,2024,1,162605.0
Albufeira,Faro,2024,2,255991.0
Albufeira,Faro,2024,3,431304.0
Albufeira,Faro,2024,4,648759.0
Albufeira,Faro,2024,5,822461.0
Albufeira,Faro,2024,6,917264.0
Albufeira,Faro,2024,7,1094770.0
Albufeira,Faro,2024,8,1198771.0
Albufeira,Faro,2024,9,924325.0
Albufeira,Faro,2024,10,800558.0
Albufeira,Faro,2024,11,257794.0
Albufeira,Faro,2024,12,191390.0
Albufeira,Faro,2025,1,149432.0
Albufeira,Faro,2025,2,226853.0
Albufeira,Faro,2025,3,359156.0
Albufeira,Faro,2025,4,667744.0
Albufeira,Faro,2025,5,747714.0
Albufeira,Faro,2025,6,892196.0
Albufeira,Faro,2025,7,1093692.0
Albufeira,Faro,2025,8,1192111.0
Albufeira,Faro,2025,9,874212.0
Albufeira,Faro,2025,10,770722.0
Albufeira,Faro,2025,11,267477.0
Albufeira,Faro,2025,12,209551.0
Albufeira,Faro,2026,1,157221.0
Albufeira,Faro,2026,2,255564.0
Albufeira,Faro,2026,3,419410.0
Albufeira,Faro,2026,4,733854.0
Albufeira,Faro,2026,5,816742.0
Albufeira,Faro,2026,6,909289.0
Albufeira,Faro,2026,7,1133172.0
Alcanena,Santarém,2020,1,
Alcanena,Santarém,2020,2,565.0
Alcanena,Santarém,2020,3,390.0
Alcanena,Santarém,2020,4,
Alcanena,Santarém,2020,5,
Alcanena,Santarém,2020,6,
Alcanena,Santarém,2020,7,715.0
Alcanena,Santarém,2020,8,1089.0
Alcanena,Santarém,2020,9,735.0
Alcanena,Santarém,2020,10,674.0
Alcanena,Santarém,2020,11,307.0
Alcanena,Santarém,2020,12,372.0
Alcanena,Santarém,2021,1,
Alcanena,Santarém,2021,2,
Alcanena,Santarém,2021,3,455.0
Alcanena,Santarém,2021,4,
Alcanena,Santarém,2021,5,
Alcanena,Santarém,2021,6,856.0
Alcanena,Santarém,2021,7,1117.0
Alcanena,Santarém,2021,8,1482.0
Alcanena,Santarém,2021,9,1057.0
Alcanena,Santarém,2021,10,1189.0
Alcanena,Santarém,2021,11,1131.0
Alcanena,Santarém,2021,12,730.0
Alcanena,Santarém,2022,1,
Alcanena,Santarém,2022,2,
Alcanena,Santarém,2022,3,839.0
Alcanena,Santarém,2022,4,1332.0
Alcanena,Santarém,2022,5,
Alcanena,Santarém,2022,6,
Alcanena,Santarém,2022,7,
Alcanena,Santarém,2022,8,
Alcanena,Santarém,2022,9,
Alcanena,Santarém,2022,10,1246.0
Alcanena,Santarém,2022,11,
Alcanena,Santarém,2022,12,
Alcanena,Santarém,2023,1,
Alcanena,Santarém,2023,2,
Alcanena,Santarém,2023,3,683.0
Alcanena,Santarém,2023,4,1467.0
Alcanena,Santarém,2023,5,1417.0
Alcanena,Santarém,2023,6,1428.0
Alcanena,Santarém,2023,7,1696.0
Alcanena,Santarém,2023,8,
Alcanena,Santarém,2023,9,1390.0
Alcanena,Santarém,2023,10,1689.0
Alcanena,Santarém,2023,11,1591.0
Alcanena,Santarém,2023,12,1163.0
Alcanena,Santarém,2024,1,1052.0
Alcanena,Santarém,2024,2,1013.0
Alcanena,Santarém,2024,3,1087.0
Alcanena,Santarém,2024,4,1362.0
Alcanena,Santarém,2024,5,1634.0
Alcanena,Santarém,2024,6,1744.0
Alcanena,Santarém,2024,7,1889.0
Alcanena,Santarém,2024,8,2371.0
Alcanena,Santarém,2024,9,1844.0
Alcanena,Santarém,2024,10,1657.0
Alcanena,Santarém,2024,11,1350.0
Alcanena,Santarém,2024,12,986.0
Alcanena,Santarém,2025,1,820.0
Alcanena,Santarém,2025,2,698.0
Alcanena,Santarém,2025,3,1164.0
Alcanena,Santarém,2025,4,1491.0
Alcanena,Santarém,2025,5,1933.0
Alcanena,Santarém,2025,6,1550.0
Alcanena,Santarém,2025,7,1902.0
Alcanena,Santarém,2025,8,2346.0
Alcanena,Santarém,2025,9,1413.0
Alcanena,Santarém,2025,10,1366.0
Alcanena,Santarém,2025,11,1152.0
Alcanena,Santarém,2025,12,986.0
Alcanena,Santarém,2026,1,
Alcanena,Santarém,2026,2,
Alcanena,Santarém,2026,3,926.0
Alcanena,Santarém,2026,4,1286.0
Alcanena,Santarém,2026,5,1796.0
Alcanena,Santarém,2026,6,1343.0
Alcanena,Santarém,2026,7,1933.0
Alcobaça,Leiria,2020,1,4294.0
Alcobaça,Leiria,2020,2,5861.0
Alcobaça,Leiria,2020,3,2376.0
Alcobaça,Leiria,2020,4,
Alcobaça,Leiria,2020,5,
Alcobaça,Leiria,2020,6,3069.0
Alcobaça,Leiria,2020,7,7671.0
Alcobaça,Leiria,2020,8,14483.0
Alcobaça,Leiria,2020,9,7850.0
Alcobaça,Leiria,2020,10,5219.0
Alcobaça,Leiria,2020,11,2075.0
Alcobaça,Leiria,2020,12,2619.0
Alcobaça,Leiria,2021,1,1028.0
Alcobaça,Leiria,2021,2,526.0
Alcobaça,Leiria,2021,3,963.0
Alcobaça,Leiria,2021,4,1493.0
Alcobaça,Leiria,2021,5,3627.0
Alcobaça,Leiria,2021,6,6845.0
Alcobaça,Leiria,2021,7,11277.0
Alcobaça,Leiria,2021,8,20477.0
Alcobaça,Leiria,2021,9,9798.0
Alcobaça,Leiria,2021,10,8305.0
Alcobaça,Leiria,2021,11,5587.0
Alcobaça,Leiria,2021,12,4758.0
Alcobaça,Leiria,2022,1,3527.0
Alcobaça,Leiria,2022,2,5013.0
Alcobaça,Leiria,2022,3,4804.0
Alcobaça,Leiria,2022,4,8499.0
Alcobaça,Leiria,2022,5,8294.0
Alcobaça,Leiria,2022,6,10528.0
Alcobaça,Leiria,2022,7,16365.0
Alcobaça,Leiria,2022,8,22389.0
Alcobaça,Leiria,2022,9,11424.0
Alcobaça,Leiria,2022,10,7960.0
Alcobaça,Leiria,2022,11,5658.0
Alcobaça,Leiria,2022,12,5787.0
Alcobaça,Leiria,2023,1,5230.0
Alcobaça,Leiria,2023,2,5769.0
Alcobaça,Leiria,2023,3,6750.0
Alcobaça,Leiria,2023,4,10113.0
Alcobaça,Leiria,2023,5,9859.0
Alcobaça,Leiria,2023,6,10630.0
Alcobaça,Leiria,2023,7,16976.0
Alcobaça,Leiria,2023,8,24775.0
Alcobaça,Leiria,2023,9,13046.0
Alcobaça,Leiria,2023,10,11095.0
Alcobaça,Leiria,2023,11,6460.0
Alcobaça,Leiria,2023,12,7306.0
Alcobaça,Leiria,2024,1,5100.0
Alcobaça,Leiria,2024,2,6682.0
Alcobaça,Leiria,2024,3,7497.0
Alcobaça,Leiria,2024,4,8403.0
Alcobaça,Leiria,2024,5,9997.0
Alcobaça,Leiria,2024,6,10393.0
Alcobaça,Leiria,2024,7,15912.0
Alcobaça,Leiria,2024,8,24055.0
Alcobaça,Leiria,2024,9,13589.0
Alcobaça,Leiria,2024,10,10653.0
Alcobaça,Leiria,2024,11,9288.0
Alcobaça,Leiria,2024,12,6795.0
Alcobaça,Leiria,2025,1,5557.0
Alcobaça,Leiria,2025,2,6461.0
Alcobaça,Leiria,2025,3,8437.0
Alcobaça,Leiria,2025,4,10258.0
Alcobaça,Leiria,2025,5,10513.0
Alcobaça,Leiria,2025,6,13620.0
Alcobaça,Leiria,2025,7,18320.0
Alcobaça,Leiria,2025,8,26261.0
Alcobaça,Leiria,2025,9,15443.0
Alcobaça,Leiria,2025,10,10994.0
Alcobaça,Leiria,2025,11,8179.0
Alcobaça,Leiria,2025,12,7888.0
Alcobaça,Leiria,2026,1,6253.0
Alcobaça,Leiria,2026,2,6334.0
Alcobaça,Leiria,2026,3,6289.0
Alcobaça,Leiria,2026,4,9245.0
Alcobaça,Leiria,2026,5,12161.0
Alcobaça,Leiria,2026,6,12590.0
Alcobaça,Leiria,2026,7,17598.0
Alcochete,Setúbal,2020,1,1999.0
Alcochete,Setúbal,2020,2,2530.0
Alcochete,Setúbal,2020,3,1307.0
Alcochete,Setúbal,2020,4,
Alcochete,Setúbal,2020,5,
Alcochete,Setúbal,2020,6,861.0
Alcochete,Setúbal,2020,7,2971.0
Alcochete,Setúbal,2020,8,4759.0
Alcochete,Setúbal,2020,9,3417.0
Alcochete,Setúbal,2020,10,1850.0
Alcochete,Setúbal,2020,11,1259.0
Alcochete,Setúbal,2020,12,1923.0
Alcochete,Setúbal,2021,1,
Alcochete,Setúbal,2021,2,442.0
Alcochete,Setúbal,2021,3,673.0
Alcochete,Setúbal,2021,4,1106.0
Alcochete,Setúbal,2021,5,1483.0
Alcochete,Setúbal,2021,6,1989.0
Alcochete,Setúbal,2021,7,2342.0
Alcochete,Setúbal,2021,8,4630.0
Alcochete,Setúbal,2021,9,
Alcochete,Setúbal,2021,10,3047.0
Alcochete,Setúbal,2021,11,2225.0
Alcochete,Setúbal,2021,12,1755.0
Alcochete,Setúbal,2022,1,1503.0
Alcochete,Setúbal,2022,2,2159.0
Alcochete,Setúbal,2022,3,1955.0
Alcochete,Setúbal,2022,4,3632.0
Alcochete,Setúbal,2022,5,3039.0
Alcochete,Setúbal,2022,6,3839.0
Alcochete,Setúbal,2022,7,5205.0
Alcochete,Setúbal,2022,8,6863.0
Alcochete,Setúbal,2022,9,4049.0
Alcochete,Setúbal,2022,10,4041.0
Alcochete,Setúbal,2022,11,2155.0
Alcochete,Setúbal,2022,12,2509.0
Alcochete,Setúbal,2023,1,1565.0
Alcochete,Setúbal,2023,2,1822.0
Alcochete,Setúbal,2023,3,1990.0
Alcochete,Setúbal,2023,4,2923.0
Alcochete,Setúbal,2023,5,3148.0
Alcochete,Setúbal,2023,6,3511.0
Alcochete,Setúbal,2023,7,5147.0
Alcochete,Setúbal,2023,8,9987.0
Alcochete,Setúbal,2023,9,7745.0
Alcochete,Setúbal,2023,10,
Alcochete,Setúbal,2023,11,
Alcochete,Setúbal,2023,12,
Alcochete,Setúbal,2024,1,3078.0
Alcochete,Setúbal,2024,2,3617.0
Alcochete,Setúbal,2024,3,4499.0
Alcochete,Setúbal,2024,4,5898.0
Alcochete,Setúbal,2024,5,7310.0
Alcochete,Setúbal,2024,6,5982.0
Alcochete,Setúbal,2024,7,7024.0
Alcochete,Setúbal,2024,8,11477.0
Alcochete,Setúbal,2024,9,7567.0
Alcochete,Setúbal,2024,10,6843.0
Alcochete,Setúbal,2024,11,4737.0
Alcochete,Setúbal,2024,12,4432.0
Alcochete,Setúbal,2025,1,3566.0
Alcochete,Setúbal,2025,2,3979.0
Alcochete,Setúbal,2025,3,4462.0
Alcochete,Setúbal,2025,4,7479.0
Alcochete,Setúbal,2025,5,7903.0
Alcochete,Setúbal,2025,6,8879.0
Alcochete,Setúbal,2025,7,10472.0
Alcochete,Setúbal,2025,8,12961.0
Alcochete,Setúbal,2025,9,8521.0
Alcochete,Setúbal,2025,10,8508.0
Alcochete,Setúbal,2025,11,5516.0
Alcochete,Setúbal,2025,12,4413.0
Alcochete,Setúbal,2026,1,3654.0
Alcochete,Setúbal,2026,2,5040.0
Alcochete,Setúbal,2026,3,5835.0
Alcochete,Setúbal,2026,4,7167.0
Alcochete,Setúbal,2026,5,7893.0
Alcochete,Setúbal,2026,6,9031.0
Alcochete,Setúbal,2026,7,11343.0
Alcoutim,Faro,2020,1,580.0
Alcoutim,Faro,2020,2,573.0
Alcoutim,Faro,2020,3,276.0
Alcoutim,Faro,2020,4,
Alcoutim,Faro,2020,5,
Alcoutim,Faro,2020,6,881.0
Alcoutim,Faro,2020,7,
Alcoutim,Faro,2020,8,1891.0
Alcoutim,Faro,2020,9,1562.0
Alcoutim,Faro,2020,10,1008.0
Alcoutim,Faro,2020,11,389.0
Alcoutim,Faro,2020,12,
Alcoutim,Faro,2021,1,
Alcoutim,Faro,2021,2,
Alcoutim,Faro,2021,3,
Alcoutim,Faro,2021,4,
Alcoutim,Faro,2021,5,
Alcoutim,Faro,2021,6,1282.0
Alcoutim,Faro,2021,7,1703.0
Alcoutim,Faro,2021,8,2188.0
Alcoutim,Faro,2021,9,1541.0
Alcoutim,Faro,2021,10,1029.0
Alcoutim,Faro,2021,11,608.0
Alcoutim,Faro,2021,12,453.0
Alcoutim,Faro,2022,1,346.0
Alcoutim,Faro,2022,2,
Alcoutim,Faro,2022,3,734.0
Alcoutim,Faro,2022,4,1118.0
Alcoutim,Faro,2022,5,1351.0
Alcoutim,Faro,2022,6,1473.0
Alcoutim,Faro,2022,7,2067.0
Alcoutim,Faro,2022,8,2751.0
Alcoutim,Faro,2022,9,1630.0
Alcoutim,Faro,2022,10,1411.0
Alcoutim,Faro,2022,11,
Alcoutim,Faro,2022,12,641.0
Alcoutim,Faro,2023,1,810.0
Alcoutim,Faro,2023,2,840.0
Alcoutim,Faro,2023,3,1119.0
Alcoutim,Faro,2023,4,1422.0
Alcoutim,Faro,2023,5,1143.0
Alcoutim,Faro,2023,6,1390.0
Alcoutim,Faro,2023,7,1889.0
Alcoutim,Faro,2023,8,2139.0
Alcoutim,Faro,2023,9,1612.0
Alcoutim,Faro,2023,10,1122.0
Alcoutim,Faro,2023,11,
Alcoutim,Faro,2023,12,
Alcoutim,Faro,2024,1,
Alcoutim,Faro,2024,2,
Alcoutim,Faro,2024,3,
Alcoutim,Faro,2024,4,1173.0
Alcoutim,Faro,2024,5,1241.0
Alcoutim,Faro,2024,6,1563.0
Alcoutim,Faro,2024,7,1938.0
Alcoutim,Faro,2024,8,2052.0
Alcoutim,Faro,2024,9,1722.0
Alcoutim,Faro,2024,10,1170.0
Alcoutim,Faro,2024,11,
Alcoutim,Faro,2024,12,
Alcoutim,Faro,2025,1,472.0
Alcoutim,Faro,2025,2,683.0
Alcoutim,Faro,2025,3,711.0
Alcoutim,Faro,2025,4,1107.0
Alcoutim,Faro,2025,5,1264.0
Alcoutim,Faro,2025,6,1480.0
Alcoutim,Faro,2025,7,1799.0
Alcoutim,Faro,2025,8,2247.0
Alcoutim,Faro,2025,9,1584.0
Alcoutim,Faro,2025,10,1277.0
Alcoutim,Faro,2025,11,688.0
Alcoutim,Faro,2025,12,702.0
Alcoutim,Faro,2026,1,
Alcoutim,Faro,2026,2,
Alcoutim,Faro,2026,3,714.0
Alcoutim,Faro,2026,4,992.0
Alcoutim,Faro,2026,5,1136.0
Alcoutim,Faro,2026,6,1448.0
Alcoutim,Faro,2026,7,1872.0
Alcácer do Sal,Setúbal,2020,1,2268.0
Alcácer do Sal,Setúbal,2020,2,2593.0
Alcácer do Sal,Setúbal,2020,3,1294.0
Alcácer do Sal,Setúbal,2020,4,409.0
Alcácer do Sal,Setúbal,2020,5,1285.0
Alcácer do Sal,Setúbal,2020,6,6271.0
Alcácer do Sal,Setúbal,2020,7,7901.0
Alcácer do Sal,Setúbal,2020,8,12163.0
Alcácer do Sal,Setúbal,2020,9,6687.0
Alcácer do Sal,Setúbal,2020,10,2699.0
Alcácer do Sal,Setúbal,2020,11,953.0
Alcácer do Sal,Setúbal,2020,12,670.0
Alcácer do Sal,Setúbal,2021,1,724.0
Alcácer do Sal,Setúbal,2021,2,509.0
Alcácer do Sal,Setúbal,2021,3,728.0
Alcácer do Sal,Setúbal,2021,4,1192.0
Alcácer do Sal,Setúbal,2021,5,2671.0
Alcácer do Sal,Setúbal,2021,6,5312.0
Alcácer do Sal,Setúbal,2021,7,8574.0
Alcácer do Sal,Setúbal,2021,8,13475.0
Alcácer do Sal,Setúbal,2021,9,6266.0
Alcácer do Sal,Setúbal,2021,10,3745.0
Alcácer do Sal,Setúbal,2021,11,2083.0
Alcácer do Sal,Setúbal,2021,12,1844.0
Alcácer do Sal,Setúbal,2022,1,1686.0
Alcácer do Sal,Setúbal,2022,2,2416.0
Alcácer do Sal,Setúbal,2022,3,2778.0
Alcácer do Sal,Setúbal,2022,4,4442.0
Alcácer do Sal,Setúbal,2022,5,4972.0
Alcácer do Sal,Setúbal,2022,6,7315.0
Alcácer do Sal,Setúbal,2022,7,9621.0
Alcácer do Sal,Setúbal,2022,8,14965.0
Alcácer do Sal,Setúbal,2022,9,6503.0
Alcácer do Sal,Setúbal,2022,10,4288.0
Alcácer do Sal,Setúbal,2022,11,2350.0
Alcácer do Sal,Setúbal,2022,12,2376.0
Alcácer do Sal,Setúbal,2023,1,2000.0
Alcácer do Sal,Setúbal,2023,2,2975.0
Alcácer do Sal,Setúbal,2023,3,4114.0
Alcácer do Sal,Setúbal,2023,4,6549.0
Alcácer do Sal,Setúbal,2023,5,7157.0
Alcácer do Sal,Setúbal,2023,6,8386.0
Alcácer do Sal,Setúbal,2023,7,11921.0
Alcácer do Sal,Setúbal,2023,8,16035.0
Alcácer do Sal,Setúbal,2023,9,9005.0
Alcácer do Sal,Setúbal,2023,10,6771.0
Alcácer do Sal,Setúbal,2023,11,3394.0
Alcácer do Sal,Setúbal,2023,12,2758.0
Alcácer do Sal,Setúbal,2024,1,2084.0
Alcácer do Sal,Setúbal,2024,2,2657.0
Alcácer do Sal,Setúbal,2024,3,4163.0
Alcácer do Sal,Setúbal,2024,4,6071.0
Alcácer do Sal,Setúbal,2024,5,8364.0
Alcácer do Sal,Setúbal,2024,6,9530.0
Alcácer do Sal,Setúbal,2024,7,12809.0
Alcácer do Sal,Setúbal,2024,8,18698.0
Alcácer do Sal,Setúbal,2024,9,11099.0
Alcácer do Sal,Setúbal,2024,10,6048.0
Alcácer do Sal,Setúbal,2024,11,3499.0
Alcácer do Sal,Setúbal,2024,12,2824.0
Alcácer do Sal,Setúbal,2025,1,1961.0
Alcácer do Sal,Setúbal,2025,2,2848.0
Alcácer do Sal,Setúbal,2025,3,3724.0
Alcácer do Sal,Setúbal,2025,4,6326.0
Alcácer do Sal,Setúbal,2025,5,7742.0
Alcácer do Sal,Setúbal,2025,6,12376.0
Alcácer do Sal,Setúbal,2025,7,15812.0
Alcácer do Sal,Setúbal,2025,8,21282.0
Alcácer do Sal,Setúbal,2025,9,13085.0
Alcácer do Sal,Setúbal,2025,10,7639.0
Alcácer do Sal,Setúbal,2025,11,4407.0
Alcácer do Sal,Setúbal,2025,12,3324.0
Alcácer do Sal,Setúbal,2026,1,2518.0
Alcácer do Sal,Setúbal,2026,2,3131.0
Alcácer do Sal,Setúbal,2026,3,5619.0
Alcácer do Sal,Setúbal,2026,4,7883.0
Alcácer do Sal,Setúbal,2026,5,10518.0
Alcácer do Sal,Setúbal,2026,6,12950.0
Alcácer do Sal,Setúbal,2026,7,16931.0
Alenquer,Lisboa,2020,1,602.0
Alenquer,Lisboa,2020,2,667.0
Alenquer,Lisboa,2020,3,632.0
Alenquer,Lisboa,2020,4,
Alenquer,Lisboa,2020,5,361.0
Alenquer,Lisboa,2020,6,468.0
Alenquer,Lisboa,2020,7,955.0
Alenquer,Lisboa,2020,8,860.0
Alenquer,Lisboa,2020,9,695.0
Alenquer,Lisboa,2020,10,731.0
Alenquer,Lisboa,2020,11,488.0
Alenquer,Lisboa,2020,12,
Alenquer,Lisboa,2021,1,
Alenquer,Lisboa,2021,2,
Alenquer,Lisboa,2021,3,289.0
Alenquer,Lisboa,2021,4,
Alenquer,Lisboa,2021,5,
Alenquer,Lisboa,2021,6,659.0
Alenquer,Lisboa,2021,7,599.0
Alenquer,Lisboa,2021,8,885.0
Alenquer,Lisboa,2021,9,
Alenquer,Lisboa,2021,10,913.0
Alenquer,Lisboa,2021,11,675.0
Alenquer,Lisboa,2021,12,594.0
Alenquer,Lisboa,2022,1,278.0
Alenquer,Lisboa,2022,2,393.0
Alenquer,Lisboa,2022,3,605.0
Alenquer,Lisboa,2022,4,785.0
Alenquer,Lisboa,2022,5,1135.0
Alenquer,Lisboa,2022,6,1081.0
Alenquer,Lisboa,2022,7,1308.0
Alenquer,Lisboa,2022,8,1250.0
Alenquer,Lisboa,2022,9,1379.0
Alenquer,Lisboa,2022,10,1175.0
Alenquer,Lisboa,2022,11,973.0
Alenquer,Lisboa,2022,12,636.0
Alenquer,Lisboa,2023,1,1011.0
Alenquer,Lisboa,2023,2,1010.0
Alenquer,Lisboa,2023,3,1196.0
Alenquer,Lisboa,2023,4,1817.0
Alenquer,Lisboa,2023,5,2265.0
Alenquer,Lisboa,2023,6,2447.0
Alenquer,Lisboa,2023,7,2736.0
Alenquer,Lisboa,2023,8,2669.0
Alenquer,Lisboa,2023,9,3036.0
Alenquer,Lisboa,2023,10,2600.0
Alenquer,Lisboa,2023,11,1435.0
Alenquer,Lisboa,2023,12,1060.0
Alenquer,Lisboa,2024,1,1598.0
Alenquer,Lisboa,2024,2,1272.0
Alenquer,Lisboa,2024,3,1506.0
Alenquer,Lisboa,2024,4,2208.0
Alenquer,Lisboa,2024,5,3059.0
Alenquer,Lisboa,2024,6,2656.0
Alenquer,Lisboa,2024,7,2487.0
Alenquer,Lisboa,2024,8,2546.0
Alenquer,Lisboa,2024,9,2634.0
Alenquer,Lisboa,2024,10,2230.0
Alenquer,Lisboa,2024,11,1562.0
Alenquer,Lisboa,2024,12,871.0
Alenquer,Lisboa,2025,1,1676.0
Alenquer,Lisboa,2025,2,1525.0
Alenquer,Lisboa,2025,3,1902.0
Alenquer,Lisboa,2025,4,2634.0
Alenquer,Lisboa,2025,5,3123.0
Alenquer,Lisboa,2025,6,3458.0
Alenquer,Lisboa,2025,7,3034.0
Alenquer,Lisboa,2025,8,2814.0
Alenquer,Lisboa,2025,9,2588.0
Alenquer,Lisboa,2025,10,2445.0
Alenquer,Lisboa,2025,11,1684.0
Alenquer,Lisboa,2025,12,981.0
Alenquer,Lisboa,2026,1,1712.0
Alenquer,Lisboa,2026,2,1502.0
Alenquer,Lisboa,2026,3,2195.0
Alenquer,Lisboa,2026,4,2399.0
Alenquer,Lisboa,2026,5,2774.0
Alenquer,Lisboa,2026,6,3792.0
Alenquer,Lisboa,2026,7,3634.0
Alfândega da Fé,Bragança,2020,1,870.0
Alfândega da Fé,Bragança,2020,2,1098.0
Alfândega da Fé,Bragança,2020,3,278.0
Alfândega da Fé,Bragança,2020,4,
Alfândega da Fé,Bragança,2020,5,
Alfândega da Fé,Bragança,2020,6,
Alfândega da Fé,Bragança,2020,7,1377.0
Alfândega da Fé,Bragança,2020,8,1977.0
Alfândega da Fé,Bragança,2020,9,1335.0
Alfândega da Fé,Bragança,2020,10,974.0
Alfândega da Fé,Bragança,2020,11,
Alfândega da Fé,Bragança,2020,12,502.0
Alfândega da Fé,Bragança,2021,1,
Alfândega da Fé,Bragança,2021,2,
Alfândega da Fé,Bragança,2021,3,200.0
Alfândega da Fé,Bragança,2021,4,457.0
Alfândega da Fé,Bragança,2021,5,579.0
Alfândega da Fé,Bragança,2021,6,660.0
Alfândega da Fé,Bragança,2021,7,742.0
Alfândega da Fé,Bragança,2021,8,1399.0
Alfândega da Fé,Bragança,2021,9,757.0
Alfândega da Fé,Bragança,2021,10,866.0
Alfândega da Fé,Bragança,2021,11,440.0
Alfândega da Fé,Bragança,2021,12,511.0
Alfândega da Fé,Bragança,2022,1,
Alfândega da Fé,Bragança,2022,2,
Alfândega da Fé,Bragança,2022,3,547.0
Alfândega da Fé,Bragança,2022,4,827.0
Alfândega da Fé,Bragança,2022,5,578.0
Alfândega da Fé,Bragança,2022,6,810.0
Alfândega da Fé,Bragança,2022,7,688.0
Alfândega da Fé,Bragança,2022,8,1699.0
Alfândega da Fé,Bragança,2022,9,959.0
Alfândega da Fé,Bragança,2022,10,844.0
Alfândega da Fé,Bragança,2022,11,
Alfândega da Fé,Bragança,2022,12,636.0
Alfândega da Fé,Bragança,2023,1,492.0
Alfândega da Fé,Bragança,2023,2,717.0
Alfândega da Fé,Bragança,2023,3,647.0
Alfândega da Fé,Bragança,2023,4,1186.0
Alfândega da Fé,Bragança,2023,5,898.0
Alfândega da Fé,Bragança,2023,6,1121.0
Alfândega da Fé,Bragança,2023,7,1317.0
Alfândega da Fé,Bragança,2023,8,2051.0
Alfândega da Fé,Bragança,2023,9,1135.0
Alfândega da Fé,Bragança,2023,10,1049.0
Alfândega da Fé,Bragança,2023,11,613.0
Alfândega da Fé,Bragança,2023,12,737.0
Alfândega da Fé,Bragança,2024,1,499.0
Alfândega da Fé,Bragança,2024,2,857.0
Alfândega da Fé,Bragança,2024,3,831.0
Alfândega da Fé,Bragança,2024,4,1019.0
Alfândega da Fé,Bragança,2024,5,1136.0
Alfândega da Fé,Bragança,2024,6,1388.0
Alfândega da Fé,Bragança,2024,7,1501.0
Alfândega da Fé,Bragança,2024,8,2244.0
Alfândega da Fé,Bragança,2024,9,1224.0
Alfândega da Fé,Bragança,2024,10,1055.0
Alfândega da Fé,Bragança,2024,11,789.0
Alfândega da Fé,Bragança,2024,12,686.0
Alfândega da Fé,Bragança,2025,1,571.0
Alfândega da Fé,Bragança,2025,2,681.0
Alfândega da Fé,Bragança,2025,3,1292.0
Alfândega da Fé,Bragança,2025,4,938.0
Alfândega da Fé,Bragança,2025,5,1058.0
Alfândega da Fé,Bragança,2025,6,1994.0
Alfândega da Fé,Bragança,2025,7,1557.0
Alfândega da Fé,Bragança,2025,8,2390.0
Alfândega da Fé,Bragança,2025,9,1547.0
Alfândega da Fé,Bragança,2025,10,898.0
Alfândega da Fé,Bragança,2025,11,744.0
Alfândega da Fé,Bragança,2025,12,743.0
Alfândega da Fé,Bragança,2026,1,712.0
Alfândega da Fé,Bragança,2026,2,933.0
Alfândega da Fé,Bragança,2026,3,919.0
Alfândega da Fé,Bragança,2026,4,1542.0
Alfândega da Fé,Bragança,2026,5,1465.0
Alfândega da Fé,Bragança,2026,6,1705.0
Alfândega da Fé,Bragança,2026,7,1429.0
Alijó,Vila Real,2020,1,1612.0
Alijó,Vila Real,2020,2,1707.0
Alijó,Vila Real,2020,3,908.0
Alijó,Vila Real,2020,4,
Alijó,Vila Real,2020,5,
Alijó,Vila Real,2020,6,2281.0
Alijó,Vila Real,2020,7,3767.0
Alijó,Vila Real,2020,8,6345.0
Alijó,Vila Real,2020,9,4679.0
Alijó,Vila Real,2020,10,2253.0
Alijó,Vila Real,2020,11,555.0
Alijó,Vila Real,2020,12,528.0
Alijó,Vila Real,2021,1,289.0
Alijó,Vila Real,2021,2,141.0
Alijó,Vila Real,2021,3,312.0
Alijó,Vila Real,2021,4,891.0
Alijó,Vila Real,2021,5,1960.0
Alijó,Vila Real,2021,6,3030.0
Alijó,Vila Real,2021,7,4107.0
Alijó,Vila Real,2021,8,5170.0
Alijó,Vila Real,2021,9,4130.0
Alijó,Vila Real,2021,10,4022.0
Alijó,Vila Real,2021,11,2578.0
Alijó,Vila Real,2021,12,1763.0
Alijó,Vila Real,2022,1,797.0
Alijó,Vila Real,2022,2,1416.0
Alijó,Vila Real,2022,3,2054.0
Alijó,Vila Real,2022,4,3753.0
Alijó,Vila Real,2022,5,4737.0
Alijó,Vila Real,2022,6,4909.0
Alijó,Vila Real,2022,7,5485.0
Alijó,Vila Real,2022,8,6759.0
Alijó,Vila Real,2022,9,5813.0
Alijó,Vila Real,2022,10,5441.0
Alijó,Vila Real,2022,11,2640.0
Alijó,Vila Real,2022,12,1583.0
Alijó,Vila Real,2023,1,1196.0
Alijó,Vila Real,2023,2,1613.0
Alijó,Vila Real,2023,3,2355.0
Alijó,Vila Real,2023,4,4213.0
Alijó,Vila Real,2023,5,4846.0
Alijó,Vila Real,2023,6,5460.0
Alijó,Vila Real,2023,7,5541.0
Alijó,Vila Real,2023,8,7355.0
Alijó,Vila Real,2023,9,7345.0
Alijó,Vila Real,2023,10,5675.0
Alijó,Vila Real,2023,11,2168.0
Alijó,Vila Real,2023,12,1524.0
Alijó,Vila Real,2024,1,789.0
Alijó,Vila Real,2024,2,1367.0
Alijó,Vila Real,2024,3,2575.0
Alijó,Vila Real,2024,4,4339.0
Alijó,Vila Real,2024,5,5973.0
Alijó,Vila Real,2024,6,5606.0
Alijó,Vila Real,2024,7,6381.0
Alijó,Vila Real,2024,8,8286.0
Alijó,Vila Real,2024,9,8684.0
Alijó,Vila Real,2024,10,6412.0
Alijó,Vila Real,2024,11,3079.0
Alijó,Vila Real,2024,12,2159.0
Alijó,Vila Real,2025,1,1216.0
Alijó,Vila Real,2025,2,1304.0
Alijó,Vila Real,2025,3,3279.0
Alijó,Vila Real,2025,4,5389.0
Alijó,Vila Real,2025,5,7300.0
Alijó,Vila Real,2025,6,6740.0
Alijó,Vila Real,2025,7,8208.0
Alijó,Vila Real,2025,8,9727.0
Alijó,Vila Real,2025,9,9215.0
Alijó,Vila Real,2025,10,6655.0
Alijó,Vila Real,2025,11,2997.0
Alijó,Vila Real,2025,12,2350.0
Alijó,Vila Real,2026,1,1321.0
Alijó,Vila Real,2026,2,1630.0
Alijó,Vila Real,2026,3,3747.0
Alijó,Vila Real,2026,4,6049.0
Alijó,Vila Real,2026,5,7956.0
Alijó,Vila Real,2026,6,7522.0
Alijó,Vila Real,2026,7,8696.0
Aljezur,Faro,2020,1,1417.0
Aljezur,Faro,2020,2,2756.0
Aljezur,Faro,2020,3,1740.0
Aljezur,Faro,2020,4,
Aljezur,Faro,2020,5,
Aljezur,Faro,2020,6,5240.0
Aljezur,Faro,2020,7,10428.0
Aljezur,Faro,2020,8,16300.0
Aljezur,Faro,2020,9,11004.0
Aljezur,Faro,2020,10,6163.0
Aljezur,Faro,2020,11,2080.0
Aljezur,Faro,2020,12,801.0
Aljezur,Faro,2021,1,779.0
Aljezur,Faro,2021,2,716.0
Aljezur,Faro,2021,3,1427.0
Aljezur,Faro,2021,4,3280.0
Aljezur,Faro,2021,5,6058.0
Aljezur,Faro,2021,6,10712.0
Aljezur,Faro,2021,7,14487.0
Aljezur,Faro,2021,8,21311.0
Aljezur,Faro,2021,9,13798.0
Aljezur,Faro,2021,10,10287.0
Aljezur,Faro,2021,11,4096.0
Aljezur,Faro,2021,12,2685.0
Aljezur,Faro,2022,1,2305.0
Aljezur,Faro,2022,2,3749.0
Aljezur,Faro,2022,3,6209.0
Aljezur,Faro,2022,4,11547.0
Aljezur,Faro,2022,5,12172.0
Aljezur,Faro,2022,6,14801.0
Aljezur,Faro,2022,7,19632.0
Aljezur,Faro,2022,8,24584.0
Aljezur,Faro,2022,9,16045.0
Aljezur,Faro,2022,10,13937.0
Aljezur,Faro,2022,11,4976.0
Aljezur,Faro,2022,12,3524.0
Aljezur,Faro,2023,1,2297.0
Aljezur,Faro,2023,2,3731.0
Aljezur,Faro,2023,3,8186.0
Aljezur,Faro,2023,4,15077.0
Aljezur,Faro,2023,5,15376.0
Aljezur,Faro,2023,6,15647.0
Aljezur,Faro,2023,7,20551.0
Aljezur,Faro,2023,8,27526.0
Aljezur,Faro,2023,9,19932.0
Aljezur,Faro,2023,10,16554.0
Aljezur,Faro,2023,11,6762.0
Aljezur,Faro,2023,12,4555.0
Aljezur,Faro,2024,1,2633.0
Aljezur,Faro,2024,2,5068.0
Aljezur,Faro,2024,3,10043.0
Aljezur,Faro,2024,4,16675.0
Aljezur,Faro,2024,5,19575.0
Aljezur,Faro,2024,6,17489.0
Aljezur,Faro,2024,7,22610.0
Aljezur,Faro,2024,8,28234.0
Aljezur,Faro,2024,9,21638.0
Aljezur,Faro,2024,10,18340.0
Aljezur,Faro,2024,11,7498.0
Aljezur,Faro,2024,12,4176.0
Aljezur,Faro,2025,1,2889.0
Aljezur,Faro,2025,2,4968.0
Aljezur,Faro,2025,3,9677.0
Aljezur,Faro,2025,4,17837.0
Aljezur,Faro,2025,5,18887.0
Aljezur,Faro,2025,6,17546.0
Aljezur,Faro,2025,7,22664.0
Aljezur,Faro,2025,8,29283.0
Aljezur,Faro,2025,9,22880.0
Aljezur,Faro,2025,10,19531.0
Aljezur,Faro,2025,11,7957.0
Aljezur,Faro,2025,12,4619.0
Aljezur,Faro,2026,1,3038.0
Aljezur,Faro,2026,2,4814.0
Aljezur,Faro,2026,3,11858.0
Aljezur,Faro,2026,4,18932.0
Aljezur,Faro,2026,5,21369.0
Aljezur,Faro,2026,6,18666.0
Aljezur,Faro,2026,7,23200.0
Aljustrel,Beja,2020,1,
Aljustrel,Beja,2020,2,
Aljustrel,Beja,2020,3,
Aljustrel,Beja,2020,4,
Aljustrel,Beja,2020,5,
Aljustrel,Beja,2020,6,435.0
Aljustrel,Beja,2020,7,672.0
Aljustrel,Beja,2020,8,1009.0
Aljustrel,Beja,2020,9,780.0
Aljustrel,Beja,2020,10,633.0
Aljustrel,Beja,2020,11,353.0
Aljustrel,Beja,2020,12,208.0
Aljustrel,Beja,2021,1,222.0
Aljustrel,Beja,2021,2,112.0
Aljustrel,Beja,2021,3,
Aljustrel,Beja,2021,4,344.0
Aljustrel,Beja,2021,5,680.0
Aljustrel,Beja,2021,6,779.0
Aljustrel,Beja,2021,7,
Aljustrel,Beja,2021,8,
Aljustrel,Beja,2021,9,
Aljustrel,Beja,2021,10,810.0
Aljustrel,Beja,2021,11,
Aljustrel,Beja,2021,12,
Aljustrel,Beja,2022,1,402.0
Aljustrel,Beja,2022,2,
Aljustrel,Beja,2022,3,
Aljustrel,Beja,2022,4,612.0
Aljustrel,Beja,2022,5,
Aljustrel,Beja,2022,6,
Aljustrel,Beja,2022,7,
Aljustrel,Beja,2022,8,
Aljustrel,Beja,2022,9,
Aljustrel,Beja,2022,10,862.0
Aljustrel,Beja,2022,11,685.0
Aljustrel,Beja,2022,12,588.0
Aljustrel,Beja,2023,1,
Aljustrel,Beja,2023,2,667.0
Aljustrel,Beja,2023,3,
Aljustrel,Beja,2023,4,1007.0
Aljustrel,Beja,2023,5,
Aljustrel,Beja,2023,6,1088.0
Aljustrel,Beja,2023,7,
Aljustrel,Beja,2023,8,1769.0
Aljustrel,Beja,2023,9,1134.0
Aljustrel,Beja,2023,10,1092.0
Aljustrel,Beja,2023,11,
Aljustrel,Beja,2023,12,
Aljustrel,Beja,2024,1,
Aljustrel,Beja,2024,2,
Aljustrel,Beja,2024,3,
Aljustrel,Beja,2024,4,
Aljustrel,Beja,2024,5,
Aljustrel,Beja,2024,6,1174.0
Aljustrel,Beja,2024,7,1198.0
Aljustrel,Beja,2024,8,1898.0
Aljustrel,Beja,2024,9,1115.0
Aljustrel,Beja,2024,10,1035.0
Aljustrel,Beja,2024,11,994.0
Aljustrel,Beja,2024,12,669.0
Aljustrel,Beja,2025,1,822.0
Aljustrel,Beja,2025,2,1077.0
Aljustrel,Beja,2025,3,1121.0
Aljustrel,Beja,2025,4,1186.0
Aljustrel,Beja,2025,5,1371.0
Aljustrel,Beja,2025,6,1343.0
Aljustrel,Beja,2025,7,1348.0
Aljustrel,Beja,2025,8,1931.0
Aljustrel,Beja,2025,9,1322.0
Aljustrel,Beja,2025,10,1181.0
Aljustrel,Beja,2025,11,1106.0
Aljustrel,Beja,2025,12,634.0
Aljustrel,Beja,2026,1,
Aljustrel,Beja,2026,2,791.0
Aljustrel,Beja,2026,3,1074.0
Aljustrel,Beja,2026,4,1085.0
Aljustrel,Beja,2026,5,1222.0
Aljustrel,Beja,2026,6,1269.0
Aljustrel,Beja,2026,7,1390.0
Almada,Setúbal,2020,1,25318.0
Almada,Setúbal,2020,2,28786.0
Almada,Setúbal,2020,3,14144.0
Almada,Setúbal,2020,4,1273.0
Almada,Setúbal,2020,5,2983.0
Almada,Setúbal,2020,6,8438.0
Almada,Setúbal,2020,7,18881.0
Almada,Setúbal,2020,8,38665.0
Almada,Setúbal,2020,9,22227.0
Almada,Setúbal,2020,10,14875.0
Almada,Setúbal,2020,11,7591.0
Almada,Setúbal,2020,12,9106.0
Almada,Setúbal,2021,1,8389.0
Almada,Setúbal,2021,2,5555.0
Almada,Setúbal,2021,3,4367.0
Almada,Setúbal,2021,4,7348.0
Almada,Setúbal,2021,5,16098.0
Almada,Setúbal,2021,6,26631.0
Almada,Setúbal,2021,7,28696.0
Almada,Setúbal,2021,8,50641.0
Almada,Setúbal,2021,9,30631.0
Almada,Setúbal,2021,10,34509.0
Almada,Setúbal,2021,11,22926.0
Almada,Setúbal,2021,12,15056.0
Almada,Setúbal,2022,1,9679.0
Almada,Setúbal,2022,2,14752.0
Almada,Setúbal,2022,3,23884.0
Almada,Setúbal,2022,4,31156.0
Almada,Setúbal,2022,5,33971.0
Almada,Setúbal,2022,6,38181.0
Almada,Setúbal,2022,7,44256.0
Almada,Setúbal,2022,8,43659.0
Almada,Setúbal,2022,9,38641.0
Almada,Setúbal,2022,10,35790.0
Almada,Setúbal,2022,11,22279.0
Almada,Setúbal,2022,12,16358.0
Almada,Setúbal,2023,1,16830.0
Almada,Setúbal,2023,2,18951.0
Almada,Setúbal,2023,3,29406.0
Almada,Setúbal,2023,4,40061.0
Almada,Setúbal,2023,5,43866.0
Almada,Setúbal,2023,6,46319.0
Almada,Setúbal,2023,7,52533.0
Almada,Setúbal,2023,8,59244.0
Almada,Setúbal,2023,9,46692.0
Almada,Setúbal,2023,10,43157.0
Almada,Setúbal,2023,11,26167.0
Almada,Setúbal,2023,12,21166.0
Almada,Setúbal,2024,1,16172.0
Almada,Setúbal,2024,2,24377.0
Almada,Setúbal,2024,3,39844.0
Almada,Setúbal,2024,4,41883.0
Almada,Setúbal,2024,5,47778.0
Almada,Setúbal,2024,6,48666.0
Almada,Setúbal,2024,7,56717.0
Almada,Setúbal,2024,8,64422.0
Almada,Setúbal,2024,9,50376.0
Almada,Setúbal,2024,10,46995.0
Almada,Setúbal,2024,11,30556.0
Almada,Setúbal,2024,12,22547.0
Almada,Setúbal,2025,1,20421.0
Almada,Setúbal,2025,2,28598.0
Almada,Setúbal,2025,3,37331.0
Almada,Setúbal,2025,4,46920.0
Almada,Setúbal,2025,5,49781.0
Almada,Setúbal,2025,6,46924.0
Almada,Setúbal,2025,7,57307.0
Almada,Setúbal,2025,8,66594.0
Almada,Setúbal,2025,9,52274.0
Almada,Setúbal,2025,10,46950.0
Almada,Setúbal,2025,11,31982.0
Almada,Setúbal,2025,12,23255.0
Almada,Setúbal,2026,1,20253.0
Almada,Setúbal,2026,2,25712.0
Almada,Setúbal,2026,3,33210.0
Almada,Setúbal,2026,4,42109.0
Almada,Setúbal,2026,5,49161.0
Almada,Setúbal,2026,6,47293.0
Almada,Setúbal,2026,7,59158.0
Almeida,Guarda,2020,1,1181.0
Almeida,Guarda,2020,2,1437.0
Almeida,Guarda,2020,3,864.0
Almeida,Guarda,2020,4,
Almeida,Guarda,2020,5,
Almeida,Guarda,2020,6,883.0
Almeida,Guarda,2020,7,1432.0
Almeida,Guarda,2020,8,1709.0
Almeida,Guarda,2020,9,1445.0
Almeida,Guarda,2020,10,1174.0
Almeida,Guarda,2020,11,572.0
Almeida,Guarda,2020,12,719.0
Almeida,Guarda,2021,1,736.0
Almeida,Guarda,2021,2,703.0
Almeida,Guarda,2021,3,777.0
Almeida,Guarda,2021,4,932.0
Almeida,Guarda,2021,5,915.0
Almeida,Guarda,2021,6,974.0
Almeida,Guarda,2021,7,1265.0
Almeida,Guarda,2021,8,1626.0
Almeida,Guarda,2021,9,1052.0
Almeida,Guarda,2021,10,1099.0
Almeida,Guarda,2021,11,954.0
Almeida,Guarda,2021,12,540.0
Almeida,Guarda,2022,1,913.0
Almeida,Guarda,2022,2,1120.0
Almeida,Guarda,2022,3,1366.0
Almeida,Guarda,2022,4,1392.0
Almeida,Guarda,2022,5,1343.0
Almeida,Guarda,2022,6,1625.0
Almeida,Guarda,2022,7,1433.0
Almeida,Guarda,2022,8,2424.0
Almeida,Guarda,2022,9,1421.0
Almeida,Guarda,2022,10,1251.0
Almeida,Guarda,2022,11,1308.0
Almeida,Guarda,2022,12,1039.0
Almeida,Guarda,2023,1,1146.0
Almeida,Guarda,2023,2,1118.0
Almeida,Guarda,2023,3,975.0
Almeida,Guarda,2023,4,1563.0
Almeida,Guarda,2023,5,1011.0
Almeida,Guarda,2023,6,1173.0
Almeida,Guarda,2023,7,1384.0
Almeida,Guarda,2023,8,2089.0
Almeida,Guarda,2023,9,1430.0
Almeida,Guarda,2023,10,1217.0
Almeida,Guarda,2023,11,942.0
Almeida,Guarda,2023,12,896.0
Almeida,Guarda,2024,1,1044.0
Almeida,Guarda,2024,2,1350.0
Almeida,Guarda,2024,3,1300.0
Almeida,Guarda,2024,4,1461.0
Almeida,Guarda,2024,5,1670.0
Almeida,Guarda,2024,6,1087.0
Almeida,Guarda,2024,7,1189.0
Almeida,Guarda,2024,8,1567.0
Almeida,Guarda,2024,9,1253.0
Almeida,Guarda,2024,10,1643.0
Almeida,Guarda,2024,11,1175.0
Almeida,Guarda,2024,12,959.0
Almeida,Guarda,2025,1,1080.0
Almeida,Guarda,2025,2,869.0
Almeida,Guarda,2025,3,980.0
Almeida,Guarda,2025,4,1488.0
Almeida,Guarda,2025,5,1297.0
Almeida,Guarda,2025,6,1249.0
Almeida,Guarda,2025,7,1164.0
Almeida,Guarda,2025,8,1983.0
Almeida,Guarda,2025,9,989.0
Almeida,Guarda,2025,10,1017.0
Almeida,Guarda,2025,11,980.0
Almeida,Guarda,2025,12,952.0
Almeida,Guarda,2026,1,975.0
Almeida,Guarda,2026,2,1094.0
Almeida,Guarda,2026,3,860.0
Almeida,Guarda,2026,4,1319.0
Almeida,Guarda,2026,5,1706.0
Almeida,Guarda,2026,6,1209.0
Almeida,Guarda,2026,7,1274.0
Almeirim,Santarém,2020,1,1616.0
Almeirim,Santarém,2020,2,1331.0
Almeirim,Santarém,2020,3,879.0
Almeirim,Santarém,2020,4,
Almeirim,Santarém,2020,5,
Almeirim,Santarém,2020,6,1032.0
Almeirim,Santarém,2020,7,1552.0
Almeirim,Santarém,2020,8,1902.0
Almeirim,Santarém,2020,9,1154.0
Almeirim,Santarém,2020,10,1209.0
Almeirim,Santarém,2020,11,1056.0
Almeirim,Santarém,2020,12,156.0
Almeirim,Santarém,2021,1,460.0
Almeirim,Santarém,2021,2,269.0
Almeirim,Santarém,2021,3,508.0
Almeirim,Santarém,2021,4,726.0
Almeirim,Santarém,2021,5,889.0
Almeirim,Santarém,2021,6,1338.0
Almeirim,Santarém,2021,7,1930.0
Almeirim,Santarém,2021,8,2394.0
Almeirim,Santarém,2021,9,2048.0
Almeirim,Santarém,2021,10,1925.0
Almeirim,Santarém,2021,11,1769.0
Almeirim,Santarém,2021,12,845.0
Almeirim,Santarém,2022,1,626.0
Almeirim,Santarém,2022,2,818.0
Almeirim,Santarém,2022,3,1343.0
Almeirim,Santarém,2022,4,1687.0
Almeirim,Santarém,2022,5,2707.0
Almeirim,Santarém,2022,6,3294.0
Almeirim,Santarém,2022,7,2663.0
Almeirim,Santarém,2022,8,3577.0
Almeirim,Santarém,2022,9,2680.0
Almeirim,Santarém,2022,10,2060.0
Almeirim,Santarém,2022,11,2369.0
Almeirim,Santarém,2022,12,1484.0
Almeirim,Santarém,2023,1,1624.0
Almeirim,Santarém,2023,2,1640.0
Almeirim,Santarém,2023,3,2114.0
Almeirim,Santarém,2023,4,2392.0
Almeirim,Santarém,2023,5,2902.0
Almeirim,Santarém,2023,6,3271.0
Almeirim,Santarém,2023,7,3242.0
Almeirim,Santarém,2023,8,3406.0
Almeirim,Santarém,2023,9,2454.0
Almeirim,Santarém,2023,10,2316.0
Almeirim,Santarém,2023,11,2576.0
Almeirim,Santarém,2023,12,1905.0
Almeirim,Santarém,2024,1,2086.0
Almeirim,Santarém,2024,2,2180.0
Almeirim,Santarém,2024,3,2576.0
Almeirim,Santarém,2024,4,2117.0
Almeirim,Santarém,2024,5,2737.0
Almeirim,Santarém,2024,6,2931.0
Almeirim,Santarém,2024,7,3134.0
Almeirim,Santarém,2024,8,3472.0
Almeirim,Santarém,2024,9,2099.0
Almeirim,Santarém,2024,10,2260.0
Almeirim,Santarém,2024,11,2363.0
Almeirim,Santarém,2024,12,1262.0
Almeirim,Santarém,2025,1,1232.0
Almeirim,Santarém,2025,2,1504.0
Almeirim,Santarém,2025,3,1278.0
Almeirim,Santarém,2025,4,1880.0
Almeirim,Santarém,2025,5,2767.0
Almeirim,Santarém,2025,6,2428.0
Almeirim,Santarém,2025,7,2589.0
Almeirim,Santarém,2025,8,2692.0
Almeirim,Santarém,2025,9,2620.0
Almeirim,Santarém,2025,10,1934.0
Almeirim,Santarém,2025,11,1811.0
Almeirim,Santarém,2025,12,1315.0
Almeirim,Santarém,2026,1,1067.0
Almeirim,Santarém,2026,2,1209.0
Almeirim,Santarém,2026,3,1726.0
Almeirim,Santarém,2026,4,2254.0
Almeirim,Santarém,2026,5,2617.0
Almeirim,Santarém,2026,6,2348.0
Almeirim,Santarém,2026,7,2794.0
Almodôvar,Beja,2020,1,814.0
Almodôvar,Beja,2020,2,935.0
Almodôvar,Beja,2020,3,322.0
Almodôvar,Beja,2020,4,79.0
Almodôvar,Beja,2020,5,147.0
Almodôvar,Beja,2020,6,848.0
Almodôvar,Beja,2020,7,985.0
Almodôvar,Beja,2020,8,1550.0
Almodôvar,Beja,2020,9,1210.0
Almodôvar,Beja,2020,10,789.0
Almodôvar,Beja,2020,11,470.0
Almodôvar,Beja,2020,12,615.0
Almodôvar,Beja,2021,1,610.0
Almodôvar,Beja,2021,2,576.0
Almodôvar,Beja,2021,3,803.0
Almodôvar,Beja,2021,4,867.0
Almodôvar,Beja,2021,5,1346.0
Almodôvar,Beja,2021,6,1505.0
Almodôvar,Beja,2021,7,1811.0
Almodôvar,Beja,2021,8,2889.0
Almodôvar,Beja,2021,9,1999.0
Almodôvar,Beja,2021,10,1656.0
Almodôvar,Beja,2021,11,1616.0
Almodôvar,Beja,2021,12,1183.0
Almodôvar,Beja,2022,1,1327.0
Almodôvar,Beja,2022,2,1287.0
Almodôvar,Beja,2022,3,1112.0
Almodôvar,Beja,2022,4,1198.0
Almodôvar,Beja,2022,5,1308.0
Almodôvar,Beja,2022,6,2088.0
Almodôvar,Beja,2022,7,2469.0
Almodôvar,Beja,2022,8,2971.0
Almodôvar,Beja,2022,9,1687.0
Almodôvar,Beja,2022,10,1353.0
Almodôvar,Beja,2022,11,1019.0
Almodôvar,Beja,2022,12,881.0
Almodôvar,Beja,2023,1,1043.0
Almodôvar,Beja,2023,2,1234.0
Almodôvar,Beja,2023,3,1609.0
Almodôvar,Beja,2023,4,2217.0
Almodôvar,Beja,2023,5,2077.0
Almodôvar,Beja,2023,6,2080.0
Almodôvar,Beja,2023,7,3113.0
Almodôvar,Beja,2023,8,3718.0
Almodôvar,Beja,2023,9,2338.0
Almodôvar,Beja,2023,10,1811.0
Almodôvar,Beja,2023,11,1231.0
Almodôvar,Beja,2023,12,1246.0
Almodôvar,Beja,2024,1,1564.0
Almodôvar,Beja,2024,2,1373.0
Almodôvar,Beja,2024,3,1612.0
Almodôvar,Beja,2024,4,2119.0
Almodôvar,Beja,2024,5,1917.0
Almodôvar,Beja,2024,6,2774.0
Almodôvar,Beja,2024,7,3178.0
Almodôvar,Beja,2024,8,4401.0
Almodôvar,Beja,2024,9,2336.0
Almodôvar,Beja,2024,10,1679.0
Almodôvar,Beja,2024,11,1432.0
Almodôvar,Beja,2024,12,882.0
Almodôvar,Beja,2025,1,1098.0
Almodôvar,Beja,2025,2,929.0
Almodôvar,Beja,2025,3,1229.0
Almodôvar,Beja,2025,4,1658.0
Almodôvar,Beja,2025,5,2257.0
Almodôvar,Beja,2025,6,2338.0
Almodôvar,Beja,2025,7,3351.0
Almodôvar,Beja,2025,8,4071.0
Almodôvar,Beja,2025,9,2487.0
Almodôvar,Beja,2025,10,1634.0
Almodôvar,Beja,2025,11,1874.0
Almodôvar,Beja,2025,12,1095.0
Almodôvar,Beja,2026,1,895.0
Almodôvar,Beja,2026,2,1084.0
Almodôvar,Beja,2026,3,1554.0
Almodôvar,Beja,2026,4,1862.0
Almodôvar,Beja,2026,5,2171.0
Almodôvar,Beja,2026,6,2848.0
Almodôvar,Beja,2026,7,2643.0
Alpiarça,Santarém,2020,1,
Alpiarça,Santarém,2020,2,
Alpiarça,Santarém,2020,3,
Alpiarça,Santarém,2020,4,
Alpiarça,Santarém,2020,5,
Alpiarça,Santarém,2020,6,
Alpiarça,Santarém,2020,7,
Alpiarça,Santarém,2020,8,
Alpiarça,Santarém,2020,9,
Alpiarça,Santarém,2020,10,
Alpiarça,Santarém,2020,11,
Alpiarça,Santarém,2020,12,
Alpiarça,Santarém,2021,1,
Alpiarça,Santarém,2021,2,
Alpiarça,Santarém,2021,3,
Alpiarça,Santarém,2021,4,
Alpiarça,Santarém,2021,5,
Alpiarça,Santarém,2021,6,
Alpiarça,Santarém,2021,7,
Alpiarça,Santarém,2021,8,
Alpiarça,Santarém,2021,9,
Alpiarça,Santarém,2021,10,
Alpiarça,Santarém,2021,11,
Alpiarça,Santarém,2021,12,
Alpiarça,Santarém,2022,1,
Alpiarça,Santarém,2022,2,
Alpiarça,Santarém,2022,3,
Alpiarça,Santarém,2022,4,
Alpiarça,Santarém,2022,5,
Alpiarça,Santarém,2022,6,
Alpiarça,Santarém,2022,7,58.0
Alpiarça,Santarém,2022,8,152.0
Alpiarça,Santarém,2022,9,
Alpiarça,Santarém,2022,10,
Alpiarça,Santarém,2022,11,
Alpiarça,Santarém,2022,12,
Alpiarça,Santarém,2023,1,
Alpiarça,Santarém,2023,2,
Alpiarça,Santarém,2023,3,
Alpiarça,Santarém,2023,4,
Alpiarça,Santarém,2023,5,111.0
Alpiarça,Santarém,2023,6,114.0
Alpiarça,Santarém,2023,7,333.0
Alpiarça,Santarém,2023,8,889.0
Alpiarça,Santarém,2023,9,418.0
Alpiarça,Santarém,2023,10,175.0
Alpiarça,Santarém,2023,11,135.0
Alpiarça,Santarém,2023,12,50.0
Alpiarça,Santarém,2024,1,
Alpiarça,Santarém,2024,2,
Alpiarça,Santarém,2024,3,
Alpiarça,Santarém,2024,4,
Alpiarça,Santarém,2024,5,159.0
Alpiarça,Santarém,2024,6,478.0
Alpiarça,Santarém,2024,7,153.0
Alpiarça,Santarém,2024,8,326.0
Alpiarça,Santarém,2024,9,201.0
Alpiarça,Santarém,2024,10,69.0
Alpiarça,Santarém,2024,11,
Alpiarça,Santarém,2024,12,153.0
Alpiarça,Santarém,2025,1,
Alpiarça,Santarém,2025,2,
Alpiarça,Santarém,2025,3,
Alpiarça,Santarém,2025,4,
Alpiarça,Santarém,2025,5,
Alpiarça,Santarém,2025,6,
Alpiarça,Santarém,2025,7,354.0
Alpiarça,Santarém,2025,8,414.0
Alpiarça,Santarém,2025,9,278.0
Alpiarça,Santarém,2025,10,107.0
Alpiarça,Santarém,2025,11,
Alpiarça,Santarém,2025,12,
Alpiarça,Santarém,2026,1,77.0
Alpiarça,Santarém,2026,2,93.0
Alpiarça,Santarém,2026,3,94.0
Alpiarça,Santarém,2026,4,201.0
Alpiarça,Santarém,2026,5,211.0
Alpiarça,Santarém,2026,6,336.0
Alpiarça,Santarém,2026,7,288.0
Alter do Chão,Portalegre,2020,1,
Alter do Chão,Portalegre,2020,2,1143.0
Alter do Chão,Portalegre,2020,3,1191.0
Alter do Chão,Portalegre,2020,4,
Alter do Chão,Portalegre,2020,5,
Alter do Chão,Portalegre,2020,6,2462.0
Alter do Chão,Portalegre,2020,7,4868.0
Alter do Chão,Portalegre,2020,8,3554.0
Alter do Chão,Portalegre,2020,9,4000.0
Alter do Chão,Portalegre,2020,10,2391.0
Alter do Chão,Portalegre,2020,11,1999.0
Alter do Chão,Portalegre,2020,12,103.0
Alter do Chão,Portalegre,2021,1,
Alter do Chão,Portalegre,2021,2,
Alter do Chão,Portalegre,2021,3,
Alter do Chão,Portalegre,2021,4,517.0
Alter do Chão,Portalegre,2021,5,1957.0
Alter do Chão,Portalegre,2021,6,3035.0
Alter do Chão,Portalegre,2021,7,5078.0
Alter do Chão,Portalegre,2021,8,5033.0
Alter do Chão,Portalegre,2021,9,2749.0
Alter do Chão,Portalegre,2021,10,3254.0
Alter do Chão,Portalegre,2021,11,2408.0
Alter do Chão,Portalegre,2021,12,1894.0
Alter do Chão,Portalegre,2022,1,583.0
Alter do Chão,Portalegre,2022,2,1346.0
Alter do Chão,Portalegre,2022,3,2143.0
Alter do Chão,Portalegre,2022,4,3123.0
Alter do Chão,Portalegre,2022,5,2682.0
Alter do Chão,Portalegre,2022,6,3417.0
Alter do Chão,Portalegre,2022,7,3006.0
Alter do Chão,Portalegre,2022,8,2881.0
Alter do Chão,Portalegre,2022,9,3272.0
Alter do Chão,Portalegre,2022,10,3628.0
Alter do Chão,Portalegre,2022,11,2482.0
Alter do Chão,Portalegre,2022,12,2403.0
Alter do Chão,Portalegre,2023,1,751.0
Alter do Chão,Portalegre,2023,2,1585.0
Alter do Chão,Portalegre,2023,3,2005.0
Alter do Chão,Portalegre,2023,4,3961.0
Alter do Chão,Portalegre,2023,5,2509.0
Alter do Chão,Portalegre,2023,6,3163.0
Alter do Chão,Portalegre,2023,7,3346.0
Alter do Chão,Portalegre,2023,8,3208.0
Alter do Chão,Portalegre,2023,9,3572.0
Alter do Chão,Portalegre,2023,10,3726.0
Alter do Chão,Portalegre,2023,11,2091.0
Alter do Chão,Portalegre,2023,12,2649.0
Alter do Chão,Portalegre,2024,1,448.0
Alter do Chão,Portalegre,2024,2,1829.0
Alter do Chão,Portalegre,2024,3,2763.0
Alter do Chão,Portalegre,2024,4,3308.0
Alter do Chão,Portalegre,2024,5,3572.0
Alter do Chão,Portalegre,2024,6,3813.0
Alter do Chão,Portalegre,2024,7,2849.0
Alter do Chão,Portalegre,2024,8,2599.0
Alter do Chão,Portalegre,2024,9,3260.0
Alter do Chão,Portalegre,2024,10,3534.0
Alter do Chão,Portalegre,2024,11,2490.0
Alter do Chão,Portalegre,2024,12,2605.0
Alter do Chão,Portalegre,2025,1,1125.0
Alter do Chão,Portalegre,2025,2,1096.0
Alter do Chão,Portalegre,2025,3,2659.0
Alter do Chão,Portalegre,2025,4,3502.0
Alter do Chão,Portalegre,2025,5,3183.0
Alter do Chão,Portalegre,2025,6,3549.0
Alter do Chão,Portalegre,2025,7,3174.0
Alter do Chão,Portalegre,2025,8,2579.0
Alter do Chão,Portalegre,2025,9,3371.0
Alter do Chão,Portalegre,2025,10,3090.0
Alter do Chão,Portalegre,2025,11,2937.0
Alter do Chão,Portalegre,2025,12,2954.0
Alter do Chão,Portalegre,2026,1,722.0
Alter do Chão,Portalegre,2026,2,1872.0
Alter do Chão,Portalegre,2026,3,2288.0
Alter do Chão,Portalegre,2026,4,3932.0
Alter do Chão,Portalegre,2026,5,3107.0
Alter do Chão,Portalegre,2026,6,3668.0
Alter do Chão,Portalegre,2026,7,4818.0
Alvaiázere,Leiria,2020,1,178.0
Alvaiázere,Leiria,2020,2,
Alvaiázere,Leiria,2020,3,
Alvaiázere,Leiria,2020,4,
Alvaiázere,Leiria,2020,5,
Alvaiázere,Leiria,2020,6,
Alvaiázere,Leiria,2020,7,544.0
Alvaiázere,Leiria,2020,8,909.0
Alvaiázere,Leiria,2020,9,385.0
Alvaiázere,Leiria,2020,10,166.0
Alvaiázere,Leiria,2020,11,
Alvaiázere,Leiria,2020,12,
Alvaiázere,Leiria,2021,1,
Alvaiázere,Leiria,2021,2,
Alvaiázere,Leiria,2021,3,
Alvaiázere,Leiria,2021,4,
Alvaiázere,Leiria,2021,5,
Alvaiázere,Leiria,2021,6,426.0
Alvaiázere,Leiria,2021,7,582.0
Alvaiázere,Leiria,2021,8,988.0
Alvaiázere,Leiria,2021,9,490.0
Alvaiázere,Leiria,2021,10,229.0
Alvaiázere,Leiria,2021,11,
Alvaiázere,Leiria,2021,12,
Alvaiázere,Leiria,2022,1,
Alvaiázere,Leiria,2022,2,
Alvaiázere,Leiria,2022,3,
Alvaiázere,Leiria,2022,4,246.0
Alvaiázere,Leiria,2022,5,548.0
Alvaiázere,Leiria,2022,6,493.0
Alvaiázere,Leiria,2022,7,780.0
Alvaiázere,Leiria,2022,8,1263.0
Alvaiázere,Leiria,2022,9,562.0
Alvaiázere,Leiria,2022,10,306.0
Alvaiázere,Leiria,2022,11,
Alvaiázere,Leiria,2022,12,
Alvaiázere,Leiria,2023,1,
Alvaiázere,Leiria,2023,2,
Alvaiázere,Leiria,2023,3,273.0
Alvaiázere,Leiria,2023,4,490.0
Alvaiázere,Leiria,2023,5,524.0
Alvaiázere,Leiria,2023,6,499.0
Alvaiázere,Leiria,2023,7,708.0
Alvaiázere,Leiria,2023,8,785.0
Alvaiázere,Leiria,2023,9,526.0
Alvaiázere,Leiria,2023,10,270.0
Alvaiázere,Leiria,2023,11,
Alvaiázere,Leiria,2023,12,
Alvaiázere,Leiria,2024,1,198.0
Alvaiázere,Leiria,2024,2,257.0
Alvaiázere,Leiria,2024,3,274.0
Alvaiázere,Leiria,2024,4,386.0
Alvaiázere,Leiria,2024,5,574.0
Alvaiázere,Leiria,2024,6,749.0
Alvaiázere,Leiria,2024,7,1049.0
Alvaiázere,Leiria,2024,8,1022.0
Alvaiázere,Leiria,2024,9,402.0
Alvaiázere,Leiria,2024,10,373.0
Alvaiázere,Leiria,2024,11,301.0
Alvaiázere,Leiria,2024,12,437.0
Alvaiázere,Leiria,2025,1,175.0
Alvaiázere,Leiria,2025,2,113.0
Alvaiázere,Leiria,2025,3,249.0
Alvaiázere,Leiria,2025,4,349.0
Alvaiázere,Leiria,2025,5,503.0
Alvaiázere,Leiria,2025,6,773.0
Alvaiázere,Leiria,2025,7,875.0
Alvaiázere,Leiria,2025,8,1129.0
Alvaiázere,Leiria,2025,9,550.0
Alvaiázere,Leiria,2025,10,414.0
Alvaiázere,Leiria,2025,11,302.0
Alvaiázere,Leiria,2025,12,403.0
Alvaiázere,Leiria,2026,1,
Alvaiázere,Leiria,2026,2,
Alvaiázere,Leiria,2026,3,
Alvaiázere,Leiria,2026,4,680.0
Alvaiázere,Leiria,2026,5,815.0
Alvaiázere,Leiria,2026,6,749.0
Alvaiázere,Leiria,2026,7,1035.0
Alvito,Beja,2020,1,83.0
Alvito,Beja,2020,2,
Alvito,Beja,2020,3,100.0
Alvito,Beja,2020,4,
Alvito,Beja,2020,5,
Alvito,Beja,2020,6,532.0
Alvito,Beja,2020,7,1042.0
Alvito,Beja,2020,8,1422.0
Alvito,Beja,2020,9,924.0
Alvito,Beja,2020,10,596.0
Alvito,Beja,2020,11,283.0
Alvito,Beja,2020,12,426.0
Alvito,Beja,2021,1,
Alvito,Beja,2021,2,
Alvito,Beja,2021,3,77.0
Alvito,Beja,2021,4,108.0
Alvito,Beja,2021,5,283.0
Alvito,Beja,2021,6,915.0
Alvito,Beja,2021,7,1215.0
Alvito,Beja,2021,8,1740.0
Alvito,Beja,2021,9,996.0
Alvito,Beja,2021,10,568.0
Alvito,Beja,2021,11,436.0
Alvito,Beja,2021,12,283.0
Alvito,Beja,2022,1,
Alvito,Beja,2022,2,534.0
Alvito,Beja,2022,3,503.0
Alvito,Beja,2022,4,
Alvito,Beja,2022,5,781.0
Alvito,Beja,2022,6,1229.0
Alvito,Beja,2022,7,1211.0
Alvito,Beja,2022,8,1140.0
Alvito,Beja,2022,9,1189.0
Alvito,Beja,2022,10,607.0
Alvito,Beja,2022,11,499.0
Alvito,Beja,2022,12,391.0
Alvito,Beja,2023,1,308.0
Alvito,Beja,2023,2,509.0
Alvito,Beja,2023,3,355.0
Alvito,Beja,2023,4,852.0
Alvito,Beja,2023,5,748.0
Alvito,Beja,2023,6,991.0
Alvito,Beja,2023,7,1416.0
Alvito,Beja,2023,8,1836.0
Alvito,Beja,2023,9,1289.0
Alvito,Beja,2023,10,889.0
Alvito,Beja,2023,11,511.0
Alvito,Beja,2023,12,637.0
Alvito,Beja,2024,1,264.0
Alvito,Beja,2024,2,380.0
Alvito,Beja,2024,3,591.0
Alvito,Beja,2024,4,553.0
Alvito,Beja,2024,5,739.0
Alvito,Beja,2024,6,746.0
Alvito,Beja,2024,7,838.0
Alvito,Beja,2024,8,1537.0
Alvito,Beja,2024,9,1205.0
Alvito,Beja,2024,10,556.0
Alvito,Beja,2024,11,481.0
Alvito,Beja,2024,12,217.0
Alvito,Beja,2025,1,148.0
Alvito,Beja,2025,2,
Alvito,Beja,2025,3,
Alvito,Beja,2025,4,353.0
Alvito,Beja,2025,5,905.0
Alvito,Beja,2025,6,1003.0
Alvito,Beja,2025,7,1211.0
Alvito,Beja,2025,8,2096.0
Alvito,Beja,2025,9,894.0
Alvito,Beja,2025,10,590.0
Alvito,Beja,2025,11,256.0
Alvito,Beja,2025,12,110.0
Alvito,Beja,2026,1,122.0
Alvito,Beja,2026,2,168.0
Alvito,Beja,2026,3,332.0
Alvito,Beja,2026,4,650.0
Alvito,Beja,2026,5,868.0
Alvito,Beja,2026,6,725.0
Alvito,Beja,2026,7,1217.0
Amadora,Lisboa,2020,1,10348.0
Amadora,Lisboa,2020,2,10588.0
Amadora,Lisboa,2020,3,5497.0
Amadora,Lisboa,2020,4,2815.0
Amadora,Lisboa,2020,5,4286.0
Amadora,Lisboa,2020,6,4099.0
Amadora,Lisboa,2020,7,5171.0
Amadora,Lisboa,2020,8,5363.0
Amadora,Lisboa,2020,9,5998.0
Amadora,Lisboa,2020,10,5579.0
Amadora,Lisboa,2020,11,4468.0
Amadora,Lisboa,2020,12,5198.0
Amadora,Lisboa,2021,1,4494.0
Amadora,Lisboa,2021,2,3532.0
Amadora,Lisboa,2021,3,4780.0
Amadora,Lisboa,2021,4,4983.0
Amadora,Lisboa,2021,5,6641.0
Amadora,Lisboa,2021,6,6613.0
Amadora,Lisboa,2021,7,6453.0
Amadora,Lisboa,2021,8,8129.0
Amadora,Lisboa,2021,9,7697.0
Amadora,Lisboa,2021,10,9360.0
Amadora,Lisboa,2021,11,9657.0
Amadora,Lisboa,2021,12,8043.0
Amadora,Lisboa,2022,1,6457.0
Amadora,Lisboa,2022,2,7395.0
Amadora,Lisboa,2022,3,10729.0
Amadora,Lisboa,2022,4,13231.0
Amadora,Lisboa,2022,5,13327.0
Amadora,Lisboa,2022,6,13734.0
Amadora,Lisboa,2022,7,14155.0
Amadora,Lisboa,2022,8,15836.0
Amadora,Lisboa,2022,9,13542.0
Amadora,Lisboa,2022,10,13308.0
Amadora,Lisboa,2022,11,11195.0
Amadora,Lisboa,2022,12,9688.0
Amadora,Lisboa,2023,1,9309.0
Amadora,Lisboa,2023,2,8812.0
Amadora,Lisboa,2023,3,11062.0
Amadora,Lisboa,2023,4,11496.0
Amadora,Lisboa,2023,5,12933.0
Amadora,Lisboa,2023,6,12986.0
Amadora,Lisboa,2023,7,12769.0
Amadora,Lisboa,2023,8,14146.0
Amadora,Lisboa,2023,9,12973.0
Amadora,Lisboa,2023,10,12661.0
Amadora,Lisboa,2023,11,11434.0
Amadora,Lisboa,2023,12,10571.0
Amadora,Lisboa,2024,1,9473.0
Amadora,Lisboa,2024,2,9559.0
Amadora,Lisboa,2024,3,10441.0
Amadora,Lisboa,2024,4,11204.0
Amadora,Lisboa,2024,5,12152.0
Amadora,Lisboa,2024,6,10830.0
Amadora,Lisboa,2024,7,12513.0
Amadora,Lisboa,2024,8,14223.0
Amadora,Lisboa,2024,9,13257.0
Amadora,Lisboa,2024,10,12724.0
Amadora,Lisboa,2024,11,11467.0
Amadora,Lisboa,2024,12,10130.0
Amadora,Lisboa,2025,1,8832.0
Amadora,Lisboa,2025,2,9653.0
Amadora,Lisboa,2025,3,10856.0
Amadora,Lisboa,2025,4,11451.0
Amadora,Lisboa,2025,5,12661.0
Amadora,Lisboa,2025,6,10581.0
Amadora,Lisboa,2025,7,11966.0
Amadora,Lisboa,2025,8,13230.0
Amadora,Lisboa,2025,9,13694.0
Amadora,Lisboa,2025,10,15863.0
Amadora,Lisboa,2025,11,12445.0
Amadora,Lisboa,2025,12,10144.0
Amadora,Lisboa,2026,1,10911.0
Amadora,Lisboa,2026,2,10729.0
Amadora,Lisboa,2026,3,
Amadora,Lisboa,2026,4,
Amadora,Lisboa,2026,5,
Amadora,Lisboa,2026,6,
Amadora,Lisboa,2026,7,
Amarante,Porto,2020,1,3114.0
Amarante,Porto,2020,2,3953.0
Amarante,Porto,2020,3,1081.0
Amarante,Porto,2020,4,
Amarante,Porto,2020,5,
Amarante,Porto,2020,6,2674.0
Amarante,Porto,2020,7,6106.0
Amarante,Porto,2020,8,11173.0
Amarante,Porto,2020,9,6622.0
Amarante,Porto,2020,10,4375.0
Amarante,Porto,2020,11,1614.0
Amarante,Porto,2020,12,1597.0
Amarante,Porto,2021,1,873.0
Amarante,Porto,2021,2,475.0
Amarante,Porto,2021,3,831.0
Amarante,Porto,2021,4,1918.0
Amarante,Porto,2021,5,4328.0
Amarante,Porto,2021,6,5101.0
Amarante,Porto,2021,7,7451.0
Amarante,Porto,2021,8,11631.0
Amarante,Porto,2021,9,6754.0
Amarante,Porto,2021,10,6990.0
Amarante,Porto,2021,11,4794.0
Amarante,Porto,2021,12,4028.0
Amarante,Porto,2022,1,2890.0
Amarante,Porto,2022,2,3906.0
Amarante,Porto,2022,3,4981.0
Amarante,Porto,2022,4,6687.0
Amarante,Porto,2022,5,6921.0
Amarante,Porto,2022,6,7478.0
Amarante,Porto,2022,7,10247.0
Amarante,Porto,2022,8,13364.0
Amarante,Porto,2022,9,7969.0
Amarante,Porto,2022,10,6516.0
Amarante,Porto,2022,11,4075.0
Amarante,Porto,2022,12,4613.0
Amarante,Porto,2023,1,2889.0
Amarante,Porto,2023,2,3528.0
Amarante,Porto,2023,3,3825.0
Amarante,Porto,2023,4,7703.0
Amarante,Porto,2023,5,6698.0
Amarante,Porto,2023,6,7278.0
Amarante,Porto,2023,7,10469.0
Amarante,Porto,2023,8,13436.0
Amarante,Porto,2023,9,9258.0
Amarante,Porto,2023,10,6967.0
Amarante,Porto,2023,11,4241.0
Amarante,Porto,2023,12,4865.0
Amarante,Porto,2024,1,3356.0
Amarante,Porto,2024,2,3732.0
Amarante,Porto,2024,3,5363.0
Amarante,Porto,2024,4,6133.0
Amarante,Porto,2024,5,7502.0
Amarante,Porto,2024,6,8588.0
Amarante,Porto,2024,7,11399.0
Amarante,Porto,2024,8,14468.0
Amarante,Porto,2024,9,9162.0
Amarante,Porto,2024,10,6676.0
Amarante,Porto,2024,11,5425.0
Amarante,Porto,2024,12,4530.0
Amarante,Porto,2025,1,3254.0
Amarante,Porto,2025,2,3205.0
Amarante,Porto,2025,3,4994.0
Amarante,Porto,2025,4,7573.0
Amarante,Porto,2025,5,9325.0
Amarante,Porto,2025,6,9149.0
Amarante,Porto,2025,7,10880.0
Amarante,Porto,2025,8,14868.0
Amarante,Porto,2025,9,9776.0
Amarante,Porto,2025,10,8095.0
Amarante,Porto,2025,11,5554.0
Amarante,Porto,2025,12,5668.0
Amarante,Porto,2026,1,3794.0
Amarante,Porto,2026,2,4128.0
Amarante,Porto,2026,3,6083.0
Amarante,Porto,2026,4,7881.0
Amarante,Porto,2026,5,9694.0
Amarante,Porto,2026,6,10535.0
Amarante,Porto,2026,7,11073.0
Amares,Braga,2020,1,966.0
Amares,Braga,2020,2,1121.0
Amares,Braga,2020,3,507.0
Amares,Braga,2020,4,
Amares,Braga,2020,5,
Amares,Braga,2020,6,1136.0
Amares,Braga,2020,7,3433.0
Amares,Braga,2020,8,10613.0
Amares,Braga,2020,9,4409.0
Amares,Braga,2020,10,1510.0
Amares,Braga,2020,11,317.0
Amares,Braga,2020,12,412.0
Amares,Braga,2021,1,
Amares,Braga,2021,2,69.0
Amares,Braga,2021,3,
Amares,Braga,2021,4,257.0
Amares,Braga,2021,5,1115.0
Amares,Braga,2021,6,3959.0
Amares,Braga,2021,7,6368.0
Amares,Braga,2021,8,11599.0
Amares,Braga,2021,9,5128.0
Amares,Braga,2021,10,3332.0
Amares,Braga,2021,11,1206.0
Amares,Braga,2021,12,1252.0
Amares,Braga,2022,1,649.0
Amares,Braga,2022,2,1035.0
Amares,Braga,2022,3,1487.0
Amares,Braga,2022,4,3282.0
Amares,Braga,2022,5,3396.0
Amares,Braga,2022,6,4805.0
Amares,Braga,2022,7,7020.0
Amares,Braga,2022,8,11651.0
Amares,Braga,2022,9,4594.0
Amares,Braga,2022,10,3215.0
Amares,Braga,2022,11,1434.0
Amares,Braga,2022,12,2131.0
Amares,Braga,2023,1,826.0
Amares,Braga,2023,2,1236.0
Amares,Braga,2023,3,1347.0
Amares,Braga,2023,4,2930.0
Amares,Braga,2023,5,4199.0
Amares,Braga,2023,6,4166.0
Amares,Braga,2023,7,7424.0
Amares,Braga,2023,8,10689.0
Amares,Braga,2023,9,4909.0
Amares,Braga,2023,10,3329.0
Amares,Braga,2023,11,923.0
Amares,Braga,2023,12,1878.0
Amares,Braga,2024,1,690.0
Amares,Braga,2024,2,1320.0
Amares,Braga,2024,3,2174.0
Amares,Braga,2024,4,2965.0
Amares,Braga,2024,5,4281.0
Amares,Braga,2024,6,4288.0
Amares,Braga,2024,7,6816.0
Amares,Braga,2024,8,10854.0
Amares,Braga,2024,9,5425.0
Amares,Braga,2024,10,2958.0
Amares,Braga,2024,11,1522.0
Amares,Braga,2024,12,1728.0
Amares,Braga,2025,1,1044.0
Amares,Braga,2025,2,1172.0
Amares,Braga,2025,3,1830.0
Amares,Braga,2025,4,2771.0
Amares,Braga,2025,5,3867.0
Amares,Braga,2025,6,4905.0
Amares,Braga,2025,7,8194.0
Amares,Braga,2025,8,11025.0
Amares,Braga,2025,9,5155.0
Amares,Braga,2025,10,4012.0
Amares,Braga,2025,11,1676.0
Amares,Braga,2025,12,1806.0
Amares,Braga,2026,1,1411.0
Amares,Braga,2026,2,1156.0
Amares,Braga,2026,3,2211.0
Amares,Braga,2026,4,3320.0
Amares,Braga,2026,5,5086.0
Amares,Braga,2026,6,5898.0
Amares,Braga,2026,7,7986.0
Anadia,Aveiro,2020,1,4224.0
Anadia,Aveiro,2020,2,4687.0
Anadia,Aveiro,2020,3,926.0
Anadia,Aveiro,2020,4,
Anadia,Aveiro,2020,5,
Anadia,Aveiro,2020,6,649.0
Anadia,Aveiro,2020,7,3142.0
Anadia,Aveiro,2020,8,9806.0
Anadia,Aveiro,2020,9,5199.0
Anadia,Aveiro,2020,10,2826.0
Anadia,Aveiro,2020,11,798.0
Anadia,Aveiro,2020,12,744.0
Anadia,Aveiro,2021,1,386.0
Anadia,Aveiro,2021,2,206.0
Anadia,Aveiro,2021,3,417.0
Anadia,Aveiro,2021,4,1001.0
Anadia,Aveiro,2021,5,2350.0
Anadia,Aveiro,2021,6,4415.0
Anadia,Aveiro,2021,7,3962.0
Anadia,Aveiro,2021,8,8255.0
Anadia,Aveiro,2021,9,5262.0
Anadia,Aveiro,2021,10,4275.0
Anadia,Aveiro,2021,11,2456.0
Anadia,Aveiro,2021,12,2728.0
Anadia,Aveiro,2022,1,1671.0
Anadia,Aveiro,2022,2,1875.0
Anadia,Aveiro,2022,3,2934.0
Anadia,Aveiro,2022,4,6470.0
Anadia,Aveiro,2022,5,5872.0
Anadia,Aveiro,2022,6,6595.0
Anadia,Aveiro,2022,7,11765.0
Anadia,Aveiro,2022,8,13836.0
Anadia,Aveiro,2022,9,9260.0
Anadia,Aveiro,2022,10,6042.0
Anadia,Aveiro,2022,11,3644.0
Anadia,Aveiro,2022,12,3995.0
Anadia,Aveiro,2023,1,3345.0
Anadia,Aveiro,2023,2,2941.0
Anadia,Aveiro,2023,3,4584.0
Anadia,Aveiro,2023,4,6545.0
Anadia,Aveiro,2023,5,7135.0
Anadia,Aveiro,2023,6,6823.0
Anadia,Aveiro,2023,7,10381.0
Anadia,Aveiro,2023,8,13809.0
Anadia,Aveiro,2023,9,5941.0
Anadia,Aveiro,2023,10,6092.0
Anadia,Aveiro,2023,11,3221.0
Anadia,Aveiro,2023,12,4834.0
Anadia,Aveiro,2024,1,2437.0
Anadia,Aveiro,2024,2,3884.0
Anadia,Aveiro,2024,3,6543.0
Anadia,Aveiro,2024,4,5917.0
Anadia,Aveiro,2024,5,8319.0
Anadia,Aveiro,2024,6,7770.0
Anadia,Aveiro,2024,7,8835.0
Anadia,Aveiro,2024,8,13925.0
Anadia,Aveiro,2024,9,7573.0
Anadia,Aveiro,2024,10,6128.0
Anadia,Aveiro,2024,11,5369.0
Anadia,Aveiro,2024,12,5094.0
Anadia,Aveiro,2025,1,3599.0
Anadia,Aveiro,2025,2,4246.0
Anadia,Aveiro,2025,3,4349.0
Anadia,Aveiro,2025,4,5661.0
Anadia,Aveiro,2025,5,8206.0
Anadia,Aveiro,2025,6,8150.0
Anadia,Aveiro,2025,7,9866.0
Anadia,Aveiro,2025,8,13047.0
Anadia,Aveiro,2025,9,7853.0
Anadia,Aveiro,2025,10,5700.0
Anadia,Aveiro,2025,11,4874.0
Anadia,Aveiro,2025,12,4430.0
Anadia,Aveiro,2026,1,3391.0
Anadia,Aveiro,2026,2,4020.0
Anadia,Aveiro,2026,3,4596.0
Anadia,Aveiro,2026,4,6082.0
Anadia,Aveiro,2026,5,7963.0
Anadia,Aveiro,2026,6,7624.0
Anadia,Aveiro,2026,7,8655.0
Angra do Heroísmo,Região Autónoma dos Açores,2020,1,17390.0
Angra do Heroísmo,Região Autónoma dos Açores,2020,2,19033.0
Angra do Heroísmo,Região Autónoma dos Açores,2020,3,8666.0
Angra do Heroísmo,Região Autónoma dos Açores,2020,4,23.0
Angra do Heroísmo,Região Autónoma dos Açores,2020,5,79.0
Angra do Heroísmo,Região Autónoma dos Açores,2020,6,1247.0
Angra do Heroísmo,Região Autónoma dos Açores,2020,7,4432.0
Angra do Heroísmo,Região Autónoma dos Açores,2020,8,9838.0
Angra do Heroísmo,Região Autónoma dos Açores,2020,9,7593.0
Angra do Heroísmo,Região Autónoma dos Açores,2020,10,7481.0
Angra do Heroísmo,Região Autónoma dos Açores,2020,11,5998.0
Angra do Heroísmo,Região Autónoma dos Açores,2020,12,3664.0
Angra do Heroísmo,Região Autónoma dos Açores,2021,1,3481.0
Angra do Heroísmo,Região Autónoma dos Açores,2021,2,3478.0
Angra do Heroísmo,Região Autónoma dos Açores,2021,3,4755.0
Angra do Heroísmo,Região Autónoma dos Açores,2021,4,6115.0
Angra do Heroísmo,Região Autónoma dos Açores,2021,5,8258.0
Angra do Heroísmo,Região Autónoma dos Açores,2021,6,13169.0
Angra do Heroísmo,Região Autónoma dos Açores,2021,7,20752.0
Angra do Heroísmo,Região Autónoma dos Açores,2021,8,30295.0
Angra do Heroísmo,Região Autónoma dos Açores,2021,9,22923.0
Angra do Heroísmo,Região Autónoma dos Açores,2021,10,22618.0
Angra do Heroísmo,Região Autónoma dos Açores,2021,11,15366.0
Angra do Heroísmo,Região Autónoma dos Açores,2021,12,9095.0
Angra do Heroísmo,Região Autónoma dos Açores,2022,1,9596.0
Angra do Heroísmo,Região Autónoma dos Açores,2022,2,16496.0
Angra do Heroísmo,Região Autónoma dos Açores,2022,3,25895.0
Angra do Heroísmo,Região Autónoma dos Açores,2022,4,27109.0
Angra do Heroísmo,Região Autónoma dos Açores,2022,5,28250.0
Angra do Heroísmo,Região Autónoma dos Açores,2022,6,33990.0
Angra do Heroísmo,Região Autónoma dos Açores,2022,7,38097.0
Angra do Heroísmo,Região Autónoma dos Açores,2022,8,42252.0
Angra do Heroísmo,Região Autónoma dos Açores,2022,9,31836.0
Angra do Heroísmo,Região Autónoma dos Açores,2022,10,26933.0
Angra do Heroísmo,Região Autónoma dos Açores,2022,11,15937.0
Angra do Heroísmo,Região Autónoma dos Açores,2022,12,12251.0
Angra do Heroísmo,Região Autónoma dos Açores,2023,1,12715.0
Angra do Heroísmo,Região Autónoma dos Açores,2023,2,13259.0
Angra do Heroísmo,Região Autónoma dos Açores,2023,3,18052.0
Angra do Heroísmo,Região Autónoma dos Açores,2023,4,22088.0
Angra do Heroísmo,Região Autónoma dos Açores,2023,5,22825.0
Angra do Heroísmo,Região Autónoma dos Açores,2023,6,33952.0
Angra do Heroísmo,Região Autónoma dos Açores,2023,7,37345.0
Angra do Heroísmo,Região Autónoma dos Açores,2023,8,45483.0
Angra do Heroísmo,Região Autónoma dos Açores,2023,9,36175.0
Angra do Heroísmo,Região Autónoma dos Açores,2023,10,26871.0
Angra do Heroísmo,Região Autónoma dos Açores,2023,11,16599.0
Angra do Heroísmo,Região Autónoma dos Açores,2023,12,13651.0
Angra do Heroísmo,Região Autónoma dos Açores,2024,1,11473.0
Angra do Heroísmo,Região Autónoma dos Açores,2024,2,15484.0
Angra do Heroísmo,Região Autónoma dos Açores,2024,3,22788.0
Angra do Heroísmo,Região Autónoma dos Açores,2024,4,28133.0
Angra do Heroísmo,Região Autónoma dos Açores,2024,5,31455.0
Angra do Heroísmo,Região Autónoma dos Açores,2024,6,39456.0
Angra do Heroísmo,Região Autónoma dos Açores,2024,7,45436.0
Angra do Heroísmo,Região Autónoma dos Açores,2024,8,55817.0
Angra do Heroísmo,Região Autónoma dos Açores,2024,9,41321.0
Angra do Heroísmo,Região Autónoma dos Açores,2024,10,32360.0
Angra do Heroísmo,Região Autónoma dos Açores,2024,11,21730.0
Angra do Heroísmo,Região Autónoma dos Açores,2024,12,13014.0
Angra do Heroísmo,Região Autónoma dos Açores,2025,1,14721.0
Angra do Heroísmo,Região Autónoma dos Açores,2025,2,17396.0
Angra do Heroísmo,Região Autónoma dos Açores,2025,3,25405.0
Angra do Heroísmo,Região Autónoma dos Açores,2025,4,29054.0
Angra do Heroísmo,Região Autónoma dos Açores,2025,5,33019.0
Angra do Heroísmo,Região Autónoma dos Açores,2025,6,37844.0
Angra do Heroísmo,Região Autónoma dos Açores,2025,7,45875.0
Angra do Heroísmo,Região Autónoma dos Açores,2025,8,54092.0
Angra do Heroísmo,Região Autónoma dos Açores,2025,9,40248.0
Angra do Heroísmo,Região Autónoma dos Açores,2025,10,30772.0
Angra do Heroísmo,Região Autónoma dos Açores,2025,11,19227.0
Angra do Heroísmo,Região Autónoma dos Açores,2025,12,12194.0
Angra do Heroísmo,Região Autónoma dos Açores,2026,1,13731.0
Angra do Heroísmo,Região Autónoma dos Açores,2026,2,19300.0
Angra do Heroísmo,Região Autónoma dos Açores,2026,3,29044.0
Angra do Heroísmo,Região Autónoma dos Açores,2026,4,29913.0
Angra do Heroísmo,Região Autónoma dos Açores,2026,5,38534.0
Angra do Heroísmo,Região Autónoma dos Açores,2026,6,42938.0
Angra do Heroísmo,Região Autónoma dos Açores,2026,7,49681.0
Ansião,Leiria,2020,1,341.0
Ansião,Leiria,2020,2,329.0
Ansião,Leiria,2020,3,80.0
Ansião,Leiria,2020,4,
Ansião,Leiria,2020,5,
Ansião,Leiria,2020,6,
Ansião,Leiria,2020,7,484.0
Ansião,Leiria,2020,8,826.0
Ansião,Leiria,2020,9,534.0
Ansião,Leiria,2020,10,311.0
Ansião,Leiria,2020,11,98.0
Ansião,Leiria,2020,12,67.0
Ansião,Leiria,2021,1,
Ansião,Leiria,2021,2,
Ansião,Leiria,2021,3,38.0
Ansião,Leiria,2021,4,101.0
Ansião,Leiria,2021,5,249.0
Ansião,Leiria,2021,6,515.0
Ansião,Leiria,2021,7,847.0
Ansião,Leiria,2021,8,1245.0
Ansião,Leiria,2021,9,688.0
Ansião,Leiria,2021,10,676.0
Ansião,Leiria,2021,11,561.0
Ansião,Leiria,2021,12,279.0
Ansião,Leiria,2022,1,303.0
Ansião,Leiria,2022,2,747.0
Ansião,Leiria,2022,3,952.0
Ansião,Leiria,2022,4,1390.0
Ansião,Leiria,2022,5,1100.0
Ansião,Leiria,2022,6,1492.0
Ansião,Leiria,2022,7,1184.0
Ansião,Leiria,2022,8,1448.0
Ansião,Leiria,2022,9,829.0
Ansião,Leiria,2022,10,609.0
Ansião,Leiria,2022,11,385.0
Ansião,Leiria,2022,12,378.0
Ansião,Leiria,2023,1,340.0
Ansião,Leiria,2023,2,367.0
Ansião,Leiria,2023,3,428.0
Ansião,Leiria,2023,4,713.0
Ansião,Leiria,2023,5,885.0
Ansião,Leiria,2023,6,705.0
Ansião,Leiria,2023,7,1230.0
Ansião,Leiria,2023,8,1711.0
Ansião,Leiria,2023,9,1330.0
Ansião,Leiria,2023,10,1127.0
Ansião,Leiria,2023,11,1034.0
Ansião,Leiria,2023,12,1214.0
Ansião,Leiria,2024,1,1137.0
Ansião,Leiria,2024,2,929.0
Ansião,Leiria,2024,3,939.0
Ansião,Leiria,2024,4,971.0
Ansião,Leiria,2024,5,1310.0
Ansião,Leiria,2024,6,1359.0
Ansião,Leiria,2024,7,1143.0
Ansião,Leiria,2024,8,1882.0
Ansião,Leiria,2024,9,925.0
Ansião,Leiria,2024,10,708.0
Ansião,Leiria,2024,11,515.0
Ansião,Leiria,2024,12,376.0
Ansião,Leiria,2025,1,311.0
Ansião,Leiria,2025,2,353.0
Ansião,Leiria,2025,3,638.0
Ansião,Leiria,2025,4,865.0
Ansião,Leiria,2025,5,1012.0
Ansião,Leiria,2025,6,1139.0
Ansião,Leiria,2025,7,1109.0
Ansião,Leiria,2025,8,1748.0
Ansião,Leiria,2025,9,1024.0
Ansião,Leiria,2025,10,797.0
Ansião,Leiria,2025,11,516.0
Ansião,Leiria,2025,12,508.0
Ansião,Leiria,2026,1,557.0
Ansião,Leiria,2026,2,453.0
Ansião,Leiria,2026,3,741.0
Ansião,Leiria,2026,4,801.0
Ansião,Leiria,2026,5,1002.0
Ansião,Leiria,2026,6,1107.0
Ansião,Leiria,2026,7,1075.0
Arcos de Valdevez,Viana do Castelo,2020,1,3479.0
Arcos de Valdevez,Viana do Castelo,2020,2,4340.0
Arcos de Valdevez,Viana do Castelo,2020,3,1978.0
Arcos de Valdevez,Viana do Castelo,2020,4,
Arcos de Valdevez,Viana do Castelo,2020,5,
Arcos de Valdevez,Viana do Castelo,2020,6,5203.0
Arcos de Valdevez,Viana do Castelo,2020,7,8952.0
Arcos de Valdevez,Viana do Castelo,2020,8,12052.0
Arcos de Valdevez,Viana do Castelo,2020,9,8630.0
Arcos de Valdevez,Viana do Castelo,2020,10,6631.0
Arcos de Valdevez,Viana do Castelo,2020,11,1483.0
Arcos de Valdevez,Viana do Castelo,2020,12,1453.0
Arcos de Valdevez,Viana do Castelo,2021,1,818.0
Arcos de Valdevez,Viana do Castelo,2021,2,464.0
Arcos de Valdevez,Viana do Castelo,2021,3,935.0
Arcos de Valdevez,Viana do Castelo,2021,4,1345.0
Arcos de Valdevez,Viana do Castelo,2021,5,5778.0
Arcos de Valdevez,Viana do Castelo,2021,6,7544.0
Arcos de Valdevez,Viana do Castelo,2021,7,9914.0
Arcos de Valdevez,Viana do Castelo,2021,8,13681.0
Arcos de Valdevez,Viana do Castelo,2021,9,8254.0
Arcos de Valdevez,Viana do Castelo,2021,10,6770.0
Arcos de Valdevez,Viana do Castelo,2021,11,3758.0
Arcos de Valdevez,Viana do Castelo,2021,12,3749.0
Arcos de Valdevez,Viana do Castelo,2022,1,2747.0
Arcos de Valdevez,Viana do Castelo,2022,2,3944.0
Arcos de Valdevez,Viana do Castelo,2022,3,4924.0
Arcos de Valdevez,Viana do Castelo,2022,4,6719.0
Arcos de Valdevez,Viana do Castelo,2022,5,6379.0
Arcos de Valdevez,Viana do Castelo,2022,6,8051.0
Arcos de Valdevez,Viana do Castelo,2022,7,10788.0
Arcos de Valdevez,Viana do Castelo,2022,8,15629.0
Arcos de Valdevez,Viana do Castelo,2022,9,8641.0
Arcos de Valdevez,Viana do Castelo,2022,10,5805.0
Arcos de Valdevez,Viana do Castelo,2022,11,2638.0
Arcos de Valdevez,Viana do Castelo,2022,12,3998.0
Arcos de Valdevez,Viana do Castelo,2023,1,2791.0
Arcos de Valdevez,Viana do Castelo,2023,2,3177.0
Arcos de Valdevez,Viana do Castelo,2023,3,3118.0
Arcos de Valdevez,Viana do Castelo,2023,4,8109.0
Arcos de Valdevez,Viana do Castelo,2023,5,6448.0
Arcos de Valdevez,Viana do Castelo,2023,6,7849.0
Arcos de Valdevez,Viana do Castelo,2023,7,12294.0
Arcos de Valdevez,Viana do Castelo,2023,8,17035.0
Arcos de Valdevez,Viana do Castelo,2023,9,9444.0
Arcos de Valdevez,Viana do Castelo,2023,10,6795.0
Arcos de Valdevez,Viana do Castelo,2023,11,4161.0
Arcos de Valdevez,Viana do Castelo,2023,12,7695.0
Arcos de Valdevez,Viana do Castelo,2024,1,3593.0
Arcos de Valdevez,Viana do Castelo,2024,2,4822.0
Arcos de Valdevez,Viana do Castelo,2024,3,7012.0
Arcos de Valdevez,Viana do Castelo,2024,4,6861.0
Arcos de Valdevez,Viana do Castelo,2024,5,8122.0
Arcos de Valdevez,Viana do Castelo,2024,6,9614.0
Arcos de Valdevez,Viana do Castelo,2024,7,13703.0
Arcos de Valdevez,Viana do Castelo,2024,8,18248.0
Arcos de Valdevez,Viana do Castelo,2024,9,10749.0
Arcos de Valdevez,Viana do Castelo,2024,10,7282.0
Arcos de Valdevez,Viana do Castelo,2024,11,5877.0
Arcos de Valdevez,Viana do Castelo,2024,12,7744.0
Arcos de Valdevez,Viana do Castelo,2025,1,4561.0
Arcos de Valdevez,Viana do Castelo,2025,2,3943.0
Arcos de Valdevez,Viana do Castelo,2025,3,5839.0
Arcos de Valdevez,Viana do Castelo,2025,4,7699.0
Arcos de Valdevez,Viana do Castelo,2025,5,7699.0
Arcos de Valdevez,Viana do Castelo,2025,6,9360.0
Arcos de Valdevez,Viana do Castelo,2025,7,12928.0
Arcos de Valdevez,Viana do Castelo,2025,8,19297.0
Arcos de Valdevez,Viana do Castelo,2025,9,9463.0
Arcos de Valdevez,Viana do Castelo,2025,10,4723.0
Arcos de Valdevez,Viana do Castelo,2025,11,4291.0
Arcos de Valdevez,Viana do Castelo,2025,12,6874.0
Arcos de Valdevez,Viana do Castelo,2026,1,4862.0
Arcos de Valdevez,Viana do Castelo,2026,2,4518.0
Arcos de Valdevez,Viana do Castelo,2026,3,6161.0
Arcos de Valdevez,Viana do Castelo,2026,4,8323.0
Arcos de Valdevez,Viana do Castelo,2026,5,7828.0
Arcos de Valdevez,Viana do Castelo,2026,6,9802.0
Arcos de Valdevez,Viana do Castelo,2026,7,15445.0
Arganil,Coimbra,2020,1,1374.0
Arganil,Coimbra,2020,2,1660.0
Arganil,Coimbra,2020,3,548.0
Arganil,Coimbra,2020,4,
Arganil,Coimbra,2020,5,85.0
Arganil,Coimbra,2020,6,1545.0
Arganil,Coimbra,2020,7,2718.0
Arganil,Coimbra,2020,8,4120.0
Arganil,Coimbra,2020,9,2965.0
Arganil,Coimbra,2020,10,2011.0
Arganil,Coimbra,2020,11,382.0
Arganil,Coimbra,2020,12,951.0
Arganil,Coimbra,2021,1,550.0
Arganil,Coimbra,2021,2,141.0
Arganil,Coimbra,2021,3,210.0
Arganil,Coimbra,2021,4,1041.0
Arganil,Coimbra,2021,5,2233.0
Arganil,Coimbra,2021,6,2680.0
Arganil,Coimbra,2021,7,3131.0
Arganil,Coimbra,2021,8,4992.0
Arganil,Coimbra,2021,9,3107.0
Arganil,Coimbra,2021,10,2579.0
Arganil,Coimbra,2021,11,1667.0
Arganil,Coimbra,2021,12,2016.0
Arganil,Coimbra,2022,1,1361.0
Arganil,Coimbra,2022,2,1717.0
Arganil,Coimbra,2022,3,1914.0
Arganil,Coimbra,2022,4,2806.0
Arganil,Coimbra,2022,5,2558.0
Arganil,Coimbra,2022,6,3230.0
Arganil,Coimbra,2022,7,3264.0
Arganil,Coimbra,2022,8,6062.0
Arganil,Coimbra,2022,9,3372.0
Arganil,Coimbra,2022,10,2525.0
Arganil,Coimbra,2022,11,1652.0
Arganil,Coimbra,2022,12,2264.0
Arganil,Coimbra,2023,1,1741.0
Arganil,Coimbra,2023,2,2169.0
Arganil,Coimbra,2023,3,1963.0
Arganil,Coimbra,2023,4,2805.0
Arganil,Coimbra,2023,5,2458.0
Arganil,Coimbra,2023,6,2304.0
Arganil,Coimbra,2023,7,2753.0
Arganil,Coimbra,2023,8,5002.0
Arganil,Coimbra,2023,9,3083.0
Arganil,Coimbra,2023,10,2465.0
Arganil,Coimbra,2023,11,1480.0
Arganil,Coimbra,2023,12,2054.0
Arganil,Coimbra,2024,1,1505.0
Arganil,Coimbra,2024,2,1610.0
Arganil,Coimbra,2024,3,1688.0
Arganil,Coimbra,2024,4,2101.0
Arganil,Coimbra,2024,5,2422.0
Arganil,Coimbra,2024,6,2451.0
Arganil,Coimbra,2024,7,3341.0
Arganil,Coimbra,2024,8,5359.0
Arganil,Coimbra,2024,9,2704.0
Arganil,Coimbra,2024,10,1949.0
Arganil,Coimbra,2024,11,1998.0
Arganil,Coimbra,2024,12,1895.0
Arganil,Coimbra,2025,1,1601.0
Arganil,Coimbra,2025,2,1168.0
Arganil,Coimbra,2025,3,1605.0
Arganil,Coimbra,2025,4,2680.0
Arganil,Coimbra,2025,5,2550.0
Arganil,Coimbra,2025,6,2247.0
Arganil,Coimbra,2025,7,2752.0
Arganil,Coimbra,2025,8,3964.0
Arganil,Coimbra,2025,9,1735.0
Arganil,Coimbra,2025,10,1779.0
Arganil,Coimbra,2025,11,1276.0
Arganil,Coimbra,2025,12,2247.0
Arganil,Coimbra,2026,1,1378.0
Arganil,Coimbra,2026,2,1092.0
Arganil,Coimbra,2026,3,1338.0
Arganil,Coimbra,2026,4,2565.0
Arganil,Coimbra,2026,5,2620.0
Arganil,Coimbra,2026,6,2360.0
Arganil,Coimbra,2026,7,3323.0
Armamar,Viseu,2020,1,718.0
Armamar,Viseu,2020,2,860.0
Armamar,Viseu,2020,3,310.0
Armamar,Viseu,2020,4,
Armamar,Viseu,2020,5,
Armamar,Viseu,2020,6,847.0
Armamar,Viseu,2020,7,1538.0
Armamar,Viseu,2020,8,5384.0
Armamar,Viseu,2020,9,4235.0
Armamar,Viseu,2020,10,1544.0
Armamar,Viseu,2020,11,79.0
Armamar,Viseu,2020,12,136.0
Armamar,Viseu,2021,1,57.0
Armamar,Viseu,2021,2,119.0
Armamar,Viseu,2021,3,151.0
Armamar,Viseu,2021,4,644.0
Armamar,Viseu,2021,5,1968.0
Armamar,Viseu,2021,6,3499.0
Armamar,Viseu,2021,7,4819.0
Armamar,Viseu,2021,8,5279.0
Armamar,Viseu,2021,9,3439.0
Armamar,Viseu,2021,10,2984.0
Armamar,Viseu,2021,11,775.0
Armamar,Viseu,2021,12,534.0
Armamar,Viseu,2022,1,238.0
Armamar,Viseu,2022,2,239.0
Armamar,Viseu,2022,3,536.0
Armamar,Viseu,2022,4,2599.0
Armamar,Viseu,2022,5,3415.0
Armamar,Viseu,2022,6,3347.0
Armamar,Viseu,2022,7,3667.0
Armamar,Viseu,2022,8,4663.0
Armamar,Viseu,2022,9,4178.0
Armamar,Viseu,2022,10,3133.0
Armamar,Viseu,2022,11,1459.0
Armamar,Viseu,2022,12,1410.0
Armamar,Viseu,2023,1,481.0
Armamar,Viseu,2023,2,1166.0
Armamar,Viseu,2023,3,1345.0
Armamar,Viseu,2023,4,3125.0
Armamar,Viseu,2023,5,3865.0
Armamar,Viseu,2023,6,3753.0
Armamar,Viseu,2023,7,4203.0
Armamar,Viseu,2023,8,4141.0
Armamar,Viseu,2023,9,4987.0
Armamar,Viseu,2023,10,3582.0
Armamar,Viseu,2023,11,1481.0
Armamar,Viseu,2023,12,1719.0
Armamar,Viseu,2024,1,554.0
Armamar,Viseu,2024,2,994.0
Armamar,Viseu,2024,3,1747.0
Armamar,Viseu,2024,4,2756.0
Armamar,Viseu,2024,5,3949.0
Armamar,Viseu,2024,6,4252.0
Armamar,Viseu,2024,7,5025.0
Armamar,Viseu,2024,8,7302.0
Armamar,Viseu,2024,9,6210.0
Armamar,Viseu,2024,10,5052.0
Armamar,Viseu,2024,11,2133.0
Armamar,Viseu,2024,12,1506.0
Armamar,Viseu,2025,1,502.0
Armamar,Viseu,2025,2,1569.0
Armamar,Viseu,2025,3,2852.0
Armamar,Viseu,2025,4,3561.0
Armamar,Viseu,2025,5,6273.0
Armamar,Viseu,2025,6,6068.0
Armamar,Viseu,2025,7,7077.0
Armamar,Viseu,2025,8,8551.0
Armamar,Viseu,2025,9,8623.0
Armamar,Viseu,2025,10,5165.0
Armamar,Viseu,2025,11,2619.0
Armamar,Viseu,2025,12,2042.0
Armamar,Viseu,2026,1,965.0
Armamar,Viseu,2026,2,1631.0
Armamar,Viseu,2026,3,2272.0
Armamar,Viseu,2026,4,4554.0
Armamar,Viseu,2026,5,6253.0
Armamar,Viseu,2026,6,6082.0
Armamar,Viseu,2026,7,6325.0
Arouca,Aveiro,2020,1,793.0
Arouca,Aveiro,2020,2,1956.0
Arouca,Aveiro,2020,3,415.0
Arouca,Aveiro,2020,4,
Arouca,Aveiro,2020,5,167.0
Arouca,Aveiro,2020,6,1881.0
Arouca,Aveiro,2020,7,2959.0
Arouca,Aveiro,2020,8,4942.0
Arouca,Aveiro,2020,9,2238.0
Arouca,Aveiro,2020,10,2306.0
Arouca,Aveiro,2020,11,348.0
Arouca,Aveiro,2020,12,306.0
Arouca,Aveiro,2021,1,
Arouca,Aveiro,2021,2,
Arouca,Aveiro,2021,3,217.0
Arouca,Aveiro,2021,4,1225.0
Arouca,Aveiro,2021,5,3439.0
Arouca,Aveiro,2021,6,4063.0
Arouca,Aveiro,2021,7,3985.0
Arouca,Aveiro,2021,8,5637.0
Arouca,Aveiro,2021,9,4167.0
Arouca,Aveiro,2021,10,3850.0
Arouca,Aveiro,2021,11,2047.0
Arouca,Aveiro,2021,12,1392.0
Arouca,Aveiro,2022,1,967.0
Arouca,Aveiro,2022,2,1782.0
Arouca,Aveiro,2022,3,1693.0
Arouca,Aveiro,2022,4,3798.0
Arouca,Aveiro,2022,5,2999.0
Arouca,Aveiro,2022,6,3163.0
Arouca,Aveiro,2022,7,4446.0
Arouca,Aveiro,2022,8,6259.0
Arouca,Aveiro,2022,9,3680.0
Arouca,Aveiro,2022,10,2948.0
Arouca,Aveiro,2022,11,1250.0
Arouca,Aveiro,2022,12,1704.0
Arouca,Aveiro,2023,1,1326.0
Arouca,Aveiro,2023,2,1985.0
Arouca,Aveiro,2023,3,1689.0
Arouca,Aveiro,2023,4,3836.0
Arouca,Aveiro,2023,5,2768.0
Arouca,Aveiro,2023,6,3442.0
Arouca,Aveiro,2023,7,4426.0
Arouca,Aveiro,2023,8,6668.0
Arouca,Aveiro,2023,9,3646.0
Arouca,Aveiro,2023,10,2897.0
Arouca,Aveiro,2023,11,1492.0
Arouca,Aveiro,2023,12,2473.0
Arouca,Aveiro,2024,1,1218.0
Arouca,Aveiro,2024,2,1594.0
Arouca,Aveiro,2024,3,2231.0
Arouca,Aveiro,2024,4,3176.0
Arouca,Aveiro,2024,5,3273.0
Arouca,Aveiro,2024,6,3849.0
Arouca,Aveiro,2024,7,5059.0
Arouca,Aveiro,2024,8,7820.0
Arouca,Aveiro,2024,9,3789.0
Arouca,Aveiro,2024,10,2542.0
Arouca,Aveiro,2024,11,1865.0
Arouca,Aveiro,2024,12,1869.0
Arouca,Aveiro,2025,1,1230.0
Arouca,Aveiro,2025,2,1460.0
Arouca,Aveiro,2025,3,1737.0
Arouca,Aveiro,2025,4,3230.0
Arouca,Aveiro,2025,5,3736.0
Arouca,Aveiro,2025,6,3908.0
Arouca,Aveiro,2025,7,6240.0
Arouca,Aveiro,2025,8,8228.0
Arouca,Aveiro,2025,9,4233.0
Arouca,Aveiro,2025,10,2740.0
Arouca,Aveiro,2025,11,2120.0
Arouca,Aveiro,2025,12,2787.0
Arouca,Aveiro,2026,1,1562.0
Arouca,Aveiro,2026,2,2257.0
Arouca,Aveiro,2026,3,2383.0
Arouca,Aveiro,2026,4,3563.0
Arouca,Aveiro,2026,5,4837.0
Arouca,Aveiro,2026,6,4560.0
Arouca,Aveiro,2026,7,6360.0
Arraiolos,Évora,2020,1,1109.0
Arraiolos,Évora,2020,2,1728.0
Arraiolos,Évora,2020,3,239.0
Arraiolos,Évora,2020,4,
Arraiolos,Évora,2020,5,190.0
Arraiolos,Évora,2020,6,458.0
Arraiolos,Évora,2020,7,2214.0
Arraiolos,Évora,2020,8,3209.0
Arraiolos,Évora,2020,9,1849.0
Arraiolos,Évora,2020,10,1365.0
Arraiolos,Évora,2020,11,513.0
Arraiolos,Évora,2020,12,1293.0
Arraiolos,Évora,2021,1,134.0
Arraiolos,Évora,2021,2,50.0
Arraiolos,Évora,2021,3,154.0
Arraiolos,Évora,2021,4,302.0
Arraiolos,Évora,2021,5,1485.0
Arraiolos,Évora,2021,6,2000.0
Arraiolos,Évora,2021,7,2255.0
Arraiolos,Évora,2021,8,3526.0
Arraiolos,Évora,2021,9,2204.0
Arraiolos,Évora,2021,10,2044.0
Arraiolos,Évora,2021,11,1207.0
Arraiolos,Évora,2021,12,1019.0
Arraiolos,Évora,2022,1,974.0
Arraiolos,Évora,2022,2,1028.0
Arraiolos,Évora,2022,3,1166.0
Arraiolos,Évora,2022,4,2333.0
Arraiolos,Évora,2022,5,2238.0
Arraiolos,Évora,2022,6,2524.0
Arraiolos,Évora,2022,7,2545.0
Arraiolos,Évora,2022,8,4245.0
Arraiolos,Évora,2022,9,2596.0
Arraiolos,Évora,2022,10,2074.0
Arraiolos,Évora,2022,11,1294.0
Arraiolos,Évora,2022,12,1459.0
Arraiolos,Évora,2023,1,931.0
Arraiolos,Évora,2023,2,1270.0
Arraiolos,Évora,2023,3,1563.0
Arraiolos,Évora,2023,4,1956.0
Arraiolos,Évora,2023,5,2103.0
Arraiolos,Évora,2023,6,2223.0
Arraiolos,Évora,2023,7,2864.0
Arraiolos,Évora,2023,8,4296.0
Arraiolos,Évora,2023,9,2751.0
Arraiolos,Évora,2023,10,2221.0
Arraiolos,Évora,2023,11,1593.0
Arraiolos,Évora,2023,12,1996.0
Arraiolos,Évora,2024,1,640.0
Arraiolos,Évora,2024,2,1469.0
Arraiolos,Évora,2024,3,1983.0
Arraiolos,Évora,2024,4,2195.0
Arraiolos,Évora,2024,5,2320.0
Arraiolos,Évora,2024,6,2551.0
Arraiolos,Évora,2024,7,3087.0
Arraiolos,Évora,2024,8,4939.0
Arraiolos,Évora,2024,9,3244.0
Arraiolos,Évora,2024,10,2139.0
Arraiolos,Évora,2024,11,1774.0
Arraiolos,Évora,2024,12,1425.0
Arraiolos,Évora,2025,1,593.0
Arraiolos,Évora,2025,2,1085.0
Arraiolos,Évora,2025,3,1730.0
Arraiolos,Évora,2025,4,2448.0
Arraiolos,Évora,2025,5,2922.0
Arraiolos,Évora,2025,6,2642.0
Arraiolos,Évora,2025,7,3074.0
Arraiolos,Évora,2025,8,4877.0
Arraiolos,Évora,2025,9,3078.0
Arraiolos,Évora,2025,10,2113.0
Arraiolos,Évora,2025,11,1435.0
Arraiolos,Évora,2025,12,1291.0
Arraiolos,Évora,2026,1,255.0
Arraiolos,Évora,2026,2,1048.0
Arraiolos,Évora,2026,3,1694.0
Arraiolos,Évora,2026,4,2211.0
Arraiolos,Évora,2026,5,2838.0
Arraiolos,Évora,2026,6,2418.0
Arraiolos,Évora,2026,7,2767.0
Arronches,Portalegre,2020,1,
Arronches,Portalegre,2020,2,
Arronches,Portalegre,2020,3,
Arronches,Portalegre,2020,4,
Arronches,Portalegre,2020,5,
Arronches,Portalegre,2020,6,1341.0
Arronches,Portalegre,2020,7,1908.0
Arronches,Portalegre,2020,8,2242.0
Arronches,Portalegre,2020,9,1294.0
Arronches,Portalegre,2020,10,
Arronches,Portalegre,2020,11,
Arronches,Portalegre,2020,12,
Arronches,Portalegre,2021,1,
Arronches,Portalegre,2021,2,
Arronches,Portalegre,2021,3,266.0
Arronches,Portalegre,2021,4,215.0
Arronches,Portalegre,2021,5,1258.0
Arronches,Portalegre,2021,6,1148.0
Arronches,Portalegre,2021,7,1834.0
Arronches,Portalegre,2021,8,2388.0
Arronches,Portalegre,2021,9,1312.0
Arronches,Portalegre,2021,10,
Arronches,Portalegre,2021,11,
Arronches,Portalegre,2021,12,
Arronches,Portalegre,2022,1,
Arronches,Portalegre,2022,2,
Arronches,Portalegre,2022,3,
Arronches,Portalegre,2022,4,
Arronches,Portalegre,2022,5,
Arronches,Portalegre,2022,6,1237.0
Arronches,Portalegre,2022,7,2002.0
Arronches,Portalegre,2022,8,2379.0
Arronches,Portalegre,2022,9,1380.0
Arronches,Portalegre,2022,10,
Arronches,Portalegre,2022,11,
Arronches,Portalegre,2022,12,
Arronches,Portalegre,2023,1,
Arronches,Portalegre,2023,2,
Arronches,Portalegre,2023,3,
Arronches,Portalegre,2023,4,1091.0
Arronches,Portalegre,2023,5,860.0
Arronches,Portalegre,2023,6,1185.0
Arronches,Portalegre,2023,7,2000.0
Arronches,Portalegre,2023,8,2308.0
Arronches,Portalegre,2023,9,1641.0
Arronches,Portalegre,2023,10,
Arronches,Portalegre,2023,11,
Arronches,Portalegre,2023,12,
Arronches,Portalegre,2024,1,
Arronches,Portalegre,2024,2,
Arronches,Portalegre,2024,3,
Arronches,Portalegre,2024,4,
Arronches,Portalegre,2024,5,
Arronches,Portalegre,2024,6,
Arronches,Portalegre,2024,7,927.0
Arronches,Portalegre,2024,8,2440.0
Arronches,Portalegre,2024,9,1280.0
Arronches,Portalegre,2024,10,
Arronches,Portalegre,2024,11,
Arronches,Portalegre,2024,12,
Arronches,Portalegre,2025,1,
Arronches,Portalegre,2025,2,
Arronches,Portalegre,2025,3,
Arronches,Portalegre,2025,4,
Arronches,Portalegre,2025,5,
Arronches,Portalegre,2025,6,1434.0
Arronches,Portalegre,2025,7,1758.0
Arronches,Portalegre,2025,8,2249.0
Arronches,Portalegre,2025,9,1229.0
Arronches,Portalegre,2025,10,938.0
Arronches,Portalegre,2025,11,530.0
Arronches,Portalegre,2025,12,
Arronches,Portalegre,2026,1,
Arronches,Portalegre,2026,2,
Arronches,Portalegre,2026,3,
Arronches,Portalegre,2026,4,
Arronches,Portalegre,2026,5,1000.0
Arronches,Portalegre,2026,6,1344.0
Arronches,Portalegre,2026,7,1836.0
Arruda dos Vinhos,Lisboa,2020,1,661.0
Arruda dos Vinhos,Lisboa,2020,2,620.0
Arruda dos Vinhos,Lisboa,2020,3,301.0
Arruda dos Vinhos,Lisboa,2020,4,
Arruda dos Vinhos,Lisboa,2020,5,
Arruda dos Vinhos,Lisboa,2020,6,
Arruda dos Vinhos,Lisboa,2020,7,
Arruda dos Vinhos,Lisboa,2020,8,
Arruda dos Vinhos,Lisboa,2020,9,504.0
Arruda dos Vinhos,Lisboa,2020,10,765.0
Arruda dos Vinhos,Lisboa,2020,11,543.0
Arruda dos Vinhos,Lisboa,2020,12,301.0
Arruda dos Vinhos,Lisboa,2021,1,357.0
Arruda dos Vinhos,Lisboa,2021,2,241.0
Arruda dos Vinhos,Lisboa,2021,3,
Arruda dos Vinhos,Lisboa,2021,4,
Arruda dos Vinhos,Lisboa,2021,5,570.0
Arruda dos Vinhos,Lisboa,2021,6,
Arruda dos Vinhos,Lisboa,2021,7,
Arruda dos Vinhos,Lisboa,2021,8,963.0
Arruda dos Vinhos,Lisboa,2021,9,1026.0
Arruda dos Vinhos,Lisboa,2021,10,895.0
Arruda dos Vinhos,Lisboa,2021,11,814.0
Arruda dos Vinhos,Lisboa,2021,12,764.0
Arruda dos Vinhos,Lisboa,2022,1,
Arruda dos Vinhos,Lisboa,2022,2,
Arruda dos Vinhos,Lisboa,2022,3,
Arruda dos Vinhos,Lisboa,2022,4,
Arruda dos Vinhos,Lisboa,2022,5,
Arruda dos Vinhos,Lisboa,2022,6,
Arruda dos Vinhos,Lisboa,2022,7,
Arruda dos Vinhos,Lisboa,2022,8,
Arruda dos Vinhos,Lisboa,2022,9,
Arruda dos Vinhos,Lisboa,2022,10,
Arruda dos Vinhos,Lisboa,2022,11,
Arruda dos Vinhos,Lisboa,2022,12,
Arruda dos Vinhos,Lisboa,2023,1,
Arruda dos Vinhos,Lisboa,2023,2,
Arruda dos Vinhos,Lisboa,2023,3,
Arruda dos Vinhos,Lisboa,2023,4,
Arruda dos Vinhos,Lisboa,2023,5,
Arruda dos Vinhos,Lisboa,2023,6,871.0
Arruda dos Vinhos,Lisboa,2023,7,663.0
Arruda dos Vinhos,Lisboa,2023,8,1292.0
Arruda dos Vinhos,Lisboa,2023,9,875.0
Arruda dos Vinhos,Lisboa,2023,10,
Arruda dos Vinhos,Lisboa,2023,11,
Arruda dos Vinhos,Lisboa,2023,12,
Arruda dos Vinhos,Lisboa,2024,1,
Arruda dos Vinhos,Lisboa,2024,2,
Arruda dos Vinhos,Lisboa,2024,3,
Arruda dos Vinhos,Lisboa,2024,4,
Arruda dos Vinhos,Lisboa,2024,5,
Arruda dos Vinhos,Lisboa,2024,6,636.0
Arruda dos Vinhos,Lisboa,2024,7,750.0
Arruda dos Vinhos,Lisboa,2024,8,771.0
Arruda dos Vinhos,Lisboa,2024,9,706.0
Arruda dos Vinhos,Lisboa,2024,10,690.0
Arruda dos Vinhos,Lisboa,2024,11,
Arruda dos Vinhos,Lisboa,2024,12,
Arruda dos Vinhos,Lisboa,2025,1,523.0
Arruda dos Vinhos,Lisboa,2025,2,475.0
Arruda dos Vinhos,Lisboa,2025,3,523.0
Arruda dos Vinhos,Lisboa,2025,4,583.0
Arruda dos Vinhos,Lisboa,2025,5,617.0
Arruda dos Vinhos,Lisboa,2025,6,521.0
Arruda dos Vinhos,Lisboa,2025,7,707.0
Arruda dos Vinhos,Lisboa,2025,8,802.0
Arruda dos Vinhos,Lisboa,2025,9,709.0
Arruda dos Vinhos,Lisboa,2025,10,685.0
Arruda dos Vinhos,Lisboa,2025,11,594.0
Arruda dos Vinhos,Lisboa,2025,12,435.0
Arruda dos Vinhos,Lisboa,2026,1,
Arruda dos Vinhos,Lisboa,2026,2,
Arruda dos Vinhos,Lisboa,2026,3,
Arruda dos Vinhos,Lisboa,2026,4,
Arruda dos Vinhos,Lisboa,2026,5,
Arruda dos Vinhos,Lisboa,2026,6,
Arruda dos Vinhos,Lisboa,2026,7,
Aveiro,Aveiro,2020,1,19100.0
Aveiro,Aveiro,2020,2,23588.0
Aveiro,Aveiro,2020,3,8487.0
Aveiro,Aveiro,2020,4,1643.0
Aveiro,Aveiro,2020,5,2321.0
Aveiro,Aveiro,2020,6,7592.0
Aveiro,Aveiro,2020,7,18860.0
Aveiro,Aveiro,2020,8,39741.0
Aveiro,Aveiro,2020,9,24470.0
Aveiro,Aveiro,2020,10,19070.0
Aveiro,Aveiro,2020,11,6995.0
Aveiro,Aveiro,2020,12,7161.0
Aveiro,Aveiro,2021,1,6303.0
Aveiro,Aveiro,2021,2,4815.0
Aveiro,Aveiro,2021,3,6033.0
Aveiro,Aveiro,2021,4,9455.0
Aveiro,Aveiro,2021,5,18399.0
Aveiro,Aveiro,2021,6,23693.0
Aveiro,Aveiro,2021,7,29331.0
Aveiro,Aveiro,2021,8,46421.0
Aveiro,Aveiro,2021,9,33332.0
Aveiro,Aveiro,2021,10,35539.0
Aveiro,Aveiro,2021,11,24602.0
Aveiro,Aveiro,2021,12,20448.0
Aveiro,Aveiro,2022,1,15135.0
Aveiro,Aveiro,2022,2,21752.0
Aveiro,Aveiro,2022,3,24636.0
Aveiro,Aveiro,2022,4,35972.0
Aveiro,Aveiro,2022,5,35957.0
Aveiro,Aveiro,2022,6,37048.0
Aveiro,Aveiro,2022,7,47590.0
Aveiro,Aveiro,2022,8,56216.0
Aveiro,Aveiro,2022,9,41790.0
Aveiro,Aveiro,2022,10,36984.0
Aveiro,Aveiro,2022,11,25538.0
Aveiro,Aveiro,2022,12,26287.0
Aveiro,Aveiro,2023,1,20822.0
Aveiro,Aveiro,2023,2,23916.0
Aveiro,Aveiro,2023,3,28059.0
Aveiro,Aveiro,2023,4,40508.0
Aveiro,Aveiro,2023,5,37835.0
Aveiro,Aveiro,2023,6,37091.0
Aveiro,Aveiro,2023,7,46900.0
Aveiro,Aveiro,2023,8,57517.0
Aveiro,Aveiro,2023,9,44719.0
Aveiro,Aveiro,2023,10,38474.0
Aveiro,Aveiro,2023,11,27048.0
Aveiro,Aveiro,2023,12,28493.0
Aveiro,Aveiro,2024,1,21040.0
Aveiro,Aveiro,2024,2,25206.0
Aveiro,Aveiro,2024,3,34694.0
Aveiro,Aveiro,2024,4,36782.0
Aveiro,Aveiro,2024,5,39936.0
Aveiro,Aveiro,2024,6,38643.0
Aveiro,Aveiro,2024,7,50685.0
Aveiro,Aveiro,2024,8,63371.0
Aveiro,Aveiro,2024,9,45305.0
Aveiro,Aveiro,2024,10,38200.0
Aveiro,Aveiro,2024,11,30613.0
Aveiro,Aveiro,2024,12,28956.0
Aveiro,Aveiro,2025,1,20779.0
Aveiro,Aveiro,2025,2,20002.0
Aveiro,Aveiro,2025,3,31055.0
Aveiro,Aveiro,2025,4,40822.0
Aveiro,Aveiro,2025,5,42374.0
Aveiro,Aveiro,2025,6,40487.0
Aveiro,Aveiro,2025,7,50752.0
Aveiro,Aveiro,2025,8,61873.0
Aveiro,Aveiro,2025,9,45208.0
Aveiro,Aveiro,2025,10,40356.0
Aveiro,Aveiro,2025,11,29510.0
Aveiro,Aveiro,2025,12,28894.0
Aveiro,Aveiro,2026,1,22986.0
Aveiro,Aveiro,2026,2,20402.0
Aveiro,Aveiro,2026,3,29550.0
Aveiro,Aveiro,2026,4,36770.0
Aveiro,Aveiro,2026,5,38862.0
Aveiro,Aveiro,2026,6,38071.0
Aveiro,Aveiro,2026,7,51535.0
Avis,Portalegre,2020,1,1604.0
Avis,Portalegre,2020,2,1595.0
Avis,Portalegre,2020,3,941.0
Avis,Portalegre,2020,4,
Avis,Portalegre,2020,5,
Avis,Portalegre,2020,6,532.0
Avis,Portalegre,2020,7,
Avis,Portalegre,2020,8,2865.0
Avis,Portalegre,2020,9,1612.0
Avis,Portalegre,2020,10,945.0
Avis,Portalegre,2020,11,622.0
Avis,Portalegre,2020,12,1004.0
Avis,Portalegre,2021,1,907.0
Avis,Portalegre,2021,2,
Avis,Portalegre,2021,3,
Avis,Portalegre,2021,4,776.0
Avis,Portalegre,2021,5,1251.0
Avis,Portalegre,2021,6,1551.0
Avis,Portalegre,2021,7,1382.0
Avis,Portalegre,2021,8,3044.0
Avis,Portalegre,2021,9,1457.0
Avis,Portalegre,2021,10,1256.0
Avis,Portalegre,2021,11,805.0
Avis,Portalegre,2021,12,755.0
Avis,Portalegre,2022,1,545.0
Avis,Portalegre,2022,2,1450.0
Avis,Portalegre,2022,3,1865.0
Avis,Portalegre,2022,4,1395.0
Avis,Portalegre,2022,5,1707.0
Avis,Portalegre,2022,6,1349.0
Avis,Portalegre,2022,7,1537.0
Avis,Portalegre,2022,8,2796.0
Avis,Portalegre,2022,9,1765.0
Avis,Portalegre,2022,10,1354.0
Avis,Portalegre,2022,11,858.0
Avis,Portalegre,2022,12,630.0
Avis,Portalegre,2023,1,1199.0
Avis,Portalegre,2023,2,1449.0
Avis,Portalegre,2023,3,1107.0
Avis,Portalegre,2023,4,1735.0
Avis,Portalegre,2023,5,779.0
Avis,Portalegre,2023,6,1170.0
Avis,Portalegre,2023,7,1697.0
Avis,Portalegre,2023,8,2603.0
Avis,Portalegre,2023,9,1875.0
Avis,Portalegre,2023,10,1430.0
Avis,Portalegre,2023,11,1065.0
Avis,Portalegre,2023,12,1223.0
Avis,Portalegre,2024,1,1002.0
Avis,Portalegre,2024,2,1232.0
Avis,Portalegre,2024,3,1530.0
Avis,Portalegre,2024,4,1694.0
Avis,Portalegre,2024,5,1485.0
Avis,Portalegre,2024,6,1924.0
Avis,Portalegre,2024,7,2737.0
Avis,Portalegre,2024,8,3128.0
Avis,Portalegre,2024,9,2239.0
Avis,Portalegre,2024,10,1050.0
Avis,Portalegre,2024,11,807.0
Avis,Portalegre,2024,12,917.0
Avis,Portalegre,2025,1,866.0
Avis,Portalegre,2025,2,955.0
Avis,Portalegre,2025,3,1503.0
Avis,Portalegre,2025,4,1392.0
Avis,Portalegre,2025,5,1384.0
Avis,Portalegre,2025,6,1716.0
Avis,Portalegre,2025,7,2019.0
Avis,Portalegre,2025,8,3703.0
Avis,Portalegre,2025,9,1987.0
Avis,Portalegre,2025,10,1328.0
Avis,Portalegre,2025,11,1212.0
Avis,Portalegre,2025,12,1259.0
Avis,Portalegre,2026,1,1286.0
Avis,Portalegre,2026,2,1494.0
Avis,Portalegre,2026,3,1775.0
Avis,Portalegre,2026,4,1564.0
Avis,Portalegre,2026,5,1761.0
Avis,Portalegre,2026,6,1724.0
Avis,Portalegre,2026,7,2174.0
Azambuja,Lisboa,2020,1,810.0
Azambuja,Lisboa,2020,2,837.0
Azambuja,Lisboa,2020,3,1070.0
Azambuja,Lisboa,2020,4,742.0
Azambuja,Lisboa,2020,5,904.0
Azambuja,Lisboa,2020,6,723.0
Azambuja,Lisboa,2020,7,835.0
Azambuja,Lisboa,2020,8,
Azambuja,Lisboa,2020,9,
Azambuja,Lisboa,2020,10,876.0
Azambuja,Lisboa,2020,11,725.0
Azambuja,Lisboa,2020,12,264.0
Azambuja,Lisboa,2021,1,251.0
Azambuja,Lisboa,2021,2,253.0
Azambuja,Lisboa,2021,3,461.0
Azambuja,Lisboa,2021,4,461.0
Azambuja,Lisboa,2021,5,763.0
Azambuja,Lisboa,2021,6,692.0
Azambuja,Lisboa,2021,7,885.0
Azambuja,Lisboa,2021,8,924.0
Azambuja,Lisboa,2021,9,1194.0
Azambuja,Lisboa,2021,10,980.0
Azambuja,Lisboa,2021,11,903.0
Azambuja,Lisboa,2021,12,472.0
Azambuja,Lisboa,2022,1,504.0
Azambuja,Lisboa,2022,2,
Azambuja,Lisboa,2022,3,
Azambuja,Lisboa,2022,4,974.0
Azambuja,Lisboa,2022,5,1617.0
Azambuja,Lisboa,2022,6,1635.0
Azambuja,Lisboa,2022,7,1863.0
Azambuja,Lisboa,2022,8,1656.0
Azambuja,Lisboa,2022,9,2337.0
Azambuja,Lisboa,2022,10,1579.0
Azambuja,Lisboa,2022,11,973.0
Azambuja,Lisboa,2022,12,867.0
Azambuja,Lisboa,2023,1,1214.0
Azambuja,Lisboa,2023,2,893.0
Azambuja,Lisboa,2023,3,1487.0
Azambuja,Lisboa,2023,4,
Azambuja,Lisboa,2023,5,
Azambuja,Lisboa,2023,6,1561.0
Azambuja,Lisboa,2023,7,2175.0
Azambuja,Lisboa,2023,8,1598.0
Azambuja,Lisboa,2023,9,1583.0
Azambuja,Lisboa,2023,10,2103.0
Azambuja,Lisboa,2023,11,1331.0
Azambuja,Lisboa,2023,12,858.0
Azambuja,Lisboa,2024,1,889.0
Azambuja,Lisboa,2024,2,957.0
Azambuja,Lisboa,2024,3,1005.0
Azambuja,Lisboa,2024,4,1691.0
Azambuja,Lisboa,2024,5,1799.0
Azambuja,Lisboa,2024,6,1389.0
Azambuja,Lisboa,2024,7,1697.0
Azambuja,Lisboa,2024,8,1664.0
Azambuja,Lisboa,2024,9,1455.0
Azambuja,Lisboa,2024,10,1464.0
Azambuja,Lisboa,2024,11,952.0
Azambuja,Lisboa,2024,12,878.0
Azambuja,Lisboa,2025,1,1002.0
Azambuja,Lisboa,2025,2,1070.0
Azambuja,Lisboa,2025,3,963.0
Azambuja,Lisboa,2025,4,1125.0
Azambuja,Lisboa,2025,5,1545.0
Azambuja,Lisboa,2025,6,1469.0
Azambuja,Lisboa,2025,7,1976.0
Azambuja,Lisboa,2025,8,1520.0
Azambuja,Lisboa,2025,9,1059.0
Azambuja,Lisboa,2025,10,1548.0
Azambuja,Lisboa,2025,11,459.0
Azambuja,Lisboa,2025,12,560.0
Azambuja,Lisboa,2026,1,756.0
Azambuja,Lisboa,2026,2,626.0
Azambuja,Lisboa,2026,3,756.0
Azambuja,Lisboa,2026,4,1244.0
Azambuja,Lisboa,2026,5,1709.0
Azambuja,Lisboa,2026,6,1466.0
Azambuja,Lisboa,2026,7,2369.0
Baião,Porto,2020,1,2654.0
Baião,Porto,2020,2,3490.0
Baião,Porto,2020,3,262.0
Baião,Porto,2020,4,
Baião,Porto,2020,5,
Baião,Porto,2020,6,4041.0
Baião,Porto,2020,7,7065.0
Baião,Porto,2020,8,10617.0
Baião,Porto,2020,9,7668.0
Baião,Porto,2020,10,5112.0
Baião,Porto,2020,11,1067.0
Baião,Porto,2020,12,1799.0
Baião,Porto,2021,1,781.0
Baião,Porto,2021,2,215.0
Baião,Porto,2021,3,478.0
Baião,Porto,2021,4,2763.0
Baião,Porto,2021,5,6059.0
Baião,Porto,2021,6,7620.0
Baião,Porto,2021,7,8229.0
Baião,Porto,2021,8,11825.0
Baião,Porto,2021,9,7261.0
Baião,Porto,2021,10,6858.0
Baião,Porto,2021,11,3928.0
Baião,Porto,2021,12,3673.0
Baião,Porto,2022,1,3322.0
Baião,Porto,2022,2,3415.0
Baião,Porto,2022,3,3442.0
Baião,Porto,2022,4,6789.0
Baião,Porto,2022,5,6441.0
Baião,Porto,2022,6,7997.0
Baião,Porto,2022,7,9529.0
Baião,Porto,2022,8,12949.0
Baião,Porto,2022,9,7708.0
Baião,Porto,2022,10,7124.0
Baião,Porto,2022,11,3269.0
Baião,Porto,2022,12,4443.0
Baião,Porto,2023,1,2820.0
Baião,Porto,2023,2,3151.0
Baião,Porto,2023,3,2542.0
Baião,Porto,2023,4,5670.0
Baião,Porto,2023,5,5576.0
Baião,Porto,2023,6,6746.0
Baião,Porto,2023,7,8973.0
Baião,Porto,2023,8,12444.0
Baião,Porto,2023,9,8093.0
Baião,Porto,2023,10,6302.0
Baião,Porto,2023,11,2627.0
Baião,Porto,2023,12,3677.0
Baião,Porto,2024,1,2180.0
Baião,Porto,2024,2,3111.0
Baião,Porto,2024,3,3549.0
Baião,Porto,2024,4,4763.0
Baião,Porto,2024,5,7194.0
Baião,Porto,2024,6,7034.0
Baião,Porto,2024,7,8636.0
Baião,Porto,2024,8,12634.0
Baião,Porto,2024,9,7704.0
Baião,Porto,2024,10,6395.0
Baião,Porto,2024,11,3602.0
Baião,Porto,2024,12,3432.0
Baião,Porto,2025,1,3171.0
Baião,Porto,2025,2,3053.0
Baião,Porto,2025,3,5113.0
Baião,Porto,2025,4,7907.0
Baião,Porto,2025,5,8890.0
Baião,Porto,2025,6,9459.0
Baião,Porto,2025,7,10174.0
Baião,Porto,2025,8,13359.0
Baião,Porto,2025,9,9211.0
Baião,Porto,2025,10,7584.0
Baião,Porto,2025,11,5133.0
Baião,Porto,2025,12,3895.0
Baião,Porto,2026,1,3028.0
Baião,Porto,2026,2,3972.0
Baião,Porto,2026,3,4259.0
Baião,Porto,2026,4,6562.0
Baião,Porto,2026,5,8122.0
Baião,Porto,2026,6,9257.0
Baião,Porto,2026,7,10798.0
Barcelos,Braga,2020,1,2291.0
Barcelos,Braga,2020,2,2587.0
Barcelos,Braga,2020,3,868.0
Barcelos,Braga,2020,4,
Barcelos,Braga,2020,5,
Barcelos,Braga,2020,6,836.0
Barcelos,Braga,2020,7,2416.0
Barcelos,Braga,2020,8,4758.0
Barcelos,Braga,2020,9,3124.0
Barcelos,Braga,2020,10,1626.0
Barcelos,Braga,2020,11,729.0
Barcelos,Braga,2020,12,952.0
Barcelos,Braga,2021,1,714.0
Barcelos,Braga,2021,2,493.0
Barcelos,Braga,2021,3,805.0
Barcelos,Braga,2021,4,1142.0
Barcelos,Braga,2021,5,2784.0
Barcelos,Braga,2021,6,3891.0
Barcelos,Braga,2021,7,5020.0
Barcelos,Braga,2021,8,7446.0
Barcelos,Braga,2021,9,4860.0
Barcelos,Braga,2021,10,3775.0
Barcelos,Braga,2021,11,2999.0
Barcelos,Braga,2021,12,2062.0
Barcelos,Braga,2022,1,1245.0
Barcelos,Braga,2022,2,2156.0
Barcelos,Braga,2022,3,3683.0
Barcelos,Braga,2022,4,5685.0
Barcelos,Braga,2022,5,7413.0
Barcelos,Braga,2022,6,5911.0
Barcelos,Braga,2022,7,7518.0
Barcelos,Braga,2022,8,11178.0
Barcelos,Braga,2022,9,7045.0
Barcelos,Braga,2022,10,5789.0
Barcelos,Braga,2022,11,3903.0
Barcelos,Braga,2022,12,3174.0
Barcelos,Braga,2023,1,2863.0
Barcelos,Braga,2023,2,2660.0
Barcelos,Braga,2023,3,4840.0
Barcelos,Braga,2023,4,7153.0
Barcelos,Braga,2023,5,7481.0
Barcelos,Braga,2023,6,7358.0
Barcelos,Braga,2023,7,8516.0
Barcelos,Braga,2023,8,10858.0
Barcelos,Braga,2023,9,7858.0
Barcelos,Braga,2023,10,5472.0
Barcelos,Braga,2023,11,3291.0
Barcelos,Braga,2023,12,3599.0
Barcelos,Braga,2024,1,2525.0
Barcelos,Braga,2024,2,2885.0
Barcelos,Braga,2024,3,4086.0
Barcelos,Braga,2024,4,6895.0
Barcelos,Braga,2024,5,8141.0
Barcelos,Braga,2024,6,6221.0
Barcelos,Braga,2024,7,7827.0
Barcelos,Braga,2024,8,11824.0
Barcelos,Braga,2024,9,8665.0
Barcelos,Braga,2024,10,5682.0
Barcelos,Braga,2024,11,4196.0
Barcelos,Braga,2024,12,5075.0
Barcelos,Braga,2025,1,3069.0
Barcelos,Braga,2025,2,3320.0
Barcelos,Braga,2025,3,4924.0
Barcelos,Braga,2025,4,7158.0
Barcelos,Braga,2025,5,8646.0
Barcelos,Braga,2025,6,7698.0
Barcelos,Braga,2025,7,8743.0
Barcelos,Braga,2025,8,11637.0
Barcelos,Braga,2025,9,8282.0
Barcelos,Braga,2025,10,6545.0
Barcelos,Braga,2025,11,4357.0
Barcelos,Braga,2025,12,4111.0
Barcelos,Braga,2026,1,2942.0
Barcelos,Braga,2026,2,3587.0
Barcelos,Braga,2026,3,5522.0
Barcelos,Braga,2026,4,8053.0
Barcelos,Braga,2026,5,9892.0
Barcelos,Braga,2026,6,8036.0
Barcelos,Braga,2026,7,9338.0
Barrancos,Beja,2020,1,
Barrancos,Beja,2020,2,347.0
Barrancos,Beja,2020,3,143.0
Barrancos,Beja,2020,4,
Barrancos,Beja,2020,5,
Barrancos,Beja,2020,6,
Barrancos,Beja,2020,7,
Barrancos,Beja,2020,8,
Barrancos,Beja,2020,9,
Barrancos,Beja,2020,10,
Barrancos,Beja,2020,11,
Barrancos,Beja,2020,12,
Barrancos,Beja,2021,1,
Barrancos,Beja,2021,2,
Barrancos,Beja,2021,3,
Barrancos,Beja,2021,4,
Barrancos,Beja,2021,5,
Barrancos,Beja,2021,6,
Barrancos,Beja,2021,7,
Barrancos,Beja,2021,8,
Barrancos,Beja,2021,9,
Barrancos,Beja,2021,10,
Barrancos,Beja,2021,11,
Barrancos,Beja,2021,12,
Barrancos,Beja,2022,1,
Barrancos,Beja,2022,2,
Barrancos,Beja,2022,3,
Barrancos,Beja,2022,4,
Barrancos,Beja,2022,5,
Barrancos,Beja,2022,6,
Barrancos,Beja,2022,7,
Barrancos,Beja,2022,8,
Barrancos,Beja,2022,9,
Barrancos,Beja,2022,10,
Barrancos,Beja,2022,11,
Barrancos,Beja,2022,12,185.0
Barrancos,Beja,2023,1,
Barrancos,Beja,2023,2,166.0
Barrancos,Beja,2023,3,
Barrancos,Beja,2023,4,346.0
Barrancos,Beja,2023,5,
Barrancos,Beja,2023,6,553.0
Barrancos,Beja,2023,7,
Barrancos,Beja,2023,8,599.0
Barrancos,Beja,2023,9,71.0
Barrancos,Beja,2023,10,196.0
Barrancos,Beja,2023,11,
Barrancos,Beja,2023,12,
Barrancos,Beja,2024,1,
Barrancos,Beja,2024,2,
Barrancos,Beja,2024,3,
Barrancos,Beja,2024,4,
Barrancos,Beja,2024,5,
Barrancos,Beja,2024,6,365.0
Barrancos,Beja,2024,7,134.0
Barrancos,Beja,2024,8,439.0
Barrancos,Beja,2024,9,277.0
Barrancos,Beja,2024,10,396.0
Barrancos,Beja,2024,11,107.0
Barrancos,Beja,2024,12,208.0
Barrancos,Beja,2025,1,219.0
Barrancos,Beja,2025,2,
Barrancos,Beja,2025,3,
Barrancos,Beja,2025,4,473.0
Barrancos,Beja,2025,5,257.0
Barrancos,Beja,2025,6,284.0
Barrancos,Beja,2025,7,483.0
Barrancos,Beja,2025,8,503.0
Barrancos,Beja,2025,9,299.0
Barrancos,Beja,2025,10,232.0
Barrancos,Beja,2025,11,225.0
Barrancos,Beja,2025,12,241.0
Barrancos,Beja,2026,1,
Barrancos,Beja,2026,2,106.0
Barrancos,Beja,2026,3,
Barrancos,Beja,2026,4,298.0
Barrancos,Beja,2026,5,247.0
Barrancos,Beja,2026,6,199.0
Barrancos,Beja,2026,7,320.0
Barreiro,Setúbal,2020,1,834.0
Barreiro,Setúbal,2020,2,919.0
Barreiro,Setúbal,2020,3,
Barreiro,Setúbal,2020,4,
Barreiro,Setúbal,2020,5,
Barreiro,Setúbal,2020,6,
Barreiro,Setúbal,2020,7,357.0
Barreiro,Setúbal,2020,8,527.0
Barreiro,Setúbal,2020,9,605.0
Barreiro,Setúbal,2020,10,491.0
Barreiro,Setúbal,2020,11,
Barreiro,Setúbal,2020,12,
Barreiro,Setúbal,2021,1,
Barreiro,Setúbal,2021,2,
Barreiro,Setúbal,2021,3,
Barreiro,Setúbal,2021,4,
Barreiro,Setúbal,2021,5,
Barreiro,Setúbal,2021,6,
Barreiro,Setúbal,2021,7,
Barreiro,Setúbal,2021,8,
Barreiro,Setúbal,2021,9,
Barreiro,Setúbal,2021,10,689.0
Barreiro,Setúbal,2021,11,715.0
Barreiro,Setúbal,2021,12,727.0
Barreiro,Setúbal,2022,1,809.0
Barreiro,Setúbal,2022,2,662.0
Barreiro,Setúbal,2022,3,826.0
Barreiro,Setúbal,2022,4,816.0
Barreiro,Setúbal,2022,5,951.0
Barreiro,Setúbal,2022,6,771.0
Barreiro,Setúbal,2022,7,1446.0
Barreiro,Setúbal,2022,8,1279.0
Barreiro,Setúbal,2022,9,1122.0
Barreiro,Setúbal,2022,10,910.0
Barreiro,Setúbal,2022,11,1051.0
Barreiro,Setúbal,2022,12,1001.0
Barreiro,Setúbal,2023,1,1413.0
Barreiro,Setúbal,2023,2,1249.0
Barreiro,Setúbal,2023,3,1397.0
Barreiro,Setúbal,2023,4,1118.0
Barreiro,Setúbal,2023,5,1471.0
Barreiro,Setúbal,2023,6,1155.0
Barreiro,Setúbal,2023,7,1127.0
Barreiro,Setúbal,2023,8,1124.0
Barreiro,Setúbal,2023,9,1024.0
Barreiro,Setúbal,2023,10,954.0
Barreiro,Setúbal,2023,11,806.0
Barreiro,Setúbal,2023,12,828.0
Barreiro,Setúbal,2024,1,741.0
Barreiro,Setúbal,2024,2,866.0
Barreiro,Setúbal,2024,3,892.0
Barreiro,Setúbal,2024,4,1276.0
Barreiro,Setúbal,2024,5,1094.0
Barreiro,Setúbal,2024,6,1085.0
Barreiro,Setúbal,2024,7,1812.0
Barreiro,Setúbal,2024,8,2008.0
Barreiro,Setúbal,2024,9,1586.0
Barreiro,Setúbal,2024,10,1386.0
Barreiro,Setúbal,2024,11,1164.0
Barreiro,Setúbal,2024,12,763.0
Barreiro,Setúbal,2025,1,685.0
Barreiro,Setúbal,2025,2,855.0
Barreiro,Setúbal,2025,3,1030.0
Barreiro,Setúbal,2025,4,1235.0
Barreiro,Setúbal,2025,5,1290.0
Barreiro,Setúbal,2025,6,1387.0
Barreiro,Setúbal,2025,7,1569.0
Barreiro,Setúbal,2025,8,2197.0
Barreiro,Setúbal,2025,9,1565.0
Barreiro,Setúbal,2025,10,1443.0
Barreiro,Setúbal,2025,11,1108.0
Barreiro,Setúbal,2025,12,851.0
Barreiro,Setúbal,2026,1,
Barreiro,Setúbal,2026,2,535.0
Barreiro,Setúbal,2026,3,735.0
Barreiro,Setúbal,2026,4,892.0
Barreiro,Setúbal,2026,5,891.0
Barreiro,Setúbal,2026,6,1204.0
Barreiro,Setúbal,2026,7,1657.0
Batalha,Leiria,2020,1,2757.0
Batalha,Leiria,2020,2,3463.0
Batalha,Leiria,2020,3,1410.0
Batalha,Leiria,2020,4,424.0
Batalha,Leiria,2020,5,362.0
Batalha,Leiria,2020,6,1094.0
Batalha,Leiria,2020,7,3072.0
Batalha,Leiria,2020,8,6352.0
Batalha,Leiria,2020,9,3375.0
Batalha,Leiria,2020,10,2956.0
Batalha,Leiria,2020,11,1322.0
Batalha,Leiria,2020,12,1392.0
Batalha,Leiria,2021,1,727.0
Batalha,Leiria,2021,2,494.0
Batalha,Leiria,2021,3,670.0
Batalha,Leiria,2021,4,984.0
Batalha,Leiria,2021,5,2343.0
Batalha,Leiria,2021,6,2958.0
Batalha,Leiria,2021,7,3793.0
Batalha,Leiria,2021,8,7806.0
Batalha,Leiria,2021,9,4938.0
Batalha,Leiria,2021,10,4766.0
Batalha,Leiria,2021,11,3872.0
Batalha,Leiria,2021,12,2271.0
Batalha,Leiria,2022,1,1588.0
Batalha,Leiria,2022,2,2869.0
Batalha,Leiria,2022,3,2829.0
Batalha,Leiria,2022,4,4545.0
Batalha,Leiria,2022,5,4824.0
Batalha,Leiria,2022,6,5038.0
Batalha,Leiria,2022,7,5332.0
Batalha,Leiria,2022,8,10207.0
Batalha,Leiria,2022,9,5542.0
Batalha,Leiria,2022,10,4853.0
Batalha,Leiria,2022,11,3967.0
Batalha,Leiria,2022,12,2703.0
Batalha,Leiria,2023,1,3088.0
Batalha,Leiria,2023,2,3107.0
Batalha,Leiria,2023,3,3865.0
Batalha,Leiria,2023,4,4318.0
Batalha,Leiria,2023,5,5512.0
Batalha,Leiria,2023,6,4967.0
Batalha,Leiria,2023,7,5375.0
Batalha,Leiria,2023,8,9697.0
Batalha,Leiria,2023,9,6918.0
Batalha,Leiria,2023,10,5735.0
Batalha,Leiria,2023,11,3979.0
Batalha,Leiria,2023,12,4254.0
Batalha,Leiria,2024,1,3342.0
Batalha,Leiria,2024,2,3573.0
Batalha,Leiria,2024,3,3942.0
Batalha,Leiria,2024,4,4641.0
Batalha,Leiria,2024,5,6129.0
Batalha,Leiria,2024,6,4718.0
Batalha,Leiria,2024,7,5931.0
Batalha,Leiria,2024,8,9542.0
Batalha,Leiria,2024,9,6977.0
Batalha,Leiria,2024,10,5993.0
Batalha,Leiria,2024,11,4806.0
Batalha,Leiria,2024,12,3735.0
Batalha,Leiria,2025,1,3541.0
Batalha,Leiria,2025,2,3859.0
Batalha,Leiria,2025,3,4568.0
Batalha,Leiria,2025,4,4958.0
Batalha,Leiria,2025,5,5799.0
Batalha,Leiria,2025,6,5199.0
Batalha,Leiria,2025,7,6173.0
Batalha,Leiria,2025,8,9619.0
Batalha,Leiria,2025,9,6913.0
Batalha,Leiria,2025,10,6444.0
Batalha,Leiria,2025,11,5306.0
Batalha,Leiria,2025,12,4299.0
Batalha,Leiria,2026,1,3662.0
Batalha,Leiria,2026,2,5026.0
Batalha,Leiria,2026,3,4506.0
Batalha,Leiria,2026,4,6141.0
Batalha,Leiria,2026,5,6880.0
Batalha,Leiria,2026,6,5410.0
Batalha,Leiria,2026,7,7530.0
Beja,Beja,2020,1,7693.0
Beja,Beja,2020,2,10751.0
Beja,Beja,2020,3,5794.0
Beja,Beja,2020,4,1432.0
Beja,Beja,2020,5,2456.0
Beja,Beja,2020,6,7540.0
Beja,Beja,2020,7,12750.0
Beja,Beja,2020,8,18213.0
Beja,Beja,2020,9,12568.0
Beja,Beja,2020,10,11356.0
Beja,Beja,2020,11,5224.0
Beja,Beja,2020,12,4310.0
Beja,Beja,2021,1,3346.0
Beja,Beja,2021,2,3014.0
Beja,Beja,2021,3,3730.0
Beja,Beja,2021,4,5443.0
Beja,Beja,2021,5,11498.0
Beja,Beja,2021,6,14291.0
Beja,Beja,2021,7,15763.0
Beja,Beja,2021,8,22885.0
Beja,Beja,2021,9,15695.0
Beja,Beja,2021,10,13664.0
Beja,Beja,2021,11,10404.0
Beja,Beja,2021,12,7789.0
Beja,Beja,2022,1,5339.0
Beja,Beja,2022,2,9006.0
Beja,Beja,2022,3,10366.0
Beja,Beja,2022,4,12883.0
Beja,Beja,2022,5,14105.0
Beja,Beja,2022,6,15144.0
Beja,Beja,2022,7,15073.0
Beja,Beja,2022,8,22025.0
Beja,Beja,2022,9,14600.0
Beja,Beja,2022,10,15312.0
Beja,Beja,2022,11,11743.0
Beja,Beja,2022,12,9947.0
Beja,Beja,2023,1,6447.0
Beja,Beja,2023,2,10595.0
Beja,Beja,2023,3,13550.0
Beja,Beja,2023,4,13759.0
Beja,Beja,2023,5,15236.0
Beja,Beja,2023,6,15260.0
Beja,Beja,2023,7,15287.0
Beja,Beja,2023,8,20000.0
Beja,Beja,2023,9,22611.0
Beja,Beja,2023,10,18542.0
Beja,Beja,2023,11,13162.0
Beja,Beja,2023,12,13926.0
Beja,Beja,2024,1,7042.0
Beja,Beja,2024,2,11652.0
Beja,Beja,2024,3,15770.0
Beja,Beja,2024,4,18245.0
Beja,Beja,2024,5,22859.0
Beja,Beja,2024,6,19761.0
Beja,Beja,2024,7,19315.0
Beja,Beja,2024,8,27265.0
Beja,Beja,2024,9,22308.0
Beja,Beja,2024,10,19287.0
Beja,Beja,2024,11,15814.0
Beja,Beja,2024,12,13236.0
Beja,Beja,2025,1,8973.0
Beja,Beja,2025,2,12922.0
Beja,Beja,2025,3,16908.0
Beja,Beja,2025,4,20491.0
Beja,Beja,2025,5,23403.0
Beja,Beja,2025,6,23469.0
Beja,Beja,2025,7,24426.0
Beja,Beja,2025,8,32216.0
Beja,Beja,2025,9,27670.0
Beja,Beja,2025,10,23877.0
Beja,Beja,2025,11,21602.0
Beja,Beja,2025,12,13507.0
Beja,Beja,2026,1,8259.0
Beja,Beja,2026,2,13677.0
Beja,Beja,2026,3,18266.0
Beja,Beja,2026,4,23083.0
Beja,Beja,2026,5,24597.0
Beja,Beja,2026,6,31191.0
Beja,Beja,2026,7,31574.0
Belmonte,Castelo Branco,2020,1,1904.0
Belmonte,Castelo Branco,2020,2,2434.0
Belmonte,Castelo Branco,2020,3,711.0
Belmonte,Castelo Branco,2020,4,
Belmonte,Castelo Branco,2020,5,
Belmonte,Castelo Branco,2020,6,907.0
Belmonte,Castelo Branco,2020,7,1571.0
Belmonte,Castelo Branco,2020,8,5018.0
Belmonte,Castelo Branco,2020,9,2345.0
Belmonte,Castelo Branco,2020,10,1867.0
Belmonte,Castelo Branco,2020,11,490.0
Belmonte,Castelo Branco,2020,12,1114.0
Belmonte,Castelo Branco,2021,1,465.0
Belmonte,Castelo Branco,2021,2,37.0
Belmonte,Castelo Branco,2021,3,161.0
Belmonte,Castelo Branco,2021,4,714.0
Belmonte,Castelo Branco,2021,5,1610.0
Belmonte,Castelo Branco,2021,6,2425.0
Belmonte,Castelo Branco,2021,7,2720.0
Belmonte,Castelo Branco,2021,8,5470.0
Belmonte,Castelo Branco,2021,9,2518.0
Belmonte,Castelo Branco,2021,10,2425.0
Belmonte,Castelo Branco,2021,11,1528.0
Belmonte,Castelo Branco,2021,12,2008.0
Belmonte,Castelo Branco,2022,1,1650.0
Belmonte,Castelo Branco,2022,2,2072.0
Belmonte,Castelo Branco,2022,3,1725.0
Belmonte,Castelo Branco,2022,4,2969.0
Belmonte,Castelo Branco,2022,5,2081.0
Belmonte,Castelo Branco,2022,6,2593.0
Belmonte,Castelo Branco,2022,7,2732.0
Belmonte,Castelo Branco,2022,8,4527.0
Belmonte,Castelo Branco,2022,9,2191.0
Belmonte,Castelo Branco,2022,10,2495.0
Belmonte,Castelo Branco,2022,11,1500.0
Belmonte,Castelo Branco,2022,12,2363.0
Belmonte,Castelo Branco,2023,1,2032.0
Belmonte,Castelo Branco,2023,2,2596.0
Belmonte,Castelo Branco,2023,3,1835.0
Belmonte,Castelo Branco,2023,4,3340.0
Belmonte,Castelo Branco,2023,5,2768.0
Belmonte,Castelo Branco,2023,6,2776.0
Belmonte,Castelo Branco,2023,7,2705.0
Belmonte,Castelo Branco,2023,8,4976.0
Belmonte,Castelo Branco,2023,9,2728.0
Belmonte,Castelo Branco,2023,10,2150.0
Belmonte,Castelo Branco,2023,11,1398.0
Belmonte,Castelo Branco,2023,12,2325.0
Belmonte,Castelo Branco,2024,1,1729.0
Belmonte,Castelo Branco,2024,2,2066.0
Belmonte,Castelo Branco,2024,3,2347.0
Belmonte,Castelo Branco,2024,4,2414.0
Belmonte,Castelo Branco,2024,5,3084.0
Belmonte,Castelo Branco,2024,6,2216.0
Belmonte,Castelo Branco,2024,7,2281.0
Belmonte,Castelo Branco,2024,8,4478.0
Belmonte,Castelo Branco,2024,9,2993.0
Belmonte,Castelo Branco,2024,10,1946.0
Belmonte,Castelo Branco,2024,11,1921.0
Belmonte,Castelo Branco,2024,12,2051.0
Belmonte,Castelo Branco,2025,1,1742.0
Belmonte,Castelo Branco,2025,2,2051.0
Belmonte,Castelo Branco,2025,3,2304.0
Belmonte,Castelo Branco,2025,4,2717.0
Belmonte,Castelo Branco,2025,5,2913.0
Belmonte,Castelo Branco,2025,6,2666.0
Belmonte,Castelo Branco,2025,7,2420.0
Belmonte,Castelo Branco,2025,8,4272.0
Belmonte,Castelo Branco,2025,9,2480.0
Belmonte,Castelo Branco,2025,10,2096.0
Belmonte,Castelo Branco,2025,11,1809.0
Belmonte,Castelo Branco,2025,12,2708.0
Belmonte,Castelo Branco,2026,1,2777.0
Belmonte,Castelo Branco,2026,2,2110.0
Belmonte,Castelo Branco,2026,3,1822.0
Belmonte,Castelo Branco,2026,4,2319.0
Belmonte,Castelo Branco,2026,5,2765.0
Belmonte,Castelo Branco,2026,6,2727.0
Belmonte,Castelo Branco,2026,7,2698.0
Benavente,Santarém,2020,1,1618.0
Benavente,Santarém,2020,2,1766.0
Benavente,Santarém,2020,3,1224.0
Benavente,Santarém,2020,4,556.0
Benavente,Santarém,2020,5,1118.0
Benavente,Santarém,2020,6,1194.0
Benavente,Santarém,2020,7,1514.0
Benavente,Santarém,2020,8,1896.0
Benavente,Santarém,2020,9,1505.0
Benavente,Santarém,2020,10,1120.0
Benavente,Santarém,2020,11,964.0
Benavente,Santarém,2020,12,932.0
Benavente,Santarém,2021,1,1024.0
Benavente,Santarém,2021,2,875.0
Benavente,Santarém,2021,3,1371.0
Benavente,Santarém,2021,4,1624.0
Benavente,Santarém,2021,5,1446.0
Benavente,Santarém,2021,6,1825.0
Benavente,Santarém,2021,7,1945.0
Benavente,Santarém,2021,8,2346.0
Benavente,Santarém,2021,9,2269.0
Benavente,Santarém,2021,10,1848.0
Benavente,Santarém,2021,11,1389.0
Benavente,Santarém,2021,12,797.0
Benavente,Santarém,2022,1,1325.0
Benavente,Santarém,2022,2,1602.0
Benavente,Santarém,2022,3,2165.0
Benavente,Santarém,2022,4,2356.0
Benavente,Santarém,2022,5,2700.0
Benavente,Santarém,2022,6,2587.0
Benavente,Santarém,2022,7,3395.0
Benavente,Santarém,2022,8,4297.0
Benavente,Santarém,2022,9,
Benavente,Santarém,2022,10,
Benavente,Santarém,2022,11,2317.0
Benavente,Santarém,2022,12,1961.0
Benavente,Santarém,2023,1,1857.0
Benavente,Santarém,2023,2,2246.0
Benavente,Santarém,2023,3,2206.0
Benavente,Santarém,2023,4,2521.0
Benavente,Santarém,2023,5,2865.0
Benavente,Santarém,2023,6,2556.0
Benavente,Santarém,2023,7,3077.0
Benavente,Santarém,2023,8,3629.0
Benavente,Santarém,2023,9,2982.0
Benavente,Santarém,2023,10,2809.0
Benavente,Santarém,2023,11,2381.0
Benavente,Santarém,2023,12,2032.0
Benavente,Santarém,2024,1,1766.0
Benavente,Santarém,2024,2,1853.0
Benavente,Santarém,2024,3,1843.0
Benavente,Santarém,2024,4,2577.0
Benavente,Santarém,2024,5,3039.0
Benavente,Santarém,2024,6,2802.0
Benavente,Santarém,2024,7,2974.0
Benavente,Santarém,2024,8,3124.0
Benavente,Santarém,2024,9,2869.0
Benavente,Santarém,2024,10,2822.0
Benavente,Santarém,2024,11,2019.0
Benavente,Santarém,2024,12,1877.0
Benavente,Santarém,2025,1,2038.0
Benavente,Santarém,2025,2,2043.0
Benavente,Santarém,2025,3,2757.0
Benavente,Santarém,2025,4,2659.0
Benavente,Santarém,2025,5,3397.0
Benavente,Santarém,2025,6,3057.0
Benavente,Santarém,2025,7,3697.0
Benavente,Santarém,2025,8,3684.0
Benavente,Santarém,2025,9,2971.0
Benavente,Santarém,2025,10,3113.0
Benavente,Santarém,2025,11,2188.0
Benavente,Santarém,2025,12,1727.0
Benavente,Santarém,2026,1,2083.0
Benavente,Santarém,2026,2,2359.0
Benavente,Santarém,2026,3,2619.0
Benavente,Santarém,2026,4,2799.0
Benavente,Santarém,2026,5,3396.0
Benavente,Santarém,2026,6,3470.0
Benavente,Santarém,2026,7,3631.0
Bombarral,Leiria,2020,1,314.0
Bombarral,Leiria,2020,2,438.0
Bombarral,Leiria,2020,3,305.0
Bombarral,Leiria,2020,4,
Bombarral,Leiria,2020,5,
Bombarral,Leiria,2020,6,255.0
Bombarral,Leiria,2020,7,448.0
Bombarral,Leiria,2020,8,1935.0
Bombarral,Leiria,2020,9,999.0
Bombarral,Leiria,2020,10,635.0
Bombarral,Leiria,2020,11,401.0
Bombarral,Leiria,2020,12,195.0
Bombarral,Leiria,2021,1,
Bombarral,Leiria,2021,2,
Bombarral,Leiria,2021,3,
Bombarral,Leiria,2021,4,264.0
Bombarral,Leiria,2021,5,722.0
Bombarral,Leiria,2021,6,707.0
Bombarral,Leiria,2021,7,1206.0
Bombarral,Leiria,2021,8,2764.0
Bombarral,Leiria,2021,9,1890.0
Bombarral,Leiria,2021,10,1281.0
Bombarral,Leiria,2021,11,547.0
Bombarral,Leiria,2021,12,503.0
Bombarral,Leiria,2022,1,
Bombarral,Leiria,2022,2,
Bombarral,Leiria,2022,3,
Bombarral,Leiria,2022,4,1548.0
Bombarral,Leiria,2022,5,
Bombarral,Leiria,2022,6,
Bombarral,Leiria,2022,7,
Bombarral,Leiria,2022,8,
Bombarral,Leiria,2022,9,
Bombarral,Leiria,2022,10,
Bombarral,Leiria,2022,11,907.0
Bombarral,Leiria,2022,12,1468.0
Bombarral,Leiria,2023,1,947.0
Bombarral,Leiria,2023,2,750.0
Bombarral,Leiria,2023,3,1784.0
Bombarral,Leiria,2023,4,
Bombarral,Leiria,2023,5,
Bombarral,Leiria,2023,6,2613.0
Bombarral,Leiria,2023,7,3015.0
Bombarral,Leiria,2023,8,2961.0
Bombarral,Leiria,2023,9,2959.0
Bombarral,Leiria,2023,10,2525.0
Bombarral,Leiria,2023,11,1661.0
Bombarral,Leiria,2023,12,1231.0
Bombarral,Leiria,2024,1,548.0
Bombarral,Leiria,2024,2,1210.0
Bombarral,Leiria,2024,3,1577.0
Bombarral,Leiria,2024,4,2083.0
Bombarral,Leiria,2024,5,2587.0
Bombarral,Leiria,2024,6,2135.0
Bombarral,Leiria,2024,7,2330.0
Bombarral,Leiria,2024,8,3045.0
Bombarral,Leiria,2024,9,2552.0
Bombarral,Leiria,2024,10,1228.0
Bombarral,Leiria,2024,11,1361.0
Bombarral,Leiria,2024,12,1054.0
Bombarral,Leiria,2025,1,
Bombarral,Leiria,2025,2,
Bombarral,Leiria,2025,3,
Bombarral,Leiria,2025,4,
Bombarral,Leiria,2025,5,
Bombarral,Leiria,2025,6,
Bombarral,Leiria,2025,7,
Bombarral,Leiria,2025,8,
Bombarral,Leiria,2025,9,
Bombarral,Leiria,2025,10,
Bombarral,Leiria,2025,11,
Bombarral,Leiria,2025,12,
Bombarral,Leiria,2026,1,
Bombarral,Leiria,2026,2,
Bombarral,Leiria,2026,3,1072.0
Bombarral,Leiria,2026,4,1754.0
Bombarral,Leiria,2026,5,2300.0
Bombarral,Leiria,2026,6,1996.0
Bombarral,Leiria,2026,7,2599.0
Borba,Évora,2020,1,154.0
Borba,Évora,2020,2,70.0
Borba,Évora,2020,3,71.0
Borba,Évora,2020,4,
Borba,Évora,2020,5,
Borba,Évora,2020,6,
Borba,Évora,2020,7,645.0
Borba,Évora,2020,8,647.0
Borba,Évora,2020,9,179.0
Borba,Évora,2020,10,103.0
Borba,Évora,2020,11,
Borba,Évora,2020,12,
Borba,Évora,2021,1,
Borba,Évora,2021,2,
Borba,Évora,2021,3,
Borba,Évora,2021,4,122.0
Borba,Évora,2021,5,
Borba,Évora,2021,6,129.0
Borba,Évora,2021,7,254.0
Borba,Évora,2021,8,366.0
Borba,Évora,2021,9,250.0
Borba,Évora,2021,10,277.0
Borba,Évora,2021,11,216.0
Borba,Évora,2021,12,130.0
Borba,Évora,2022,1,169.0
Borba,Évora,2022,2,
Borba,Évora,2022,3,57.0
Borba,Évora,2022,4,95.0
Borba,Évora,2022,5,125.0
Borba,Évora,2022,6,172.0
Borba,Évora,2022,7,
Borba,Évora,2022,8,318.0
Borba,Évora,2022,9,361.0
Borba,Évora,2022,10,297.0
Borba,Évora,2022,11,343.0
Borba,Évora,2022,12,243.0
Borba,Évora,2023,1,
Borba,Évora,2023,2,
Borba,Évora,2023,3,141.0
Borba,Évora,2023,4,114.0
Borba,Évora,2023,5,181.0
Borba,Évora,2023,6,168.0
Borba,Évora,2023,7,253.0
Borba,Évora,2023,8,189.0
Borba,Évora,2023,9,261.0
Borba,Évora,2023,10,258.0
Borba,Évora,2023,11,187.0
Borba,Évora,2023,12,174.0
Borba,Évora,2024,1,
Borba,Évora,2024,2,
Borba,Évora,2024,3,
Borba,Évora,2024,4,111.0
Borba,Évora,2024,5,102.0
Borba,Évora,2024,6,233.0
Borba,Évora,2024,7,393.0
Borba,Évora,2024,8,641.0
Borba,Évora,2024,9,338.0
Borba,Évora,2024,10,172.0
Borba,Évora,2024,11,
Borba,Évora,2024,12,
Borba,Évora,2025,1,49.0
Borba,Évora,2025,2,
Borba,Évora,2025,3,
Borba,Évora,2025,4,114.0
Borba,Évora,2025,5,199.0
Borba,Évora,2025,6,209.0
Borba,Évora,2025,7,245.0
Borba,Évora,2025,8,261.0
Borba,Évora,2025,9,184.0
Borba,Évora,2025,10,326.0
Borba,Évora,2025,11,
Borba,Évora,2025,12,
Borba,Évora,2026,1,
Borba,Évora,2026,2,137.0
Borba,Évora,2026,3,121.0
Borba,Évora,2026,4,248.0
Borba,Évora,2026,5,277.0
Borba,Évora,2026,6,357.0
Borba,Évora,2026,7,547.0
Boticas,Vila Real,2020,1,907.0
Boticas,Vila Real,2020,2,1089.0
Boticas,Vila Real,2020,3,
Boticas,Vila Real,2020,4,
Boticas,Vila Real,2020,5,
Boticas,Vila Real,2020,6,
Boticas,Vila Real,2020,7,
Boticas,Vila Real,2020,8,2253.0
Boticas,Vila Real,2020,9,927.0
Boticas,Vila Real,2020,10,632.0
Boticas,Vila Real,2020,11,
Boticas,Vila Real,2020,12,
Boticas,Vila Real,2021,1,
Boticas,Vila Real,2021,2,
Boticas,Vila Real,2021,3,
Boticas,Vila Real,2021,4,
Boticas,Vila Real,2021,5,
Boticas,Vila Real,2021,6,
Boticas,Vila Real,2021,7,1378.0
Boticas,Vila Real,2021,8,2249.0
Boticas,Vila Real,2021,9,1576.0
Boticas,Vila Real,2021,10,1472.0
Boticas,Vila Real,2021,11,1112.0
Boticas,Vila Real,2021,12,
Boticas,Vila Real,2022,1,
Boticas,Vila Real,2022,2,
Boticas,Vila Real,2022,3,
Boticas,Vila Real,2022,4,1403.0
Boticas,Vila Real,2022,5,
Boticas,Vila Real,2022,6,1051.0
Boticas,Vila Real,2022,7,1404.0
Boticas,Vila Real,2022,8,2964.0
Boticas,Vila Real,2022,9,1540.0
Boticas,Vila Real,2022,10,1231.0
Boticas,Vila Real,2022,11,443.0
Boticas,Vila Real,2022,12,
Boticas,Vila Real,2023,1,
Boticas,Vila Real,2023,2,
Boticas,Vila Real,2023,3,
Boticas,Vila Real,2023,4,1519.0
Boticas,Vila Real,2023,5,1036.0
Boticas,Vila Real,2023,6,
Boticas,Vila Real,2023,7,1307.0
Boticas,Vila Real,2023,8,2493.0
Boticas,Vila Real,2023,9,1420.0
Boticas,Vila Real,2023,10,1039.0
Boticas,Vila Real,2023,11,691.0
Boticas,Vila Real,2023,12,1131.0
Boticas,Vila Real,2024,1,717.0
Boticas,Vila Real,2024,2,876.0
Boticas,Vila Real,2024,3,1061.0
Boticas,Vila Real,2024,4,911.0
Boticas,Vila Real,2024,5,790.0
Boticas,Vila Real,2024,6,1010.0
Boticas,Vila Real,2024,7,1288.0
Boticas,Vila Real,2024,8,2647.0
Boticas,Vila Real,2024,9,1572.0
Boticas,Vila Real,2024,10,1048.0
Boticas,Vila Real,2024,11,1232.0
Boticas,Vila Real,2024,12,1337.0
Boticas,Vila Real,2025,1,1365.0
Boticas,Vila Real,2025,2,1062.0
Boticas,Vila Real,2025,3,1244.0
Boticas,Vila Real,2025,4,1559.0
Boticas,Vila Real,2025,5,1460.0
Boticas,Vila Real,2025,6,1504.0
Boticas,Vila Real,2025,7,1762.0
Boticas,Vila Real,2025,8,2933.0
Boticas,Vila Real,2025,9,1855.0
Boticas,Vila Real,2025,10,1200.0
Boticas,Vila Real,2025,11,1116.0
Boticas,Vila Real,2025,12,1288.0
Boticas,Vila Real,2026,1,1266.0
Boticas,Vila Real,2026,2,1065.0
Boticas,Vila Real,2026,3,1244.0
Boticas,Vila Real,2026,4,1402.0
Boticas,Vila Real,2026,5,1318.0
Boticas,Vila Real,2026,6,1471.0
Boticas,Vila Real,2026,7,1845.0
Braga,Braga,2020,1,35228.0
Braga,Braga,2020,2,39559.0
Braga,Braga,2020,3,15855.0
Braga,Braga,2020,4,2325.0
Braga,Braga,2020,5,5962.0
Braga,Braga,2020,6,11212.0
Braga,Braga,2020,7,23611.0
Braga,Braga,2020,8,48889.0
Braga,Braga,2020,9,30296.0
Braga,Braga,2020,10,25174.0
Braga,Braga,2020,11,12077.0
Braga,Braga,2020,12,13421.0
Braga,Braga,2021,1,14395.0
Braga,Braga,2021,2,12195.0
Braga,Braga,2021,3,12272.0
Braga,Braga,2021,4,16144.0
Braga,Braga,2021,5,27010.0
Braga,Braga,2021,6,34345.0
Braga,Braga,2021,7,41421.0
Braga,Braga,2021,8,64382.0
Braga,Braga,2021,9,51738.0
Braga,Braga,2021,10,54948.0
Braga,Braga,2021,11,40498.0
Braga,Braga,2021,12,32646.0
Braga,Braga,2022,1,22155.0
Braga,Braga,2022,2,37741.0
Braga,Braga,2022,3,39334.0
Braga,Braga,2022,4,55243.0
Braga,Braga,2022,5,57798.0
Braga,Braga,2022,6,56548.0
Braga,Braga,2022,7,64265.0
Braga,Braga,2022,8,77495.0
Braga,Braga,2022,9,61969.0
Braga,Braga,2022,10,54257.0
Braga,Braga,2022,11,45756.0
Braga,Braga,2022,12,44568.0
Braga,Braga,2023,1,32094.0
Braga,Braga,2023,2,36962.0
Braga,Braga,2023,3,42111.0
Braga,Braga,2023,4,59395.0
Braga,Braga,2023,5,59263.0
Braga,Braga,2023,6,57952.0
Braga,Braga,2023,7,67872.0
Braga,Braga,2023,8,76155.0
Braga,Braga,2023,9,62498.0
Braga,Braga,2023,10,56889.0
Braga,Braga,2023,11,41380.0
Braga,Braga,2023,12,44738.0
Braga,Braga,2024,1,35840.0
Braga,Braga,2024,2,39779.0
Braga,Braga,2024,3,43742.0
Braga,Braga,2024,4,51836.0
Braga,Braga,2024,5,62640.0
Braga,Braga,2024,6,62727.0
Braga,Braga,2024,7,67636.0
Braga,Braga,2024,8,82792.0
Braga,Braga,2024,9,70053.0
Braga,Braga,2024,10,63006.0
Braga,Braga,2024,11,49620.0
Braga,Braga,2024,12,48995.0
Braga,Braga,2025,1,36636.0
Braga,Braga,2025,2,37605.0
Braga,Braga,2025,3,51210.0
Braga,Braga,2025,4,58663.0
Braga,Braga,2025,5,67107.0
Braga,Braga,2025,6,60533.0
Braga,Braga,2025,7,68047.0
Braga,Braga,2025,8,83497.0
Braga,Braga,2025,9,67243.0
Braga,Braga,2025,10,62259.0
Braga,Braga,2025,11,50217.0
Braga,Braga,2025,12,46046.0
Braga,Braga,2026,1,37650.0
Braga,Braga,2026,2,40049.0
Braga,Braga,2026,3,53197.0
Braga,Braga,2026,4,61059.0
Braga,Braga,2026,5,68898.0
Braga,Braga,2026,6,64821.0
Braga,Braga,2026,7,73539.0
Bragança,Bragança,2020,1,5407.0
Bragança,Bragança,2020,2,7480.0
Bragança,Bragança,2020,3,2910.0
Bragança,Bragança,2020,4,591.0
Bragança,Bragança,2020,5,977.0
Bragança,Bragança,2020,6,3730.0
Bragança,Bragança,2020,7,6592.0
Bragança,Bragança,2020,8,12897.0
Bragança,Bragança,2020,9,7206.0
Bragança,Bragança,2020,10,5832.0
Bragança,Bragança,2020,11,2767.0
Bragança,Bragança,2020,12,2136.0
Bragança,Bragança,2021,1,1858.0
Bragança,Bragança,2021,2,1290.0
Bragança,Bragança,2021,3,1891.0
Bragança,Bragança,2021,4,2293.0
Bragança,Bragança,2021,5,4808.0
Bragança,Bragança,2021,6,6566.0
Bragança,Bragança,2021,7,7387.0
Bragança,Bragança,2021,8,12813.0
Bragança,Bragança,2021,9,9251.0
Bragança,Bragança,2021,10,8904.0
Bragança,Bragança,2021,11,6461.0
Bragança,Bragança,2021,12,5120.0
Bragança,Bragança,2022,1,4283.0
Bragança,Bragança,2022,2,6247.0
Bragança,Bragança,2022,3,6164.0
Bragança,Bragança,2022,4,10270.0
Bragança,Bragança,2022,5,9016.0
Bragança,Bragança,2022,6,9654.0
Bragança,Bragança,2022,7,10459.0
Bragança,Bragança,2022,8,15547.0
Bragança,Bragança,2022,9,10439.0
Bragança,Bragança,2022,10,9561.0
Bragança,Bragança,2022,11,7190.0
Bragança,Bragança,2022,12,7814.0
Bragança,Bragança,2023,1,5628.0
Bragança,Bragança,2023,2,7536.0
Bragança,Bragança,2023,3,6960.0
Bragança,Bragança,2023,4,12040.0
Bragança,Bragança,2023,5,10780.0
Bragança,Bragança,2023,6,9738.0
Bragança,Bragança,2023,7,13099.0
Bragança,Bragança,2023,8,19960.0
Bragança,Bragança,2023,9,12533.0
Bragança,Bragança,2023,10,11189.0
Bragança,Bragança,2023,11,8166.0
Bragança,Bragança,2023,12,10521.0
Bragança,Bragança,2024,1,7301.0
Bragança,Bragança,2024,2,8323.0
Bragança,Bragança,2024,3,9082.0
Bragança,Bragança,2024,4,9573.0
Bragança,Bragança,2024,5,11195.0
Bragança,Bragança,2024,6,11355.0
Bragança,Bragança,2024,7,14586.0
Bragança,Bragança,2024,8,22597.0
Bragança,Bragança,2024,9,13546.0
Bragança,Bragança,2024,10,10736.0
Bragança,Bragança,2024,11,8462.0
Bragança,Bragança,2024,12,9635.0
Bragança,Bragança,2025,1,6772.0
Bragança,Bragança,2025,2,7158.0
Bragança,Bragança,2025,3,9394.0
Bragança,Bragança,2025,4,12537.0
Bragança,Bragança,2025,5,12197.0
Bragança,Bragança,2025,6,12394.0
Bragança,Bragança,2025,7,13116.0
Bragança,Bragança,2025,8,20905.0
Bragança,Bragança,2025,9,14441.0
Bragança,Bragança,2025,10,11601.0
Bragança,Bragança,2025,11,9572.0
Bragança,Bragança,2025,12,10419.0
Bragança,Bragança,2026,1,7561.0
Bragança,Bragança,2026,2,9200.0
Bragança,Bragança,2026,3,8601.0
Bragança,Bragança,2026,4,12004.0
Bragança,Bragança,2026,5,15440.0
Bragança,Bragança,2026,6,13391.0
Bragança,Bragança,2026,7,16798.0
Cabeceiras de Basto,Braga,2020,1,
Cabeceiras de Basto,Braga,2020,2,285.0
Cabeceiras de Basto,Braga,2020,3,
Cabeceiras de Basto,Braga,2020,4,
Cabeceiras de Basto,Braga,2020,5,
Cabeceiras de Basto,Braga,2020,6,443.0
Cabeceiras de Basto,Braga,2020,7,1176.0
Cabeceiras de Basto,Braga,2020,8,2351.0
Cabeceiras de Basto,Braga,2020,9,699.0
Cabeceiras de Basto,Braga,2020,10,429.0
Cabeceiras de Basto,Braga,2020,11,54.0
Cabeceiras de Basto,Braga,2020,12,192.0
Cabeceiras de Basto,Braga,2021,1,
Cabeceiras de Basto,Braga,2021,2,121.0
Cabeceiras de Basto,Braga,2021,3,174.0
Cabeceiras de Basto,Braga,2021,4,
Cabeceiras de Basto,Braga,2021,5,502.0
Cabeceiras de Basto,Braga,2021,6,873.0
Cabeceiras de Basto,Braga,2021,7,2159.0
Cabeceiras de Basto,Braga,2021,8,3094.0
Cabeceiras de Basto,Braga,2021,9,1703.0
Cabeceiras de Basto,Braga,2021,10,866.0
Cabeceiras de Basto,Braga,2021,11,433.0
Cabeceiras de Basto,Braga,2021,12,618.0
Cabeceiras de Basto,Braga,2022,1,92.0
Cabeceiras de Basto,Braga,2022,2,328.0
Cabeceiras de Basto,Braga,2022,3,851.0
Cabeceiras de Basto,Braga,2022,4,1253.0
Cabeceiras de Basto,Braga,2022,5,1204.0
Cabeceiras de Basto,Braga,2022,6,1530.0
Cabeceiras de Basto,Braga,2022,7,2670.0
Cabeceiras de Basto,Braga,2022,8,3768.0
Cabeceiras de Basto,Braga,2022,9,1683.0
Cabeceiras de Basto,Braga,2022,10,989.0
Cabeceiras de Basto,Braga,2022,11,541.0
Cabeceiras de Basto,Braga,2022,12,898.0
Cabeceiras de Basto,Braga,2023,1,
Cabeceiras de Basto,Braga,2023,2,
Cabeceiras de Basto,Braga,2023,3,791.0
Cabeceiras de Basto,Braga,2023,4,1196.0
Cabeceiras de Basto,Braga,2023,5,1463.0
Cabeceiras de Basto,Braga,2023,6,1243.0
Cabeceiras de Basto,Braga,2023,7,2093.0
Cabeceiras de Basto,Braga,2023,8,3122.0
Cabeceiras de Basto,Braga,2023,9,1338.0
Cabeceiras de Basto,Braga,2023,10,1219.0
Cabeceiras de Basto,Braga,2023,11,744.0
Cabeceiras de Basto,Braga,2023,12,934.0
Cabeceiras de Basto,Braga,2024,1,180.0
Cabeceiras de Basto,Braga,2024,2,581.0
Cabeceiras de Basto,Braga,2024,3,1206.0
Cabeceiras de Basto,Braga,2024,4,1337.0
Cabeceiras de Basto,Braga,2024,5,2204.0
Cabeceiras de Basto,Braga,2024,6,1707.0
Cabeceiras de Basto,Braga,2024,7,3208.0
Cabeceiras de Basto,Braga,2024,8,5113.0
Cabeceiras de Basto,Braga,2024,9,2430.0
Cabeceiras de Basto,Braga,2024,10,1422.0
Cabeceiras de Basto,Braga,2024,11,1127.0
Cabeceiras de Basto,Braga,2024,12,1271.0
Cabeceiras de Basto,Braga,2025,1,502.0
Cabeceiras de Basto,Braga,2025,2,468.0
Cabeceiras de Basto,Braga,2025,3,1100.0
Cabeceiras de Basto,Braga,2025,4,1208.0
Cabeceiras de Basto,Braga,2025,5,1214.0
Cabeceiras de Basto,Braga,2025,6,1389.0
Cabeceiras de Basto,Braga,2025,7,2513.0
Cabeceiras de Basto,Braga,2025,8,3080.0
Cabeceiras de Basto,Braga,2025,9,1200.0
Cabeceiras de Basto,Braga,2025,10,1261.0
Cabeceiras de Basto,Braga,2025,11,1096.0
Cabeceiras de Basto,Braga,2025,12,920.0
Cabeceiras de Basto,Braga,2026,1,1127.0
Cabeceiras de Basto,Braga,2026,2,540.0
Cabeceiras de Basto,Braga,2026,3,980.0
Cabeceiras de Basto,Braga,2026,4,1447.0
Cabeceiras de Basto,Braga,2026,5,1951.0
Cabeceiras de Basto,Braga,2026,6,1892.0
Cabeceiras de Basto,Braga,2026,7,3027.0
Cadaval,Lisboa,2020,1,
Cadaval,Lisboa,2020,2,
Cadaval,Lisboa,2020,3,
Cadaval,Lisboa,2020,4,
Cadaval,Lisboa,2020,5,
Cadaval,Lisboa,2020,6,212.0
Cadaval,Lisboa,2020,7,750.0
Cadaval,Lisboa,2020,8,1067.0
Cadaval,Lisboa,2020,9,476.0
Cadaval,Lisboa,2020,10,200.0
Cadaval,Lisboa,2020,11,32.0
Cadaval,Lisboa,2020,12,45.0
Cadaval,Lisboa,2021,1,
Cadaval,Lisboa,2021,2,
Cadaval,Lisboa,2021,3,17.0
Cadaval,Lisboa,2021,4,59.0
Cadaval,Lisboa,2021,5,200.0
Cadaval,Lisboa,2021,6,845.0
Cadaval,Lisboa,2021,7,883.0
Cadaval,Lisboa,2021,8,1922.0
Cadaval,Lisboa,2021,9,865.0
Cadaval,Lisboa,2021,10,680.0
Cadaval,Lisboa,2021,11,
Cadaval,Lisboa,2021,12,
Cadaval,Lisboa,2022,1,84.0
Cadaval,Lisboa,2022,2,254.0
Cadaval,Lisboa,2022,3,291.0
Cadaval,Lisboa,2022,4,760.0
Cadaval,Lisboa,2022,5,668.0
Cadaval,Lisboa,2022,6,988.0
Cadaval,Lisboa,2022,7,3545.0
Cadaval,Lisboa,2022,8,2286.0
Cadaval,Lisboa,2022,9,966.0
Cadaval,Lisboa,2022,10,595.0
Cadaval,Lisboa,2022,11,185.0
Cadaval,Lisboa,2022,12,344.0
Cadaval,Lisboa,2023,1,188.0
Cadaval,Lisboa,2023,2,182.0
Cadaval,Lisboa,2023,3,457.0
Cadaval,Lisboa,2023,4,405.0
Cadaval,Lisboa,2023,5,446.0
Cadaval,Lisboa,2023,6,649.0
Cadaval,Lisboa,2023,7,3606.0
Cadaval,Lisboa,2023,8,2452.0
Cadaval,Lisboa,2023,9,1197.0
Cadaval,Lisboa,2023,10,709.0
Cadaval,Lisboa,2023,11,353.0
Cadaval,Lisboa,2023,12,415.0
Cadaval,Lisboa,2024,1,177.0
Cadaval,Lisboa,2024,2,193.0
Cadaval,Lisboa,2024,3,617.0
Cadaval,Lisboa,2024,4,650.0
Cadaval,Lisboa,2024,5,807.0
Cadaval,Lisboa,2024,6,908.0
Cadaval,Lisboa,2024,7,1342.0
Cadaval,Lisboa,2024,8,2015.0
Cadaval,Lisboa,2024,9,1052.0
Cadaval,Lisboa,2024,10,627.0
Cadaval,Lisboa,2024,11,309.0
Cadaval,Lisboa,2024,12,291.0
Cadaval,Lisboa,2025,1,105.0
Cadaval,Lisboa,2025,2,198.0
Cadaval,Lisboa,2025,3,338.0
Cadaval,Lisboa,2025,4,766.0
Cadaval,Lisboa,2025,5,829.0
Cadaval,Lisboa,2025,6,1367.0
Cadaval,Lisboa,2025,7,1623.0
Cadaval,Lisboa,2025,8,2221.0
Cadaval,Lisboa,2025,9,1058.0
Cadaval,Lisboa,2025,10,564.0
Cadaval,Lisboa,2025,11,326.0
Cadaval,Lisboa,2025,12,353.0
Cadaval,Lisboa,2026,1,
Cadaval,Lisboa,2026,2,
Cadaval,Lisboa,2026,3,289.0
Cadaval,Lisboa,2026,4,502.0
Cadaval,Lisboa,2026,5,1086.0
Cadaval,Lisboa,2026,6,3303.0
Cadaval,Lisboa,2026,7,1915.0
Caldas da Rainha,Leiria,2020,1,6588.0
Caldas da Rainha,Leiria,2020,2,8978.0
Caldas da Rainha,Leiria,2020,3,3727.0
Caldas da Rainha,Leiria,2020,4,779.0
Caldas da Rainha,Leiria,2020,5,1099.0
Caldas da Rainha,Leiria,2020,6,4691.0
Caldas da Rainha,Leiria,2020,7,9972.0
Caldas da Rainha,Leiria,2020,8,20641.0
Caldas da Rainha,Leiria,2020,9,10306.0
Caldas da Rainha,Leiria,2020,10,6849.0
Caldas da Rainha,Leiria,2020,11,3542.0
Caldas da Rainha,Leiria,2020,12,3020.0
Caldas da Rainha,Leiria,2021,1,1925.0
Caldas da Rainha,Leiria,2021,2,1493.0
Caldas da Rainha,Leiria,2021,3,1947.0
Caldas da Rainha,Leiria,2021,4,2985.0
Caldas da Rainha,Leiria,2021,5,9241.0
Caldas da Rainha,Leiria,2021,6,9726.0
Caldas da Rainha,Leiria,2021,7,12852.0
Caldas da Rainha,Leiria,2021,8,27520.0
Caldas da Rainha,Leiria,2021,9,16446.0
Caldas da Rainha,Leiria,2021,10,13415.0
Caldas da Rainha,Leiria,2021,11,8745.0
Caldas da Rainha,Leiria,2021,12,8342.0
Caldas da Rainha,Leiria,2022,1,3617.0
Caldas da Rainha,Leiria,2022,2,5957.0
Caldas da Rainha,Leiria,2022,3,10565.0
Caldas da Rainha,Leiria,2022,4,14709.0
Caldas da Rainha,Leiria,2022,5,13641.0
Caldas da Rainha,Leiria,2022,6,18070.0
Caldas da Rainha,Leiria,2022,7,22867.0
Caldas da Rainha,Leiria,2022,8,32293.0
Caldas da Rainha,Leiria,2022,9,19509.0
Caldas da Rainha,Leiria,2022,10,17670.0
Caldas da Rainha,Leiria,2022,11,11135.0
Caldas da Rainha,Leiria,2022,12,11132.0
Caldas da Rainha,Leiria,2023,1,6325.0
Caldas da Rainha,Leiria,2023,2,8227.0
Caldas da Rainha,Leiria,2023,3,13203.0
Caldas da Rainha,Leiria,2023,4,18196.0
Caldas da Rainha,Leiria,2023,5,15280.0
Caldas da Rainha,Leiria,2023,6,19840.0
Caldas da Rainha,Leiria,2023,7,26120.0
Caldas da Rainha,Leiria,2023,8,34628.0
Caldas da Rainha,Leiria,2023,9,22345.0
Caldas da Rainha,Leiria,2023,10,18216.0
Caldas da Rainha,Leiria,2023,11,10487.0
Caldas da Rainha,Leiria,2023,12,14358.0
Caldas da Rainha,Leiria,2024,1,7859.0
Caldas da Rainha,Leiria,2024,2,8321.0
Caldas da Rainha,Leiria,2024,3,13914.0
Caldas da Rainha,Leiria,2024,4,18297.0
Caldas da Rainha,Leiria,2024,5,18332.0
Caldas da Rainha,Leiria,2024,6,19183.0
Caldas da Rainha,Leiria,2024,7,24301.0
Caldas da Rainha,Leiria,2024,8,31423.0
Caldas da Rainha,Leiria,2024,9,22377.0
Caldas da Rainha,Leiria,2024,10,17459.0
Caldas da Rainha,Leiria,2024,11,11084.0
Caldas da Rainha,Leiria,2024,12,13950.0
Caldas da Rainha,Leiria,2025,1,6031.0
Caldas da Rainha,Leiria,2025,2,8113.0
Caldas da Rainha,Leiria,2025,3,13605.0
Caldas da Rainha,Leiria,2025,4,18063.0
Caldas da Rainha,Leiria,2025,5,17896.0
Caldas da Rainha,Leiria,2025,6,21685.0
Caldas da Rainha,Leiria,2025,7,26318.0
Caldas da Rainha,Leiria,2025,8,33587.0
Caldas da Rainha,Leiria,2025,9,22322.0
Caldas da Rainha,Leiria,2025,10,17981.0
Caldas da Rainha,Leiria,2025,11,13982.0
Caldas da Rainha,Leiria,2025,12,15741.0
Caldas da Rainha,Leiria,2026,1,8544.0
Caldas da Rainha,Leiria,2026,2,9424.0
Caldas da Rainha,Leiria,2026,3,13996.0
Caldas da Rainha,Leiria,2026,4,15470.0
Caldas da Rainha,Leiria,2026,5,19002.0
Caldas da Rainha,Leiria,2026,6,21890.0
Caldas da Rainha,Leiria,2026,7,28966.0
Calheta (Região Autónoma da Madeira),Região Autónoma da Madeira,2020,1,18986.0
Calheta (Região Autónoma da Madeira),Região Autónoma da Madeira,2020,2,26412.0
Calheta (Região Autónoma da Madeira),Região Autónoma da Madeira,2020,3,12398.0
Calheta (Região Autónoma da Madeira),Região Autónoma da Madeira,2020,4,
Calheta (Região Autónoma da Madeira),Região Autónoma da Madeira,2020,5,
Calheta (Região Autónoma da Madeira),Região Autónoma da Madeira,2020,6,3107.0
Calheta (Região Autónoma da Madeira),Região Autónoma da Madeira,2020,7,8607.0
Calheta (Região Autónoma da Madeira),Região Autónoma da Madeira,2020,8,23001.0
Calheta (Região Autónoma da Madeira),Região Autónoma da Madeira,2020,9,20834.0
Calheta (Região Autónoma da Madeira),Região Autónoma da Madeira,2020,10,21020.0
Calheta (Região Autónoma da Madeira),Região Autónoma da Madeira,2020,11,8463.0
Calheta (Região Autónoma da Madeira),Região Autónoma da Madeira,2020,12,8553.0
Calheta (Região Autónoma da Madeira),Região Autónoma da Madeira,2021,1,6234.0
Calheta (Região Autónoma da Madeira),Região Autónoma da Madeira,2021,2,1636.0
Calheta (Região Autónoma da Madeira),Região Autónoma da Madeira,2021,3,2974.0
Calheta (Região Autónoma da Madeira),Região Autónoma da Madeira,2021,4,3481.0
Calheta (Região Autónoma da Madeira),Região Autónoma da Madeira,2021,5,7374.0
Calheta (Região Autónoma da Madeira),Região Autónoma da Madeira,2021,6,18529.0
Calheta (Região Autónoma da Madeira),Região Autónoma da Madeira,2021,7,29157.0
Calheta (Região Autónoma da Madeira),Região Autónoma da Madeira,2021,8,35243.0
Calheta (Região Autónoma da Madeira),Região Autónoma da Madeira,2021,9,29436.0
Calheta (Região Autónoma da Madeira),Região Autónoma da Madeira,2021,10,29096.0
Calheta (Região Autónoma da Madeira),Região Autónoma da Madeira,2021,11,26843.0
Calheta (Região Autónoma da Madeira),Região Autónoma da Madeira,2021,12,17304.0
Calheta (Região Autónoma da Madeira),Região Autónoma da Madeira,2022,1,16432.0
Calheta (Região Autónoma da Madeira),Região Autónoma da Madeira,2022,2,21463.0
Calheta (Região Autónoma da Madeira),Região Autónoma da Madeira,2022,3,27854.0
Calheta (Região Autónoma da Madeira),Região Autónoma da Madeira,2022,4,35578.0
Calheta (Região Autónoma da Madeira),Região Autónoma da Madeira,2022,5,34321.0
Calheta (Região Autónoma da Madeira),Região Autónoma da Madeira,2022,6,34572.0
Calheta (Região Autónoma da Madeira),Região Autónoma da Madeira,2022,7,39401.0
Calheta (Região Autónoma da Madeira),Região Autónoma da Madeira,2022,8,41567.0
Calheta (Região Autónoma da Madeira),Região Autónoma da Madeira,2022,9,33858.0
Calheta (Região Autónoma da Madeira),Região Autónoma da Madeira,2022,10,32770.0
Calheta (Região Autónoma da Madeira),Região Autónoma da Madeira,2022,11,27694.0
Calheta (Região Autónoma da Madeira),Região Autónoma da Madeira,2022,12,21854.0
Calheta (Região Autónoma da Madeira),Região Autónoma da Madeira,2023,1,25751.0
Calheta (Região Autónoma da Madeira),Região Autónoma da Madeira,2023,2,23484.0
Calheta (Região Autónoma da Madeira),Região Autónoma da Madeira,2023,3,33176.0
Calheta (Região Autónoma da Madeira),Região Autónoma da Madeira,2023,4,38130.0
Calheta (Região Autónoma da Madeira),Região Autónoma da Madeira,2023,5,38003.0
Calheta (Região Autónoma da Madeira),Região Autónoma da Madeira,2023,6,36909.0
Calheta (Região Autónoma da Madeira),Região Autónoma da Madeira,2023,7,42718.0
Calheta (Região Autónoma da Madeira),Região Autónoma da Madeira,2023,8,43453.0
Calheta (Região Autónoma da Madeira),Região Autónoma da Madeira,2023,9,38580.0
Calheta (Região Autónoma da Madeira),Região Autónoma da Madeira,2023,10,35541.0
Calheta (Região Autónoma da Madeira),Região Autónoma da Madeira,2023,11,30127.0
Calheta (Região Autónoma da Madeira),Região Autónoma da Madeira,2023,12,20171.0
Calheta (Região Autónoma da Madeira),Região Autónoma da Madeira,2024,1,21419.0
Calheta (Região Autónoma da Madeira),Região Autónoma da Madeira,2024,2,27598.0
Calheta (Região Autónoma da Madeira),Região Autónoma da Madeira,2024,3,36402.0
Calheta (Região Autónoma da Madeira),Região Autónoma da Madeira,2024,4,37712.0
Calheta (Região Autónoma da Madeira),Região Autónoma da Madeira,2024,5,41540.0
Calheta (Região Autónoma da Madeira),Região Autónoma da Madeira,2024,6,40115.0
Calheta (Região Autónoma da Madeira),Região Autónoma da Madeira,2024,7,44885.0
Calheta (Região Autónoma da Madeira),Região Autónoma da Madeira,2024,8,47068.0
Calheta (Região Autónoma da Madeira),Região Autónoma da Madeira,2024,9,41847.0
Calheta (Região Autónoma da Madeira),Região Autónoma da Madeira,2024,10,40275.0
Calheta (Região Autónoma da Madeira),Região Autónoma da Madeira,2024,11,34115.0
Calheta (Região Autónoma da Madeira),Região Autónoma da Madeira,2024,12,26437.0
Calheta (Região Autónoma da Madeira),Região Autónoma da Madeira,2025,1,25721.0
Calheta (Região Autónoma da Madeira),Região Autónoma da Madeira,2025,2,30536.0
Calheta (Região Autónoma da Madeira),Região Autónoma da Madeira,2025,3,33417.0
Calheta (Região Autónoma da Madeira),Região Autónoma da Madeira,2025,4,41852.0
Calheta (Região Autónoma da Madeira),Região Autónoma da Madeira,2025,5,41563.0
Calheta (Região Autónoma da Madeira),Região Autónoma da Madeira,2025,6,40707.0
Calheta (Região Autónoma da Madeira),Região Autónoma da Madeira,2025,7,45174.0
Calheta (Região Autónoma da Madeira),Região Autónoma da Madeira,2025,8,46945.0
Calheta (Região Autónoma da Madeira),Região Autónoma da Madeira,2025,9,42015.0
Calheta (Região Autónoma da Madeira),Região Autónoma da Madeira,2025,10,40143.0
Calheta (Região Autónoma da Madeira),Região Autónoma da Madeira,2025,11,32448.0
Calheta (Região Autónoma da Madeira),Região Autónoma da Madeira,2025,12,26027.0
Calheta (Região Autónoma da Madeira),Região Autónoma da Madeira,2026,1,23352.0
Calheta (Região Autónoma da Madeira),Região Autónoma da Madeira,2026,2,30699.0
Calheta (Região Autónoma da Madeira),Região Autónoma da Madeira,2026,3,37281.0
Calheta (Região Autónoma da Madeira),Região Autónoma da Madeira,2026,4,43370.0
Calheta (Região Autónoma da Madeira),Região Autónoma da Madeira,2026,5,41453.0
Calheta (Região Autónoma da Madeira),Região Autónoma da Madeira,2026,6,39097.0
Calheta (Região Autónoma da Madeira),Região Autónoma da Madeira,2026,7,48614.0
Calheta (Região Autónoma dos Açores),Região Autónoma dos Açores,2020,1,
Calheta (Região Autónoma dos Açores),Região Autónoma dos Açores,2020,2,
Calheta (Região Autónoma dos Açores),Região Autónoma dos Açores,2020,3,37.0
Calheta (Região Autónoma dos Açores),Região Autónoma dos Açores,2020,4,
Calheta (Região Autónoma dos Açores),Região Autónoma dos Açores,2020,5,
Calheta (Região Autónoma dos Açores),Região Autónoma dos Açores,2020,6,
Calheta (Região Autónoma dos Açores),Região Autónoma dos Açores,2020,7,354.0
Calheta (Região Autónoma dos Açores),Região Autónoma dos Açores,2020,8,863.0
Calheta (Região Autónoma dos Açores),Região Autónoma dos Açores,2020,9,374.0
Calheta (Região Autónoma dos Açores),Região Autónoma dos Açores,2020,10,224.0
Calheta (Região Autónoma dos Açores),Região Autónoma dos Açores,2020,11,135.0
Calheta (Região Autónoma dos Açores),Região Autónoma dos Açores,2020,12,49.0
Calheta (Região Autónoma dos Açores),Região Autónoma dos Açores,2021,1,
Calheta (Região Autónoma dos Açores),Região Autónoma dos Açores,2021,2,
Calheta (Região Autónoma dos Açores),Região Autónoma dos Açores,2021,3,117.0
Calheta (Região Autónoma dos Açores),Região Autónoma dos Açores,2021,4,241.0
Calheta (Região Autónoma dos Açores),Região Autónoma dos Açores,2021,5,286.0
Calheta (Região Autónoma dos Açores),Região Autónoma dos Açores,2021,6,322.0
Calheta (Região Autónoma dos Açores),Região Autónoma dos Açores,2021,7,
Calheta (Região Autónoma dos Açores),Região Autónoma dos Açores,2021,8,
Calheta (Região Autónoma dos Açores),Região Autónoma dos Açores,2021,9,
Calheta (Região Autónoma dos Açores),Região Autónoma dos Açores,2021,10,
Calheta (Região Autónoma dos Açores),Região Autónoma dos Açores,2021,11,
Calheta (Região Autónoma dos Açores),Região Autónoma dos Açores,2021,12,
Calheta (Região Autónoma dos Açores),Região Autónoma dos Açores,2022,1,
Calheta (Região Autónoma dos Açores),Região Autónoma dos Açores,2022,2,
Calheta (Região Autónoma dos Açores),Região Autónoma dos Açores,2022,3,
Calheta (Região Autónoma dos Açores),Região Autónoma dos Açores,2022,4,
Calheta (Região Autónoma dos Açores),Região Autónoma dos Açores,2022,5,373.0
Calheta (Região Autónoma dos Açores),Região Autónoma dos Açores,2022,6,
Calheta (Região Autónoma dos Açores),Região Autónoma dos Açores,2022,7,
Calheta (Região Autónoma dos Açores),Região Autónoma dos Açores,2022,8,
Calheta (Região Autónoma dos Açores),Região Autónoma dos Açores,2022,9,
Calheta (Região Autónoma dos Açores),Região Autónoma dos Açores,2022,10,
Calheta (Região Autónoma dos Açores),Região Autónoma dos Açores,2022,11,
Calheta (Região Autónoma dos Açores),Região Autónoma dos Açores,2022,12,
Calheta (Região Autónoma dos Açores),Região Autónoma dos Açores,2023,1,
Calheta (Região Autónoma dos Açores),Região Autónoma dos Açores,2023,2,
Calheta (Região Autónoma dos Açores),Região Autónoma dos Açores,2023,3,
Calheta (Região Autónoma dos Açores),Região Autónoma dos Açores,2023,4,347.0
Calheta (Região Autónoma dos Açores),Região Autónoma dos Açores,2023,5,
Calheta (Região Autónoma dos Açores),Região Autónoma dos Açores,2023,6,
Calheta (Região Autónoma dos Açores),Região Autónoma dos Açores,2023,7,
Calheta (Região Autónoma dos Açores),Região Autónoma dos Açores,2023,8,
Calheta (Região Autónoma dos Açores),Região Autónoma dos Açores,2023,9,
Calheta (Região Autónoma dos Açores),Região Autónoma dos Açores,2023,10,
Calheta (Região Autónoma dos Açores),Região Autónoma dos Açores,2023,11,
Calheta (Região Autónoma dos Açores),Região Autónoma dos Açores,2023,12,
Calheta (Região Autónoma dos Açores),Região Autónoma dos Açores,2024,1,22.0
Calheta (Região Autónoma dos Açores),Região Autónoma dos Açores,2024,2,
Calheta (Região Autónoma dos Açores),Região Autónoma dos Açores,2024,3,
Calheta (Região Autónoma dos Açores),Região Autónoma dos Açores,2024,4,319.0
Calheta (Região Autónoma dos Açores),Região Autónoma dos Açores,2024,5,555.0
Calheta (Região Autónoma dos Açores),Região Autónoma dos Açores,2024,6,660.0
Calheta (Região Autónoma dos Açores),Região Autónoma dos Açores,2024,7,1047.0
Calheta (Região Autónoma dos Açores),Região Autónoma dos Açores,2024,8,1597.0
Calheta (Região Autónoma dos Açores),Região Autónoma dos Açores,2024,9,1139.0
Calheta (Região Autónoma dos Açores),Região Autónoma dos Açores,2024,10,625.0
Calheta (Região Autónoma dos Açores),Região Autónoma dos Açores,2024,11,299.0
Calheta (Região Autónoma dos Açores),Região Autónoma dos Açores,2024,12,
Calheta (Região Autónoma dos Açores),Região Autónoma dos Açores,2025,1,36.0
Calheta (Região Autónoma dos Açores),Região Autónoma dos Açores,2025,2,151.0
Calheta (Região Autónoma dos Açores),Região Autónoma dos Açores,2025,3,222.0
Calheta (Região Autónoma dos Açores),Região Autónoma dos Açores,2025,4,775.0
Calheta (Região Autónoma dos Açores),Região Autónoma dos Açores,2025,5,482.0
Calheta (Região Autónoma dos Açores),Região Autónoma dos Açores,2025,6,999.0
Calheta (Região Autónoma dos Açores),Região Autónoma dos Açores,2025,7,1408.0
Calheta (Região Autónoma dos Açores),Região Autónoma dos Açores,2025,8,1485.0
Calheta (Região Autónoma dos Açores),Região Autónoma dos Açores,2025,9,927.0
Calheta (Região Autónoma dos Açores),Região Autónoma dos Açores,2025,10,
Calheta (Região Autónoma dos Açores),Região Autónoma dos Açores,2025,11,
Calheta (Região Autónoma dos Açores),Região Autónoma dos Açores,2025,12,42.0
Calheta (Região Autónoma dos Açores),Região Autónoma dos Açores,2026,1,
Calheta (Região Autónoma dos Açores),Região Autónoma dos Açores,2026,2,
Calheta (Região Autónoma dos Açores),Região Autónoma dos Açores,2026,3,
Calheta (Região Autónoma dos Açores),Região Autónoma dos Açores,2026,4,
Calheta (Região Autónoma dos Açores),Região Autónoma dos Açores,2026,5,
Calheta (Região Autónoma dos Açores),Região Autónoma dos Açores,2026,6,
Calheta (Região Autónoma dos Açores),Região Autónoma dos Açores,2026,7,
Caminha,Viana do Castelo,2020,1,4212.0
Caminha,Viana do Castelo,2020,2,6490.0
Caminha,Viana do Castelo,2020,3,1710.0
Caminha,Viana do Castelo,2020,4,
Caminha,Viana do Castelo,2020,5,
Caminha,Viana do Castelo,2020,6,4393.0
Caminha,Viana do Castelo,2020,7,11941.0
Caminha,Viana do Castelo,2020,8,19117.0
Caminha,Viana do Castelo,2020,9,10404.0
Caminha,Viana do Castelo,2020,10,6383.0
Caminha,Viana do Castelo,2020,11,711.0
Caminha,Viana do Castelo,2020,12,927.0
Caminha,Viana do Castelo,2021,1,
Caminha,Viana do Castelo,2021,2,
Caminha,Viana do Castelo,2021,3,1328.0
Caminha,Viana do Castelo,2021,4,1988.0
Caminha,Viana do Castelo,2021,5,5380.0
Caminha,Viana do Castelo,2021,6,8283.0
Caminha,Viana do Castelo,2021,7,11646.0
Caminha,Viana do Castelo,2021,8,19820.0
Caminha,Viana do Castelo,2021,9,10702.0
Caminha,Viana do Castelo,2021,10,8460.0
Caminha,Viana do Castelo,2021,11,5176.0
Caminha,Viana do Castelo,2021,12,3759.0
Caminha,Viana do Castelo,2022,1,3104.0
Caminha,Viana do Castelo,2022,2,4596.0
Caminha,Viana do Castelo,2022,3,6096.0
Caminha,Viana do Castelo,2022,4,9319.0
Caminha,Viana do Castelo,2022,5,10141.0
Caminha,Viana do Castelo,2022,6,12063.0
Caminha,Viana do Castelo,2022,7,18247.0
Caminha,Viana do Castelo,2022,8,23931.0
Caminha,Viana do Castelo,2022,9,13295.0
Caminha,Viana do Castelo,2022,10,8422.0
Caminha,Viana do Castelo,2022,11,3458.0
Caminha,Viana do Castelo,2022,12,4536.0
Caminha,Viana do Castelo,2023,1,3035.0
Caminha,Viana do Castelo,2023,2,4041.0
Caminha,Viana do Castelo,2023,3,4229.0
Caminha,Viana do Castelo,2023,4,11380.0
Caminha,Viana do Castelo,2023,5,10040.0
Caminha,Viana do Castelo,2023,6,10518.0
Caminha,Viana do Castelo,2023,7,18184.0
Caminha,Viana do Castelo,2023,8,24019.0
Caminha,Viana do Castelo,2023,9,15465.0
Caminha,Viana do Castelo,2023,10,8625.0
Caminha,Viana do Castelo,2023,11,3489.0
Caminha,Viana do Castelo,2023,12,5978.0
Caminha,Viana do Castelo,2024,1,2261.0
Caminha,Viana do Castelo,2024,2,3131.0
Caminha,Viana do Castelo,2024,3,5689.0
Caminha,Viana do Castelo,2024,4,9111.0
Caminha,Viana do Castelo,2024,5,12352.0
Caminha,Viana do Castelo,2024,6,11327.0
Caminha,Viana do Castelo,2024,7,17874.0
Caminha,Viana do Castelo,2024,8,26756.0
Caminha,Viana do Castelo,2024,9,15206.0
Caminha,Viana do Castelo,2024,10,7807.0
Caminha,Viana do Castelo,2024,11,4268.0
Caminha,Viana do Castelo,2024,12,5398.0
Caminha,Viana do Castelo,2025,1,2757.0
Caminha,Viana do Castelo,2025,2,2715.0
Caminha,Viana do Castelo,2025,3,4641.0
Caminha,Viana do Castelo,2025,4,10223.0
Caminha,Viana do Castelo,2025,5,12545.0
Caminha,Viana do Castelo,2025,6,11628.0
Caminha,Viana do Castelo,2025,7,16642.0
Caminha,Viana do Castelo,2025,8,25759.0
Caminha,Viana do Castelo,2025,9,15152.0
Caminha,Viana do Castelo,2025,10,8792.0
Caminha,Viana do Castelo,2025,11,4376.0
Caminha,Viana do Castelo,2025,12,5829.0
Caminha,Viana do Castelo,2026,1,2308.0
Caminha,Viana do Castelo,2026,2,2851.0
Caminha,Viana do Castelo,2026,3,6302.0
Caminha,Viana do Castelo,2026,4,12368.0
Caminha,Viana do Castelo,2026,5,15558.0
Caminha,Viana do Castelo,2026,6,13654.0
Caminha,Viana do Castelo,2026,7,20226.0
Campo Maior,Portalegre,2020,1,621.0
Campo Maior,Portalegre,2020,2,509.0
Campo Maior,Portalegre,2020,3,254.0
Campo Maior,Portalegre,2020,4,
Campo Maior,Portalegre,2020,5,
Campo Maior,Portalegre,2020,6,170.0
Campo Maior,Portalegre,2020,7,544.0
Campo Maior,Portalegre,2020,8,936.0
Campo Maior,Portalegre,2020,9,564.0
Campo Maior,Portalegre,2020,10,441.0
Campo Maior,Portalegre,2020,11,205.0
Campo Maior,Portalegre,2020,12,
Campo Maior,Portalegre,2021,1,99.0
Campo Maior,Portalegre,2021,2,
Campo Maior,Portalegre,2021,3,
Campo Maior,Portalegre,2021,4,278.0
Campo Maior,Portalegre,2021,5,500.0
Campo Maior,Portalegre,2021,6,368.0
Campo Maior,Portalegre,2021,7,673.0
Campo Maior,Portalegre,2021,8,824.0
Campo Maior,Portalegre,2021,9,343.0
Campo Maior,Portalegre,2021,10,517.0
Campo Maior,Portalegre,2021,11,308.0
Campo Maior,Portalegre,2021,12,303.0
Campo Maior,Portalegre,2022,1,415.0
Campo Maior,Portalegre,2022,2,498.0
Campo Maior,Portalegre,2022,3,507.0
Campo Maior,Portalegre,2022,4,633.0
Campo Maior,Portalegre,2022,5,570.0
Campo Maior,Portalegre,2022,6,317.0
Campo Maior,Portalegre,2022,7,362.0
Campo Maior,Portalegre,2022,8,646.0
Campo Maior,Portalegre,2022,9,253.0
Campo Maior,Portalegre,2022,10,317.0
Campo Maior,Portalegre,2022,11,249.0
Campo Maior,Portalegre,2022,12,168.0
Campo Maior,Portalegre,2023,1,153.0
Campo Maior,Portalegre,2023,2,166.0
Campo Maior,Portalegre,2023,3,480.0
Campo Maior,Portalegre,2023,4,249.0
Campo Maior,Portalegre,2023,5,154.0
Campo Maior,Portalegre,2023,6,462.0
Campo Maior,Portalegre,2023,7,396.0
Campo Maior,Portalegre,2023,8,352.0
Campo Maior,Portalegre,2023,9,234.0
Campo Maior,Portalegre,2023,10,231.0
Campo Maior,Portalegre,2023,11,354.0
Campo Maior,Portalegre,2023,12,262.0
Campo Maior,Portalegre,2024,1,168.0
Campo Maior,Portalegre,2024,2,292.0
Campo Maior,Portalegre,2024,3,391.0
Campo Maior,Portalegre,2024,4,300.0
Campo Maior,Portalegre,2024,5,347.0
Campo Maior,Portalegre,2024,6,438.0
Campo Maior,Portalegre,2024,7,459.0
Campo Maior,Portalegre,2024,8,575.0
Campo Maior,Portalegre,2024,9,432.0
Campo Maior,Portalegre,2024,10,236.0
Campo Maior,Portalegre,2024,11,304.0
Campo Maior,Portalegre,2024,12,290.0
Campo Maior,Portalegre,2025,1,229.0
Campo Maior,Portalegre,2025,2,289.0
Campo Maior,Portalegre,2025,3,345.0
Campo Maior,Portalegre,2025,4,414.0
Campo Maior,Portalegre,2025,5,370.0
Campo Maior,Portalegre,2025,6,412.0
Campo Maior,Portalegre,2025,7,495.0
Campo Maior,Portalegre,2025,8,1098.0
Campo Maior,Portalegre,2025,9,502.0
Campo Maior,Portalegre,2025,10,491.0
Campo Maior,Portalegre,2025,11,468.0
Campo Maior,Portalegre,2025,12,343.0
Campo Maior,Portalegre,2026,1,399.0
Campo Maior,Portalegre,2026,2,326.0
Campo Maior,Portalegre,2026,3,494.0
Campo Maior,Portalegre,2026,4,754.0
Campo Maior,Portalegre,2026,5,1027.0
Campo Maior,Portalegre,2026,6,1061.0
Campo Maior,Portalegre,2026,7,1059.0
Cantanhede,Coimbra,2020,1,1652.0
Cantanhede,Coimbra,2020,2,2058.0
Cantanhede,Coimbra,2020,3,1236.0
Cantanhede,Coimbra,2020,4,
Cantanhede,Coimbra,2020,5,
Cantanhede,Coimbra,2020,6,
Cantanhede,Coimbra,2020,7,1330.0
Cantanhede,Coimbra,2020,8,2520.0
Cantanhede,Coimbra,2020,9,1856.0
Cantanhede,Coimbra,2020,10,1662.0
Cantanhede,Coimbra,2020,11,1207.0
Cantanhede,Coimbra,2020,12,871.0
Cantanhede,Coimbra,2021,1,1125.0
Cantanhede,Coimbra,2021,2,1020.0
Cantanhede,Coimbra,2021,3,884.0
Cantanhede,Coimbra,2021,4,1127.0
Cantanhede,Coimbra,2021,5,1227.0
Cantanhede,Coimbra,2021,6,1028.0
Cantanhede,Coimbra,2021,7,1835.0
Cantanhede,Coimbra,2021,8,4422.0
Cantanhede,Coimbra,2021,9,2297.0
Cantanhede,Coimbra,2021,10,2697.0
Cantanhede,Coimbra,2021,11,2063.0
Cantanhede,Coimbra,2021,12,1078.0
Cantanhede,Coimbra,2022,1,
Cantanhede,Coimbra,2022,2,
Cantanhede,Coimbra,2022,3,2498.0
Cantanhede,Coimbra,2022,4,3007.0
Cantanhede,Coimbra,2022,5,3437.0
Cantanhede,Coimbra,2022,6,4033.0
Cantanhede,Coimbra,2022,7,4970.0
Cantanhede,Coimbra,2022,8,4421.0
Cantanhede,Coimbra,2022,9,2658.0
Cantanhede,Coimbra,2022,10,2665.0
Cantanhede,Coimbra,2022,11,1732.0
Cantanhede,Coimbra,2022,12,1769.0
Cantanhede,Coimbra,2023,1,1659.0
Cantanhede,Coimbra,2023,2,1702.0
Cantanhede,Coimbra,2023,3,3250.0
Cantanhede,Coimbra,2023,4,3528.0
Cantanhede,Coimbra,2023,5,4334.0
Cantanhede,Coimbra,2023,6,4819.0
Cantanhede,Coimbra,2023,7,4336.0
Cantanhede,Coimbra,2023,8,5647.0
Cantanhede,Coimbra,2023,9,3872.0
Cantanhede,Coimbra,2023,10,2858.0
Cantanhede,Coimbra,2023,11,1774.0
Cantanhede,Coimbra,2023,12,2158.0
Cantanhede,Coimbra,2024,1,2088.0
Cantanhede,Coimbra,2024,2,1732.0
Cantanhede,Coimbra,2024,3,2920.0
Cantanhede,Coimbra,2024,4,2506.0
Cantanhede,Coimbra,2024,5,3285.0
Cantanhede,Coimbra,2024,6,2961.0
Cantanhede,Coimbra,2024,7,4933.0
Cantanhede,Coimbra,2024,8,5058.0
Cantanhede,Coimbra,2024,9,3492.0
Cantanhede,Coimbra,2024,10,3217.0
Cantanhede,Coimbra,2024,11,2638.0
Cantanhede,Coimbra,2024,12,2214.0
Cantanhede,Coimbra,2025,1,1744.0
Cantanhede,Coimbra,2025,2,2277.0
Cantanhede,Coimbra,2025,3,2878.0
Cantanhede,Coimbra,2025,4,2887.0
Cantanhede,Coimbra,2025,5,3213.0
Cantanhede,Coimbra,2025,6,3491.0
Cantanhede,Coimbra,2025,7,5256.0
Cantanhede,Coimbra,2025,8,5562.0
Cantanhede,Coimbra,2025,9,3640.0
Cantanhede,Coimbra,2025,10,3114.0
Cantanhede,Coimbra,2025,11,2352.0
Cantanhede,Coimbra,2025,12,2372.0
Cantanhede,Coimbra,2026,1,1914.0
Cantanhede,Coimbra,2026,2,2309.0
Cantanhede,Coimbra,2026,3,2603.0
Cantanhede,Coimbra,2026,4,3603.0
Cantanhede,Coimbra,2026,5,3424.0
Cantanhede,Coimbra,2026,6,3006.0
Cantanhede,Coimbra,2026,7,4513.0
Carrazeda de Ansiães,Bragança,2020,1,107.0
Carrazeda de Ansiães,Bragança,2020,2,173.0
Carrazeda de Ansiães,Bragança,2020,3,78.0
Carrazeda de Ansiães,Bragança,2020,4,
Carrazeda de Ansiães,Bragança,2020,5,116.0
Carrazeda de Ansiães,Bragança,2020,6,576.0
Carrazeda de Ansiães,Bragança,2020,7,904.0
Carrazeda de Ansiães,Bragança,2020,8,1500.0
Carrazeda de Ansiães,Bragança,2020,9,792.0
Carrazeda de Ansiães,Bragança,2020,10,
Carrazeda de Ansiães,Bragança,2020,11,
Carrazeda de Ansiães,Bragança,2020,12,180.0
Carrazeda de Ansiães,Bragança,2021,1,
Carrazeda de Ansiães,Bragança,2021,2,61.0
Carrazeda de Ansiães,Bragança,2021,3,97.0
Carrazeda de Ansiães,Bragança,2021,4,
Carrazeda de Ansiães,Bragança,2021,5,591.0
Carrazeda de Ansiães,Bragança,2021,6,1284.0
Carrazeda de Ansiães,Bragança,2021,7,1456.0
Carrazeda de Ansiães,Bragança,2021,8,2019.0
Carrazeda de Ansiães,Bragança,2021,9,1293.0
Carrazeda de Ansiães,Bragança,2021,10,1105.0
Carrazeda de Ansiães,Bragança,2021,11,205.0
Carrazeda de Ansiães,Bragança,2021,12,508.0
Carrazeda de Ansiães,Bragança,2022,1,47.0
Carrazeda de Ansiães,Bragança,2022,2,374.0
Carrazeda de Ansiães,Bragança,2022,3,433.0
Carrazeda de Ansiães,Bragança,2022,4,941.0
Carrazeda de Ansiães,Bragança,2022,5,1055.0
Carrazeda de Ansiães,Bragança,2022,6,1398.0
Carrazeda de Ansiães,Bragança,2022,7,2024.0
Carrazeda de Ansiães,Bragança,2022,8,3468.0
Carrazeda de Ansiães,Bragança,2022,9,1773.0
Carrazeda de Ansiães,Bragança,2022,10,1421.0
Carrazeda de Ansiães,Bragança,2022,11,319.0
Carrazeda de Ansiães,Bragança,2022,12,992.0
Carrazeda de Ansiães,Bragança,2023,1,471.0
Carrazeda de Ansiães,Bragança,2023,2,590.0
Carrazeda de Ansiães,Bragança,2023,3,851.0
Carrazeda de Ansiães,Bragança,2023,4,1069.0
Carrazeda de Ansiães,Bragança,2023,5,1280.0
Carrazeda de Ansiães,Bragança,2023,6,1131.0
Carrazeda de Ansiães,Bragança,2023,7,1953.0
Carrazeda de Ansiães,Bragança,2023,8,2772.0
Carrazeda de Ansiães,Bragança,2023,9,1539.0
Carrazeda de Ansiães,Bragança,2023,10,754.0
Carrazeda de Ansiães,Bragança,2023,11,523.0
Carrazeda de Ansiães,Bragança,2023,12,484.0
Carrazeda de Ansiães,Bragança,2024,1,240.0
Carrazeda de Ansiães,Bragança,2024,2,337.0
Carrazeda de Ansiães,Bragança,2024,3,330.0
Carrazeda de Ansiães,Bragança,2024,4,698.0
Carrazeda de Ansiães,Bragança,2024,5,970.0
Carrazeda de Ansiães,Bragança,2024,6,1302.0
Carrazeda de Ansiães,Bragança,2024,7,2321.0
Carrazeda de Ansiães,Bragança,2024,8,2749.0
Carrazeda de Ansiães,Bragança,2024,9,1113.0
Carrazeda de Ansiães,Bragança,2024,10,977.0
Carrazeda de Ansiães,Bragança,2024,11,606.0
Carrazeda de Ansiães,Bragança,2024,12,482.0
Carrazeda de Ansiães,Bragança,2025,1,187.0
Carrazeda de Ansiães,Bragança,2025,2,300.0
Carrazeda de Ansiães,Bragança,2025,3,339.0
Carrazeda de Ansiães,Bragança,2025,4,553.0
Carrazeda de Ansiães,Bragança,2025,5,693.0
Carrazeda de Ansiães,Bragança,2025,6,865.0
Carrazeda de Ansiães,Bragança,2025,7,1052.0
Carrazeda de Ansiães,Bragança,2025,8,1433.0
Carrazeda de Ansiães,Bragança,2025,9,1184.0
Carrazeda de Ansiães,Bragança,2025,10,685.0
Carrazeda de Ansiães,Bragança,2025,11,361.0
Carrazeda de Ansiães,Bragança,2025,12,402.0
Carrazeda de Ansiães,Bragança,2026,1,364.0
Carrazeda de Ansiães,Bragança,2026,2,483.0
Carrazeda de Ansiães,Bragança,2026,3,660.0
Carrazeda de Ansiães,Bragança,2026,4,1142.0
Carrazeda de Ansiães,Bragança,2026,5,1432.0
Carrazeda de Ansiães,Bragança,2026,6,1377.0
Carrazeda de Ansiães,Bragança,2026,7,2194.0
Carregal do Sal,Viseu,2020,1,
Carregal do Sal,Viseu,2020,2,358.0
Carregal do Sal,Viseu,2020,3,
Carregal do Sal,Viseu,2020,4,
Carregal do Sal,Viseu,2020,5,
Carregal do Sal,Viseu,2020,6,
Carregal do Sal,Viseu,2020,7,291.0
Carregal do Sal,Viseu,2020,8,442.0
Carregal do Sal,Viseu,2020,9,321.0
Carregal do Sal,Viseu,2020,10,
Carregal do Sal,Viseu,2020,11,137.0
Carregal do Sal,Viseu,2020,12,
Carregal do Sal,Viseu,2021,1,
Carregal do Sal,Viseu,2021,2,
Carregal do Sal,Viseu,2021,3,
Carregal do Sal,Viseu,2021,4,
Carregal do Sal,Viseu,2021,5,148.0
Carregal do Sal,Viseu,2021,6,186.0
Carregal do Sal,Viseu,2021,7,378.0
Carregal do Sal,Viseu,2021,8,658.0
Carregal do Sal,Viseu,2021,9,342.0
Carregal do Sal,Viseu,2021,10,
Carregal do Sal,Viseu,2021,11,170.0
Carregal do Sal,Viseu,2021,12,190.0
Carregal do Sal,Viseu,2022,1,251.0
Carregal do Sal,Viseu,2022,2,
Carregal do Sal,Viseu,2022,3,323.0
Carregal do Sal,Viseu,2022,4,
Carregal do Sal,Viseu,2022,5,
Carregal do Sal,Viseu,2022,6,
Carregal do Sal,Viseu,2022,7,
Carregal do Sal,Viseu,2022,8,
Carregal do Sal,Viseu,2022,9,
Carregal do Sal,Viseu,2022,10,
Carregal do Sal,Viseu,2022,11,345.0
Carregal do Sal,Viseu,2022,12,
Carregal do Sal,Viseu,2023,1,
Carregal do Sal,Viseu,2023,2,
Carregal do Sal,Viseu,2023,3,
Carregal do Sal,Viseu,2023,4,
Carregal do Sal,Viseu,2023,5,
Carregal do Sal,Viseu,2023,6,
Carregal do Sal,Viseu,2023,7,
Carregal do Sal,Viseu,2023,8,
Carregal do Sal,Viseu,2023,9,
Carregal do Sal,Viseu,2023,10,
Carregal do Sal,Viseu,2023,11,
Carregal do Sal,Viseu,2023,12,
Carregal do Sal,Viseu,2024,1,
Carregal do Sal,Viseu,2024,2,
Carregal do Sal,Viseu,2024,3,762.0
Carregal do Sal,Viseu,2024,4,
Carregal do Sal,Viseu,2024,5,543.0
Carregal do Sal,Viseu,2024,6,880.0
Carregal do Sal,Viseu,2024,7,627.0
Carregal do Sal,Viseu,2024,8,939.0
Carregal do Sal,Viseu,2024,9,903.0
Carregal do Sal,Viseu,2024,10,775.0
Carregal do Sal,Viseu,2024,11,752.0
Carregal do Sal,Viseu,2024,12,
Carregal do Sal,Viseu,2025,1,666.0
Carregal do Sal,Viseu,2025,2,606.0
Carregal do Sal,Viseu,2025,3,891.0
Carregal do Sal,Viseu,2025,4,769.0
Carregal do Sal,Viseu,2025,5,851.0
Carregal do Sal,Viseu,2025,6,655.0
Carregal do Sal,Viseu,2025,7,919.0
Carregal do Sal,Viseu,2025,8,1080.0
Carregal do Sal,Viseu,2025,9,1095.0
Carregal do Sal,Viseu,2025,10,887.0
Carregal do Sal,Viseu,2025,11,1014.0
Carregal do Sal,Viseu,2025,12,865.0
Carregal do Sal,Viseu,2026,1,617.0
Carregal do Sal,Viseu,2026,2,730.0
Carregal do Sal,Viseu,2026,3,971.0
Carregal do Sal,Viseu,2026,4,876.0
Carregal do Sal,Viseu,2026,5,1258.0
Carregal do Sal,Viseu,2026,6,786.0
Carregal do Sal,Viseu,2026,7,696.0
Cartaxo,Santarém,2020,1,700.0
Cartaxo,Santarém,2020,2,725.0
Cartaxo,Santarém,2020,3,549.0
Cartaxo,Santarém,2020,4,214.0
Cartaxo,Santarém,2020,5,307.0
Cartaxo,Santarém,2020,6,561.0
Cartaxo,Santarém,2020,7,618.0
Cartaxo,Santarém,2020,8,654.0
Cartaxo,Santarém,2020,9,517.0
Cartaxo,Santarém,2020,10,416.0
Cartaxo,Santarém,2020,11,251.0
Cartaxo,Santarém,2020,12,292.0
Cartaxo,Santarém,2021,1,248.0
Cartaxo,Santarém,2021,2,209.0
Cartaxo,Santarém,2021,3,
Cartaxo,Santarém,2021,4,305.0
Cartaxo,Santarém,2021,5,386.0
Cartaxo,Santarém,2021,6,
Cartaxo,Santarém,2021,7,814.0
Cartaxo,Santarém,2021,8,801.0
Cartaxo,Santarém,2021,9,744.0
Cartaxo,Santarém,2021,10,683.0
Cartaxo,Santarém,2021,11,548.0
Cartaxo,Santarém,2021,12,429.0
Cartaxo,Santarém,2022,1,318.0
Cartaxo,Santarém,2022,2,368.0
Cartaxo,Santarém,2022,3,578.0
Cartaxo,Santarém,2022,4,499.0
Cartaxo,Santarém,2022,5,674.0
Cartaxo,Santarém,2022,6,844.0
Cartaxo,Santarém,2022,7,750.0
Cartaxo,Santarém,2022,8,1154.0
Cartaxo,Santarém,2022,9,898.0
Cartaxo,Santarém,2022,10,719.0
Cartaxo,Santarém,2022,11,624.0
Cartaxo,Santarém,2022,12,689.0
Cartaxo,Santarém,2023,1,419.0
Cartaxo,Santarém,2023,2,375.0
Cartaxo,Santarém,2023,3,642.0
Cartaxo,Santarém,2023,4,845.0
Cartaxo,Santarém,2023,5,990.0
Cartaxo,Santarém,2023,6,993.0
Cartaxo,Santarém,2023,7,1178.0
Cartaxo,Santarém,2023,8,1583.0
Cartaxo,Santarém,2023,9,1136.0
Cartaxo,Santarém,2023,10,927.0
Cartaxo,Santarém,2023,11,669.0
Cartaxo,Santarém,2023,12,513.0
Cartaxo,Santarém,2024,1,525.0
Cartaxo,Santarém,2024,2,580.0
Cartaxo,Santarém,2024,3,793.0
Cartaxo,Santarém,2024,4,1138.0
Cartaxo,Santarém,2024,5,1334.0
Cartaxo,Santarém,2024,6,1325.0
Cartaxo,Santarém,2024,7,1490.0
Cartaxo,Santarém,2024,8,1662.0
Cartaxo,Santarém,2024,9,1158.0
Cartaxo,Santarém,2024,10,1038.0
Cartaxo,Santarém,2024,11,1373.0
Cartaxo,Santarém,2024,12,910.0
Cartaxo,Santarém,2025,1,467.0
Cartaxo,Santarém,2025,2,806.0
Cartaxo,Santarém,2025,3,588.0
Cartaxo,Santarém,2025,4,818.0
Cartaxo,Santarém,2025,5,1076.0
Cartaxo,Santarém,2025,6,1080.0
Cartaxo,Santarém,2025,7,1334.0
Cartaxo,Santarém,2025,8,1964.0
Cartaxo,Santarém,2025,9,1292.0
Cartaxo,Santarém,2025,10,869.0
Cartaxo,Santarém,2025,11,829.0
Cartaxo,Santarém,2025,12,759.0
Cartaxo,Santarém,2026,1,873.0
Cartaxo,Santarém,2026,2,626.0
Cartaxo,Santarém,2026,3,839.0
Cartaxo,Santarém,2026,4,1131.0
Cartaxo,Santarém,2026,5,1434.0
Cartaxo,Santarém,2026,6,962.0
Cartaxo,Santarém,2026,7,1635.0
Cascais,Lisboa,2020,1,62283.0
Cascais,Lisboa,2020,2,75184.0
Cascais,Lisboa,2020,3,36569.0
Cascais,Lisboa,2020,4,5405.0
Cascais,Lisboa,2020,5,7697.0
Cascais,Lisboa,2020,6,15355.0
Cascais,Lisboa,2020,7,39854.0
Cascais,Lisboa,2020,8,80843.0
Cascais,Lisboa,2020,9,50514.0
Cascais,Lisboa,2020,10,38433.0
Cascais,Lisboa,2020,11,21012.0
Cascais,Lisboa,2020,12,26487.0
Cascais,Lisboa,2021,1,20308.0
Cascais,Lisboa,2021,2,13757.0
Cascais,Lisboa,2021,3,18218.0
Cascais,Lisboa,2021,4,24419.0
Cascais,Lisboa,2021,5,43801.0
Cascais,Lisboa,2021,6,65351.0
Cascais,Lisboa,2021,7,73896.0
Cascais,Lisboa,2021,8,130850.0
Cascais,Lisboa,2021,9,97835.0
Cascais,Lisboa,2021,10,115096.0
Cascais,Lisboa,2021,11,76472.0
Cascais,Lisboa,2021,12,55439.0
Cascais,Lisboa,2022,1,43381.0
Cascais,Lisboa,2022,2,62404.0
Cascais,Lisboa,2022,3,91729.0
Cascais,Lisboa,2022,4,141295.0
Cascais,Lisboa,2022,5,149686.0
Cascais,Lisboa,2022,6,155674.0
Cascais,Lisboa,2022,7,177563.0
Cascais,Lisboa,2022,8,196875.0
Cascais,Lisboa,2022,9,159852.0
Cascais,Lisboa,2022,10,151076.0
Cascais,Lisboa,2022,11,103187.0
Cascais,Lisboa,2022,12,79142.0
Cascais,Lisboa,2023,1,71635.0
Cascais,Lisboa,2023,2,81529.0
Cascais,Lisboa,2023,3,107139.0
Cascais,Lisboa,2023,4,144827.0
Cascais,Lisboa,2023,5,150462.0
Cascais,Lisboa,2023,6,152983.0
Cascais,Lisboa,2023,7,180358.0
Cascais,Lisboa,2023,8,193794.0
Cascais,Lisboa,2023,9,161023.0
Cascais,Lisboa,2023,10,157757.0
Cascais,Lisboa,2023,11,104094.0
Cascais,Lisboa,2023,12,84097.0
Cascais,Lisboa,2024,1,65305.0
Cascais,Lisboa,2024,2,81548.0
Cascais,Lisboa,2024,3,121486.0
Cascais,Lisboa,2024,4,134721.0
Cascais,Lisboa,2024,5,158818.0
Cascais,Lisboa,2024,6,157482.0
Cascais,Lisboa,2024,7,182173.0
Cascais,Lisboa,2024,8,200788.0
Cascais,Lisboa,2024,9,163690.0
Cascais,Lisboa,2024,10,158357.0
Cascais,Lisboa,2024,11,103123.0
Cascais,Lisboa,2024,12,77578.0
Cascais,Lisboa,2025,1,64683.0
Cascais,Lisboa,2025,2,74856.0
Cascais,Lisboa,2025,3,99071.0
Cascais,Lisboa,2025,4,129986.0
Cascais,Lisboa,2025,5,142850.0
Cascais,Lisboa,2025,6,149359.0
Cascais,Lisboa,2025,7,178353.0
Cascais,Lisboa,2025,8,190175.0
Cascais,Lisboa,2025,9,153351.0
Cascais,Lisboa,2025,10,141934.0
Cascais,Lisboa,2025,11,90390.0
Cascais,Lisboa,2025,12,72065.0
Cascais,Lisboa,2026,1,61179.0
Cascais,Lisboa,2026,2,64925.0
Cascais,Lisboa,2026,3,98071.0
Cascais,Lisboa,2026,4,125790.0
Cascais,Lisboa,2026,5,143481.0
Cascais,Lisboa,2026,6,145154.0
Cascais,Lisboa,2026,7,177314.0
Castanheira de Pêra,Leiria,2020,1,
Castanheira de Pêra,Leiria,2020,2,
Castanheira de Pêra,Leiria,2020,3,
Castanheira de Pêra,Leiria,2020,4,
Castanheira de Pêra,Leiria,2020,5,
Castanheira de Pêra,Leiria,2020,6,
Castanheira de Pêra,Leiria,2020,7,483.0
Castanheira de Pêra,Leiria,2020,8,934.0
Castanheira de Pêra,Leiria,2020,9,304.0
Castanheira de Pêra,Leiria,2020,10,96.0
Castanheira de Pêra,Leiria,2020,11,
Castanheira de Pêra,Leiria,2020,12,37.0
Castanheira de Pêra,Leiria,2021,1,19.0
Castanheira de Pêra,Leiria,2021,2,
Castanheira de Pêra,Leiria,2021,3,36.0
Castanheira de Pêra,Leiria,2021,4,38.0
Castanheira de Pêra,Leiria,2021,5,197.0
Castanheira de Pêra,Leiria,2021,6,172.0
Castanheira de Pêra,Leiria,2021,7,581.0
Castanheira de Pêra,Leiria,2021,8,1355.0
Castanheira de Pêra,Leiria,2021,9,410.0
Castanheira de Pêra,Leiria,2021,10,186.0
Castanheira de Pêra,Leiria,2021,11,85.0
Castanheira de Pêra,Leiria,2021,12,
Castanheira de Pêra,Leiria,2022,1,86.0
Castanheira de Pêra,Leiria,2022,2,50.0
Castanheira de Pêra,Leiria,2022,3,
Castanheira de Pêra,Leiria,2022,4,336.0
Castanheira de Pêra,Leiria,2022,5,340.0
Castanheira de Pêra,Leiria,2022,6,709.0
Castanheira de Pêra,Leiria,2022,7,1112.0
Castanheira de Pêra,Leiria,2022,8,2140.0
Castanheira de Pêra,Leiria,2022,9,615.0
Castanheira de Pêra,Leiria,2022,10,365.0
Castanheira de Pêra,Leiria,2022,11,174.0
Castanheira de Pêra,Leiria,2022,12,
Castanheira de Pêra,Leiria,2023,1,168.0
Castanheira de Pêra,Leiria,2023,2,192.0
Castanheira de Pêra,Leiria,2023,3,
Castanheira de Pêra,Leiria,2023,4,386.0
Castanheira de Pêra,Leiria,2023,5,315.0
Castanheira de Pêra,Leiria,2023,6,444.0
Castanheira de Pêra,Leiria,2023,7,1226.0
Castanheira de Pêra,Leiria,2023,8,1713.0
Castanheira de Pêra,Leiria,2023,9,540.0
Castanheira de Pêra,Leiria,2023,10,244.0
Castanheira de Pêra,Leiria,2023,11,
Castanheira de Pêra,Leiria,2023,12,
Castanheira de Pêra,Leiria,2024,1,
Castanheira de Pêra,Leiria,2024,2,
Castanheira de Pêra,Leiria,2024,3,
Castanheira de Pêra,Leiria,2024,4,
Castanheira de Pêra,Leiria,2024,5,443.0
Castanheira de Pêra,Leiria,2024,6,693.0
Castanheira de Pêra,Leiria,2024,7,1278.0
Castanheira de Pêra,Leiria,2024,8,2004.0
Castanheira de Pêra,Leiria,2024,9,847.0
Castanheira de Pêra,Leiria,2024,10,455.0
Castanheira de Pêra,Leiria,2024,11,
Castanheira de Pêra,Leiria,2024,12,
Castanheira de Pêra,Leiria,2025,1,
Castanheira de Pêra,Leiria,2025,2,
Castanheira de Pêra,Leiria,2025,3,
Castanheira de Pêra,Leiria,2025,4,413.0
Castanheira de Pêra,Leiria,2025,5,488.0
Castanheira de Pêra,Leiria,2025,6,770.0
Castanheira de Pêra,Leiria,2025,7,1578.0
Castanheira de Pêra,Leiria,2025,8,2220.0
Castanheira de Pêra,Leiria,2025,9,888.0
Castanheira de Pêra,Leiria,2025,10,398.0
Castanheira de Pêra,Leiria,2025,11,221.0
Castanheira de Pêra,Leiria,2025,12,
Castanheira de Pêra,Leiria,2026,1,
Castanheira de Pêra,Leiria,2026,2,
Castanheira de Pêra,Leiria,2026,3,
Castanheira de Pêra,Leiria,2026,4,545.0
Castanheira de Pêra,Leiria,2026,5,501.0
Castanheira de Pêra,Leiria,2026,6,946.0
Castanheira de Pêra,Leiria,2026,7,2043.0
Castelo Branco,Castelo Branco,2020,1,5685.0
Castelo Branco,Castelo Branco,2020,2,6388.0
Castelo Branco,Castelo Branco,2020,3,2930.0
Castelo Branco,Castelo Branco,2020,4,416.0
Castelo Branco,Castelo Branco,2020,5,1212.0
Castelo Branco,Castelo Branco,2020,6,3917.0
Castelo Branco,Castelo Branco,2020,7,5869.0
Castelo Branco,Castelo Branco,2020,8,10717.0
Castelo Branco,Castelo Branco,2020,9,7380.0
Castelo Branco,Castelo Branco,2020,10,7433.0
Castelo Branco,Castelo Branco,2020,11,3071.0
Castelo Branco,Castelo Branco,2020,12,3058.0
Castelo Branco,Castelo Branco,2021,1,3033.0
Castelo Branco,Castelo Branco,2021,2,3183.0
Castelo Branco,Castelo Branco,2021,3,3264.0
Castelo Branco,Castelo Branco,2021,4,3924.0
Castelo Branco,Castelo Branco,2021,5,6491.0
Castelo Branco,Castelo Branco,2021,6,8232.0
Castelo Branco,Castelo Branco,2021,7,7908.0
Castelo Branco,Castelo Branco,2021,8,11368.0
Castelo Branco,Castelo Branco,2021,9,8561.0
Castelo Branco,Castelo Branco,2021,10,9706.0
Castelo Branco,Castelo Branco,2021,11,9104.0
Castelo Branco,Castelo Branco,2021,12,8385.0
Castelo Branco,Castelo Branco,2022,1,7915.0
Castelo Branco,Castelo Branco,2022,2,9013.0
Castelo Branco,Castelo Branco,2022,3,10310.0
Castelo Branco,Castelo Branco,2022,4,12107.0
Castelo Branco,Castelo Branco,2022,5,10948.0
Castelo Branco,Castelo Branco,2022,6,10041.0
Castelo Branco,Castelo Branco,2022,7,10442.0
Castelo Branco,Castelo Branco,2022,8,12482.0
Castelo Branco,Castelo Branco,2022,9,9341.0
Castelo Branco,Castelo Branco,2022,10,10344.0
Castelo Branco,Castelo Branco,2022,11,8317.0
Castelo Branco,Castelo Branco,2022,12,8094.0
Castelo Branco,Castelo Branco,2023,1,7543.0
Castelo Branco,Castelo Branco,2023,2,7773.0
Castelo Branco,Castelo Branco,2023,3,8334.0
Castelo Branco,Castelo Branco,2023,4,9930.0
Castelo Branco,Castelo Branco,2023,5,10021.0
Castelo Branco,Castelo Branco,2023,6,11029.0
Castelo Branco,Castelo Branco,2023,7,11377.0
Castelo Branco,Castelo Branco,2023,8,13331.0
Castelo Branco,Castelo Branco,2023,9,9989.0
Castelo Branco,Castelo Branco,2023,10,10118.0
Castelo Branco,Castelo Branco,2023,11,8376.0
Castelo Branco,Castelo Branco,2023,12,8505.0
Castelo Branco,Castelo Branco,2024,1,6279.0
Castelo Branco,Castelo Branco,2024,2,7873.0
Castelo Branco,Castelo Branco,2024,3,8852.0
Castelo Branco,Castelo Branco,2024,4,8293.0
Castelo Branco,Castelo Branco,2024,5,10445.0
Castelo Branco,Castelo Branco,2024,6,10550.0
Castelo Branco,Castelo Branco,2024,7,10672.0
Castelo Branco,Castelo Branco,2024,8,13316.0
Castelo Branco,Castelo Branco,2024,9,10886.0
Castelo Branco,Castelo Branco,2024,10,10493.0
Castelo Branco,Castelo Branco,2024,11,8312.0
Castelo Branco,Castelo Branco,2024,12,8029.0
Castelo Branco,Castelo Branco,2025,1,6911.0
Castelo Branco,Castelo Branco,2025,2,6847.0
Castelo Branco,Castelo Branco,2025,3,8496.0
Castelo Branco,Castelo Branco,2025,4,9534.0
Castelo Branco,Castelo Branco,2025,5,10222.0
Castelo Branco,Castelo Branco,2025,6,9787.0
Castelo Branco,Castelo Branco,2025,7,10649.0
Castelo Branco,Castelo Branco,2025,8,12238.0
Castelo Branco,Castelo Branco,2025,9,9913.0
Castelo Branco,Castelo Branco,2025,10,8986.0
Castelo Branco,Castelo Branco,2025,11,7680.0
Castelo Branco,Castelo Branco,2025,12,7940.0
Castelo Branco,Castelo Branco,2026,1,4532.0
Castelo Branco,Castelo Branco,2026,2,6909.0
Castelo Branco,Castelo Branco,2026,3,7245.0
Castelo Branco,Castelo Branco,2026,4,9141.0
Castelo Branco,Castelo Branco,2026,5,10645.0
Castelo Branco,Castelo Branco,2026,6,10175.0
Castelo Branco,Castelo Branco,2026,7,10953.0
Castelo de Paiva,Aveiro,2020,1,2773.0
Castelo de Paiva,Aveiro,2020,2,2455.0
Castelo de Paiva,Aveiro,2020,3,963.0
Castelo de Paiva,Aveiro,2020,4,
Castelo de Paiva,Aveiro,2020,5,
Castelo de Paiva,Aveiro,2020,6,2502.0
Castelo de Paiva,Aveiro,2020,7,3621.0
Castelo de Paiva,Aveiro,2020,8,5195.0
Castelo de Paiva,Aveiro,2020,9,3746.0
Castelo de Paiva,Aveiro,2020,10,3075.0
Castelo de Paiva,Aveiro,2020,11,1462.0
Castelo de Paiva,Aveiro,2020,12,1903.0
Castelo de Paiva,Aveiro,2021,1,1163.0
Castelo de Paiva,Aveiro,2021,2,345.0
Castelo de Paiva,Aveiro,2021,3,328.0
Castelo de Paiva,Aveiro,2021,4,942.0
Castelo de Paiva,Aveiro,2021,5,3209.0
Castelo de Paiva,Aveiro,2021,6,3719.0
Castelo de Paiva,Aveiro,2021,7,4237.0
Castelo de Paiva,Aveiro,2021,8,5705.0
Castelo de Paiva,Aveiro,2021,9,3931.0
Castelo de Paiva,Aveiro,2021,10,4029.0
Castelo de Paiva,Aveiro,2021,11,2536.0
Castelo de Paiva,Aveiro,2021,12,999.0
Castelo de Paiva,Aveiro,2022,1,2062.0
Castelo de Paiva,Aveiro,2022,2,2025.0
Castelo de Paiva,Aveiro,2022,3,2340.0
Castelo de Paiva,Aveiro,2022,4,3777.0
Castelo de Paiva,Aveiro,2022,5,3954.0
Castelo de Paiva,Aveiro,2022,6,3505.0
Castelo de Paiva,Aveiro,2022,7,4541.0
Castelo de Paiva,Aveiro,2022,8,5685.0
Castelo de Paiva,Aveiro,2022,9,3964.0
Castelo de Paiva,Aveiro,2022,10,3540.0
Castelo de Paiva,Aveiro,2022,11,1889.0
Castelo de Paiva,Aveiro,2022,12,2375.0
Castelo de Paiva,Aveiro,2023,1,1848.0
Castelo de Paiva,Aveiro,2023,2,2023.0
Castelo de Paiva,Aveiro,2023,3,1804.0
Castelo de Paiva,Aveiro,2023,4,3191.0
Castelo de Paiva,Aveiro,2023,5,3389.0
Castelo de Paiva,Aveiro,2023,6,4079.0
Castelo de Paiva,Aveiro,2023,7,4691.0
Castelo de Paiva,Aveiro,2023,8,5498.0
Castelo de Paiva,Aveiro,2023,9,3796.0
Castelo de Paiva,Aveiro,2023,10,3650.0
Castelo de Paiva,Aveiro,2023,11,2243.0
Castelo de Paiva,Aveiro,2023,12,2373.0
Castelo de Paiva,Aveiro,2024,1,1614.0
Castelo de Paiva,Aveiro,2024,2,2049.0
Castelo de Paiva,Aveiro,2024,3,2503.0
Castelo de Paiva,Aveiro,2024,4,3016.0
Castelo de Paiva,Aveiro,2024,5,4024.0
Castelo de Paiva,Aveiro,2024,6,3757.0
Castelo de Paiva,Aveiro,2024,7,4729.0
Castelo de Paiva,Aveiro,2024,8,5807.0
Castelo de Paiva,Aveiro,2024,9,4865.0
Castelo de Paiva,Aveiro,2024,10,3327.0
Castelo de Paiva,Aveiro,2024,11,2820.0
Castelo de Paiva,Aveiro,2024,12,2838.0
Castelo de Paiva,Aveiro,2025,1,724.0
Castelo de Paiva,Aveiro,2025,2,548.0
Castelo de Paiva,Aveiro,2025,3,1644.0
Castelo de Paiva,Aveiro,2025,4,3386.0
Castelo de Paiva,Aveiro,2025,5,3686.0
Castelo de Paiva,Aveiro,2025,6,4228.0
Castelo de Paiva,Aveiro,2025,7,5077.0
Castelo de Paiva,Aveiro,2025,8,6029.0
Castelo de Paiva,Aveiro,2025,9,4861.0
Castelo de Paiva,Aveiro,2025,10,4216.0
Castelo de Paiva,Aveiro,2025,11,2425.0
Castelo de Paiva,Aveiro,2025,12,2519.0
Castelo de Paiva,Aveiro,2026,1,1974.0
Castelo de Paiva,Aveiro,2026,2,1816.0
Castelo de Paiva,Aveiro,2026,3,2271.0
Castelo de Paiva,Aveiro,2026,4,4116.0
Castelo de Paiva,Aveiro,2026,5,5068.0
Castelo de Paiva,Aveiro,2026,6,4871.0
Castelo de Paiva,Aveiro,2026,7,6427.0
Castelo de Vide,Portalegre,2020,1,1267.0
Castelo de Vide,Portalegre,2020,2,1932.0
Castelo de Vide,Portalegre,2020,3,819.0
Castelo de Vide,Portalegre,2020,4,
Castelo de Vide,Portalegre,2020,5,
Castelo de Vide,Portalegre,2020,6,941.0
Castelo de Vide,Portalegre,2020,7,2607.0
Castelo de Vide,Portalegre,2020,8,7020.0
Castelo de Vide,Portalegre,2020,9,4381.0
Castelo de Vide,Portalegre,2020,10,2417.0
Castelo de Vide,Portalegre,2020,11,1170.0
Castelo de Vide,Portalegre,2020,12,235.0
Castelo de Vide,Portalegre,2021,1,236.0
Castelo de Vide,Portalegre,2021,2,227.0
Castelo de Vide,Portalegre,2021,3,268.0
Castelo de Vide,Portalegre,2021,4,265.0
Castelo de Vide,Portalegre,2021,5,790.0
Castelo de Vide,Portalegre,2021,6,1603.0
Castelo de Vide,Portalegre,2021,7,3555.0
Castelo de Vide,Portalegre,2021,8,5599.0
Castelo de Vide,Portalegre,2021,9,4043.0
Castelo de Vide,Portalegre,2021,10,3850.0
Castelo de Vide,Portalegre,2021,11,1525.0
Castelo de Vide,Portalegre,2021,12,1126.0
Castelo de Vide,Portalegre,2022,1,753.0
Castelo de Vide,Portalegre,2022,2,1747.0
Castelo de Vide,Portalegre,2022,3,2399.0
Castelo de Vide,Portalegre,2022,4,3401.0
Castelo de Vide,Portalegre,2022,5,3039.0
Castelo de Vide,Portalegre,2022,6,4013.0
Castelo de Vide,Portalegre,2022,7,4555.0
Castelo de Vide,Portalegre,2022,8,7082.0
Castelo de Vide,Portalegre,2022,9,3939.0
Castelo de Vide,Portalegre,2022,10,3544.0
Castelo de Vide,Portalegre,2022,11,1528.0
Castelo de Vide,Portalegre,2022,12,1347.0
Castelo de Vide,Portalegre,2023,1,415.0
Castelo de Vide,Portalegre,2023,2,871.0
Castelo de Vide,Portalegre,2023,3,1167.0
Castelo de Vide,Portalegre,2023,4,3528.0
Castelo de Vide,Portalegre,2023,5,2558.0
Castelo de Vide,Portalegre,2023,6,2811.0
Castelo de Vide,Portalegre,2023,7,4265.0
Castelo de Vide,Portalegre,2023,8,5641.0
Castelo de Vide,Portalegre,2023,9,3722.0
Castelo de Vide,Portalegre,2023,10,3436.0
Castelo de Vide,Portalegre,2023,11,1597.0
Castelo de Vide,Portalegre,2023,12,1443.0
Castelo de Vide,Portalegre,2024,1,723.0
Castelo de Vide,Portalegre,2024,2,2266.0
Castelo de Vide,Portalegre,2024,3,3080.0
Castelo de Vide,Portalegre,2024,4,3616.0
Castelo de Vide,Portalegre,2024,5,3827.0
Castelo de Vide,Portalegre,2024,6,4844.0
Castelo de Vide,Portalegre,2024,7,5519.0
Castelo de Vide,Portalegre,2024,8,7979.0
Castelo de Vide,Portalegre,2024,9,5002.0
Castelo de Vide,Portalegre,2024,10,4630.0
Castelo de Vide,Portalegre,2024,11,1500.0
Castelo de Vide,Portalegre,2024,12,1366.0
Castelo de Vide,Portalegre,2025,1,706.0
Castelo de Vide,Portalegre,2025,2,1962.0
Castelo de Vide,Portalegre,2025,3,2790.0
Castelo de Vide,Portalegre,2025,4,3831.0
Castelo de Vide,Portalegre,2025,5,4000.0
Castelo de Vide,Portalegre,2025,6,4442.0
Castelo de Vide,Portalegre,2025,7,6197.0
Castelo de Vide,Portalegre,2025,8,6745.0
Castelo de Vide,Portalegre,2025,9,5033.0
Castelo de Vide,Portalegre,2025,10,3575.0
Castelo de Vide,Portalegre,2025,11,1483.0
Castelo de Vide,Portalegre,2025,12,1114.0
Castelo de Vide,Portalegre,2026,1,842.0
Castelo de Vide,Portalegre,2026,2,1793.0
Castelo de Vide,Portalegre,2026,3,2655.0
Castelo de Vide,Portalegre,2026,4,3620.0
Castelo de Vide,Portalegre,2026,5,3695.0
Castelo de Vide,Portalegre,2026,6,4098.0
Castelo de Vide,Portalegre,2026,7,5641.0
Castro Daire,Viseu,2020,1,353.0
Castro Daire,Viseu,2020,2,834.0
Castro Daire,Viseu,2020,3,202.0
Castro Daire,Viseu,2020,4,
Castro Daire,Viseu,2020,5,
Castro Daire,Viseu,2020,6,340.0
Castro Daire,Viseu,2020,7,621.0
Castro Daire,Viseu,2020,8,1711.0
Castro Daire,Viseu,2020,9,
Castro Daire,Viseu,2020,10,1024.0
Castro Daire,Viseu,2020,11,128.0
Castro Daire,Viseu,2020,12,175.0
Castro Daire,Viseu,2021,1,181.0
Castro Daire,Viseu,2021,2,
Castro Daire,Viseu,2021,3,
Castro Daire,Viseu,2021,4,
Castro Daire,Viseu,2021,5,1348.0
Castro Daire,Viseu,2021,6,1023.0
Castro Daire,Viseu,2021,7,903.0
Castro Daire,Viseu,2021,8,1995.0
Castro Daire,Viseu,2021,9,1786.0
Castro Daire,Viseu,2021,10,2075.0
Castro Daire,Viseu,2021,11,647.0
Castro Daire,Viseu,2021,12,355.0
Castro Daire,Viseu,2022,1,129.0
Castro Daire,Viseu,2022,2,326.0
Castro Daire,Viseu,2022,3,708.0
Castro Daire,Viseu,2022,4,1478.0
Castro Daire,Viseu,2022,5,2732.0
Castro Daire,Viseu,2022,6,2288.0
Castro Daire,Viseu,2022,7,5154.0
Castro Daire,Viseu,2022,8,2994.0
Castro Daire,Viseu,2022,9,2238.0
Castro Daire,Viseu,2022,10,1464.0
Castro Daire,Viseu,2022,11,733.0
Castro Daire,Viseu,2022,12,3164.0
Castro Daire,Viseu,2023,1,309.0
Castro Daire,Viseu,2023,2,472.0
Castro Daire,Viseu,2023,3,559.0
Castro Daire,Viseu,2023,4,1744.0
Castro Daire,Viseu,2023,5,1567.0
Castro Daire,Viseu,2023,6,3048.0
Castro Daire,Viseu,2023,7,1521.0
Castro Daire,Viseu,2023,8,2786.0
Castro Daire,Viseu,2023,9,3887.0
Castro Daire,Viseu,2023,10,1729.0
Castro Daire,Viseu,2023,11,866.0
Castro Daire,Viseu,2023,12,1151.0
Castro Daire,Viseu,2024,1,371.0
Castro Daire,Viseu,2024,2,446.0
Castro Daire,Viseu,2024,3,748.0
Castro Daire,Viseu,2024,4,906.0
Castro Daire,Viseu,2024,5,1861.0
Castro Daire,Viseu,2024,6,2040.0
Castro Daire,Viseu,2024,7,1513.0
Castro Daire,Viseu,2024,8,3288.0
Castro Daire,Viseu,2024,9,1948.0
Castro Daire,Viseu,2024,10,1543.0
Castro Daire,Viseu,2024,11,762.0
Castro Daire,Viseu,2024,12,502.0
Castro Daire,Viseu,2025,1,335.0
Castro Daire,Viseu,2025,2,401.0
Castro Daire,Viseu,2025,3,826.0
Castro Daire,Viseu,2025,4,848.0
Castro Daire,Viseu,2025,5,1206.0
Castro Daire,Viseu,2025,6,2063.0
Castro Daire,Viseu,2025,7,1737.0
Castro Daire,Viseu,2025,8,3483.0
Castro Daire,Viseu,2025,9,1803.0
Castro Daire,Viseu,2025,10,1852.0
Castro Daire,Viseu,2025,11,765.0
Castro Daire,Viseu,2025,12,1262.0
Castro Daire,Viseu,2026,1,290.0
Castro Daire,Viseu,2026,2,688.0
Castro Daire,Viseu,2026,3,711.0
Castro Daire,Viseu,2026,4,1211.0
Castro Daire,Viseu,2026,5,1413.0
Castro Daire,Viseu,2026,6,4494.0
Castro Daire,Viseu,2026,7,1911.0
Castro Marim,Faro,2020,1,8643.0
Castro Marim,Faro,2020,2,10144.0
Castro Marim,Faro,2020,3,
Castro Marim,Faro,2020,4,10.0
Castro Marim,Faro,2020,5,295.0
Castro Marim,Faro,2020,6,11466.0
Castro Marim,Faro,2020,7,21128.0
Castro Marim,Faro,2020,8,28241.0
Castro Marim,Faro,2020,9,18306.0
Castro Marim,Faro,2020,10,8463.0
Castro Marim,Faro,2020,11,
Castro Marim,Faro,2020,12,1714.0
Castro Marim,Faro,2021,1,1441.0
Castro Marim,Faro,2021,2,1256.0
Castro Marim,Faro,2021,3,998.0
Castro Marim,Faro,2021,4,1058.0
Castro Marim,Faro,2021,5,3909.0
Castro Marim,Faro,2021,6,16373.0
Castro Marim,Faro,2021,7,26751.0
Castro Marim,Faro,2021,8,32111.0
Castro Marim,Faro,2021,9,19722.0
Castro Marim,Faro,2021,10,12819.0
Castro Marim,Faro,2021,11,7998.0
Castro Marim,Faro,2021,12,5830.0
Castro Marim,Faro,2022,1,6879.0
Castro Marim,Faro,2022,2,9643.0
Castro Marim,Faro,2022,3,8584.0
Castro Marim,Faro,2022,4,12268.0
Castro Marim,Faro,2022,5,14445.0
Castro Marim,Faro,2022,6,21032.0
Castro Marim,Faro,2022,7,24371.0
Castro Marim,Faro,2022,8,31064.0
Castro Marim,Faro,2022,9,19450.0
Castro Marim,Faro,2022,10,12271.0
Castro Marim,Faro,2022,11,8040.0
Castro Marim,Faro,2022,12,6488.0
Castro Marim,Faro,2023,1,7274.0
Castro Marim,Faro,2023,2,10365.0
Castro Marim,Faro,2023,3,10716.0
Castro Marim,Faro,2023,4,14998.0
Castro Marim,Faro,2023,5,12721.0
Castro Marim,Faro,2023,6,17247.0
Castro Marim,Faro,2023,7,26441.0
Castro Marim,Faro,2023,8,33578.0
Castro Marim,Faro,2023,9,19993.0
Castro Marim,Faro,2023,10,13033.0
Castro Marim,Faro,2023,11,3351.0
Castro Marim,Faro,2023,12,3985.0
Castro Marim,Faro,2024,1,4818.0
Castro Marim,Faro,2024,2,6634.0
Castro Marim,Faro,2024,3,5352.0
Castro Marim,Faro,2024,4,5975.0
Castro Marim,Faro,2024,5,9369.0
Castro Marim,Faro,2024,6,16907.0
Castro Marim,Faro,2024,7,28917.0
Castro Marim,Faro,2024,8,35717.0
Castro Marim,Faro,2024,9,20254.0
Castro Marim,Faro,2024,10,10223.0
Castro Marim,Faro,2024,11,3542.0
Castro Marim,Faro,2024,12,2800.0
Castro Marim,Faro,2025,1,3981.0
Castro Marim,Faro,2025,2,3828.0
Castro Marim,Faro,2025,3,3839.0
Castro Marim,Faro,2025,4,7157.0
Castro Marim,Faro,2025,5,8460.0
Castro Marim,Faro,2025,6,20920.0
Castro Marim,Faro,2025,7,33753.0
Castro Marim,Faro,2025,8,41045.0
Castro Marim,Faro,2025,9,22161.0
Castro Marim,Faro,2025,10,11632.0
Castro Marim,Faro,2025,11,3965.0
Castro Marim,Faro,2025,12,4812.0
Castro Marim,Faro,2026,1,5725.0
Castro Marim,Faro,2026,2,6071.0
Castro Marim,Faro,2026,3,6154.0
Castro Marim,Faro,2026,4,11495.0
Castro Marim,Faro,2026,5,12199.0
Castro Marim,Faro,2026,6,23368.0
Castro Marim,Faro,2026,7,36958.0
Castro Verde,Beja,2020,1,1079.0
Castro Verde,Beja,2020,2,1422.0
Castro Verde,Beja,2020,3,461.0
Castro Verde,Beja,2020,4,
Castro Verde,Beja,2020,5,235.0
Castro Verde,Beja,2020,6,1427.0
Castro Verde,Beja,2020,7,
Castro Verde,Beja,2020,8,3322.0
Castro Verde,Beja,2020,9,2092.0
Castro Verde,Beja,2020,10,1888.0
Castro Verde,Beja,2020,11,908.0
Castro Verde,Beja,2020,12,707.0
Castro Verde,Beja,2021,1,518.0
Castro Verde,Beja,2021,2,602.0
Castro Verde,Beja,2021,3,875.0
Castro Verde,Beja,2021,4,1252.0
Castro Verde,Beja,2021,5,2486.0
Castro Verde,Beja,2021,6,2566.0
Castro Verde,Beja,2021,7,2973.0
Castro Verde,Beja,2021,8,4419.0
Castro Verde,Beja,2021,9,2672.0
Castro Verde,Beja,2021,10,2043.0
Castro Verde,Beja,2021,11,1516.0
Castro Verde,Beja,2021,12,1047.0
Castro Verde,Beja,2022,1,834.0
Castro Verde,Beja,2022,2,1201.0
Castro Verde,Beja,2022,3,1299.0
Castro Verde,Beja,2022,4,1332.0
Castro Verde,Beja,2022,5,1657.0
Castro Verde,Beja,2022,6,2344.0
Castro Verde,Beja,2022,7,2610.0
Castro Verde,Beja,2022,8,3413.0
Castro Verde,Beja,2022,9,2126.0
Castro Verde,Beja,2022,10,1850.0
Castro Verde,Beja,2022,11,1225.0
Castro Verde,Beja,2022,12,1001.0
Castro Verde,Beja,2023,1,1383.0
Castro Verde,Beja,2023,2,1354.0
Castro Verde,Beja,2023,3,1494.0
Castro Verde,Beja,2023,4,2157.0
Castro Verde,Beja,2023,5,2140.0
Castro Verde,Beja,2023,6,2680.0
Castro Verde,Beja,2023,7,2665.0
Castro Verde,Beja,2023,8,3847.0
Castro Verde,Beja,2023,9,2750.0
Castro Verde,Beja,2023,10,1851.0
Castro Verde,Beja,2023,11,1273.0
Castro Verde,Beja,2023,12,1186.0
Castro Verde,Beja,2024,1,942.0
Castro Verde,Beja,2024,2,1217.0
Castro Verde,Beja,2024,3,1574.0
Castro Verde,Beja,2024,4,1928.0
Castro Verde,Beja,2024,5,2416.0
Castro Verde,Beja,2024,6,2578.0
Castro Verde,Beja,2024,7,2651.0
Castro Verde,Beja,2024,8,3025.0
Castro Verde,Beja,2024,9,2438.0
Castro Verde,Beja,2024,10,1848.0
Castro Verde,Beja,2024,11,1240.0
Castro Verde,Beja,2024,12,919.0
Castro Verde,Beja,2025,1,918.0
Castro Verde,Beja,2025,2,1074.0
Castro Verde,Beja,2025,3,1447.0
Castro Verde,Beja,2025,4,2000.0
Castro Verde,Beja,2025,5,2189.0
Castro Verde,Beja,2025,6,1881.0
Castro Verde,Beja,2025,7,2003.0
Castro Verde,Beja,2025,8,3317.0
Castro Verde,Beja,2025,9,2190.0
Castro Verde,Beja,2025,10,1793.0
Castro Verde,Beja,2025,11,1534.0
Castro Verde,Beja,2025,12,956.0
Castro Verde,Beja,2026,1,1157.0
Castro Verde,Beja,2026,2,1221.0
Castro Verde,Beja,2026,3,1507.0
Castro Verde,Beja,2026,4,2380.0
Castro Verde,Beja,2026,5,2114.0
Castro Verde,Beja,2026,6,2208.0
Castro Verde,Beja,2026,7,2321.0
Celorico da Beira,Guarda,2020,1,1085.0
Celorico da Beira,Guarda,2020,2,1279.0
Celorico da Beira,Guarda,2020,3,786.0
Celorico da Beira,Guarda,2020,4,162.0
Celorico da Beira,Guarda,2020,5,367.0
Celorico da Beira,Guarda,2020,6,838.0
Celorico da Beira,Guarda,2020,7,1110.0
Celorico da Beira,Guarda,2020,8,1650.0
Celorico da Beira,Guarda,2020,9,1477.0
Celorico da Beira,Guarda,2020,10,1124.0
Celorico da Beira,Guarda,2020,11,673.0
Celorico da Beira,Guarda,2020,12,709.0
Celorico da Beira,Guarda,2021,1,674.0
Celorico da Beira,Guarda,2021,2,757.0
Celorico da Beira,Guarda,2021,3,654.0
Celorico da Beira,Guarda,2021,4,1080.0
Celorico da Beira,Guarda,2021,5,1313.0
Celorico da Beira,Guarda,2021,6,1840.0
Celorico da Beira,Guarda,2021,7,2076.0
Celorico da Beira,Guarda,2021,8,3716.0
Celorico da Beira,Guarda,2021,9,2191.0
Celorico da Beira,Guarda,2021,10,2202.0
Celorico da Beira,Guarda,2021,11,1839.0
Celorico da Beira,Guarda,2021,12,1808.0
Celorico da Beira,Guarda,2022,1,1528.0
Celorico da Beira,Guarda,2022,2,1787.0
Celorico da Beira,Guarda,2022,3,2538.0
Celorico da Beira,Guarda,2022,4,2726.0
Celorico da Beira,Guarda,2022,5,2783.0
Celorico da Beira,Guarda,2022,6,3173.0
Celorico da Beira,Guarda,2022,7,3151.0
Celorico da Beira,Guarda,2022,8,4275.0
Celorico da Beira,Guarda,2022,9,2365.0
Celorico da Beira,Guarda,2022,10,1858.0
Celorico da Beira,Guarda,2022,11,1720.0
Celorico da Beira,Guarda,2022,12,2183.0
Celorico da Beira,Guarda,2023,1,2075.0
Celorico da Beira,Guarda,2023,2,2632.0
Celorico da Beira,Guarda,2023,3,2479.0
Celorico da Beira,Guarda,2023,4,3071.0
Celorico da Beira,Guarda,2023,5,3095.0
Celorico da Beira,Guarda,2023,6,3432.0
Celorico da Beira,Guarda,2023,7,3107.0
Celorico da Beira,Guarda,2023,8,4212.0
Celorico da Beira,Guarda,2023,9,3178.0
Celorico da Beira,Guarda,2023,10,1869.0
Celorico da Beira,Guarda,2023,11,2130.0
Celorico da Beira,Guarda,2023,12,2386.0
Celorico da Beira,Guarda,2024,1,1913.0
Celorico da Beira,Guarda,2024,2,2614.0
Celorico da Beira,Guarda,2024,3,2210.0
Celorico da Beira,Guarda,2024,4,2199.0
Celorico da Beira,Guarda,2024,5,2415.0
Celorico da Beira,Guarda,2024,6,2666.0
Celorico da Beira,Guarda,2024,7,2651.0
Celorico da Beira,Guarda,2024,8,3962.0
Celorico da Beira,Guarda,2024,9,3507.0
Celorico da Beira,Guarda,2024,10,3545.0
Celorico da Beira,Guarda,2024,11,2822.0
Celorico da Beira,Guarda,2024,12,2582.0
Celorico da Beira,Guarda,2025,1,1611.0
Celorico da Beira,Guarda,2025,2,2045.0
Celorico da Beira,Guarda,2025,3,2061.0
Celorico da Beira,Guarda,2025,4,2031.0
Celorico da Beira,Guarda,2025,5,2309.0
Celorico da Beira,Guarda,2025,6,2495.0
Celorico da Beira,Guarda,2025,7,2204.0
Celorico da Beira,Guarda,2025,8,3780.0
Celorico da Beira,Guarda,2025,9,2818.0
Celorico da Beira,Guarda,2025,10,2111.0
Celorico da Beira,Guarda,2025,11,1764.0
Celorico da Beira,Guarda,2025,12,2599.0
Celorico da Beira,Guarda,2026,1,1861.0
Celorico da Beira,Guarda,2026,2,2024.0
Celorico da Beira,Guarda,2026,3,2071.0
Celorico da Beira,Guarda,2026,4,2189.0
Celorico da Beira,Guarda,2026,5,2698.0
Celorico da Beira,Guarda,2026,6,2933.0
Celorico da Beira,Guarda,2026,7,2594.0
Celorico de Basto,Braga,2020,1,815.0
Celorico de Basto,Braga,2020,2,1069.0
Celorico de Basto,Braga,2020,3,
Celorico de Basto,Braga,2020,4,
Celorico de Basto,Braga,2020,5,143.0
Celorico de Basto,Braga,2020,6,571.0
Celorico de Basto,Braga,2020,7,3539.0
Celorico de Basto,Braga,2020,8,5693.0
Celorico de Basto,Braga,2020,9,2136.0
Celorico de Basto,Braga,2020,10,987.0
Celorico de Basto,Braga,2020,11,160.0
Celorico de Basto,Braga,2020,12,517.0
Celorico de Basto,Braga,2021,1,
Celorico de Basto,Braga,2021,2,130.0
Celorico de Basto,Braga,2021,3,
Celorico de Basto,Braga,2021,4,293.0
Celorico de Basto,Braga,2021,5,1146.0
Celorico de Basto,Braga,2021,6,1973.0
Celorico de Basto,Braga,2021,7,4306.0
Celorico de Basto,Braga,2021,8,6867.0
Celorico de Basto,Braga,2021,9,3172.0
Celorico de Basto,Braga,2021,10,2002.0
Celorico de Basto,Braga,2021,11,
Celorico de Basto,Braga,2021,12,1344.0
Celorico de Basto,Braga,2022,1,975.0
Celorico de Basto,Braga,2022,2,1073.0
Celorico de Basto,Braga,2022,3,944.0
Celorico de Basto,Braga,2022,4,1834.0
Celorico de Basto,Braga,2022,5,1745.0
Celorico de Basto,Braga,2022,6,3008.0
Celorico de Basto,Braga,2022,7,4815.0
Celorico de Basto,Braga,2022,8,7616.0
Celorico de Basto,Braga,2022,9,3178.0
Celorico de Basto,Braga,2022,10,1744.0
Celorico de Basto,Braga,2022,11,755.0
Celorico de Basto,Braga,2022,12,1230.0
Celorico de Basto,Braga,2023,1,548.0
Celorico de Basto,Braga,2023,2,1012.0
Celorico de Basto,Braga,2023,3,819.0
Celorico de Basto,Braga,2023,4,1768.0
Celorico de Basto,Braga,2023,5,1982.0
Celorico de Basto,Braga,2023,6,1985.0
Celorico de Basto,Braga,2023,7,4280.0
Celorico de Basto,Braga,2023,8,6684.0
Celorico de Basto,Braga,2023,9,2785.0
Celorico de Basto,Braga,2023,10,1650.0
Celorico de Basto,Braga,2023,11,865.0
Celorico de Basto,Braga,2023,12,1848.0
Celorico de Basto,Braga,2024,1,771.0
Celorico de Basto,Braga,2024,2,1091.0
Celorico de Basto,Braga,2024,3,1401.0
Celorico de Basto,Braga,2024,4,1498.0
Celorico de Basto,Braga,2024,5,2845.0
Celorico de Basto,Braga,2024,6,2285.0
Celorico de Basto,Braga,2024,7,4518.0
Celorico de Basto,Braga,2024,8,6807.0
Celorico de Basto,Braga,2024,9,3067.0
Celorico de Basto,Braga,2024,10,2560.0
Celorico de Basto,Braga,2024,11,1836.0
Celorico de Basto,Braga,2024,12,1748.0
Celorico de Basto,Braga,2025,1,908.0
Celorico de Basto,Braga,2025,2,1222.0
Celorico de Basto,Braga,2025,3,1515.0
Celorico de Basto,Braga,2025,4,2624.0
Celorico de Basto,Braga,2025,5,3343.0
Celorico de Basto,Braga,2025,6,4240.0
Celorico de Basto,Braga,2025,7,5917.0
Celorico de Basto,Braga,2025,8,8756.0
Celorico de Basto,Braga,2025,9,3769.0
Celorico de Basto,Braga,2025,10,2421.0
Celorico de Basto,Braga,2025,11,1550.0
Celorico de Basto,Braga,2025,12,2271.0
Celorico de Basto,Braga,2026,1,1044.0
Celorico de Basto,Braga,2026,2,1651.0
Celorico de Basto,Braga,2026,3,1131.0
Celorico de Basto,Braga,2026,4,3073.0
Celorico de Basto,Braga,2026,5,3517.0
Celorico de Basto,Braga,2026,6,4337.0
Celorico de Basto,Braga,2026,7,6563.0
Chamusca,Santarém,2020,1,63.0
Chamusca,Santarém,2020,2,
Chamusca,Santarém,2020,3,
Chamusca,Santarém,2020,4,
Chamusca,Santarém,2020,5,
Chamusca,Santarém,2020,6,
Chamusca,Santarém,2020,7,192.0
Chamusca,Santarém,2020,8,
Chamusca,Santarém,2020,9,34.0
Chamusca,Santarém,2020,10,
Chamusca,Santarém,2020,11,34.0
Chamusca,Santarém,2020,12,
Chamusca,Santarém,2021,1,
Chamusca,Santarém,2021,2,
Chamusca,Santarém,2021,3,
Chamusca,Santarém,2021,4,
Chamusca,Santarém,2021,5,
Chamusca,Santarém,2021,6,181.0
Chamusca,Santarém,2021,7,
Chamusca,Santarém,2021,8,684.0
Chamusca,Santarém,2021,9,173.0
Chamusca,Santarém,2021,10,117.0
Chamusca,Santarém,2021,11,
Chamusca,Santarém,2021,12,
Chamusca,Santarém,2022,1,
Chamusca,Santarém,2022,2,
Chamusca,Santarém,2022,3,90.0
Chamusca,Santarém,2022,4,387.0
Chamusca,Santarém,2022,5,123.0
Chamusca,Santarém,2022,6,333.0
Chamusca,Santarém,2022,7,442.0
Chamusca,Santarém,2022,8,980.0
Chamusca,Santarém,2022,9,341.0
Chamusca,Santarém,2022,10,231.0
Chamusca,Santarém,2022,11,242.0
Chamusca,Santarém,2022,12,136.0
Chamusca,Santarém,2023,1,52.0
Chamusca,Santarém,2023,2,166.0
Chamusca,Santarém,2023,3,153.0
Chamusca,Santarém,2023,4,289.0
Chamusca,Santarém,2023,5,290.0
Chamusca,Santarém,2023,6,478.0
Chamusca,Santarém,2023,7,626.0
Chamusca,Santarém,2023,8,805.0
Chamusca,Santarém,2023,9,318.0
Chamusca,Santarém,2023,10,438.0
Chamusca,Santarém,2023,11,393.0
Chamusca,Santarém,2023,12,259.0
Chamusca,Santarém,2024,1,63.0
Chamusca,Santarém,2024,2,121.0
Chamusca,Santarém,2024,3,166.0
Chamusca,Santarém,2024,4,171.0
Chamusca,Santarém,2024,5,273.0
Chamusca,Santarém,2024,6,367.0
Chamusca,Santarém,2024,7,501.0
Chamusca,Santarém,2024,8,720.0
Chamusca,Santarém,2024,9,297.0
Chamusca,Santarém,2024,10,249.0
Chamusca,Santarém,2024,11,512.0
Chamusca,Santarém,2024,12,319.0
Chamusca,Santarém,2025,1,298.0
Chamusca,Santarém,2025,2,173.0
Chamusca,Santarém,2025,3,120.0
Chamusca,Santarém,2025,4,355.0
Chamusca,Santarém,2025,5,419.0
Chamusca,Santarém,2025,6,517.0
Chamusca,Santarém,2025,7,419.0
Chamusca,Santarém,2025,8,725.0
Chamusca,Santarém,2025,9,443.0
Chamusca,Santarém,2025,10,221.0
Chamusca,Santarém,2025,11,
Chamusca,Santarém,2025,12,
Chamusca,Santarém,2026,1,
Chamusca,Santarém,2026,2,
Chamusca,Santarém,2026,3,
Chamusca,Santarém,2026,4,
Chamusca,Santarém,2026,5,
Chamusca,Santarém,2026,6,
Chamusca,Santarém,2026,7,327.0
Chaves,Vila Real,2020,1,8416.0
Chaves,Vila Real,2020,2,12068.0
Chaves,Vila Real,2020,3,4488.0
Chaves,Vila Real,2020,4,711.0
Chaves,Vila Real,2020,5,1363.0
Chaves,Vila Real,2020,6,6396.0
Chaves,Vila Real,2020,7,13050.0
Chaves,Vila Real,2020,8,31172.0
Chaves,Vila Real,2020,9,17394.0
Chaves,Vila Real,2020,10,11905.0
Chaves,Vila Real,2020,11,3677.0
Chaves,Vila Real,2020,12,4129.0
Chaves,Vila Real,2021,1,2477.0
Chaves,Vila Real,2021,2,1607.0
Chaves,Vila Real,2021,3,1153.0
Chaves,Vila Real,2021,4,2627.0
Chaves,Vila Real,2021,5,10493.0
Chaves,Vila Real,2021,6,16917.0
Chaves,Vila Real,2021,7,16797.0
Chaves,Vila Real,2021,8,31118.0
Chaves,Vila Real,2021,9,19080.0
Chaves,Vila Real,2021,10,19745.0
Chaves,Vila Real,2021,11,11514.0
Chaves,Vila Real,2021,12,10152.0
Chaves,Vila Real,2022,1,7250.0
Chaves,Vila Real,2022,2,10026.0
Chaves,Vila Real,2022,3,8721.0
Chaves,Vila Real,2022,4,16313.0
Chaves,Vila Real,2022,5,14845.0
Chaves,Vila Real,2022,6,17058.0
Chaves,Vila Real,2022,7,22370.0
Chaves,Vila Real,2022,8,32764.0
Chaves,Vila Real,2022,9,23035.0
Chaves,Vila Real,2022,10,19996.0
Chaves,Vila Real,2022,11,10719.0
Chaves,Vila Real,2022,12,13122.0
Chaves,Vila Real,2023,1,9305.0
Chaves,Vila Real,2023,2,12519.0
Chaves,Vila Real,2023,3,10620.0
Chaves,Vila Real,2023,4,19688.0
Chaves,Vila Real,2023,5,15265.0
Chaves,Vila Real,2023,6,17584.0
Chaves,Vila Real,2023,7,22728.0
Chaves,Vila Real,2023,8,32214.0
Chaves,Vila Real,2023,9,22607.0
Chaves,Vila Real,2023,10,19611.0
Chaves,Vila Real,2023,11,11305.0
Chaves,Vila Real,2023,12,13370.0
Chaves,Vila Real,2024,1,9624.0
Chaves,Vila Real,2024,2,12051.0
Chaves,Vila Real,2024,3,12759.0
Chaves,Vila Real,2024,4,15090.0
Chaves,Vila Real,2024,5,17498.0
Chaves,Vila Real,2024,6,19915.0
Chaves,Vila Real,2024,7,24547.0
Chaves,Vila Real,2024,8,35319.0
Chaves,Vila Real,2024,9,24763.0
Chaves,Vila Real,2024,10,18573.0
Chaves,Vila Real,2024,11,13880.0
Chaves,Vila Real,2024,12,13646.0
Chaves,Vila Real,2025,1,9039.0
Chaves,Vila Real,2025,2,11637.0
Chaves,Vila Real,2025,3,15260.0
Chaves,Vila Real,2025,4,20442.0
Chaves,Vila Real,2025,5,19528.0
Chaves,Vila Real,2025,6,21156.0
Chaves,Vila Real,2025,7,24460.0
Chaves,Vila Real,2025,8,34487.0
Chaves,Vila Real,2025,9,25564.0
Chaves,Vila Real,2025,10,20888.0
Chaves,Vila Real,2025,11,15568.0
Chaves,Vila Real,2025,12,15452.0
Chaves,Vila Real,2026,1,12374.0
Chaves,Vila Real,2026,2,12399.0
Chaves,Vila Real,2026,3,14566.0
Chaves,Vila Real,2026,4,20196.0
Chaves,Vila Real,2026,5,18305.0
Chaves,Vila Real,2026,6,20462.0
Chaves,Vila Real,2026,7,23792.0
Cinfães,Viseu,2020,1,
Cinfães,Viseu,2020,2,673.0
Cinfães,Viseu,2020,3,193.0
Cinfães,Viseu,2020,4,
Cinfães,Viseu,2020,5,84.0
Cinfães,Viseu,2020,6,428.0
Cinfães,Viseu,2020,7,1092.0
Cinfães,Viseu,2020,8,2186.0
Cinfães,Viseu,2020,9,1122.0
Cinfães,Viseu,2020,10,585.0
Cinfães,Viseu,2020,11,240.0
Cinfães,Viseu,2020,12,
Cinfães,Viseu,2021,1,110.0
Cinfães,Viseu,2021,2,155.0
Cinfães,Viseu,2021,3,92.0
Cinfães,Viseu,2021,4,272.0
Cinfães,Viseu,2021,5,604.0
Cinfães,Viseu,2021,6,996.0
Cinfães,Viseu,2021,7,2204.0
Cinfães,Viseu,2021,8,3153.0
Cinfães,Viseu,2021,9,1840.0
Cinfães,Viseu,2021,10,1829.0
Cinfães,Viseu,2021,11,
Cinfães,Viseu,2021,12,
Cinfães,Viseu,2022,1,406.0
Cinfães,Viseu,2022,2,1048.0
Cinfães,Viseu,2022,3,681.0
Cinfães,Viseu,2022,4,1637.0
Cinfães,Viseu,2022,5,1647.0
Cinfães,Viseu,2022,6,2140.0
Cinfães,Viseu,2022,7,2966.0
Cinfães,Viseu,2022,8,4634.0
Cinfães,Viseu,2022,9,2481.0
Cinfães,Viseu,2022,10,1768.0
Cinfães,Viseu,2022,11,548.0
Cinfães,Viseu,2022,12,848.0
Cinfães,Viseu,2023,1,352.0
Cinfães,Viseu,2023,2,1027.0
Cinfães,Viseu,2023,3,1294.0
Cinfães,Viseu,2023,4,2084.0
Cinfães,Viseu,2023,5,1776.0
Cinfães,Viseu,2023,6,2022.0
Cinfães,Viseu,2023,7,3094.0
Cinfães,Viseu,2023,8,4649.0
Cinfães,Viseu,2023,9,2377.0
Cinfães,Viseu,2023,10,1645.0
Cinfães,Viseu,2023,11,613.0
Cinfães,Viseu,2023,12,971.0
Cinfães,Viseu,2024,1,305.0
Cinfães,Viseu,2024,2,1167.0
Cinfães,Viseu,2024,3,1290.0
Cinfães,Viseu,2024,4,1665.0
Cinfães,Viseu,2024,5,2104.0
Cinfães,Viseu,2024,6,2410.0
Cinfães,Viseu,2024,7,3121.0
Cinfães,Viseu,2024,8,5143.0
Cinfães,Viseu,2024,9,2595.0
Cinfães,Viseu,2024,10,1361.0
Cinfães,Viseu,2024,11,1019.0
Cinfães,Viseu,2024,12,877.0
Cinfães,Viseu,2025,1,502.0
Cinfães,Viseu,2025,2,1047.0
Cinfães,Viseu,2025,3,1508.0
Cinfães,Viseu,2025,4,1745.0
Cinfães,Viseu,2025,5,2007.0
Cinfães,Viseu,2025,6,2697.0
Cinfães,Viseu,2025,7,3373.0
Cinfães,Viseu,2025,8,4850.0
Cinfães,Viseu,2025,9,2490.0
Cinfães,Viseu,2025,10,1643.0
Cinfães,Viseu,2025,11,735.0
Cinfães,Viseu,2025,12,998.0
Cinfães,Viseu,2026,1,408.0
Cinfães,Viseu,2026,2,1052.0
Cinfães,Viseu,2026,3,1519.0
Cinfães,Viseu,2026,4,1147.0
Cinfães,Viseu,2026,5,1794.0
Cinfães,Viseu,2026,6,2327.0
Cinfães,Viseu,2026,7,3143.0
Coimbra,Coimbra,2020,1,41714.0
Coimbra,Coimbra,2020,2,39677.0
Coimbra,Coimbra,2020,3,15727.0
Coimbra,Coimbra,2020,4,2693.0
Coimbra,Coimbra,2020,5,4622.0
Coimbra,Coimbra,2020,6,8163.0
Coimbra,Coimbra,2020,7,20412.0
Coimbra,Coimbra,2020,8,40842.0
Coimbra,Coimbra,2020,9,28124.0
Coimbra,Coimbra,2020,10,25854.0
Coimbra,Coimbra,2020,11,12627.0
Coimbra,Coimbra,2020,12,12918.0
Coimbra,Coimbra,2021,1,9475.0
Coimbra,Coimbra,2021,2,6695.0
Coimbra,Coimbra,2021,3,8778.0
Coimbra,Coimbra,2021,4,11504.0
Coimbra,Coimbra,2021,5,23312.0
Coimbra,Coimbra,2021,6,31487.0
Coimbra,Coimbra,2021,7,33357.0
Coimbra,Coimbra,2021,8,49275.0
Coimbra,Coimbra,2021,9,42308.0
Coimbra,Coimbra,2021,10,49820.0
Coimbra,Coimbra,2021,11,39517.0
Coimbra,Coimbra,2021,12,31336.0
Coimbra,Coimbra,2022,1,23667.0
Coimbra,Coimbra,2022,2,31593.0
Coimbra,Coimbra,2022,3,40662.0
Coimbra,Coimbra,2022,4,57879.0
Coimbra,Coimbra,2022,5,63443.0
Coimbra,Coimbra,2022,6,60837.0
Coimbra,Coimbra,2022,7,68094.0
Coimbra,Coimbra,2022,8,82175.0
Coimbra,Coimbra,2022,9,70444.0
Coimbra,Coimbra,2022,10,65033.0
Coimbra,Coimbra,2022,11,45160.0
Coimbra,Coimbra,2022,12,43159.0
Coimbra,Coimbra,2023,1,36892.0
Coimbra,Coimbra,2023,2,35334.0
Coimbra,Coimbra,2023,3,44573.0
Coimbra,Coimbra,2023,4,60917.0
Coimbra,Coimbra,2023,5,72001.0
Coimbra,Coimbra,2023,6,59378.0
Coimbra,Coimbra,2023,7,66627.0
Coimbra,Coimbra,2023,8,80188.0
Coimbra,Coimbra,2023,9,74392.0
Coimbra,Coimbra,2023,10,64187.0
Coimbra,Coimbra,2023,11,43691.0
Coimbra,Coimbra,2023,12,45329.0
Coimbra,Coimbra,2024,1,37154.0
Coimbra,Coimbra,2024,2,37532.0
Coimbra,Coimbra,2024,3,52091.0
Coimbra,Coimbra,2024,4,59119.0
Coimbra,Coimbra,2024,5,71980.0
Coimbra,Coimbra,2024,6,66857.0
Coimbra,Coimbra,2024,7,67709.0
Coimbra,Coimbra,2024,8,79661.0
Coimbra,Coimbra,2024,9,75265.0
Coimbra,Coimbra,2024,10,67371.0
Coimbra,Coimbra,2024,11,50124.0
Coimbra,Coimbra,2024,12,43741.0
Coimbra,Coimbra,2025,1,35239.0
Coimbra,Coimbra,2025,2,36448.0
Coimbra,Coimbra,2025,3,48727.0
Coimbra,Coimbra,2025,4,64426.0
Coimbra,Coimbra,2025,5,72410.0
Coimbra,Coimbra,2025,6,61001.0
Coimbra,Coimbra,2025,7,72767.0
Coimbra,Coimbra,2025,8,74181.0
Coimbra,Coimbra,2025,9,70500.0
Coimbra,Coimbra,2025,10,68565.0
Coimbra,Coimbra,2025,11,50351.0
Coimbra,Coimbra,2025,12,44472.0
Coimbra,Coimbra,2026,1,37985.0
Coimbra,Coimbra,2026,2,33928.0
Coimbra,Coimbra,2026,3,50381.0
Coimbra,Coimbra,2026,4,55140.0
Coimbra,Coimbra,2026,5,70125.0
Coimbra,Coimbra,2026,6,58621.0
Coimbra,Coimbra,2026,7,67290.0
Condeixa-a-Nova,Coimbra,2020,1,426.0
Condeixa-a-Nova,Coimbra,2020,2,849.0
Condeixa-a-Nova,Coimbra,2020,3,285.0
Condeixa-a-Nova,Coimbra,2020,4,
Condeixa-a-Nova,Coimbra,2020,5,
Condeixa-a-Nova,Coimbra,2020,6,362.0
Condeixa-a-Nova,Coimbra,2020,7,475.0
Condeixa-a-Nova,Coimbra,2020,8,1683.0
Condeixa-a-Nova,Coimbra,2020,9,548.0
Condeixa-a-Nova,Coimbra,2020,10,
Condeixa-a-Nova,Coimbra,2020,11,
Condeixa-a-Nova,Coimbra,2020,12,
Condeixa-a-Nova,Coimbra,2021,1,
Condeixa-a-Nova,Coimbra,2021,2,
Condeixa-a-Nova,Coimbra,2021,3,
Condeixa-a-Nova,Coimbra,2021,4,
Condeixa-a-Nova,Coimbra,2021,5,185.0
Condeixa-a-Nova,Coimbra,2021,6,714.0
Condeixa-a-Nova,Coimbra,2021,7,562.0
Condeixa-a-Nova,Coimbra,2021,8,1864.0
Condeixa-a-Nova,Coimbra,2021,9,638.0
Condeixa-a-Nova,Coimbra,2021,10,893.0
Condeixa-a-Nova,Coimbra,2021,11,477.0
Condeixa-a-Nova,Coimbra,2021,12,344.0
Condeixa-a-Nova,Coimbra,2022,1,173.0
Condeixa-a-Nova,Coimbra,2022,2,650.0
Condeixa-a-Nova,Coimbra,2022,3,518.0
Condeixa-a-Nova,Coimbra,2022,4,936.0
Condeixa-a-Nova,Coimbra,2022,5,1161.0
Condeixa-a-Nova,Coimbra,2022,6,906.0
Condeixa-a-Nova,Coimbra,2022,7,1208.0
Condeixa-a-Nova,Coimbra,2022,8,2094.0
Condeixa-a-Nova,Coimbra,2022,9,1100.0
Condeixa-a-Nova,Coimbra,2022,10,1296.0
Condeixa-a-Nova,Coimbra,2022,11,
Condeixa-a-Nova,Coimbra,2022,12,
Condeixa-a-Nova,Coimbra,2023,1,779.0
Condeixa-a-Nova,Coimbra,2023,2,1086.0
Condeixa-a-Nova,Coimbra,2023,3,
Condeixa-a-Nova,Coimbra,2023,4,1783.0
Condeixa-a-Nova,Coimbra,2023,5,
Condeixa-a-Nova,Coimbra,2023,6,1014.0
Condeixa-a-Nova,Coimbra,2023,7,1264.0
Condeixa-a-Nova,Coimbra,2023,8,1866.0
Condeixa-a-Nova,Coimbra,2023,9,1352.0
Condeixa-a-Nova,Coimbra,2023,10,1043.0
Condeixa-a-Nova,Coimbra,2023,11,985.0
Condeixa-a-Nova,Coimbra,2023,12,1349.0
Condeixa-a-Nova,Coimbra,2024,1,938.0
Condeixa-a-Nova,Coimbra,2024,2,1055.0
Condeixa-a-Nova,Coimbra,2024,3,1437.0
Condeixa-a-Nova,Coimbra,2024,4,1539.0
Condeixa-a-Nova,Coimbra,2024,5,1441.0
Condeixa-a-Nova,Coimbra,2024,6,1440.0
Condeixa-a-Nova,Coimbra,2024,7,1188.0
Condeixa-a-Nova,Coimbra,2024,8,2277.0
Condeixa-a-Nova,Coimbra,2024,9,1834.0
Condeixa-a-Nova,Coimbra,2024,10,1749.0
Condeixa-a-Nova,Coimbra,2024,11,1627.0
Condeixa-a-Nova,Coimbra,2024,12,1491.0
Condeixa-a-Nova,Coimbra,2025,1,1418.0
Condeixa-a-Nova,Coimbra,2025,2,1265.0
Condeixa-a-Nova,Coimbra,2025,3,1390.0
Condeixa-a-Nova,Coimbra,2025,4,1877.0
Condeixa-a-Nova,Coimbra,2025,5,1989.0
Condeixa-a-Nova,Coimbra,2025,6,1590.0
Condeixa-a-Nova,Coimbra,2025,7,1687.0
Condeixa-a-Nova,Coimbra,2025,8,2446.0
Condeixa-a-Nova,Coimbra,2025,9,1949.0
Condeixa-a-Nova,Coimbra,2025,10,1781.0
Condeixa-a-Nova,Coimbra,2025,11,1766.0
Condeixa-a-Nova,Coimbra,2025,12,1411.0
Condeixa-a-Nova,Coimbra,2026,1,1480.0
Condeixa-a-Nova,Coimbra,2026,2,1122.0
Condeixa-a-Nova,Coimbra,2026,3,1603.0
Condeixa-a-Nova,Coimbra,2026,4,1551.0
Condeixa-a-Nova,Coimbra,2026,5,1797.0
Condeixa-a-Nova,Coimbra,2026,6,1509.0
Condeixa-a-Nova,Coimbra,2026,7,1755.0
Constância,Santarém,2020,1,
Constância,Santarém,2020,2,
Constância,Santarém,2020,3,
Constância,Santarém,2020,4,
Constância,Santarém,2020,5,
Constância,Santarém,2020,6,383.0
Constância,Santarém,2020,7,598.0
Constância,Santarém,2020,8,1043.0
Constância,Santarém,2020,9,683.0
Constância,Santarém,2020,10,
Constância,Santarém,2020,11,
Constância,Santarém,2020,12,
Constância,Santarém,2021,1,
Constância,Santarém,2021,2,
Constância,Santarém,2021,3,
Constância,Santarém,2021,4,
Constância,Santarém,2021,5,
Constância,Santarém,2021,6,
Constância,Santarém,2021,7,
Constância,Santarém,2021,8,
Constância,Santarém,2021,9,
Constância,Santarém,2021,10,
Constância,Santarém,2021,11,
Constância,Santarém,2021,12,
Constância,Santarém,2022,1,
Constância,Santarém,2022,2,
Constância,Santarém,2022,3,
Constância,Santarém,2022,4,714.0
Constância,Santarém,2022,5,562.0
Constância,Santarém,2022,6,610.0
Constância,Santarém,2022,7,747.0
Constância,Santarém,2022,8,1147.0
Constância,Santarém,2022,9,705.0
Constância,Santarém,2022,10,
Constância,Santarém,2022,11,647.0
Constância,Santarém,2022,12,582.0
Constância,Santarém,2023,1,
Constância,Santarém,2023,2,
Constância,Santarém,2023,3,
Constância,Santarém,2023,4,
Constância,Santarém,2023,5,
Constância,Santarém,2023,6,
Constância,Santarém,2023,7,
Constância,Santarém,2023,8,1002.0
Constância,Santarém,2023,9,
Constância,Santarém,2023,10,
Constância,Santarém,2023,11,
Constância,Santarém,2023,12,
Constância,Santarém,2024,1,338.0
Constância,Santarém,2024,2,419.0
Constância,Santarém,2024,3,732.0
Constância,Santarém,2024,4,696.0
Constância,Santarém,2024,5,695.0
Constância,Santarém,2024,6,709.0
Constância,Santarém,2024,7,889.0
Constância,Santarém,2024,8,1193.0
Constância,Santarém,2024,9,692.0
Constância,Santarém,2024,10,647.0
Constância,Santarém,2024,11,631.0
Constância,Santarém,2024,12,444.0
Constância,Santarém,2025,1,334.0
Constância,Santarém,2025,2,400.0
Constância,Santarém,2025,3,568.0
Constância,Santarém,2025,4,832.0
Constância,Santarém,2025,5,936.0
Constância,Santarém,2025,6,879.0
Constância,Santarém,2025,7,1043.0
Constância,Santarém,2025,8,1390.0
Constância,Santarém,2025,9,852.0
Constância,Santarém,2025,10,662.0
Constância,Santarém,2025,11,923.0
Constância,Santarém,2025,12,370.0
Constância,Santarém,2026,1,
Constância,Santarém,2026,2,
Constância,Santarém,2026,3,
Constância,Santarém,2026,4,
Constância,Santarém,2026,5,
Constância,Santarém,2026,6,
Constância,Santarém,2026,7,
Coruche,Santarém,2020,1,
Coruche,Santarém,2020,2,559.0
Coruche,Santarém,2020,3,368.0
Coruche,Santarém,2020,4,
Coruche,Santarém,2020,5,155.0
Coruche,Santarém,2020,6,634.0
Coruche,Santarém,2020,7,1212.0
Coruche,Santarém,2020,8,1698.0
Coruche,Santarém,2020,9,911.0
Coruche,Santarém,2020,10,727.0
Coruche,Santarém,2020,11,
Coruche,Santarém,2020,12,361.0
Coruche,Santarém,2021,1,441.0
Coruche,Santarém,2021,2,327.0
Coruche,Santarém,2021,3,406.0
Coruche,Santarém,2021,4,707.0
Coruche,Santarém,2021,5,691.0
Coruche,Santarém,2021,6,1036.0
Coruche,Santarém,2021,7,1478.0
Coruche,Santarém,2021,8,1596.0
Coruche,Santarém,2021,9,998.0
Coruche,Santarém,2021,10,906.0
Coruche,Santarém,2021,11,864.0
Coruche,Santarém,2021,12,471.0
Coruche,Santarém,2022,1,349.0
Coruche,Santarém,2022,2,513.0
Coruche,Santarém,2022,3,712.0
Coruche,Santarém,2022,4,960.0
Coruche,Santarém,2022,5,1042.0
Coruche,Santarém,2022,6,812.0
Coruche,Santarém,2022,7,1505.0
Coruche,Santarém,2022,8,1994.0
Coruche,Santarém,2022,9,1058.0
Coruche,Santarém,2022,10,754.0
Coruche,Santarém,2022,11,592.0
Coruche,Santarém,2022,12,925.0
Coruche,Santarém,2023,1,498.0
Coruche,Santarém,2023,2,798.0
Coruche,Santarém,2023,3,602.0
Coruche,Santarém,2023,4,707.0
Coruche,Santarém,2023,5,1159.0
Coruche,Santarém,2023,6,1447.0
Coruche,Santarém,2023,7,1918.0
Coruche,Santarém,2023,8,2810.0
Coruche,Santarém,2023,9,1268.0
Coruche,Santarém,2023,10,1233.0
Coruche,Santarém,2023,11,574.0
Coruche,Santarém,2023,12,923.0
Coruche,Santarém,2024,1,640.0
Coruche,Santarém,2024,2,587.0
Coruche,Santarém,2024,3,779.0
Coruche,Santarém,2024,4,1087.0
Coruche,Santarém,2024,5,1201.0
Coruche,Santarém,2024,6,1880.0
Coruche,Santarém,2024,7,2776.0
Coruche,Santarém,2024,8,3372.0
Coruche,Santarém,2024,9,1929.0
Coruche,Santarém,2024,10,1517.0
Coruche,Santarém,2024,11,1276.0
Coruche,Santarém,2024,12,1060.0
Coruche,Santarém,2025,1,916.0
Coruche,Santarém,2025,2,927.0
Coruche,Santarém,2025,3,1088.0
Coruche,Santarém,2025,4,1541.0
Coruche,Santarém,2025,5,1962.0
Coruche,Santarém,2025,6,2065.0
Coruche,Santarém,2025,7,2673.0
Coruche,Santarém,2025,8,4387.0
Coruche,Santarém,2025,9,2737.0
Coruche,Santarém,2025,10,1634.0
Coruche,Santarém,2025,11,1492.0
Coruche,Santarém,2025,12,1361.0
Coruche,Santarém,2026,1,1145.0
Coruche,Santarém,2026,2,1225.0
Coruche,Santarém,2026,3,1722.0
Coruche,Santarém,2026,4,1931.0
Coruche,Santarém,2026,5,2235.0
Coruche,Santarém,2026,6,2158.0
Coruche,Santarém,2026,7,2847.0
Corvo,Região Autónoma dos Açores,2020,1,71.0
Corvo,Região Autónoma dos Açores,2020,2,79.0
Corvo,Região Autónoma dos Açores,2020,3,73.0
Corvo,Região Autónoma dos Açores,2020,4,
Corvo,Região Autónoma dos Açores,2020,5,
Corvo,Região Autónoma dos Açores,2020,6,69.0
Corvo,Região Autónoma dos Açores,2020,7,164.0
Corvo,Região Autónoma dos Açores,2020,8,251.0
Corvo,Região Autónoma dos Açores,2020,9,221.0
Corvo,Região Autónoma dos Açores,2020,10,118.0
Corvo,Região Autónoma dos Açores,2020,11,93.0
Corvo,Região Autónoma dos Açores,2020,12,27.0
Corvo,Região Autónoma dos Açores,2021,1,
Corvo,Região Autónoma dos Açores,2021,2,
Corvo,Região Autónoma dos Açores,2021,3,
Corvo,Região Autónoma dos Açores,2021,4,
Corvo,Região Autónoma dos Açores,2021,5,
Corvo,Região Autónoma dos Açores,2021,6,
Corvo,Região Autónoma dos Açores,2021,7,
Corvo,Região Autónoma dos Açores,2021,8,
Corvo,Região Autónoma dos Açores,2021,9,
Corvo,Região Autónoma dos Açores,2021,10,
Corvo,Região Autónoma dos Açores,2021,11,
Corvo,Região Autónoma dos Açores,2021,12,
Corvo,Região Autónoma dos Açores,2022,1,
Corvo,Região Autónoma dos Açores,2022,2,
Corvo,Região Autónoma dos Açores,2022,3,
Corvo,Região Autónoma dos Açores,2022,4,
Corvo,Região Autónoma dos Açores,2022,5,
Corvo,Região Autónoma dos Açores,2022,6,
Corvo,Região Autónoma dos Açores,2022,7,
Corvo,Região Autónoma dos Açores,2022,8,
Corvo,Região Autónoma dos Açores,2022,9,
Corvo,Região Autónoma dos Açores,2022,10,
Corvo,Região Autónoma dos Açores,2022,11,
Corvo,Região Autónoma dos Açores,2022,12,
Corvo,Região Autónoma dos Açores,2023,1,
Corvo,Região Autónoma dos Açores,2023,2,
Corvo,Região Autónoma dos Açores,2023,3,
Corvo,Região Autónoma dos Açores,2023,4,
Corvo,Região Autónoma dos Açores,2023,5,
Corvo,Região Autónoma dos Açores,2023,6,
Corvo,Região Autónoma dos Açores,2023,7,
Corvo,Região Autónoma dos Açores,2023,8,
Corvo,Região Autónoma dos Açores,2023,9,
Corvo,Região Autónoma dos Açores,2023,10,
Corvo,Região Autónoma dos Açores,2023,11,
Corvo,Região Autónoma dos Açores,2023,12,
Corvo,Região Autónoma dos Açores,2024,1,105.0
Corvo,Região Autónoma dos Açores,2024,2,198.0
Corvo,Região Autónoma dos Açores,2024,3,220.0
Corvo,Região Autónoma dos Açores,2024,4,188.0
Corvo,Região Autónoma dos Açores,2024,5,427.0
Corvo,Região Autónoma dos Açores,2024,6,446.0
Corvo,Região Autónoma dos Açores,2024,7,568.0
Corvo,Região Autónoma dos Açores,2024,8,683.0
Corvo,Região Autónoma dos Açores,2024,9,587.0
Corvo,Região Autónoma dos Açores,2024,10,534.0
Corvo,Região Autónoma dos Açores,2024,11,190.0
Corvo,Região Autónoma dos Açores,2024,12,41.0
Corvo,Região Autónoma dos Açores,2025,1,81.0
Corvo,Região Autónoma dos Açores,2025,2,175.0
Corvo,Região Autónoma dos Açores,2025,3,236.0
Corvo,Região Autónoma dos Açores,2025,4,343.0
Corvo,Região Autónoma dos Açores,2025,5,406.0
Corvo,Região Autónoma dos Açores,2025,6,494.0
Corvo,Região Autónoma dos Açores,2025,7,570.0
Corvo,Região Autónoma dos Açores,2025,8,581.0
Corvo,Região Autónoma dos Açores,2025,9,441.0
Corvo,Região Autónoma dos Açores,2025,10,
Corvo,Região Autónoma dos Açores,2025,11,
Corvo,Região Autónoma dos Açores,2025,12,22.0
Corvo,Região Autónoma dos Açores,2026,1,
Corvo,Região Autónoma dos Açores,2026,2,
Corvo,Região Autónoma dos Açores,2026,3,
Corvo,Região Autónoma dos Açores,2026,4,
Corvo,Região Autónoma dos Açores,2026,5,
Corvo,Região Autónoma dos Açores,2026,6,
Corvo,Região Autónoma dos Açores,2026,7,
Covilhã,Castelo Branco,2020,1,27158.0
Covilhã,Castelo Branco,2020,2,29592.0
Covilhã,Castelo Branco,2020,3,9518.0
Covilhã,Castelo Branco,2020,4,940.0
Covilhã,Castelo Branco,2020,5,1330.0
Covilhã,Castelo Branco,2020,6,5581.0
Covilhã,Castelo Branco,2020,7,15029.0
Covilhã,Castelo Branco,2020,8,30438.0
Covilhã,Castelo Branco,2020,9,19311.0
Covilhã,Castelo Branco,2020,10,17166.0
Covilhã,Castelo Branco,2020,11,8321.0
Covilhã,Castelo Branco,2020,12,13638.0
Covilhã,Castelo Branco,2021,1,9713.0
Covilhã,Castelo Branco,2021,2,2248.0
Covilhã,Castelo Branco,2021,3,2846.0
Covilhã,Castelo Branco,2021,4,6890.0
Covilhã,Castelo Branco,2021,5,15046.0
Covilhã,Castelo Branco,2021,6,19120.0
Covilhã,Castelo Branco,2021,7,24327.0
Covilhã,Castelo Branco,2021,8,36361.0
Covilhã,Castelo Branco,2021,9,24621.0
Covilhã,Castelo Branco,2021,10,25280.0
Covilhã,Castelo Branco,2021,11,23646.0
Covilhã,Castelo Branco,2021,12,26176.0
Covilhã,Castelo Branco,2022,1,26422.0
Covilhã,Castelo Branco,2022,2,26251.0
Covilhã,Castelo Branco,2022,3,22723.0
Covilhã,Castelo Branco,2022,4,27417.0
Covilhã,Castelo Branco,2022,5,18471.0
Covilhã,Castelo Branco,2022,6,21548.0
Covilhã,Castelo Branco,2022,7,25522.0
Covilhã,Castelo Branco,2022,8,36425.0
Covilhã,Castelo Branco,2022,9,23346.0
Covilhã,Castelo Branco,2022,10,22157.0
Covilhã,Castelo Branco,2022,11,21382.0
Covilhã,Castelo Branco,2022,12,25301.0
Covilhã,Castelo Branco,2023,1,28898.0
Covilhã,Castelo Branco,2023,2,33536.0
Covilhã,Castelo Branco,2023,3,22270.0
Covilhã,Castelo Branco,2023,4,24703.0
Covilhã,Castelo Branco,2023,5,19711.0
Covilhã,Castelo Branco,2023,6,24127.0
Covilhã,Castelo Branco,2023,7,26797.0
Covilhã,Castelo Branco,2023,8,38530.0
Covilhã,Castelo Branco,2023,9,25435.0
Covilhã,Castelo Branco,2023,10,23042.0
Covilhã,Castelo Branco,2023,11,23681.0
Covilhã,Castelo Branco,2023,12,33047.0
Covilhã,Castelo Branco,2024,1,31192.0
Covilhã,Castelo Branco,2024,2,30578.0
Covilhã,Castelo Branco,2024,3,32000.0
Covilhã,Castelo Branco,2024,4,24228.0
Covilhã,Castelo Branco,2024,5,21772.0
Covilhã,Castelo Branco,2024,6,22056.0
Covilhã,Castelo Branco,2024,7,26566.0
Covilhã,Castelo Branco,2024,8,41326.0
Covilhã,Castelo Branco,2024,9,27474.0
Covilhã,Castelo Branco,2024,10,24630.0
Covilhã,Castelo Branco,2024,11,27424.0
Covilhã,Castelo Branco,2024,12,30414.0
Covilhã,Castelo Branco,2025,1,33010.0
Covilhã,Castelo Branco,2025,2,29963.0
Covilhã,Castelo Branco,2025,3,31157.0
Covilhã,Castelo Branco,2025,4,30756.0
Covilhã,Castelo Branco,2025,5,23559.0
Covilhã,Castelo Branco,2025,6,24174.0
Covilhã,Castelo Branco,2025,7,28382.0
Covilhã,Castelo Branco,2025,8,38470.0
Covilhã,Castelo Branco,2025,9,26799.0
Covilhã,Castelo Branco,2025,10,22659.0
Covilhã,Castelo Branco,2025,11,24166.0
Covilhã,Castelo Branco,2025,12,35927.0
Covilhã,Castelo Branco,2026,1,39233.0
Covilhã,Castelo Branco,2026,2,32472.0
Covilhã,Castelo Branco,2026,3,25801.0
Covilhã,Castelo Branco,2026,4,24217.0
Covilhã,Castelo Branco,2026,5,22321.0
Covilhã,Castelo Branco,2026,6,24221.0
Covilhã,Castelo Branco,2026,7,26646.0
Crato,Portalegre,2020,1,501.0
Crato,Portalegre,2020,2,684.0
Crato,Portalegre,2020,3,137.0
Crato,Portalegre,2020,4,
Crato,Portalegre,2020,5,
Crato,Portalegre,2020,6,328.0
Crato,Portalegre,2020,7,1516.0
Crato,Portalegre,2020,8,2278.0
Crato,Portalegre,2020,9,
Crato,Portalegre,2020,10,
Crato,Portalegre,2020,11,131.0
Crato,Portalegre,2020,12,
Crato,Portalegre,2021,1,
Crato,Portalegre,2021,2,
Crato,Portalegre,2021,3,26.0
Crato,Portalegre,2021,4,228.0
Crato,Portalegre,2021,5,524.0
Crato,Portalegre,2021,6,1713.0
Crato,Portalegre,2021,7,1794.0
Crato,Portalegre,2021,8,3023.0
Crato,Portalegre,2021,9,1758.0
Crato,Portalegre,2021,10,1580.0
Crato,Portalegre,2021,11,568.0
Crato,Portalegre,2021,12,659.0
Crato,Portalegre,2022,1,89.0
Crato,Portalegre,2022,2,400.0
Crato,Portalegre,2022,3,377.0
Crato,Portalegre,2022,4,1541.0
Crato,Portalegre,2022,5,1058.0
Crato,Portalegre,2022,6,1325.0
Crato,Portalegre,2022,7,1981.0
Crato,Portalegre,2022,8,2781.0
Crato,Portalegre,2022,9,1277.0
Crato,Portalegre,2022,10,1286.0
Crato,Portalegre,2022,11,831.0
Crato,Portalegre,2022,12,920.0
Crato,Portalegre,2023,1,89.0
Crato,Portalegre,2023,2,803.0
Crato,Portalegre,2023,3,712.0
Crato,Portalegre,2023,4,1410.0
Crato,Portalegre,2023,5,1097.0
Crato,Portalegre,2023,6,1373.0
Crato,Portalegre,2023,7,1626.0
Crato,Portalegre,2023,8,2802.0
Crato,Portalegre,2023,9,1522.0
Crato,Portalegre,2023,10,1285.0
Crato,Portalegre,2023,11,
Crato,Portalegre,2023,12,
Crato,Portalegre,2024,1,148.0
Crato,Portalegre,2024,2,728.0
Crato,Portalegre,2024,3,998.0
Crato,Portalegre,2024,4,990.0
Crato,Portalegre,2024,5,1238.0
Crato,Portalegre,2024,6,1570.0
Crato,Portalegre,2024,7,1361.0
Crato,Portalegre,2024,8,2531.0
Crato,Portalegre,2024,9,1389.0
Crato,Portalegre,2024,10,1177.0
Crato,Portalegre,2024,11,829.0
Crato,Portalegre,2024,12,789.0
Crato,Portalegre,2025,1,121.0
Crato,Portalegre,2025,2,690.0
Crato,Portalegre,2025,3,946.0
Crato,Portalegre,2025,4,1233.0
Crato,Portalegre,2025,5,1389.0
Crato,Portalegre,2025,6,1950.0
Crato,Portalegre,2025,7,1539.0
Crato,Portalegre,2025,8,2602.0
Crato,Portalegre,2025,9,1579.0
Crato,Portalegre,2025,10,1283.0
Crato,Portalegre,2025,11,915.0
Crato,Portalegre,2025,12,986.0
Crato,Portalegre,2026,1,249.0
Crato,Portalegre,2026,2,829.0
Crato,Portalegre,2026,3,1166.0
Crato,Portalegre,2026,4,1341.0
Crato,Portalegre,2026,5,1394.0
Crato,Portalegre,2026,6,1723.0
Crato,Portalegre,2026,7,1641.0
Cuba,Beja,2020,1,410.0
Cuba,Beja,2020,2,622.0
Cuba,Beja,2020,3,
Cuba,Beja,2020,4,
Cuba,Beja,2020,5,
Cuba,Beja,2020,6,426.0
Cuba,Beja,2020,7,531.0
Cuba,Beja,2020,8,900.0
Cuba,Beja,2020,9,
Cuba,Beja,2020,10,
Cuba,Beja,2020,11,224.0
Cuba,Beja,2020,12,
Cuba,Beja,2021,1,
Cuba,Beja,2021,2,
Cuba,Beja,2021,3,
Cuba,Beja,2021,4,
Cuba,Beja,2021,5,
Cuba,Beja,2021,6,
Cuba,Beja,2021,7,1054.0
Cuba,Beja,2021,8,1624.0
Cuba,Beja,2021,9,1061.0
Cuba,Beja,2021,10,726.0
Cuba,Beja,2021,11,439.0
Cuba,Beja,2021,12,499.0
Cuba,Beja,2022,1,455.0
Cuba,Beja,2022,2,776.0
Cuba,Beja,2022,3,238.0
Cuba,Beja,2022,4,817.0
Cuba,Beja,2022,5,600.0
Cuba,Beja,2022,6,849.0
Cuba,Beja,2022,7,1393.0
Cuba,Beja,2022,8,2119.0
Cuba,Beja,2022,9,1034.0
Cuba,Beja,2022,10,745.0
Cuba,Beja,2022,11,334.0
Cuba,Beja,2022,12,249.0
Cuba,Beja,2023,1,368.0
Cuba,Beja,2023,2,547.0
Cuba,Beja,2023,3,350.0
Cuba,Beja,2023,4,652.0
Cuba,Beja,2023,5,521.0
Cuba,Beja,2023,6,1013.0
Cuba,Beja,2023,7,1249.0
Cuba,Beja,2023,8,1568.0
Cuba,Beja,2023,9,1137.0
Cuba,Beja,2023,10,373.0
Cuba,Beja,2023,11,475.0
Cuba,Beja,2023,12,369.0
Cuba,Beja,2024,1,462.0
Cuba,Beja,2024,2,629.0
Cuba,Beja,2024,3,478.0
Cuba,Beja,2024,4,583.0
Cuba,Beja,2024,5,696.0
Cuba,Beja,2024,6,734.0
Cuba,Beja,2024,7,733.0
Cuba,Beja,2024,8,1288.0
Cuba,Beja,2024,9,632.0
Cuba,Beja,2024,10,706.0
Cuba,Beja,2024,11,513.0
Cuba,Beja,2024,12,224.0
Cuba,Beja,2025,1,152.0
Cuba,Beja,2025,2,349.0
Cuba,Beja,2025,3,170.0
Cuba,Beja,2025,4,444.0
Cuba,Beja,2025,5,661.0
Cuba,Beja,2025,6,700.0
Cuba,Beja,2025,7,1322.0
Cuba,Beja,2025,8,1390.0
Cuba,Beja,2025,9,859.0
Cuba,Beja,2025,10,431.0
Cuba,Beja,2025,11,584.0
Cuba,Beja,2025,12,277.0
Cuba,Beja,2026,1,
Cuba,Beja,2026,2,292.0
Cuba,Beja,2026,3,
Cuba,Beja,2026,4,633.0
Cuba,Beja,2026,5,910.0
Cuba,Beja,2026,6,649.0
Cuba,Beja,2026,7,951.0
Câmara de Lobos,Região Autónoma da Madeira,2020,1,10965.0
Câmara de Lobos,Região Autónoma da Madeira,2020,2,12411.0
Câmara de Lobos,Região Autónoma da Madeira,2020,3,7595.0
Câmara de Lobos,Região Autónoma da Madeira,2020,4,
Câmara de Lobos,Região Autónoma da Madeira,2020,5,
Câmara de Lobos,Região Autónoma da Madeira,2020,6,
Câmara de Lobos,Região Autónoma da Madeira,2020,7,788.0
Câmara de Lobos,Região Autónoma da Madeira,2020,8,2784.0
Câmara de Lobos,Região Autónoma da Madeira,2020,9,3638.0
Câmara de Lobos,Região Autónoma da Madeira,2020,10,3498.0
Câmara de Lobos,Região Autónoma da Madeira,2020,11,1007.0
Câmara de Lobos,Região Autónoma da Madeira,2020,12,2227.0
Câmara de Lobos,Região Autónoma da Madeira,2021,1,1460.0
Câmara de Lobos,Região Autónoma da Madeira,2021,2,710.0
Câmara de Lobos,Região Autónoma da Madeira,2021,3,1179.0
Câmara de Lobos,Região Autónoma da Madeira,2021,4,915.0
Câmara de Lobos,Região Autónoma da Madeira,2021,5,1175.0
Câmara de Lobos,Região Autónoma da Madeira,2021,6,2084.0
Câmara de Lobos,Região Autónoma da Madeira,2021,7,9543.0
Câmara de Lobos,Região Autónoma da Madeira,2021,8,15863.0
Câmara de Lobos,Região Autónoma da Madeira,2021,9,9903.0
Câmara de Lobos,Região Autónoma da Madeira,2021,10,10639.0
Câmara de Lobos,Região Autónoma da Madeira,2021,11,8017.0
Câmara de Lobos,Região Autónoma da Madeira,2021,12,6358.0
Câmara de Lobos,Região Autónoma da Madeira,2022,1,7839.0
Câmara de Lobos,Região Autónoma da Madeira,2022,2,7847.0
Câmara de Lobos,Região Autónoma da Madeira,2022,3,11179.0
Câmara de Lobos,Região Autónoma da Madeira,2022,4,17914.0
Câmara de Lobos,Região Autónoma da Madeira,2022,5,17962.0
Câmara de Lobos,Região Autónoma da Madeira,2022,6,17466.0
Câmara de Lobos,Região Autónoma da Madeira,2022,7,20951.0
Câmara de Lobos,Região Autónoma da Madeira,2022,8,25139.0
Câmara de Lobos,Região Autónoma da Madeira,2022,9,21170.0
Câmara de Lobos,Região Autónoma da Madeira,2022,10,16622.0
Câmara de Lobos,Região Autónoma da Madeira,2022,11,11699.0
Câmara de Lobos,Região Autónoma da Madeira,2022,12,11009.0
Câmara de Lobos,Região Autónoma da Madeira,2023,1,11058.0
Câmara de Lobos,Região Autónoma da Madeira,2023,2,16014.0
Câmara de Lobos,Região Autónoma da Madeira,2023,3,19209.0
Câmara de Lobos,Região Autónoma da Madeira,2023,4,20064.0
Câmara de Lobos,Região Autónoma da Madeira,2023,5,20356.0
Câmara de Lobos,Região Autónoma da Madeira,2023,6,19208.0
Câmara de Lobos,Região Autónoma da Madeira,2023,7,23207.0
Câmara de Lobos,Região Autónoma da Madeira,2023,8,26118.0
Câmara de Lobos,Região Autónoma da Madeira,2023,9,21767.0
Câmara de Lobos,Região Autónoma da Madeira,2023,10,18841.0
Câmara de Lobos,Região Autónoma da Madeira,2023,11,13112.0
Câmara de Lobos,Região Autónoma da Madeira,2023,12,10480.0
Câmara de Lobos,Região Autónoma da Madeira,2024,1,11935.0
Câmara de Lobos,Região Autónoma da Madeira,2024,2,16373.0
Câmara de Lobos,Região Autónoma da Madeira,2024,3,18393.0
Câmara de Lobos,Região Autónoma da Madeira,2024,4,18259.0
Câmara de Lobos,Região Autónoma da Madeira,2024,5,20975.0
Câmara de Lobos,Região Autónoma da Madeira,2024,6,18822.0
Câmara de Lobos,Região Autónoma da Madeira,2024,7,23532.0
Câmara de Lobos,Região Autónoma da Madeira,2024,8,24835.0
Câmara de Lobos,Região Autónoma da Madeira,2024,9,21621.0
Câmara de Lobos,Região Autónoma da Madeira,2024,10,20643.0
Câmara de Lobos,Região Autónoma da Madeira,2024,11,15011.0
Câmara de Lobos,Região Autónoma da Madeira,2024,12,11825.0
Câmara de Lobos,Região Autónoma da Madeira,2025,1,14652.0
Câmara de Lobos,Região Autónoma da Madeira,2025,2,17081.0
Câmara de Lobos,Região Autónoma da Madeira,2025,3,20701.0
Câmara de Lobos,Região Autónoma da Madeira,2025,4,21400.0
Câmara de Lobos,Região Autónoma da Madeira,2025,5,21472.0
Câmara de Lobos,Região Autónoma da Madeira,2025,6,20296.0
Câmara de Lobos,Região Autónoma da Madeira,2025,7,24980.0
Câmara de Lobos,Região Autónoma da Madeira,2025,8,26394.0
Câmara de Lobos,Região Autónoma da Madeira,2025,9,22295.0
Câmara de Lobos,Região Autónoma da Madeira,2025,10,21144.0
Câmara de Lobos,Região Autónoma da Madeira,2025,11,14715.0
Câmara de Lobos,Região Autónoma da Madeira,2025,12,12285.0
Câmara de Lobos,Região Autónoma da Madeira,2026,1,15454.0
Câmara de Lobos,Região Autónoma da Madeira,2026,2,17031.0
Câmara de Lobos,Região Autónoma da Madeira,2026,3,19382.0
Câmara de Lobos,Região Autónoma da Madeira,2026,4,20080.0
Câmara de Lobos,Região Autónoma da Madeira,2026,5,19441.0
Câmara de Lobos,Região Autónoma da Madeira,2026,6,18191.0
Câmara de Lobos,Região Autónoma da Madeira,2026,7,22147.0
Elvas,Portalegre,2020,1,6155.0
Elvas,Portalegre,2020,2,7815.0
Elvas,Portalegre,2020,3,3308.0
Elvas,Portalegre,2020,4,232.0
Elvas,Portalegre,2020,5,619.0
Elvas,Portalegre,2020,6,2025.0
Elvas,Portalegre,2020,7,6605.0
Elvas,Portalegre,2020,8,16586.0
Elvas,Portalegre,2020,9,9619.0
Elvas,Portalegre,2020,10,6189.0
Elvas,Portalegre,2020,11,2128.0
Elvas,Portalegre,2020,12,1738.0
Elvas,Portalegre,2021,1,1086.0
Elvas,Portalegre,2021,2,678.0
Elvas,Portalegre,2021,3,1613.0
Elvas,Portalegre,2021,4,2231.0
Elvas,Portalegre,2021,5,6261.0
Elvas,Portalegre,2021,6,9542.0
Elvas,Portalegre,2021,7,10974.0
Elvas,Portalegre,2021,8,18052.0
Elvas,Portalegre,2021,9,13245.0
Elvas,Portalegre,2021,10,11969.0
Elvas,Portalegre,2021,11,8757.0
Elvas,Portalegre,2021,12,6283.0
Elvas,Portalegre,2022,1,4127.0
Elvas,Portalegre,2022,2,7494.0
Elvas,Portalegre,2022,3,8003.0
Elvas,Portalegre,2022,4,10204.0
Elvas,Portalegre,2022,5,9885.0
Elvas,Portalegre,2022,6,11696.0
Elvas,Portalegre,2022,7,12997.0
Elvas,Portalegre,2022,8,20631.0
Elvas,Portalegre,2022,9,13590.0
Elvas,Portalegre,2022,10,10441.0
Elvas,Portalegre,2022,11,6577.0
Elvas,Portalegre,2022,12,7544.0
Elvas,Portalegre,2023,1,6062.0
Elvas,Portalegre,2023,2,7531.0
Elvas,Portalegre,2023,3,8016.0
Elvas,Portalegre,2023,4,13936.0
Elvas,Portalegre,2023,5,8496.0
Elvas,Portalegre,2023,6,9576.0
Elvas,Portalegre,2023,7,12002.0
Elvas,Portalegre,2023,8,20302.0
Elvas,Portalegre,2023,9,14638.0
Elvas,Portalegre,2023,10,10925.0
Elvas,Portalegre,2023,11,8000.0
Elvas,Portalegre,2023,12,9117.0
Elvas,Portalegre,2024,1,6315.0
Elvas,Portalegre,2024,2,7403.0
Elvas,Portalegre,2024,3,11378.0
Elvas,Portalegre,2024,4,10927.0
Elvas,Portalegre,2024,5,12162.0
Elvas,Portalegre,2024,6,12748.0
Elvas,Portalegre,2024,7,12809.0
Elvas,Portalegre,2024,8,19066.0
Elvas,Portalegre,2024,9,14106.0
Elvas,Portalegre,2024,10,11675.0
Elvas,Portalegre,2024,11,10770.0
Elvas,Portalegre,2024,12,9532.0
Elvas,Portalegre,2025,1,7409.0
Elvas,Portalegre,2025,2,7723.0
Elvas,Portalegre,2025,3,9516.0
Elvas,Portalegre,2025,4,12891.0
Elvas,Portalegre,2025,5,13308.0
Elvas,Portalegre,2025,6,12456.0
Elvas,Portalegre,2025,7,12904.0
Elvas,Portalegre,2025,8,19503.0
Elvas,Portalegre,2025,9,15062.0
Elvas,Portalegre,2025,10,11178.0
Elvas,Portalegre,2025,11,9557.0
Elvas,Portalegre,2025,12,9319.0
Elvas,Portalegre,2026,1,6064.0
Elvas,Portalegre,2026,2,7457.0
Elvas,Portalegre,2026,3,10029.0
Elvas,Portalegre,2026,4,11330.0
Elvas,Portalegre,2026,5,11173.0
Elvas,Portalegre,2026,6,11263.0
Elvas,Portalegre,2026,7,11776.0
Entroncamento,Santarém,2020,1,1160.0
Entroncamento,Santarém,2020,2,1243.0
Entroncamento,Santarém,2020,3,869.0
Entroncamento,Santarém,2020,4,346.0
Entroncamento,Santarém,2020,5,755.0
Entroncamento,Santarém,2020,6,940.0
Entroncamento,Santarém,2020,7,1179.0
Entroncamento,Santarém,2020,8,1055.0
Entroncamento,Santarém,2020,9,1090.0
Entroncamento,Santarém,2020,10,909.0
Entroncamento,Santarém,2020,11,1367.0
Entroncamento,Santarém,2020,12,779.0
Entroncamento,Santarém,2021,1,
Entroncamento,Santarém,2021,2,
Entroncamento,Santarém,2021,3,
Entroncamento,Santarém,2021,4,
Entroncamento,Santarém,2021,5,
Entroncamento,Santarém,2021,6,
Entroncamento,Santarém,2021,7,
Entroncamento,Santarém,2021,8,
Entroncamento,Santarém,2021,9,
Entroncamento,Santarém,2021,10,
Entroncamento,Santarém,2021,11,
Entroncamento,Santarém,2021,12,
Entroncamento,Santarém,2022,1,
Entroncamento,Santarém,2022,2,
Entroncamento,Santarém,2022,3,
Entroncamento,Santarém,2022,4,
Entroncamento,Santarém,2022,5,
Entroncamento,Santarém,2022,6,
Entroncamento,Santarém,2022,7,
Entroncamento,Santarém,2022,8,
Entroncamento,Santarém,2022,9,
Entroncamento,Santarém,2022,10,
Entroncamento,Santarém,2022,11,
Entroncamento,Santarém,2022,12,
Entroncamento,Santarém,2023,1,
Entroncamento,Santarém,2023,2,
Entroncamento,Santarém,2023,3,
Entroncamento,Santarém,2023,4,
Entroncamento,Santarém,2023,5,
Entroncamento,Santarém,2023,6,
Entroncamento,Santarém,2023,7,
Entroncamento,Santarém,2023,8,
Entroncamento,Santarém,2023,9,
Entroncamento,Santarém,2023,10,
Entroncamento,Santarém,2023,11,
Entroncamento,Santarém,2023,12,
Entroncamento,Santarém,2024,1,975.0
Entroncamento,Santarém,2024,2,1119.0
Entroncamento,Santarém,2024,3,1118.0
Entroncamento,Santarém,2024,4,1434.0
Entroncamento,Santarém,2024,5,1521.0
Entroncamento,Santarém,2024,6,1671.0
Entroncamento,Santarém,2024,7,1765.0
Entroncamento,Santarém,2024,8,1670.0
Entroncamento,Santarém,2024,9,1816.0
Entroncamento,Santarém,2024,10,1635.0
Entroncamento,Santarém,2024,11,1572.0
Entroncamento,Santarém,2024,12,1882.0
Entroncamento,Santarém,2025,1,
Entroncamento,Santarém,2025,2,
Entroncamento,Santarém,2025,3,
Entroncamento,Santarém,2025,4,
Entroncamento,Santarém,2025,5,
Entroncamento,Santarém,2025,6,
Entroncamento,Santarém,2025,7,
Entroncamento,Santarém,2025,8,
Entroncamento,Santarém,2025,9,
Entroncamento,Santarém,2025,10,
Entroncamento,Santarém,2025,11,
Entroncamento,Santarém,2025,12,
Entroncamento,Santarém,2026,1,
Entroncamento,Santarém,2026,2,
Entroncamento,Santarém,2026,3,
Entroncamento,Santarém,2026,4,
Entroncamento,Santarém,2026,5,
Entroncamento,Santarém,2026,6,
Entroncamento,Santarém,2026,7,
Espinho,Aveiro,2020,1,5122.0
Espinho,Aveiro,2020,2,5391.0
Espinho,Aveiro,2020,3,1476.0
Espinho,Aveiro,2020,4,
Espinho,Aveiro,2020,5,
Espinho,Aveiro,2020,6,1245.0
Espinho,Aveiro,2020,7,3975.0
Espinho,Aveiro,2020,8,11439.0
Espinho,Aveiro,2020,9,5950.0
Espinho,Aveiro,2020,10,3739.0
Espinho,Aveiro,2020,11,
Espinho,Aveiro,2020,12,1604.0
Espinho,Aveiro,2021,1,1368.0
Espinho,Aveiro,2021,2,725.0
Espinho,Aveiro,2021,3,1142.0
Espinho,Aveiro,2021,4,1210.0
Espinho,Aveiro,2021,5,2777.0
Espinho,Aveiro,2021,6,3664.0
Espinho,Aveiro,2021,7,4876.0
Espinho,Aveiro,2021,8,10068.0
Espinho,Aveiro,2021,9,4902.0
Espinho,Aveiro,2021,10,5529.0
Espinho,Aveiro,2021,11,4103.0
Espinho,Aveiro,2021,12,5081.0
Espinho,Aveiro,2022,1,2883.0
Espinho,Aveiro,2022,2,4108.0
Espinho,Aveiro,2022,3,5112.0
Espinho,Aveiro,2022,4,8308.0
Espinho,Aveiro,2022,5,8989.0
Espinho,Aveiro,2022,6,10233.0
Espinho,Aveiro,2022,7,11848.0
Espinho,Aveiro,2022,8,14035.0
Espinho,Aveiro,2022,9,12997.0
Espinho,Aveiro,2022,10,10583.0
Espinho,Aveiro,2022,11,6256.0
Espinho,Aveiro,2022,12,8528.0
Espinho,Aveiro,2023,1,5857.0
Espinho,Aveiro,2023,2,6555.0
Espinho,Aveiro,2023,3,5926.0
Espinho,Aveiro,2023,4,11998.0
Espinho,Aveiro,2023,5,13070.0
Espinho,Aveiro,2023,6,13372.0
Espinho,Aveiro,2023,7,18962.0
Espinho,Aveiro,2023,8,20224.0
Espinho,Aveiro,2023,9,15698.0
Espinho,Aveiro,2023,10,11632.0
Espinho,Aveiro,2023,11,7398.0
Espinho,Aveiro,2023,12,9830.0
Espinho,Aveiro,2024,1,5875.0
Espinho,Aveiro,2024,2,6659.0
Espinho,Aveiro,2024,3,9057.0
Espinho,Aveiro,2024,4,10163.0
Espinho,Aveiro,2024,5,13037.0
Espinho,Aveiro,2024,6,13627.0
Espinho,Aveiro,2024,7,19451.0
Espinho,Aveiro,2024,8,22114.0
Espinho,Aveiro,2024,9,15969.0
Espinho,Aveiro,2024,10,11307.0
Espinho,Aveiro,2024,11,9540.0
Espinho,Aveiro,2024,12,10471.0
Espinho,Aveiro,2025,1,8226.0
Espinho,Aveiro,2025,2,7974.0
Espinho,Aveiro,2025,3,9926.0
Espinho,Aveiro,2025,4,14039.0
Espinho,Aveiro,2025,5,15344.0
Espinho,Aveiro,2025,6,15855.0
Espinho,Aveiro,2025,7,20625.0
Espinho,Aveiro,2025,8,22974.0
Espinho,Aveiro,2025,9,16125.0
Espinho,Aveiro,2025,10,13527.0
Espinho,Aveiro,2025,11,10397.0
Espinho,Aveiro,2025,12,12432.0
Espinho,Aveiro,2026,1,7668.0
Espinho,Aveiro,2026,2,7871.0
Espinho,Aveiro,2026,3,10755.0
Espinho,Aveiro,2026,4,13194.0
Espinho,Aveiro,2026,5,13153.0
Espinho,Aveiro,2026,6,14809.0
Espinho,Aveiro,2026,7,21165.0
Esposende,Braga,2020,1,3922.0
Esposende,Braga,2020,2,5415.0
Esposende,Braga,2020,3,2726.0
Esposende,Braga,2020,4,
Esposende,Braga,2020,5,
Esposende,Braga,2020,6,3169.0
Esposende,Braga,2020,7,9683.0
Esposende,Braga,2020,8,15940.0
Esposende,Braga,2020,9,8984.0
Esposende,Braga,2020,10,4148.0
Esposende,Braga,2020,11,1107.0
Esposende,Braga,2020,12,1341.0
Esposende,Braga,2021,1,1443.0
Esposende,Braga,2021,2,1072.0
Esposende,Braga,2021,3,1290.0
Esposende,Braga,2021,4,1544.0
Esposende,Braga,2021,5,3205.0
Esposende,Braga,2021,6,7788.0
Esposende,Braga,2021,7,15655.0
Esposende,Braga,2021,8,23274.0
Esposende,Braga,2021,9,13708.0
Esposende,Braga,2021,10,11243.0
Esposende,Braga,2021,11,4435.0
Esposende,Braga,2021,12,3363.0
Esposende,Braga,2022,1,2145.0
Esposende,Braga,2022,2,3795.0
Esposende,Braga,2022,3,6250.0
Esposende,Braga,2022,4,13123.0
Esposende,Braga,2022,5,16588.0
Esposende,Braga,2022,6,17040.0
Esposende,Braga,2022,7,23372.0
Esposende,Braga,2022,8,26027.0
Esposende,Braga,2022,9,18542.0
Esposende,Braga,2022,10,14954.0
Esposende,Braga,2022,11,5664.0
Esposende,Braga,2022,12,5460.0
Esposende,Braga,2023,1,2797.0
Esposende,Braga,2023,2,4920.0
Esposende,Braga,2023,3,9154.0
Esposende,Braga,2023,4,16520.0
Esposende,Braga,2023,5,19301.0
Esposende,Braga,2023,6,18992.0
Esposende,Braga,2023,7,23637.0
Esposende,Braga,2023,8,26279.0
Esposende,Braga,2023,9,21812.0
Esposende,Braga,2023,10,16497.0
Esposende,Braga,2023,11,8783.0
Esposende,Braga,2023,12,7221.0
Esposende,Braga,2024,1,3988.0
Esposende,Braga,2024,2,5283.0
Esposende,Braga,2024,3,9866.0
Esposende,Braga,2024,4,16552.0
Esposende,Braga,2024,5,21301.0
Esposende,Braga,2024,6,18488.0
Esposende,Braga,2024,7,24369.0
Esposende,Braga,2024,8,27886.0
Esposende,Braga,2024,9,23241.0
Esposende,Braga,2024,10,17519.0
Esposende,Braga,2024,11,7037.0
Esposende,Braga,2024,12,6073.0
Esposende,Braga,2025,1,3311.0
Esposende,Braga,2025,2,4518.0
Esposende,Braga,2025,3,8410.0
Esposende,Braga,2025,4,17675.0
Esposende,Braga,2025,5,21372.0
Esposende,Braga,2025,6,21157.0
Esposende,Braga,2025,7,25420.0
Esposende,Braga,2025,8,28300.0
Esposende,Braga,2025,9,22892.0
Esposende,Braga,2025,10,16311.0
Esposende,Braga,2025,11,8073.0
Esposende,Braga,2025,12,6543.0
Esposende,Braga,2026,1,3916.0
Esposende,Braga,2026,2,6229.0
Esposende,Braga,2026,3,11079.0
Esposende,Braga,2026,4,18527.0
Esposende,Braga,2026,5,21582.0
Esposende,Braga,2026,6,21823.0
Esposende,Braga,2026,7,26419.0
Estarreja,Aveiro,2020,1,
Estarreja,Aveiro,2020,2,
Estarreja,Aveiro,2020,3,
Estarreja,Aveiro,2020,4,
Estarreja,Aveiro,2020,5,
Estarreja,Aveiro,2020,6,
Estarreja,Aveiro,2020,7,1076.0
Estarreja,Aveiro,2020,8,1821.0
Estarreja,Aveiro,2020,9,1191.0
Estarreja,Aveiro,2020,10,1065.0
Estarreja,Aveiro,2020,11,617.0
Estarreja,Aveiro,2020,12,
Estarreja,Aveiro,2021,1,
Estarreja,Aveiro,2021,2,
Estarreja,Aveiro,2021,3,
Estarreja,Aveiro,2021,4,407.0
Estarreja,Aveiro,2021,5,926.0
Estarreja,Aveiro,2021,6,1377.0
Estarreja,Aveiro,2021,7,2441.0
Estarreja,Aveiro,2021,8,2871.0
Estarreja,Aveiro,2021,9,1633.0
Estarreja,Aveiro,2021,10,2085.0
Estarreja,Aveiro,2021,11,1545.0
Estarreja,Aveiro,2021,12,871.0
Estarreja,Aveiro,2022,1,1057.0
Estarreja,Aveiro,2022,2,1711.0
Estarreja,Aveiro,2022,3,1377.0
Estarreja,Aveiro,2022,4,1810.0
Estarreja,Aveiro,2022,5,1610.0
Estarreja,Aveiro,2022,6,1606.0
Estarreja,Aveiro,2022,7,2765.0
Estarreja,Aveiro,2022,8,3709.0
Estarreja,Aveiro,2022,9,2125.0
Estarreja,Aveiro,2022,10,1648.0
Estarreja,Aveiro,2022,11,1382.0
Estarreja,Aveiro,2022,12,1353.0
Estarreja,Aveiro,2023,1,903.0
Estarreja,Aveiro,2023,2,1413.0
Estarreja,Aveiro,2023,3,1413.0
Estarreja,Aveiro,2023,4,2142.0
Estarreja,Aveiro,2023,5,1994.0
Estarreja,Aveiro,2023,6,1951.0
Estarreja,Aveiro,2023,7,2705.0
Estarreja,Aveiro,2023,8,3232.0
Estarreja,Aveiro,2023,9,2416.0
Estarreja,Aveiro,2023,10,1949.0
Estarreja,Aveiro,2023,11,1606.0
Estarreja,Aveiro,2023,12,1413.0
Estarreja,Aveiro,2024,1,787.0
Estarreja,Aveiro,2024,2,1153.0
Estarreja,Aveiro,2024,3,1821.0
Estarreja,Aveiro,2024,4,1534.0
Estarreja,Aveiro,2024,5,2170.0
Estarreja,Aveiro,2024,6,1991.0
Estarreja,Aveiro,2024,7,2698.0
Estarreja,Aveiro,2024,8,3455.0
Estarreja,Aveiro,2024,9,2117.0
Estarreja,Aveiro,2024,10,2105.0
Estarreja,Aveiro,2024,11,1777.0
Estarreja,Aveiro,2024,12,1062.0
Estarreja,Aveiro,2025,1,
Estarreja,Aveiro,2025,2,
Estarreja,Aveiro,2025,3,
Estarreja,Aveiro,2025,4,1992.0
Estarreja,Aveiro,2025,5,2432.0
Estarreja,Aveiro,2025,6,2056.0
Estarreja,Aveiro,2025,7,2361.0
Estarreja,Aveiro,2025,8,3262.0
Estarreja,Aveiro,2025,9,2006.0
Estarreja,Aveiro,2025,10,
Estarreja,Aveiro,2025,11,
Estarreja,Aveiro,2025,12,890.0
Estarreja,Aveiro,2026,1,
Estarreja,Aveiro,2026,2,1090.0
Estarreja,Aveiro,2026,3,
Estarreja,Aveiro,2026,4,1875.0
Estarreja,Aveiro,2026,5,2174.0
Estarreja,Aveiro,2026,6,2144.0
Estarreja,Aveiro,2026,7,3264.0
Estremoz,Évora,2020,1,2064.0
Estremoz,Évora,2020,2,2431.0
Estremoz,Évora,2020,3,700.0
Estremoz,Évora,2020,4,358.0
Estremoz,Évora,2020,5,814.0
Estremoz,Évora,2020,6,1923.0
Estremoz,Évora,2020,7,2618.0
Estremoz,Évora,2020,8,4691.0
Estremoz,Évora,2020,9,3734.0
Estremoz,Évora,2020,10,3440.0
Estremoz,Évora,2020,11,1248.0
Estremoz,Évora,2020,12,1162.0
Estremoz,Évora,2021,1,806.0
Estremoz,Évora,2021,2,708.0
Estremoz,Évora,2021,3,962.0
Estremoz,Évora,2021,4,1627.0
Estremoz,Évora,2021,5,2920.0
Estremoz,Évora,2021,6,2824.0
Estremoz,Évora,2021,7,2796.0
Estremoz,Évora,2021,8,5367.0
Estremoz,Évora,2021,9,3801.0
Estremoz,Évora,2021,10,3834.0
Estremoz,Évora,2021,11,2846.0
Estremoz,Évora,2021,12,1635.0
Estremoz,Évora,2022,1,1159.0
Estremoz,Évora,2022,2,2025.0
Estremoz,Évora,2022,3,2796.0
Estremoz,Évora,2022,4,5024.0
Estremoz,Évora,2022,5,4285.0
Estremoz,Évora,2022,6,4690.0
Estremoz,Évora,2022,7,4288.0
Estremoz,Évora,2022,8,7249.0
Estremoz,Évora,2022,9,6281.0
Estremoz,Évora,2022,10,5135.0
Estremoz,Évora,2022,11,3695.0
Estremoz,Évora,2022,12,2758.0
Estremoz,Évora,2023,1,2174.0
Estremoz,Évora,2023,2,2712.0
Estremoz,Évora,2023,3,3382.0
Estremoz,Évora,2023,4,6035.0
Estremoz,Évora,2023,5,5630.0
Estremoz,Évora,2023,6,5630.0
Estremoz,Évora,2023,7,5455.0
Estremoz,Évora,2023,8,9104.0
Estremoz,Évora,2023,9,6844.0
Estremoz,Évora,2023,10,6900.0
Estremoz,Évora,2023,11,4711.0
Estremoz,Évora,2023,12,4664.0
Estremoz,Évora,2024,1,3439.0
Estremoz,Évora,2024,2,4024.0
Estremoz,Évora,2024,3,5076.0
Estremoz,Évora,2024,4,5283.0
Estremoz,Évora,2024,5,7087.0
Estremoz,Évora,2024,6,6038.0
Estremoz,Évora,2024,7,7139.0
Estremoz,Évora,2024,8,10555.0
Estremoz,Évora,2024,9,7862.0
Estremoz,Évora,2024,10,6976.0
Estremoz,Évora,2024,11,5267.0
Estremoz,Évora,2024,12,4317.0
Estremoz,Évora,2025,1,3489.0
Estremoz,Évora,2025,2,3488.0
Estremoz,Évora,2025,3,5065.0
Estremoz,Évora,2025,4,6936.0
Estremoz,Évora,2025,5,8025.0
Estremoz,Évora,2025,6,7019.0
Estremoz,Évora,2025,7,7643.0
Estremoz,Évora,2025,8,11644.0
Estremoz,Évora,2025,9,8120.0
Estremoz,Évora,2025,10,6858.0
Estremoz,Évora,2025,11,4834.0
Estremoz,Évora,2025,12,5287.0
Estremoz,Évora,2026,1,3383.0
Estremoz,Évora,2026,2,3977.0
Estremoz,Évora,2026,3,5478.0
Estremoz,Évora,2026,4,7400.0
Estremoz,Évora,2026,5,7465.0
Estremoz,Évora,2026,6,7650.0
Estremoz,Évora,2026,7,5521.0
Fafe,Braga,2020,1,1654.0
Fafe,Braga,2020,2,2416.0
Fafe,Braga,2020,3,652.0
Fafe,Braga,2020,4,
Fafe,Braga,2020,5,84.0
Fafe,Braga,2020,6,1004.0
Fafe,Braga,2020,7,2644.0
Fafe,Braga,2020,8,4819.0
Fafe,Braga,2020,9,3178.0
Fafe,Braga,2020,10,2274.0
Fafe,Braga,2020,11,733.0
Fafe,Braga,2020,12,982.0
Fafe,Braga,2021,1,809.0
Fafe,Braga,2021,2,394.0
Fafe,Braga,2021,3,424.0
Fafe,Braga,2021,4,544.0
Fafe,Braga,2021,5,1526.0
Fafe,Braga,2021,6,1621.0
Fafe,Braga,2021,7,2347.0
Fafe,Braga,2021,8,4883.0
Fafe,Braga,2021,9,3013.0
Fafe,Braga,2021,10,2544.0
Fafe,Braga,2021,11,1517.0
Fafe,Braga,2021,12,2264.0
Fafe,Braga,2022,1,861.0
Fafe,Braga,2022,2,1439.0
Fafe,Braga,2022,3,2187.0
Fafe,Braga,2022,4,2707.0
Fafe,Braga,2022,5,3053.0
Fafe,Braga,2022,6,3170.0
Fafe,Braga,2022,7,4587.0
Fafe,Braga,2022,8,6807.0
Fafe,Braga,2022,9,2514.0
Fafe,Braga,2022,10,2529.0
Fafe,Braga,2022,11,1514.0
Fafe,Braga,2022,12,2317.0
Fafe,Braga,2023,1,1148.0
Fafe,Braga,2023,2,1520.0
Fafe,Braga,2023,3,2059.0
Fafe,Braga,2023,4,2710.0
Fafe,Braga,2023,5,2383.0
Fafe,Braga,2023,6,2616.0
Fafe,Braga,2023,7,4421.0
Fafe,Braga,2023,8,6198.0
Fafe,Braga,2023,9,4188.0
Fafe,Braga,2023,10,3048.0
Fafe,Braga,2023,11,2527.0
Fafe,Braga,2023,12,3160.0
Fafe,Braga,2024,1,1289.0
Fafe,Braga,2024,2,1547.0
Fafe,Braga,2024,3,1846.0
Fafe,Braga,2024,4,3126.0
Fafe,Braga,2024,5,2950.0
Fafe,Braga,2024,6,3026.0
Fafe,Braga,2024,7,3957.0
Fafe,Braga,2024,8,6212.0
Fafe,Braga,2024,9,4086.0
Fafe,Braga,2024,10,2315.0
Fafe,Braga,2024,11,1594.0
Fafe,Braga,2024,12,2173.0
Fafe,Braga,2025,1,1036.0
Fafe,Braga,2025,2,1518.0
Fafe,Braga,2025,3,2054.0
Fafe,Braga,2025,4,3160.0
Fafe,Braga,2025,5,2951.0
Fafe,Braga,2025,6,3129.0
Fafe,Braga,2025,7,3239.0
Fafe,Braga,2025,8,5555.0
Fafe,Braga,2025,9,2865.0
Fafe,Braga,2025,10,1340.0
Fafe,Braga,2025,11,1756.0
Fafe,Braga,2025,12,1967.0
Fafe,Braga,2026,1,1301.0
Fafe,Braga,2026,2,1265.0
Fafe,Braga,2026,3,2495.0
Fafe,Braga,2026,4,2933.0
Fafe,Braga,2026,5,3452.0
Fafe,Braga,2026,6,4001.0
Fafe,Braga,2026,7,4290.0
Faro,Faro,2020,1,25837.0
Faro,Faro,2020,2,28087.0
Faro,Faro,2020,3,17526.0
Faro,Faro,2020,4,1611.0
Faro,Faro,2020,5,2926.0
Faro,Faro,2020,6,7741.0
Faro,Faro,2020,7,21307.0
Faro,Faro,2020,8,48404.0
Faro,Faro,2020,9,35157.0
Faro,Faro,2020,10,22851.0
Faro,Faro,2020,11,10582.0
Faro,Faro,2020,12,11171.0
Faro,Faro,2021,1,7301.0
Faro,Faro,2021,2,4359.0
Faro,Faro,2021,3,5018.0
Faro,Faro,2021,4,7328.0
Faro,Faro,2021,5,16749.0
Faro,Faro,2021,6,31082.0
Faro,Faro,2021,7,37226.0
Faro,Faro,2021,8,71723.0
Faro,Faro,2021,9,51060.0
Faro,Faro,2021,10,51580.0
Faro,Faro,2021,11,32635.0
Faro,Faro,2021,12,20869.0
Faro,Faro,2022,1,15885.0
Faro,Faro,2022,2,27507.0
Faro,Faro,2022,3,39369.0
Faro,Faro,2022,4,56178.0
Faro,Faro,2022,5,61058.0
Faro,Faro,2022,6,63776.0
Faro,Faro,2022,7,72952.0
Faro,Faro,2022,8,83125.0
Faro,Faro,2022,9,65811.0
Faro,Faro,2022,10,56349.0
Faro,Faro,2022,11,39325.0
Faro,Faro,2022,12,32918.0
Faro,Faro,2023,1,32194.0
Faro,Faro,2023,2,38447.0
Faro,Faro,2023,3,50001.0
Faro,Faro,2023,4,57878.0
Faro,Faro,2023,5,61288.0
Faro,Faro,2023,6,63840.0
Faro,Faro,2023,7,72506.0
Faro,Faro,2023,8,84702.0
Faro,Faro,2023,9,71641.0
Faro,Faro,2023,10,63629.0
Faro,Faro,2023,11,42679.0
Faro,Faro,2023,12,35056.0
Faro,Faro,2024,1,34514.0
Faro,Faro,2024,2,43604.0
Faro,Faro,2024,3,53937.0
Faro,Faro,2024,4,62614.0
Faro,Faro,2024,5,65670.0
Faro,Faro,2024,6,68906.0
Faro,Faro,2024,7,73863.0
Faro,Faro,2024,8,92908.0
Faro,Faro,2024,9,77469.0
Faro,Faro,2024,10,66665.0
Faro,Faro,2024,11,43466.0
Faro,Faro,2024,12,36665.0
Faro,Faro,2025,1,36525.0
Faro,Faro,2025,2,43454.0
Faro,Faro,2025,3,55432.0
Faro,Faro,2025,4,69875.0
Faro,Faro,2025,5,73057.0
Faro,Faro,2025,6,73308.0
Faro,Faro,2025,7,81928.0
Faro,Faro,2025,8,95916.0
Faro,Faro,2025,9,79404.0
Faro,Faro,2025,10,68633.0
Faro,Faro,2025,11,43475.0
Faro,Faro,2025,12,31775.0
Faro,Faro,2026,1,30221.0
Faro,Faro,2026,2,38640.0
Faro,Faro,2026,3,55079.0
Faro,Faro,2026,4,69419.0
Faro,Faro,2026,5,71694.0
Faro,Faro,2026,6,69387.0
Faro,Faro,2026,7,79535.0
Felgueiras,Porto,2020,1,741.0
Felgueiras,Porto,2020,2,831.0
Felgueiras,Porto,2020,3,499.0
Felgueiras,Porto,2020,4,
Felgueiras,Porto,2020,5,
Felgueiras,Porto,2020,6,200.0
Felgueiras,Porto,2020,7,1111.0
Felgueiras,Porto,2020,8,2770.0
Felgueiras,Porto,2020,9,1294.0
Felgueiras,Porto,2020,10,1076.0
Felgueiras,Porto,2020,11,587.0
Felgueiras,Porto,2020,12,968.0
Felgueiras,Porto,2021,1,904.0
Felgueiras,Porto,2021,2,
Felgueiras,Porto,2021,3,
Felgueiras,Porto,2021,4,1206.0
Felgueiras,Porto,2021,5,1639.0
Felgueiras,Porto,2021,6,2027.0
Felgueiras,Porto,2021,7,3173.0
Felgueiras,Porto,2021,8,5359.0
Felgueiras,Porto,2021,9,2685.0
Felgueiras,Porto,2021,10,2670.0
Felgueiras,Porto,2021,11,1698.0
Felgueiras,Porto,2021,12,1718.0
Felgueiras,Porto,2022,1,1167.0
Felgueiras,Porto,2022,2,1279.0
Felgueiras,Porto,2022,3,1588.0
Felgueiras,Porto,2022,4,2243.0
Felgueiras,Porto,2022,5,2422.0
Felgueiras,Porto,2022,6,3197.0
Felgueiras,Porto,2022,7,3475.0
Felgueiras,Porto,2022,8,5449.0
Felgueiras,Porto,2022,9,2734.0
Felgueiras,Porto,2022,10,2053.0
Felgueiras,Porto,2022,11,1471.0
Felgueiras,Porto,2022,12,1651.0
Felgueiras,Porto,2023,1,1527.0
Felgueiras,Porto,2023,2,1743.0
Felgueiras,Porto,2023,3,1955.0
Felgueiras,Porto,2023,4,3006.0
Felgueiras,Porto,2023,5,3107.0
Felgueiras,Porto,2023,6,2867.0
Felgueiras,Porto,2023,7,3736.0
Felgueiras,Porto,2023,8,4939.0
Felgueiras,Porto,2023,9,3005.0
Felgueiras,Porto,2023,10,2592.0
Felgueiras,Porto,2023,11,2114.0
Felgueiras,Porto,2023,12,2396.0
Felgueiras,Porto,2024,1,1422.0
Felgueiras,Porto,2024,2,1680.0
Felgueiras,Porto,2024,3,2188.0
Felgueiras,Porto,2024,4,2559.0
Felgueiras,Porto,2024,5,2969.0
Felgueiras,Porto,2024,6,3221.0
Felgueiras,Porto,2024,7,4104.0
Felgueiras,Porto,2024,8,5355.0
Felgueiras,Porto,2024,9,3070.0
Felgueiras,Porto,2024,10,2361.0
Felgueiras,Porto,2024,11,2187.0
Felgueiras,Porto,2024,12,2156.0
Felgueiras,Porto,2025,1,1209.0
Felgueiras,Porto,2025,2,1401.0
Felgueiras,Porto,2025,3,1833.0
Felgueiras,Porto,2025,4,2634.0
Felgueiras,Porto,2025,5,2824.0
Felgueiras,Porto,2025,6,2919.0
Felgueiras,Porto,2025,7,3627.0
Felgueiras,Porto,2025,8,4911.0
Felgueiras,Porto,2025,9,3154.0
Felgueiras,Porto,2025,10,2400.0
Felgueiras,Porto,2025,11,2086.0
Felgueiras,Porto,2025,12,1655.0
Felgueiras,Porto,2026,1,1625.0
Felgueiras,Porto,2026,2,1675.0
Felgueiras,Porto,2026,3,2148.0
Felgueiras,Porto,2026,4,2742.0
Felgueiras,Porto,2026,5,3372.0
Felgueiras,Porto,2026,6,3151.0
Felgueiras,Porto,2026,7,4237.0
Ferreira do Alentejo,Beja,2020,1,649.0
Ferreira do Alentejo,Beja,2020,2,767.0
Ferreira do Alentejo,Beja,2020,3,464.0
Ferreira do Alentejo,Beja,2020,4,142.0
Ferreira do Alentejo,Beja,2020,5,716.0
Ferreira do Alentejo,Beja,2020,6,1991.0
Ferreira do Alentejo,Beja,2020,7,2946.0
Ferreira do Alentejo,Beja,2020,8,3070.0
Ferreira do Alentejo,Beja,2020,9,2729.0
Ferreira do Alentejo,Beja,2020,10,1596.0
Ferreira do Alentejo,Beja,2020,11,504.0
Ferreira do Alentejo,Beja,2020,12,362.0
Ferreira do Alentejo,Beja,2021,1,226.0
Ferreira do Alentejo,Beja,2021,2,183.0
Ferreira do Alentejo,Beja,2021,3,275.0
Ferreira do Alentejo,Beja,2021,4,728.0
Ferreira do Alentejo,Beja,2021,5,1669.0
Ferreira do Alentejo,Beja,2021,6,1691.0
Ferreira do Alentejo,Beja,2021,7,1831.0
Ferreira do Alentejo,Beja,2021,8,2429.0
Ferreira do Alentejo,Beja,2021,9,2127.0
Ferreira do Alentejo,Beja,2021,10,1445.0
Ferreira do Alentejo,Beja,2021,11,1498.0
Ferreira do Alentejo,Beja,2021,12,895.0
Ferreira do Alentejo,Beja,2022,1,306.0
Ferreira do Alentejo,Beja,2022,2,541.0
Ferreira do Alentejo,Beja,2022,3,833.0
Ferreira do Alentejo,Beja,2022,4,1191.0
Ferreira do Alentejo,Beja,2022,5,1169.0
Ferreira do Alentejo,Beja,2022,6,2089.0
Ferreira do Alentejo,Beja,2022,7,2247.0
Ferreira do Alentejo,Beja,2022,8,3209.0
Ferreira do Alentejo,Beja,2022,9,1966.0
Ferreira do Alentejo,Beja,2022,10,1793.0
Ferreira do Alentejo,Beja,2022,11,1477.0
Ferreira do Alentejo,Beja,2022,12,627.0
Ferreira do Alentejo,Beja,2023,1,405.0
Ferreira do Alentejo,Beja,2023,2,892.0
Ferreira do Alentejo,Beja,2023,3,855.0
Ferreira do Alentejo,Beja,2023,4,1740.0
Ferreira do Alentejo,Beja,2023,5,1769.0
Ferreira do Alentejo,Beja,2023,6,2990.0
Ferreira do Alentejo,Beja,2023,7,2588.0
Ferreira do Alentejo,Beja,2023,8,3973.0
Ferreira do Alentejo,Beja,2023,9,2611.0
Ferreira do Alentejo,Beja,2023,10,2091.0
Ferreira do Alentejo,Beja,2023,11,1601.0
Ferreira do Alentejo,Beja,2023,12,1822.0
Ferreira do Alentejo,Beja,2024,1,940.0
Ferreira do Alentejo,Beja,2024,2,1208.0
Ferreira do Alentejo,Beja,2024,3,1505.0
Ferreira do Alentejo,Beja,2024,4,1991.0
Ferreira do Alentejo,Beja,2024,5,3204.0
Ferreira do Alentejo,Beja,2024,6,2939.0
Ferreira do Alentejo,Beja,2024,7,3284.0
Ferreira do Alentejo,Beja,2024,8,4725.0
Ferreira do Alentejo,Beja,2024,9,2866.0
Ferreira do Alentejo,Beja,2024,10,2188.0
Ferreira do Alentejo,Beja,2024,11,1614.0
Ferreira do Alentejo,Beja,2024,12,1008.0
Ferreira do Alentejo,Beja,2025,1,1110.0
Ferreira do Alentejo,Beja,2025,2,1260.0
Ferreira do Alentejo,Beja,2025,3,1482.0
Ferreira do Alentejo,Beja,2025,4,2164.0
Ferreira do Alentejo,Beja,2025,5,2449.0
Ferreira do Alentejo,Beja,2025,6,2620.0
Ferreira do Alentejo,Beja,2025,7,3955.0
Ferreira do Alentejo,Beja,2025,8,4721.0
Ferreira do Alentejo,Beja,2025,9,3037.0
Ferreira do Alentejo,Beja,2025,10,2308.0
Ferreira do Alentejo,Beja,2025,11,1950.0
Ferreira do Alentejo,Beja,2025,12,1254.0
Ferreira do Alentejo,Beja,2026,1,1297.0
Ferreira do Alentejo,Beja,2026,2,1320.0
Ferreira do Alentejo,Beja,2026,3,1792.0
Ferreira do Alentejo,Beja,2026,4,2460.0
Ferreira do Alentejo,Beja,2026,5,2406.0
Ferreira do Alentejo,Beja,2026,6,2914.0
Ferreira do Alentejo,Beja,2026,7,3505.0
Ferreira do Zêzere,Santarém,2020,1,781.0
Ferreira do Zêzere,Santarém,2020,2,1436.0
Ferreira do Zêzere,Santarém,2020,3,
Ferreira do Zêzere,Santarém,2020,4,
Ferreira do Zêzere,Santarém,2020,5,455.0
Ferreira do Zêzere,Santarém,2020,6,2784.0
Ferreira do Zêzere,Santarém,2020,7,4424.0
Ferreira do Zêzere,Santarém,2020,8,5781.0
Ferreira do Zêzere,Santarém,2020,9,3764.0
Ferreira do Zêzere,Santarém,2020,10,1084.0
Ferreira do Zêzere,Santarém,2020,11,624.0
Ferreira do Zêzere,Santarém,2020,12,1084.0
Ferreira do Zêzere,Santarém,2021,1,
Ferreira do Zêzere,Santarém,2021,2,
Ferreira do Zêzere,Santarém,2021,3,895.0
Ferreira do Zêzere,Santarém,2021,4,791.0
Ferreira do Zêzere,Santarém,2021,5,1886.0
Ferreira do Zêzere,Santarém,2021,6,3479.0
Ferreira do Zêzere,Santarém,2021,7,4620.0
Ferreira do Zêzere,Santarém,2021,8,6811.0
Ferreira do Zêzere,Santarém,2021,9,3912.0
Ferreira do Zêzere,Santarém,2021,10,1878.0
Ferreira do Zêzere,Santarém,2021,11,1215.0
Ferreira do Zêzere,Santarém,2021,12,1503.0
Ferreira do Zêzere,Santarém,2022,1,369.0
Ferreira do Zêzere,Santarém,2022,2,685.0
Ferreira do Zêzere,Santarém,2022,3,1450.0
Ferreira do Zêzere,Santarém,2022,4,2520.0
Ferreira do Zêzere,Santarém,2022,5,2136.0
Ferreira do Zêzere,Santarém,2022,6,3630.0
Ferreira do Zêzere,Santarém,2022,7,4795.0
Ferreira do Zêzere,Santarém,2022,8,6863.0
Ferreira do Zêzere,Santarém,2022,9,3142.0
Ferreira do Zêzere,Santarém,2022,10,1405.0
Ferreira do Zêzere,Santarém,2022,11,933.0
Ferreira do Zêzere,Santarém,2022,12,1330.0
Ferreira do Zêzere,Santarém,2023,1,409.0
Ferreira do Zêzere,Santarém,2023,2,886.0
Ferreira do Zêzere,Santarém,2023,3,1514.0
Ferreira do Zêzere,Santarém,2023,4,1451.0
Ferreira do Zêzere,Santarém,2023,5,2095.0
Ferreira do Zêzere,Santarém,2023,6,3224.0
Ferreira do Zêzere,Santarém,2023,7,4096.0
Ferreira do Zêzere,Santarém,2023,8,5789.0
Ferreira do Zêzere,Santarém,2023,9,2710.0
Ferreira do Zêzere,Santarém,2023,10,1402.0
Ferreira do Zêzere,Santarém,2023,11,822.0
Ferreira do Zêzere,Santarém,2023,12,1546.0
Ferreira do Zêzere,Santarém,2024,1,550.0
Ferreira do Zêzere,Santarém,2024,2,1542.0
Ferreira do Zêzere,Santarém,2024,3,1573.0
Ferreira do Zêzere,Santarém,2024,4,1813.0
Ferreira do Zêzere,Santarém,2024,5,1801.0
Ferreira do Zêzere,Santarém,2024,6,2935.0
Ferreira do Zêzere,Santarém,2024,7,4179.0
Ferreira do Zêzere,Santarém,2024,8,6058.0
Ferreira do Zêzere,Santarém,2024,9,3026.0
Ferreira do Zêzere,Santarém,2024,10,1706.0
Ferreira do Zêzere,Santarém,2024,11,1087.0
Ferreira do Zêzere,Santarém,2024,12,1737.0
Ferreira do Zêzere,Santarém,2025,1,611.0
Ferreira do Zêzere,Santarém,2025,2,759.0
Ferreira do Zêzere,Santarém,2025,3,1739.0
Ferreira do Zêzere,Santarém,2025,4,2116.0
Ferreira do Zêzere,Santarém,2025,5,1863.0
Ferreira do Zêzere,Santarém,2025,6,3038.0
Ferreira do Zêzere,Santarém,2025,7,3882.0
Ferreira do Zêzere,Santarém,2025,8,6162.0
Ferreira do Zêzere,Santarém,2025,9,2552.0
Ferreira do Zêzere,Santarém,2025,10,1236.0
Ferreira do Zêzere,Santarém,2025,11,1376.0
Ferreira do Zêzere,Santarém,2025,12,1588.0
Ferreira do Zêzere,Santarém,2026,1,666.0
Ferreira do Zêzere,Santarém,2026,2,563.0
Ferreira do Zêzere,Santarém,2026,3,675.0
Ferreira do Zêzere,Santarém,2026,4,1741.0
Ferreira do Zêzere,Santarém,2026,5,1902.0
Ferreira do Zêzere,Santarém,2026,6,2674.0
Ferreira do Zêzere,Santarém,2026,7,4991.0
Figueira da Foz,Coimbra,2020,1,11128.0
Figueira da Foz,Coimbra,2020,2,18019.0
Figueira da Foz,Coimbra,2020,3,4961.0
Figueira da Foz,Coimbra,2020,4,368.0
Figueira da Foz,Coimbra,2020,5,1864.0
Figueira da Foz,Coimbra,2020,6,9930.0
Figueira da Foz,Coimbra,2020,7,28895.0
Figueira da Foz,Coimbra,2020,8,43447.0
Figueira da Foz,Coimbra,2020,9,22896.0
Figueira da Foz,Coimbra,2020,10,12939.0
Figueira da Foz,Coimbra,2020,11,3777.0
Figueira da Foz,Coimbra,2020,12,3949.0
Figueira da Foz,Coimbra,2021,1,2559.0
Figueira da Foz,Coimbra,2021,2,2657.0
Figueira da Foz,Coimbra,2021,3,7123.0
Figueira da Foz,Coimbra,2021,4,6418.0
Figueira da Foz,Coimbra,2021,5,12897.0
Figueira da Foz,Coimbra,2021,6,23401.0
Figueira da Foz,Coimbra,2021,7,32763.0
Figueira da Foz,Coimbra,2021,8,56653.0
Figueira da Foz,Coimbra,2021,9,33720.0
Figueira da Foz,Coimbra,2021,10,26475.0
Figueira da Foz,Coimbra,2021,11,13409.0
Figueira da Foz,Coimbra,2021,12,9892.0
Figueira da Foz,Coimbra,2022,1,8913.0
Figueira da Foz,Coimbra,2022,2,14598.0
Figueira da Foz,Coimbra,2022,3,14631.0
Figueira da Foz,Coimbra,2022,4,26179.0
Figueira da Foz,Coimbra,2022,5,26058.0
Figueira da Foz,Coimbra,2022,6,35000.0
Figueira da Foz,Coimbra,2022,7,52559.0
Figueira da Foz,Coimbra,2022,8,66214.0
Figueira da Foz,Coimbra,2022,9,35651.0
Figueira da Foz,Coimbra,2022,10,23474.0
Figueira da Foz,Coimbra,2022,11,15682.0
Figueira da Foz,Coimbra,2022,12,14761.0
Figueira da Foz,Coimbra,2023,1,12925.0
Figueira da Foz,Coimbra,2023,2,18058.0
Figueira da Foz,Coimbra,2023,3,19592.0
Figueira da Foz,Coimbra,2023,4,32771.0
Figueira da Foz,Coimbra,2023,5,29478.0
Figueira da Foz,Coimbra,2023,6,33653.0
Figueira da Foz,Coimbra,2023,7,49808.0
Figueira da Foz,Coimbra,2023,8,63941.0
Figueira da Foz,Coimbra,2023,9,38395.0
Figueira da Foz,Coimbra,2023,10,27216.0
Figueira da Foz,Coimbra,2023,11,16031.0
Figueira da Foz,Coimbra,2023,12,14955.0
Figueira da Foz,Coimbra,2024,1,13773.0
Figueira da Foz,Coimbra,2024,2,17068.0
Figueira da Foz,Coimbra,2024,3,19096.0
Figueira da Foz,Coimbra,2024,4,24928.0
Figueira da Foz,Coimbra,2024,5,29883.0
Figueira da Foz,Coimbra,2024,6,33382.0
Figueira da Foz,Coimbra,2024,7,48221.0
Figueira da Foz,Coimbra,2024,8,62830.0
Figueira da Foz,Coimbra,2024,9,43278.0
Figueira da Foz,Coimbra,2024,10,32230.0
Figueira da Foz,Coimbra,2024,11,20076.0
Figueira da Foz,Coimbra,2024,12,18358.0
Figueira da Foz,Coimbra,2025,1,15176.0
Figueira da Foz,Coimbra,2025,2,16694.0
Figueira da Foz,Coimbra,2025,3,20958.0
Figueira da Foz,Coimbra,2025,4,28826.0
Figueira da Foz,Coimbra,2025,5,33843.0
Figueira da Foz,Coimbra,2025,6,39972.0
Figueira da Foz,Coimbra,2025,7,51202.0
Figueira da Foz,Coimbra,2025,8,65300.0
Figueira da Foz,Coimbra,2025,9,41075.0
Figueira da Foz,Coimbra,2025,10,30195.0
Figueira da Foz,Coimbra,2025,11,19620.0
Figueira da Foz,Coimbra,2025,12,19838.0
Figueira da Foz,Coimbra,2026,1,14891.0
Figueira da Foz,Coimbra,2026,2,17059.0
Figueira da Foz,Coimbra,2026,3,19248.0
Figueira da Foz,Coimbra,2026,4,29933.0
Figueira da Foz,Coimbra,2026,5,32911.0
Figueira da Foz,Coimbra,2026,6,38312.0
Figueira da Foz,Coimbra,2026,7,50453.0
Figueira de Castelo Rodrigo,Guarda,2020,1,289.0
Figueira de Castelo Rodrigo,Guarda,2020,2,566.0
Figueira de Castelo Rodrigo,Guarda,2020,3,259.0
Figueira de Castelo Rodrigo,Guarda,2020,4,
Figueira de Castelo Rodrigo,Guarda,2020,5,97.0
Figueira de Castelo Rodrigo,Guarda,2020,6,409.0
Figueira de Castelo Rodrigo,Guarda,2020,7,775.0
Figueira de Castelo Rodrigo,Guarda,2020,8,2425.0
Figueira de Castelo Rodrigo,Guarda,2020,9,1231.0
Figueira de Castelo Rodrigo,Guarda,2020,10,744.0
Figueira de Castelo Rodrigo,Guarda,2020,11,121.0
Figueira de Castelo Rodrigo,Guarda,2020,12,181.0
Figueira de Castelo Rodrigo,Guarda,2021,1,
Figueira de Castelo Rodrigo,Guarda,2021,2,
Figueira de Castelo Rodrigo,Guarda,2021,3,145.0
Figueira de Castelo Rodrigo,Guarda,2021,4,312.0
Figueira de Castelo Rodrigo,Guarda,2021,5,864.0
Figueira de Castelo Rodrigo,Guarda,2021,6,1259.0
Figueira de Castelo Rodrigo,Guarda,2021,7,1445.0
Figueira de Castelo Rodrigo,Guarda,2021,8,2385.0
Figueira de Castelo Rodrigo,Guarda,2021,9,1102.0
Figueira de Castelo Rodrigo,Guarda,2021,10,1230.0
Figueira de Castelo Rodrigo,Guarda,2021,11,577.0
Figueira de Castelo Rodrigo,Guarda,2021,12,462.0
Figueira de Castelo Rodrigo,Guarda,2022,1,236.0
Figueira de Castelo Rodrigo,Guarda,2022,2,495.0
Figueira de Castelo Rodrigo,Guarda,2022,3,473.0
Figueira de Castelo Rodrigo,Guarda,2022,4,1013.0
Figueira de Castelo Rodrigo,Guarda,2022,5,944.0
Figueira de Castelo Rodrigo,Guarda,2022,6,1203.0
Figueira de Castelo Rodrigo,Guarda,2022,7,1302.0
Figueira de Castelo Rodrigo,Guarda,2022,8,2214.0
Figueira de Castelo Rodrigo,Guarda,2022,9,1139.0
Figueira de Castelo Rodrigo,Guarda,2022,10,813.0
Figueira de Castelo Rodrigo,Guarda,2022,11,338.0
Figueira de Castelo Rodrigo,Guarda,2022,12,692.0
Figueira de Castelo Rodrigo,Guarda,2023,1,205.0
Figueira de Castelo Rodrigo,Guarda,2023,2,449.0
Figueira de Castelo Rodrigo,Guarda,2023,3,759.0
Figueira de Castelo Rodrigo,Guarda,2023,4,1071.0
Figueira de Castelo Rodrigo,Guarda,2023,5,853.0
Figueira de Castelo Rodrigo,Guarda,2023,6,695.0
Figueira de Castelo Rodrigo,Guarda,2023,7,1297.0
Figueira de Castelo Rodrigo,Guarda,2023,8,1389.0
Figueira de Castelo Rodrigo,Guarda,2023,9,1094.0
Figueira de Castelo Rodrigo,Guarda,2023,10,943.0
Figueira de Castelo Rodrigo,Guarda,2023,11,615.0
Figueira de Castelo Rodrigo,Guarda,2023,12,559.0
Figueira de Castelo Rodrigo,Guarda,2024,1,219.0
Figueira de Castelo Rodrigo,Guarda,2024,2,456.0
Figueira de Castelo Rodrigo,Guarda,2024,3,368.0
Figueira de Castelo Rodrigo,Guarda,2024,4,635.0
Figueira de Castelo Rodrigo,Guarda,2024,5,947.0
Figueira de Castelo Rodrigo,Guarda,2024,6,966.0
Figueira de Castelo Rodrigo,Guarda,2024,7,1101.0
Figueira de Castelo Rodrigo,Guarda,2024,8,1878.0
Figueira de Castelo Rodrigo,Guarda,2024,9,1125.0
Figueira de Castelo Rodrigo,Guarda,2024,10,956.0
Figueira de Castelo Rodrigo,Guarda,2024,11,565.0
Figueira de Castelo Rodrigo,Guarda,2024,12,278.0
Figueira de Castelo Rodrigo,Guarda,2025,1,298.0
Figueira de Castelo Rodrigo,Guarda,2025,2,235.0
Figueira de Castelo Rodrigo,Guarda,2025,3,394.0
Figueira de Castelo Rodrigo,Guarda,2025,4,861.0
Figueira de Castelo Rodrigo,Guarda,2025,5,1004.0
Figueira de Castelo Rodrigo,Guarda,2025,6,1403.0
Figueira de Castelo Rodrigo,Guarda,2025,7,1086.0
Figueira de Castelo Rodrigo,Guarda,2025,8,1689.0
Figueira de Castelo Rodrigo,Guarda,2025,9,1091.0
Figueira de Castelo Rodrigo,Guarda,2025,10,1014.0
Figueira de Castelo Rodrigo,Guarda,2025,11,843.0
Figueira de Castelo Rodrigo,Guarda,2025,12,381.0
Figueira de Castelo Rodrigo,Guarda,2026,1,170.0
Figueira de Castelo Rodrigo,Guarda,2026,2,331.0
Figueira de Castelo Rodrigo,Guarda,2026,3,398.0
Figueira de Castelo Rodrigo,Guarda,2026,4,1120.0
Figueira de Castelo Rodrigo,Guarda,2026,5,1383.0
Figueira de Castelo Rodrigo,Guarda,2026,6,1275.0
Figueira de Castelo Rodrigo,Guarda,2026,7,1362.0
Figueiró dos Vinhos,Leiria,2020,1,236.0
Figueiró dos Vinhos,Leiria,2020,2,264.0
Figueiró dos Vinhos,Leiria,2020,3,
Figueiró dos Vinhos,Leiria,2020,4,
Figueiró dos Vinhos,Leiria,2020,5,30.0
Figueiró dos Vinhos,Leiria,2020,6,672.0
Figueiró dos Vinhos,Leiria,2020,7,1102.0
Figueiró dos Vinhos,Leiria,2020,8,1726.0
Figueiró dos Vinhos,Leiria,2020,9,1086.0
Figueiró dos Vinhos,Leiria,2020,10,556.0
Figueiró dos Vinhos,Leiria,2020,11,178.0
Figueiró dos Vinhos,Leiria,2020,12,237.0
Figueiró dos Vinhos,Leiria,2021,1,
Figueiró dos Vinhos,Leiria,2021,2,
Figueiró dos Vinhos,Leiria,2021,3,293.0
Figueiró dos Vinhos,Leiria,2021,4,315.0
Figueiró dos Vinhos,Leiria,2021,5,562.0
Figueiró dos Vinhos,Leiria,2021,6,672.0
Figueiró dos Vinhos,Leiria,2021,7,1117.0
Figueiró dos Vinhos,Leiria,2021,8,1636.0
Figueiró dos Vinhos,Leiria,2021,9,1095.0
Figueiró dos Vinhos,Leiria,2021,10,774.0
Figueiró dos Vinhos,Leiria,2021,11,369.0
Figueiró dos Vinhos,Leiria,2021,12,300.0
Figueiró dos Vinhos,Leiria,2022,1,510.0
Figueiró dos Vinhos,Leiria,2022,2,724.0
Figueiró dos Vinhos,Leiria,2022,3,1033.0
Figueiró dos Vinhos,Leiria,2022,4,971.0
Figueiró dos Vinhos,Leiria,2022,5,917.0
Figueiró dos Vinhos,Leiria,2022,6,1112.0
Figueiró dos Vinhos,Leiria,2022,7,1387.0
Figueiró dos Vinhos,Leiria,2022,8,2202.0
Figueiró dos Vinhos,Leiria,2022,9,1051.0
Figueiró dos Vinhos,Leiria,2022,10,582.0
Figueiró dos Vinhos,Leiria,2022,11,417.0
Figueiró dos Vinhos,Leiria,2022,12,558.0
Figueiró dos Vinhos,Leiria,2023,1,778.0
Figueiró dos Vinhos,Leiria,2023,2,732.0
Figueiró dos Vinhos,Leiria,2023,3,778.0
Figueiró dos Vinhos,Leiria,2023,4,1172.0
Figueiró dos Vinhos,Leiria,2023,5,920.0
Figueiró dos Vinhos,Leiria,2023,6,1026.0
Figueiró dos Vinhos,Leiria,2023,7,1485.0
Figueiró dos Vinhos,Leiria,2023,8,2169.0
Figueiró dos Vinhos,Leiria,2023,9,1084.0
Figueiró dos Vinhos,Leiria,2023,10,833.0
Figueiró dos Vinhos,Leiria,2023,11,482.0
Figueiró dos Vinhos,Leiria,2023,12,514.0
Figueiró dos Vinhos,Leiria,2024,1,529.0
Figueiró dos Vinhos,Leiria,2024,2,502.0
Figueiró dos Vinhos,Leiria,2024,3,706.0
Figueiró dos Vinhos,Leiria,2024,4,686.0
Figueiró dos Vinhos,Leiria,2024,5,978.0
Figueiró dos Vinhos,Leiria,2024,6,1250.0
Figueiró dos Vinhos,Leiria,2024,7,1639.0
Figueiró dos Vinhos,Leiria,2024,8,2298.0
Figueiró dos Vinhos,Leiria,2024,9,1198.0
Figueiró dos Vinhos,Leiria,2024,10,803.0
Figueiró dos Vinhos,Leiria,2024,11,684.0
Figueiró dos Vinhos,Leiria,2024,12,544.0
Figueiró dos Vinhos,Leiria,2025,1,523.0
Figueiró dos Vinhos,Leiria,2025,2,589.0
Figueiró dos Vinhos,Leiria,2025,3,734.0
Figueiró dos Vinhos,Leiria,2025,4,861.0
Figueiró dos Vinhos,Leiria,2025,5,874.0
Figueiró dos Vinhos,Leiria,2025,6,1166.0
Figueiró dos Vinhos,Leiria,2025,7,1628.0
Figueiró dos Vinhos,Leiria,2025,8,2258.0
Figueiró dos Vinhos,Leiria,2025,9,1316.0
Figueiró dos Vinhos,Leiria,2025,10,931.0
Figueiró dos Vinhos,Leiria,2025,11,745.0
Figueiró dos Vinhos,Leiria,2025,12,726.0
Figueiró dos Vinhos,Leiria,2026,1,
Figueiró dos Vinhos,Leiria,2026,2,832.0
Figueiró dos Vinhos,Leiria,2026,3,782.0
Figueiró dos Vinhos,Leiria,2026,4,913.0
Figueiró dos Vinhos,Leiria,2026,5,1032.0
Figueiró dos Vinhos,Leiria,2026,6,1358.0
Figueiró dos Vinhos,Leiria,2026,7,1858.0
Fornos de Algodres,Guarda,2020,1,694.0
Fornos de Algodres,Guarda,2020,2,2206.0
Fornos de Algodres,Guarda,2020,3,338.0
Fornos de Algodres,Guarda,2020,4,
Fornos de Algodres,Guarda,2020,5,
Fornos de Algodres,Guarda,2020,6,858.0
Fornos de Algodres,Guarda,2020,7,1402.0
Fornos de Algodres,Guarda,2020,8,3703.0
Fornos de Algodres,Guarda,2020,9,1808.0
Fornos de Algodres,Guarda,2020,10,1833.0
Fornos de Algodres,Guarda,2020,11,137.0
Fornos de Algodres,Guarda,2020,12,525.0
Fornos de Algodres,Guarda,2021,1,282.0
Fornos de Algodres,Guarda,2021,2,
Fornos de Algodres,Guarda,2021,3,
Fornos de Algodres,Guarda,2021,4,285.0
Fornos de Algodres,Guarda,2021,5,1465.0
Fornos de Algodres,Guarda,2021,6,1630.0
Fornos de Algodres,Guarda,2021,7,2752.0
Fornos de Algodres,Guarda,2021,8,4671.0
Fornos de Algodres,Guarda,2021,9,2449.0
Fornos de Algodres,Guarda,2021,10,2607.0
Fornos de Algodres,Guarda,2021,11,1367.0
Fornos de Algodres,Guarda,2021,12,1788.0
Fornos de Algodres,Guarda,2022,1,1120.0
Fornos de Algodres,Guarda,2022,2,1825.0
Fornos de Algodres,Guarda,2022,3,1763.0
Fornos de Algodres,Guarda,2022,4,2712.0
Fornos de Algodres,Guarda,2022,5,2907.0
Fornos de Algodres,Guarda,2022,6,2980.0
Fornos de Algodres,Guarda,2022,7,3154.0
Fornos de Algodres,Guarda,2022,8,5337.0
Fornos de Algodres,Guarda,2022,9,2383.0
Fornos de Algodres,Guarda,2022,10,2501.0
Fornos de Algodres,Guarda,2022,11,1163.0
Fornos de Algodres,Guarda,2022,12,1729.0
Fornos de Algodres,Guarda,2023,1,1425.0
Fornos de Algodres,Guarda,2023,2,1902.0
Fornos de Algodres,Guarda,2023,3,1751.0
Fornos de Algodres,Guarda,2023,4,2523.0
Fornos de Algodres,Guarda,2023,5,1971.0
Fornos de Algodres,Guarda,2023,6,3037.0
Fornos de Algodres,Guarda,2023,7,2913.0
Fornos de Algodres,Guarda,2023,8,5437.0
Fornos de Algodres,Guarda,2023,9,2384.0
Fornos de Algodres,Guarda,2023,10,3078.0
Fornos de Algodres,Guarda,2023,11,1075.0
Fornos de Algodres,Guarda,2023,12,1999.0
Fornos de Algodres,Guarda,2024,1,1383.0
Fornos de Algodres,Guarda,2024,2,1647.0
Fornos de Algodres,Guarda,2024,3,1754.0
Fornos de Algodres,Guarda,2024,4,1563.0
Fornos de Algodres,Guarda,2024,5,2162.0
Fornos de Algodres,Guarda,2024,6,2211.0
Fornos de Algodres,Guarda,2024,7,3465.0
Fornos de Algodres,Guarda,2024,8,5477.0
Fornos de Algodres,Guarda,2024,9,2890.0
Fornos de Algodres,Guarda,2024,10,1884.0
Fornos de Algodres,Guarda,2024,11,1203.0
Fornos de Algodres,Guarda,2024,12,1461.0
Fornos de Algodres,Guarda,2025,1,1021.0
Fornos de Algodres,Guarda,2025,2,1396.0
Fornos de Algodres,Guarda,2025,3,2275.0
Fornos de Algodres,Guarda,2025,4,1337.0
Fornos de Algodres,Guarda,2025,5,1933.0
Fornos de Algodres,Guarda,2025,6,1953.0
Fornos de Algodres,Guarda,2025,7,2722.0
Fornos de Algodres,Guarda,2025,8,4714.0
Fornos de Algodres,Guarda,2025,9,3488.0
Fornos de Algodres,Guarda,2025,10,1979.0
Fornos de Algodres,Guarda,2025,11,939.0
Fornos de Algodres,Guarda,2025,12,1583.0
Fornos de Algodres,Guarda,2026,1,2270.0
Fornos de Algodres,Guarda,2026,2,1590.0
Fornos de Algodres,Guarda,2026,3,1353.0
Fornos de Algodres,Guarda,2026,4,1401.0
Fornos de Algodres,Guarda,2026,5,2687.0
Fornos de Algodres,Guarda,2026,6,2465.0
Fornos de Algodres,Guarda,2026,7,2339.0
Freixo de Espada à Cinta,Bragança,2020,1,206.0
Freixo de Espada à Cinta,Bragança,2020,2,262.0
Freixo de Espada à Cinta,Bragança,2020,3,144.0
Freixo de Espada à Cinta,Bragança,2020,4,
Freixo de Espada à Cinta,Bragança,2020,5,20.0
Freixo de Espada à Cinta,Bragança,2020,6,
Freixo de Espada à Cinta,Bragança,2020,7,360.0
Freixo de Espada à Cinta,Bragança,2020,8,887.0
Freixo de Espada à Cinta,Bragança,2020,9,286.0
Freixo de Espada à Cinta,Bragança,2020,10,279.0
Freixo de Espada à Cinta,Bragança,2020,11,78.0
Freixo de Espada à Cinta,Bragança,2020,12,
Freixo de Espada à Cinta,Bragança,2021,1,
Freixo de Espada à Cinta,Bragança,2021,2,
Freixo de Espada à Cinta,Bragança,2021,3,
Freixo de Espada à Cinta,Bragança,2021,4,76.0
Freixo de Espada à Cinta,Bragança,2021,5,306.0
Freixo de Espada à Cinta,Bragança,2021,6,235.0
Freixo de Espada à Cinta,Bragança,2021,7,363.0
Freixo de Espada à Cinta,Bragança,2021,8,2793.0
Freixo de Espada à Cinta,Bragança,2021,9,1460.0
Freixo de Espada à Cinta,Bragança,2021,10,1095.0
Freixo de Espada à Cinta,Bragança,2021,11,542.0
Freixo de Espada à Cinta,Bragança,2021,12,502.0
Freixo de Espada à Cinta,Bragança,2022,1,433.0
Freixo de Espada à Cinta,Bragança,2022,2,975.0
Freixo de Espada à Cinta,Bragança,2022,3,1104.0
Freixo de Espada à Cinta,Bragança,2022,4,1784.0
Freixo de Espada à Cinta,Bragança,2022,5,1040.0
Freixo de Espada à Cinta,Bragança,2022,6,1468.0
Freixo de Espada à Cinta,Bragança,2022,7,1757.0
Freixo de Espada à Cinta,Bragança,2022,8,3974.0
Freixo de Espada à Cinta,Bragança,2022,9,1889.0
Freixo de Espada à Cinta,Bragança,2022,10,1581.0
Freixo de Espada à Cinta,Bragança,2022,11,804.0
Freixo de Espada à Cinta,Bragança,2022,12,1001.0
Freixo de Espada à Cinta,Bragança,2023,1,687.0
Freixo de Espada à Cinta,Bragança,2023,2,1074.0
Freixo de Espada à Cinta,Bragança,2023,3,1063.0
Freixo de Espada à Cinta,Bragança,2023,4,2044.0
Freixo de Espada à Cinta,Bragança,2023,5,1223.0
Freixo de Espada à Cinta,Bragança,2023,6,1621.0
Freixo de Espada à Cinta,Bragança,2023,7,2242.0
Freixo de Espada à Cinta,Bragança,2023,8,3402.0
Freixo de Espada à Cinta,Bragança,2023,9,2034.0
Freixo de Espada à Cinta,Bragança,2023,10,1629.0
Freixo de Espada à Cinta,Bragança,2023,11,947.0
Freixo de Espada à Cinta,Bragança,2023,12,1050.0
Freixo de Espada à Cinta,Bragança,2024,1,716.0
Freixo de Espada à Cinta,Bragança,2024,2,1135.0
Freixo de Espada à Cinta,Bragança,2024,3,1570.0
Freixo de Espada à Cinta,Bragança,2024,4,2083.0
Freixo de Espada à Cinta,Bragança,2024,5,1985.0
Freixo de Espada à Cinta,Bragança,2024,6,2161.0
Freixo de Espada à Cinta,Bragança,2024,7,2358.0
Freixo de Espada à Cinta,Bragança,2024,8,3453.0
Freixo de Espada à Cinta,Bragança,2024,9,2388.0
Freixo de Espada à Cinta,Bragança,2024,10,1731.0
Freixo de Espada à Cinta,Bragança,2024,11,1206.0
Freixo de Espada à Cinta,Bragança,2024,12,1154.0
Freixo de Espada à Cinta,Bragança,2025,1,813.0
Freixo de Espada à Cinta,Bragança,2025,2,1189.0
Freixo de Espada à Cinta,Bragança,2025,3,1654.0
Freixo de Espada à Cinta,Bragança,2025,4,1574.0
Freixo de Espada à Cinta,Bragança,2025,5,1733.0
Freixo de Espada à Cinta,Bragança,2025,6,2171.0
Freixo de Espada à Cinta,Bragança,2025,7,2090.0
Freixo de Espada à Cinta,Bragança,2025,8,3265.0
Freixo de Espada à Cinta,Bragança,2025,9,2137.0
Freixo de Espada à Cinta,Bragança,2025,10,1650.0
Freixo de Espada à Cinta,Bragança,2025,11,1328.0
Freixo de Espada à Cinta,Bragança,2025,12,1158.0
Freixo de Espada à Cinta,Bragança,2026,1,765.0
Freixo de Espada à Cinta,Bragança,2026,2,1021.0
Freixo de Espada à Cinta,Bragança,2026,3,1380.0
Freixo de Espada à Cinta,Bragança,2026,4,1663.0
Freixo de Espada à Cinta,Bragança,2026,5,1693.0
Freixo de Espada à Cinta,Bragança,2026,6,1819.0
Freixo de Espada à Cinta,Bragança,2026,7,1900.0
Fronteira,Portalegre,2020,1,
Fronteira,Portalegre,2020,2,
Fronteira,Portalegre,2020,3,
Fronteira,Portalegre,2020,4,
Fronteira,Portalegre,2020,5,
Fronteira,Portalegre,2020,6,
Fronteira,Portalegre,2020,7,647.0
Fronteira,Portalegre,2020,8,929.0
Fronteira,Portalegre,2020,9,796.0
Fronteira,Portalegre,2020,10,148.0
Fronteira,Portalegre,2020,11,
Fronteira,Portalegre,2020,12,
Fronteira,Portalegre,2021,1,
Fronteira,Portalegre,2021,2,
Fronteira,Portalegre,2021,3,
Fronteira,Portalegre,2021,4,
Fronteira,Portalegre,2021,5,377.0
Fronteira,Portalegre,2021,6,378.0
Fronteira,Portalegre,2021,7,552.0
Fronteira,Portalegre,2021,8,852.0
Fronteira,Portalegre,2021,9,711.0
Fronteira,Portalegre,2021,10,449.0
Fronteira,Portalegre,2021,11,241.0
Fronteira,Portalegre,2021,12,
Fronteira,Portalegre,2022,1,
Fronteira,Portalegre,2022,2,
Fronteira,Portalegre,2022,3,117.0
Fronteira,Portalegre,2022,4,312.0
Fronteira,Portalegre,2022,5,435.0
Fronteira,Portalegre,2022,6,488.0
Fronteira,Portalegre,2022,7,530.0
Fronteira,Portalegre,2022,8,911.0
Fronteira,Portalegre,2022,9,534.0
Fronteira,Portalegre,2022,10,428.0
Fronteira,Portalegre,2022,11,468.0
Fronteira,Portalegre,2022,12,
Fronteira,Portalegre,2023,1,28.0
Fronteira,Portalegre,2023,2,66.0
Fronteira,Portalegre,2023,3,169.0
Fronteira,Portalegre,2023,4,496.0
Fronteira,Portalegre,2023,5,564.0
Fronteira,Portalegre,2023,6,660.0
Fronteira,Portalegre,2023,7,705.0
Fronteira,Portalegre,2023,8,971.0
Fronteira,Portalegre,2023,9,789.0
Fronteira,Portalegre,2023,10,661.0
Fronteira,Portalegre,2023,11,598.0
Fronteira,Portalegre,2023,12,196.0
Fronteira,Portalegre,2024,1,109.0
Fronteira,Portalegre,2024,2,125.0
Fronteira,Portalegre,2024,3,273.0
Fronteira,Portalegre,2024,4,457.0
Fronteira,Portalegre,2024,5,526.0
Fronteira,Portalegre,2024,6,615.0
Fronteira,Portalegre,2024,7,573.0
Fronteira,Portalegre,2024,8,828.0
Fronteira,Portalegre,2024,9,635.0
Fronteira,Portalegre,2024,10,469.0
Fronteira,Portalegre,2024,11,535.0
Fronteira,Portalegre,2024,12,383.0
Fronteira,Portalegre,2025,1,195.0
Fronteira,Portalegre,2025,2,128.0
Fronteira,Portalegre,2025,3,247.0
Fronteira,Portalegre,2025,4,459.0
Fronteira,Portalegre,2025,5,459.0
Fronteira,Portalegre,2025,6,517.0
Fronteira,Portalegre,2025,7,812.0
Fronteira,Portalegre,2025,8,1030.0
Fronteira,Portalegre,2025,9,663.0
Fronteira,Portalegre,2025,10,541.0
Fronteira,Portalegre,2025,11,546.0
Fronteira,Portalegre,2025,12,254.0
Fronteira,Portalegre,2026,1,141.0
Fronteira,Portalegre,2026,2,121.0
Fronteira,Portalegre,2026,3,278.0
Fronteira,Portalegre,2026,4,612.0
Fronteira,Portalegre,2026,5,950.0
Fronteira,Portalegre,2026,6,927.0
Fronteira,Portalegre,2026,7,860.0
Funchal,Região Autónoma da Madeira,2020,1,373967.0
Funchal,Região Autónoma da Madeira,2020,2,404425.0
Funchal,Região Autónoma da Madeira,2020,3,210037.0
Funchal,Região Autónoma da Madeira,2020,4,952.0
Funchal,Região Autónoma da Madeira,2020,5,1357.0
Funchal,Região Autónoma da Madeira,2020,6,3642.0
Funchal,Região Autónoma da Madeira,2020,7,39342.0
Funchal,Região Autónoma da Madeira,2020,8,112383.0
Funchal,Região Autónoma da Madeira,2020,9,137172.0
Funchal,Região Autónoma da Madeira,2020,10,158560.0
Funchal,Região Autónoma da Madeira,2020,11,77202.0
Funchal,Região Autónoma da Madeira,2020,12,92697.0
Funchal,Região Autónoma da Madeira,2021,1,59771.0
Funchal,Região Autónoma da Madeira,2021,2,26930.0
Funchal,Região Autónoma da Madeira,2021,3,39083.0
Funchal,Região Autónoma da Madeira,2021,4,61384.0
Funchal,Região Autónoma da Madeira,2021,5,119702.0
Funchal,Região Autónoma da Madeira,2021,6,181683.0
Funchal,Região Autónoma da Madeira,2021,7,331436.0
Funchal,Região Autónoma da Madeira,2021,8,488339.0
Funchal,Região Autónoma da Madeira,2021,9,456625.0
Funchal,Região Autónoma da Madeira,2021,10,452366.0
Funchal,Região Autónoma da Madeira,2021,11,374186.0
Funchal,Região Autónoma da Madeira,2021,12,288514.0
Funchal,Região Autónoma da Madeira,2022,1,260286.0
Funchal,Região Autónoma da Madeira,2022,2,300312.0
Funchal,Região Autónoma da Madeira,2022,3,427446.0
Funchal,Região Autónoma da Madeira,2022,4,520724.0
Funchal,Região Autónoma da Madeira,2022,5,527877.0
Funchal,Região Autónoma da Madeira,2022,6,535450.0
Funchal,Região Autónoma da Madeira,2022,7,590630.0
Funchal,Região Autónoma da Madeira,2022,8,627223.0
Funchal,Região Autónoma da Madeira,2022,9,544976.0
Funchal,Região Autónoma da Madeira,2022,10,530347.0
Funchal,Região Autónoma da Madeira,2022,11,453266.0
Funchal,Região Autónoma da Madeira,2022,12,416311.0
Funchal,Região Autónoma da Madeira,2023,1,425801.0
Funchal,Região Autónoma da Madeira,2023,2,427652.0
Funchal,Região Autónoma da Madeira,2023,3,491239.0
Funchal,Região Autónoma da Madeira,2023,4,524017.0
Funchal,Região Autónoma da Madeira,2023,5,535117.0
Funchal,Região Autónoma da Madeira,2023,6,530452.0
Funchal,Região Autónoma da Madeira,2023,7,585785.0
Funchal,Região Autónoma da Madeira,2023,8,619778.0
Funchal,Região Autónoma da Madeira,2023,9,560757.0
Funchal,Região Autónoma da Madeira,2023,10,549233.0
Funchal,Região Autónoma da Madeira,2023,11,469517.0
Funchal,Região Autónoma da Madeira,2023,12,410831.0
Funchal,Região Autónoma da Madeira,2024,1,425040.0
Funchal,Região Autónoma da Madeira,2024,2,457975.0
Funchal,Região Autónoma da Madeira,2024,3,516196.0
Funchal,Região Autónoma da Madeira,2024,4,531599.0
Funchal,Região Autónoma da Madeira,2024,5,567433.0
Funchal,Região Autónoma da Madeira,2024,6,553408.0
Funchal,Região Autónoma da Madeira,2024,7,596216.0
Funchal,Região Autónoma da Madeira,2024,8,626745.0
Funchal,Região Autónoma da Madeira,2024,9,569933.0
Funchal,Região Autónoma da Madeira,2024,10,555293.0
Funchal,Região Autónoma da Madeira,2024,11,482505.0
Funchal,Região Autónoma da Madeira,2024,12,439391.0
Funchal,Região Autónoma da Madeira,2025,1,442258.0
Funchal,Região Autónoma da Madeira,2025,2,453719.0
Funchal,Região Autónoma da Madeira,2025,3,510691.0
Funchal,Região Autónoma da Madeira,2025,4,539583.0
Funchal,Região Autónoma da Madeira,2025,5,568187.0
Funchal,Região Autónoma da Madeira,2025,6,562052.0
Funchal,Região Autónoma da Madeira,2025,7,617208.0
Funchal,Região Autónoma da Madeira,2025,8,635260.0
Funchal,Região Autónoma da Madeira,2025,9,567460.0
Funchal,Região Autónoma da Madeira,2025,10,569653.0
Funchal,Região Autónoma da Madeira,2025,11,488199.0
Funchal,Região Autónoma da Madeira,2025,12,430634.0
Funchal,Região Autónoma da Madeira,2026,1,422738.0
Funchal,Região Autónoma da Madeira,2026,2,453913.0
Funchal,Região Autónoma da Madeira,2026,3,506070.0
Funchal,Região Autónoma da Madeira,2026,4,535106.0
Funchal,Região Autónoma da Madeira,2026,5,552333.0
Funchal,Região Autónoma da Madeira,2026,6,540380.0
Funchal,Região Autónoma da Madeira,2026,7,600615.0
Fundão,Castelo Branco,2020,1,8655.0
Fundão,Castelo Branco,2020,2,9529.0
Fundão,Castelo Branco,2020,3,6113.0
Fundão,Castelo Branco,2020,4,
Fundão,Castelo Branco,2020,5,
Fundão,Castelo Branco,2020,6,4854.0
Fundão,Castelo Branco,2020,7,8323.0
Fundão,Castelo Branco,2020,8,16119.0
Fundão,Castelo Branco,2020,9,13535.0
Fundão,Castelo Branco,2020,10,7273.0
Fundão,Castelo Branco,2020,11,2568.0
Fundão,Castelo Branco,2020,12,4377.0
Fundão,Castelo Branco,2021,1,2550.0
Fundão,Castelo Branco,2021,2,1174.0
Fundão,Castelo Branco,2021,3,1574.0
Fundão,Castelo Branco,2021,4,4171.0
Fundão,Castelo Branco,2021,5,8747.0
Fundão,Castelo Branco,2021,6,12750.0
Fundão,Castelo Branco,2021,7,14125.0
Fundão,Castelo Branco,2021,8,16051.0
Fundão,Castelo Branco,2021,9,13295.0
Fundão,Castelo Branco,2021,10,9650.0
Fundão,Castelo Branco,2021,11,7459.0
Fundão,Castelo Branco,2021,12,6353.0
Fundão,Castelo Branco,2022,1,6774.0
Fundão,Castelo Branco,2022,2,5729.0
Fundão,Castelo Branco,2022,3,7468.0
Fundão,Castelo Branco,2022,4,6749.0
Fundão,Castelo Branco,2022,5,6653.0
Fundão,Castelo Branco,2022,6,8591.0
Fundão,Castelo Branco,2022,7,10121.0
Fundão,Castelo Branco,2022,8,12386.0
Fundão,Castelo Branco,2022,9,8108.0
Fundão,Castelo Branco,2022,10,6674.0
Fundão,Castelo Branco,2022,11,5357.0
Fundão,Castelo Branco,2022,12,6193.0
Fundão,Castelo Branco,2023,1,7442.0
Fundão,Castelo Branco,2023,2,9485.0
Fundão,Castelo Branco,2023,3,6791.0
Fundão,Castelo Branco,2023,4,9980.0
Fundão,Castelo Branco,2023,5,9736.0
Fundão,Castelo Branco,2023,6,12805.0
Fundão,Castelo Branco,2023,7,11830.0
Fundão,Castelo Branco,2023,8,15244.0
Fundão,Castelo Branco,2023,9,12148.0
Fundão,Castelo Branco,2023,10,5695.0
Fundão,Castelo Branco,2023,11,6447.0
Fundão,Castelo Branco,2023,12,9606.0
Fundão,Castelo Branco,2024,1,11370.0
Fundão,Castelo Branco,2024,2,11996.0
Fundão,Castelo Branco,2024,3,12750.0
Fundão,Castelo Branco,2024,4,12630.0
Fundão,Castelo Branco,2024,5,13819.0
Fundão,Castelo Branco,2024,6,14653.0
Fundão,Castelo Branco,2024,7,10704.0
Fundão,Castelo Branco,2024,8,18539.0
Fundão,Castelo Branco,2024,9,15351.0
Fundão,Castelo Branco,2024,10,14724.0
Fundão,Castelo Branco,2024,11,15088.0
Fundão,Castelo Branco,2024,12,14122.0
Fundão,Castelo Branco,2025,1,13152.0
Fundão,Castelo Branco,2025,2,14151.0
Fundão,Castelo Branco,2025,3,15415.0
Fundão,Castelo Branco,2025,4,16038.0
Fundão,Castelo Branco,2025,5,14399.0
Fundão,Castelo Branco,2025,6,15855.0
Fundão,Castelo Branco,2025,7,20072.0
Fundão,Castelo Branco,2025,8,21965.0
Fundão,Castelo Branco,2025,9,14959.0
Fundão,Castelo Branco,2025,10,14225.0
Fundão,Castelo Branco,2025,11,14295.0
Fundão,Castelo Branco,2025,12,15426.0
Fundão,Castelo Branco,2026,1,16081.0
Fundão,Castelo Branco,2026,2,13781.0
Fundão,Castelo Branco,2026,3,13645.0
Fundão,Castelo Branco,2026,4,15737.0
Fundão,Castelo Branco,2026,5,13708.0
Fundão,Castelo Branco,2026,6,15345.0
Fundão,Castelo Branco,2026,7,19703.0
Gavião,Portalegre,2020,1,92.0
Gavião,Portalegre,2020,2,165.0
Gavião,Portalegre,2020,3,
Gavião,Portalegre,2020,4,
Gavião,Portalegre,2020,5,
Gavião,Portalegre,2020,6,688.0
Gavião,Portalegre,2020,7,
Gavião,Portalegre,2020,8,
Gavião,Portalegre,2020,9,709.0
Gavião,Portalegre,2020,10,383.0
Gavião,Portalegre,2020,11,98.0
Gavião,Portalegre,2020,12,177.0
Gavião,Portalegre,2021,1,
Gavião,Portalegre,2021,2,
Gavião,Portalegre,2021,3,
Gavião,Portalegre,2021,4,177.0
Gavião,Portalegre,2021,5,381.0
Gavião,Portalegre,2021,6,561.0
Gavião,Portalegre,2021,7,887.0
Gavião,Portalegre,2021,8,1106.0
Gavião,Portalegre,2021,9,391.0
Gavião,Portalegre,2021,10,
Gavião,Portalegre,2021,11,204.0
Gavião,Portalegre,2021,12,201.0
Gavião,Portalegre,2022,1,
Gavião,Portalegre,2022,2,
Gavião,Portalegre,2022,3,223.0
Gavião,Portalegre,2022,4,318.0
Gavião,Portalegre,2022,5,440.0
Gavião,Portalegre,2022,6,679.0
Gavião,Portalegre,2022,7,817.0
Gavião,Portalegre,2022,8,1219.0
Gavião,Portalegre,2022,9,507.0
Gavião,Portalegre,2022,10,353.0
Gavião,Portalegre,2022,11,268.0
Gavião,Portalegre,2022,12,87.0
Gavião,Portalegre,2023,1,
Gavião,Portalegre,2023,2,
Gavião,Portalegre,2023,3,157.0
Gavião,Portalegre,2023,4,550.0
Gavião,Portalegre,2023,5,688.0
Gavião,Portalegre,2023,6,588.0
Gavião,Portalegre,2023,7,1023.0
Gavião,Portalegre,2023,8,1125.0
Gavião,Portalegre,2023,9,778.0
Gavião,Portalegre,2023,10,666.0
Gavião,Portalegre,2023,11,299.0
Gavião,Portalegre,2023,12,423.0
Gavião,Portalegre,2024,1,163.0
Gavião,Portalegre,2024,2,127.0
Gavião,Portalegre,2024,3,294.0
Gavião,Portalegre,2024,4,616.0
Gavião,Portalegre,2024,5,451.0
Gavião,Portalegre,2024,6,816.0
Gavião,Portalegre,2024,7,1190.0
Gavião,Portalegre,2024,8,1215.0
Gavião,Portalegre,2024,9,793.0
Gavião,Portalegre,2024,10,762.0
Gavião,Portalegre,2024,11,215.0
Gavião,Portalegre,2024,12,513.0
Gavião,Portalegre,2025,1,493.0
Gavião,Portalegre,2025,2,195.0
Gavião,Portalegre,2025,3,287.0
Gavião,Portalegre,2025,4,528.0
Gavião,Portalegre,2025,5,576.0
Gavião,Portalegre,2025,6,1019.0
Gavião,Portalegre,2025,7,1414.0
Gavião,Portalegre,2025,8,2328.0
Gavião,Portalegre,2025,9,1199.0
Gavião,Portalegre,2025,10,848.0
Gavião,Portalegre,2025,11,545.0
Gavião,Portalegre,2025,12,285.0
Gavião,Portalegre,2026,1,208.0
Gavião,Portalegre,2026,2,290.0
Gavião,Portalegre,2026,3,
Gavião,Portalegre,2026,4,
Gavião,Portalegre,2026,5,477.0
Gavião,Portalegre,2026,6,770.0
Gavião,Portalegre,2026,7,738.0
Golegã,Santarém,2020,1,641.0
Golegã,Santarém,2020,2,953.0
Golegã,Santarém,2020,3,161.0
Golegã,Santarém,2020,4,
Golegã,Santarém,2020,5,
Golegã,Santarém,2020,6,484.0
Golegã,Santarém,2020,7,780.0
Golegã,Santarém,2020,8,1014.0
Golegã,Santarém,2020,9,1091.0
Golegã,Santarém,2020,10,752.0
Golegã,Santarém,2020,11,355.0
Golegã,Santarém,2020,12,446.0
Golegã,Santarém,2021,1,180.0
Golegã,Santarém,2021,2,130.0
Golegã,Santarém,2021,3,203.0
Golegã,Santarém,2021,4,418.0
Golegã,Santarém,2021,5,972.0
Golegã,Santarém,2021,6,724.0
Golegã,Santarém,2021,7,866.0
Golegã,Santarém,2021,8,1080.0
Golegã,Santarém,2021,9,1201.0
Golegã,Santarém,2021,10,1080.0
Golegã,Santarém,2021,11,1056.0
Golegã,Santarém,2021,12,407.0
Golegã,Santarém,2022,1,290.0
Golegã,Santarém,2022,2,447.0
Golegã,Santarém,2022,3,635.0
Golegã,Santarém,2022,4,910.0
Golegã,Santarém,2022,5,973.0
Golegã,Santarém,2022,6,982.0
Golegã,Santarém,2022,7,1155.0
Golegã,Santarém,2022,8,1975.0
Golegã,Santarém,2022,9,1259.0
Golegã,Santarém,2022,10,1212.0
Golegã,Santarém,2022,11,1327.0
Golegã,Santarém,2022,12,735.0
Golegã,Santarém,2023,1,751.0
Golegã,Santarém,2023,2,918.0
Golegã,Santarém,2023,3,769.0
Golegã,Santarém,2023,4,1100.0
Golegã,Santarém,2023,5,1160.0
Golegã,Santarém,2023,6,948.0
Golegã,Santarém,2023,7,1286.0
Golegã,Santarém,2023,8,1437.0
Golegã,Santarém,2023,9,1151.0
Golegã,Santarém,2023,10,916.0
Golegã,Santarém,2023,11,1463.0
Golegã,Santarém,2023,12,804.0
Golegã,Santarém,2024,1,782.0
Golegã,Santarém,2024,2,833.0
Golegã,Santarém,2024,3,915.0
Golegã,Santarém,2024,4,1288.0
Golegã,Santarém,2024,5,1484.0
Golegã,Santarém,2024,6,1101.0
Golegã,Santarém,2024,7,1313.0
Golegã,Santarém,2024,8,1968.0
Golegã,Santarém,2024,9,1532.0
Golegã,Santarém,2024,10,1070.0
Golegã,Santarém,2024,11,1578.0
Golegã,Santarém,2024,12,986.0
Golegã,Santarém,2025,1,645.0
Golegã,Santarém,2025,2,798.0
Golegã,Santarém,2025,3,923.0
Golegã,Santarém,2025,4,1144.0
Golegã,Santarém,2025,5,1665.0
Golegã,Santarém,2025,6,1333.0
Golegã,Santarém,2025,7,1329.0
Golegã,Santarém,2025,8,1774.0
Golegã,Santarém,2025,9,1402.0
Golegã,Santarém,2025,10,1046.0
Golegã,Santarém,2025,11,1599.0
Golegã,Santarém,2025,12,657.0
Golegã,Santarém,2026,1,
Golegã,Santarém,2026,2,539.0
Golegã,Santarém,2026,3,710.0
Golegã,Santarém,2026,4,1058.0
Golegã,Santarém,2026,5,1731.0
Golegã,Santarém,2026,6,1285.0
Golegã,Santarém,2026,7,1491.0
Gondomar,Porto,2020,1,469.0
Gondomar,Porto,2020,2,388.0
Gondomar,Porto,2020,3,438.0
Gondomar,Porto,2020,4,
Gondomar,Porto,2020,5,
Gondomar,Porto,2020,6,424.0
Gondomar,Porto,2020,7,531.0
Gondomar,Porto,2020,8,987.0
Gondomar,Porto,2020,9,372.0
Gondomar,Porto,2020,10,340.0
Gondomar,Porto,2020,11,233.0
Gondomar,Porto,2020,12,253.0
Gondomar,Porto,2021,1,167.0
Gondomar,Porto,2021,2,
Gondomar,Porto,2021,3,
Gondomar,Porto,2021,4,214.0
Gondomar,Porto,2021,5,
Gondomar,Porto,2021,6,
Gondomar,Porto,2021,7,
Gondomar,Porto,2021,8,953.0
Gondomar,Porto,2021,9,424.0
Gondomar,Porto,2021,10,
Gondomar,Porto,2021,11,
Gondomar,Porto,2021,12,
Gondomar,Porto,2022,1,401.0
Gondomar,Porto,2022,2,395.0
Gondomar,Porto,2022,3,185.0
Gondomar,Porto,2022,4,760.0
Gondomar,Porto,2022,5,3302.0
Gondomar,Porto,2022,6,3629.0
Gondomar,Porto,2022,7,5500.0
Gondomar,Porto,2022,8,8553.0
Gondomar,Porto,2022,9,5784.0
Gondomar,Porto,2022,10,4266.0
Gondomar,Porto,2022,11,2326.0
Gondomar,Porto,2022,12,4237.0
Gondomar,Porto,2023,1,4053.0
Gondomar,Porto,2023,2,3765.0
Gondomar,Porto,2023,3,4605.0
Gondomar,Porto,2023,4,7209.0
Gondomar,Porto,2023,5,8054.0
Gondomar,Porto,2023,6,8771.0
Gondomar,Porto,2023,7,10999.0
Gondomar,Porto,2023,8,13954.0
Gondomar,Porto,2023,9,10551.0
Gondomar,Porto,2023,10,9860.0
Gondomar,Porto,2023,11,8048.0
Gondomar,Porto,2023,12,7718.0
Gondomar,Porto,2024,1,6609.0
Gondomar,Porto,2024,2,6631.0
Gondomar,Porto,2024,3,8348.0
Gondomar,Porto,2024,4,8025.0
Gondomar,Porto,2024,5,9130.0
Gondomar,Porto,2024,6,8356.0
Gondomar,Porto,2024,7,10635.0
Gondomar,Porto,2024,8,13587.0
Gondomar,Porto,2024,9,10191.0
Gondomar,Porto,2024,10,9378.0
Gondomar,Porto,2024,11,7921.0
Gondomar,Porto,2024,12,7692.0
Gondomar,Porto,2025,1,6047.0
Gondomar,Porto,2025,2,5851.0
Gondomar,Porto,2025,3,6939.0
Gondomar,Porto,2025,4,7939.0
Gondomar,Porto,2025,5,8510.0
Gondomar,Porto,2025,6,9573.0
Gondomar,Porto,2025,7,11673.0
Gondomar,Porto,2025,8,13794.0
Gondomar,Porto,2025,9,9590.0
Gondomar,Porto,2025,10,9024.0
Gondomar,Porto,2025,11,6217.0
Gondomar,Porto,2025,12,6734.0
Gondomar,Porto,2026,1,6742.0
Gondomar,Porto,2026,2,6563.0
Gondomar,Porto,2026,3,8283.0
Gondomar,Porto,2026,4,10297.0
Gondomar,Porto,2026,5,11183.0
Gondomar,Porto,2026,6,9961.0
Gondomar,Porto,2026,7,12958.0
Gouveia,Guarda,2020,1,1519.0
Gouveia,Guarda,2020,2,2037.0
Gouveia,Guarda,2020,3,646.0
Gouveia,Guarda,2020,4,
Gouveia,Guarda,2020,5,
Gouveia,Guarda,2020,6,436.0
Gouveia,Guarda,2020,7,759.0
Gouveia,Guarda,2020,8,2073.0
Gouveia,Guarda,2020,9,715.0
Gouveia,Guarda,2020,10,791.0
Gouveia,Guarda,2020,11,450.0
Gouveia,Guarda,2020,12,1111.0
Gouveia,Guarda,2021,1,563.0
Gouveia,Guarda,2021,2,353.0
Gouveia,Guarda,2021,3,393.0
Gouveia,Guarda,2021,4,594.0
Gouveia,Guarda,2021,5,887.0
Gouveia,Guarda,2021,6,1114.0
Gouveia,Guarda,2021,7,1114.0
Gouveia,Guarda,2021,8,2549.0
Gouveia,Guarda,2021,9,1444.0
Gouveia,Guarda,2021,10,2291.0
Gouveia,Guarda,2021,11,1655.0
Gouveia,Guarda,2021,12,2270.0
Gouveia,Guarda,2022,1,1619.0
Gouveia,Guarda,2022,2,2485.0
Gouveia,Guarda,2022,3,2323.0
Gouveia,Guarda,2022,4,2244.0
Gouveia,Guarda,2022,5,1647.0
Gouveia,Guarda,2022,6,2240.0
Gouveia,Guarda,2022,7,2564.0
Gouveia,Guarda,2022,8,5854.0
Gouveia,Guarda,2022,9,2135.0
Gouveia,Guarda,2022,10,3089.0
Gouveia,Guarda,2022,11,2894.0
Gouveia,Guarda,2022,12,3376.0
Gouveia,Guarda,2023,1,2347.0
Gouveia,Guarda,2023,2,2616.0
Gouveia,Guarda,2023,3,2443.0
Gouveia,Guarda,2023,4,2874.0
Gouveia,Guarda,2023,5,2148.0
Gouveia,Guarda,2023,6,1987.0
Gouveia,Guarda,2023,7,2922.0
Gouveia,Guarda,2023,8,5997.0
Gouveia,Guarda,2023,9,2656.0
Gouveia,Guarda,2023,10,2495.0
Gouveia,Guarda,2023,11,2142.0
Gouveia,Guarda,2023,12,2704.0
Gouveia,Guarda,2024,1,1694.0
Gouveia,Guarda,2024,2,2351.0
Gouveia,Guarda,2024,3,2765.0
Gouveia,Guarda,2024,4,2456.0
Gouveia,Guarda,2024,5,2330.0
Gouveia,Guarda,2024,6,2260.0
Gouveia,Guarda,2024,7,2063.0
Gouveia,Guarda,2024,8,4054.0
Gouveia,Guarda,2024,9,1688.0
Gouveia,Guarda,2024,10,1995.0
Gouveia,Guarda,2024,11,1834.0
Gouveia,Guarda,2024,12,2902.0
Gouveia,Guarda,2025,1,2281.0
Gouveia,Guarda,2025,2,2508.0
Gouveia,Guarda,2025,3,2797.0
Gouveia,Guarda,2025,4,2620.0
Gouveia,Guarda,2025,5,2579.0
Gouveia,Guarda,2025,6,2689.0
Gouveia,Guarda,2025,7,3310.0
Gouveia,Guarda,2025,8,5890.0
Gouveia,Guarda,2025,9,2230.0
Gouveia,Guarda,2025,10,3383.0
Gouveia,Guarda,2025,11,3120.0
Gouveia,Guarda,2025,12,5288.0
Gouveia,Guarda,2026,1,3237.0
Gouveia,Guarda,2026,2,2656.0
Gouveia,Guarda,2026,3,1621.0
Gouveia,Guarda,2026,4,2079.0
Gouveia,Guarda,2026,5,3027.0
Gouveia,Guarda,2026,6,2289.0
Gouveia,Guarda,2026,7,3290.0
Grândola,Setúbal,2020,1,12863.0
Grândola,Setúbal,2020,2,17203.0
Grândola,Setúbal,2020,3,4160.0
Grândola,Setúbal,2020,4,948.0
Grândola,Setúbal,2020,5,5193.0
Grândola,Setúbal,2020,6,29450.0
Grândola,Setúbal,2020,7,56570.0
Grândola,Setúbal,2020,8,76396.0
Grândola,Setúbal,2020,9,46881.0
Grândola,Setúbal,2020,10,24021.0
Grândola,Setúbal,2020,11,5097.0
Grândola,Setúbal,2020,12,8812.0
Grândola,Setúbal,2021,1,4202.0
Grândola,Setúbal,2021,2,4618.0
Grândola,Setúbal,2021,3,9188.0
Grândola,Setúbal,2021,4,12331.0
Grândola,Setúbal,2021,5,25434.0
Grândola,Setúbal,2021,6,49394.0
Grândola,Setúbal,2021,7,68074.0
Grândola,Setúbal,2021,8,82961.0
Grândola,Setúbal,2021,9,53540.0
Grândola,Setúbal,2021,10,33246.0
Grândola,Setúbal,2021,11,12850.0
Grândola,Setúbal,2021,12,8462.0
Grândola,Setúbal,2022,1,8436.0
Grândola,Setúbal,2022,2,13915.0
Grândola,Setúbal,2022,3,17132.0
Grândola,Setúbal,2022,4,29018.0
Grândola,Setúbal,2022,5,32343.0
Grândola,Setúbal,2022,6,53353.0
Grândola,Setúbal,2022,7,73702.0
Grândola,Setúbal,2022,8,86104.0
Grândola,Setúbal,2022,9,51428.0
Grândola,Setúbal,2022,10,30376.0
Grândola,Setúbal,2022,11,12291.0
Grândola,Setúbal,2022,12,10044.0
Grândola,Setúbal,2023,1,10871.0
Grândola,Setúbal,2023,2,14112.0
Grândola,Setúbal,2023,3,18972.0
Grândola,Setúbal,2023,4,35337.0
Grândola,Setúbal,2023,5,31763.0
Grândola,Setúbal,2023,6,52223.0
Grândola,Setúbal,2023,7,75779.0
Grândola,Setúbal,2023,8,87031.0
Grândola,Setúbal,2023,9,53046.0
Grândola,Setúbal,2023,10,33155.0
Grândola,Setúbal,2023,11,14984.0
Grândola,Setúbal,2023,12,12703.0
Grândola,Setúbal,2024,1,11399.0
Grândola,Setúbal,2024,2,15999.0
Grândola,Setúbal,2024,3,23693.0
Grândola,Setúbal,2024,4,28427.0
Grândola,Setúbal,2024,5,36739.0
Grândola,Setúbal,2024,6,53979.0
Grândola,Setúbal,2024,7,76732.0
Grândola,Setúbal,2024,8,97847.0
Grândola,Setúbal,2024,9,54553.0
Grândola,Setúbal,2024,10,29356.0
Grândola,Setúbal,2024,11,18719.0
Grândola,Setúbal,2024,12,14389.0
Grândola,Setúbal,2025,1,13918.0
Grândola,Setúbal,2025,2,15631.0
Grândola,Setúbal,2025,3,21293.0
Grândola,Setúbal,2025,4,30023.0
Grândola,Setúbal,2025,5,36512.0
Grândola,Setúbal,2025,6,62838.0
Grândola,Setúbal,2025,7,84598.0
Grândola,Setúbal,2025,8,89739.0
Grândola,Setúbal,2025,9,58961.0
Grândola,Setúbal,2025,10,30871.0
Grândola,Setúbal,2025,11,16413.0
Grândola,Setúbal,2025,12,13580.0
Grândola,Setúbal,2026,1,11462.0
Grândola,Setúbal,2026,2,12055.0
Grândola,Setúbal,2026,3,18432.0
Grândola,Setúbal,2026,4,33089.0
Grândola,Setúbal,2026,5,43284.0
Grândola,Setúbal,2026,6,59882.0
Grândola,Setúbal,2026,7,107612.0
Guarda,Guarda,2020,1,5509.0
Guarda,Guarda,2020,2,6356.0
Guarda,Guarda,2020,3,2819.0
Guarda,Guarda,2020,4,907.0
Guarda,Guarda,2020,5,1739.0
Guarda,Guarda,2020,6,3258.0
Guarda,Guarda,2020,7,4459.0
Guarda,Guarda,2020,8,7501.0
Guarda,Guarda,2020,9,5782.0
Guarda,Guarda,2020,10,4543.0
Guarda,Guarda,2020,11,2582.0
Guarda,Guarda,2020,12,2825.0
Guarda,Guarda,2021,1,2105.0
Guarda,Guarda,2021,2,1822.0
Guarda,Guarda,2021,3,2391.0
Guarda,Guarda,2021,4,2879.0
Guarda,Guarda,2021,5,4835.0
Guarda,Guarda,2021,6,5623.0
Guarda,Guarda,2021,7,5788.0
Guarda,Guarda,2021,8,6462.0
Guarda,Guarda,2021,9,4785.0
Guarda,Guarda,2021,10,5370.0
Guarda,Guarda,2021,11,5218.0
Guarda,Guarda,2021,12,5264.0
Guarda,Guarda,2022,1,3667.0
Guarda,Guarda,2022,2,2912.0
Guarda,Guarda,2022,3,4816.0
Guarda,Guarda,2022,4,5996.0
Guarda,Guarda,2022,5,5687.0
Guarda,Guarda,2022,6,6407.0
Guarda,Guarda,2022,7,7992.0
Guarda,Guarda,2022,8,9730.0
Guarda,Guarda,2022,9,6804.0
Guarda,Guarda,2022,10,6730.0
Guarda,Guarda,2022,11,5535.0
Guarda,Guarda,2022,12,7219.0
Guarda,Guarda,2023,1,5765.0
Guarda,Guarda,2023,2,6576.0
Guarda,Guarda,2023,3,6511.0
Guarda,Guarda,2023,4,8634.0
Guarda,Guarda,2023,5,7910.0
Guarda,Guarda,2023,6,8770.0
Guarda,Guarda,2023,7,10205.0
Guarda,Guarda,2023,8,10990.0
Guarda,Guarda,2023,9,8173.0
Guarda,Guarda,2023,10,7599.0
Guarda,Guarda,2023,11,5979.0
Guarda,Guarda,2023,12,6980.0
Guarda,Guarda,2024,1,6126.0
Guarda,Guarda,2024,2,7509.0
Guarda,Guarda,2024,3,7664.0
Guarda,Guarda,2024,4,7577.0
Guarda,Guarda,2024,5,8254.0
Guarda,Guarda,2024,6,7902.0
Guarda,Guarda,2024,7,9775.0
Guarda,Guarda,2024,8,11930.0
Guarda,Guarda,2024,9,8404.0
Guarda,Guarda,2024,10,7917.0
Guarda,Guarda,2024,11,6822.0
Guarda,Guarda,2024,12,7305.0
Guarda,Guarda,2025,1,5969.0
Guarda,Guarda,2025,2,6467.0
Guarda,Guarda,2025,3,7567.0
Guarda,Guarda,2025,4,9122.0
Guarda,Guarda,2025,5,8405.0
Guarda,Guarda,2025,6,7836.0
Guarda,Guarda,2025,7,9145.0
Guarda,Guarda,2025,8,13420.0
Guarda,Guarda,2025,9,8070.0
Guarda,Guarda,2025,10,7620.0
Guarda,Guarda,2025,11,6615.0
Guarda,Guarda,2025,12,8142.0
Guarda,Guarda,2026,1,7543.0
Guarda,Guarda,2026,2,6666.0
Guarda,Guarda,2026,3,7009.0
Guarda,Guarda,2026,4,8450.0
Guarda,Guarda,2026,5,8652.0
Guarda,Guarda,2026,6,8326.0
Guarda,Guarda,2026,7,9871.0
Guimarães,Braga,2020,1,19100.0
Guimarães,Braga,2020,2,22229.0
Guimarães,Braga,2020,3,9713.0
Guimarães,Braga,2020,4,654.0
Guimarães,Braga,2020,5,2398.0
Guimarães,Braga,2020,6,7249.0
Guimarães,Braga,2020,7,14143.0
Guimarães,Braga,2020,8,25662.0
Guimarães,Braga,2020,9,17258.0
Guimarães,Braga,2020,10,13503.0
Guimarães,Braga,2020,11,5500.0
Guimarães,Braga,2020,12,6275.0
Guimarães,Braga,2021,1,5000.0
Guimarães,Braga,2021,2,4106.0
Guimarães,Braga,2021,3,4788.0
Guimarães,Braga,2021,4,7732.0
Guimarães,Braga,2021,5,12459.0
Guimarães,Braga,2021,6,14796.0
Guimarães,Braga,2021,7,21107.0
Guimarães,Braga,2021,8,37052.0
Guimarães,Braga,2021,9,25544.0
Guimarães,Braga,2021,10,26248.0
Guimarães,Braga,2021,11,21557.0
Guimarães,Braga,2021,12,18076.0
Guimarães,Braga,2022,1,10881.0
Guimarães,Braga,2022,2,15566.0
Guimarães,Braga,2022,3,19674.0
Guimarães,Braga,2022,4,27779.0
Guimarães,Braga,2022,5,28717.0
Guimarães,Braga,2022,6,31771.0
Guimarães,Braga,2022,7,32625.0
Guimarães,Braga,2022,8,47812.0
Guimarães,Braga,2022,9,32587.0
Guimarães,Braga,2022,10,30259.0
Guimarães,Braga,2022,11,21277.0
Guimarães,Braga,2022,12,21918.0
Guimarães,Braga,2023,1,16766.0
Guimarães,Braga,2023,2,19606.0
Guimarães,Braga,2023,3,23402.0
Guimarães,Braga,2023,4,32298.0
Guimarães,Braga,2023,5,31146.0
Guimarães,Braga,2023,6,29660.0
Guimarães,Braga,2023,7,40690.0
Guimarães,Braga,2023,8,50863.0
Guimarães,Braga,2023,9,37961.0
Guimarães,Braga,2023,10,35030.0
Guimarães,Braga,2023,11,24219.0
Guimarães,Braga,2023,12,28821.0
Guimarães,Braga,2024,1,18566.0
Guimarães,Braga,2024,2,21195.0
Guimarães,Braga,2024,3,29013.0
Guimarães,Braga,2024,4,31509.0
Guimarães,Braga,2024,5,36610.0
Guimarães,Braga,2024,6,34440.0
Guimarães,Braga,2024,7,39504.0
Guimarães,Braga,2024,8,50417.0
Guimarães,Braga,2024,9,39598.0
Guimarães,Braga,2024,10,31567.0
Guimarães,Braga,2024,11,27616.0
Guimarães,Braga,2024,12,24949.0
Guimarães,Braga,2025,1,20091.0
Guimarães,Braga,2025,2,21263.0
Guimarães,Braga,2025,3,27741.0
Guimarães,Braga,2025,4,35470.0
Guimarães,Braga,2025,5,36893.0
Guimarães,Braga,2025,6,32523.0
Guimarães,Braga,2025,7,40725.0
Guimarães,Braga,2025,8,52714.0
Guimarães,Braga,2025,9,39996.0
Guimarães,Braga,2025,10,34968.0
Guimarães,Braga,2025,11,28368.0
Guimarães,Braga,2025,12,27153.0
Guimarães,Braga,2026,1,23519.0
Guimarães,Braga,2026,2,23908.0
Guimarães,Braga,2026,3,30068.0
Guimarães,Braga,2026,4,37406.0
Guimarães,Braga,2026,5,37700.0
Guimarães,Braga,2026,6,37677.0
Guimarães,Braga,2026,7,42234.0
Góis,Coimbra,2020,1,222.0
Góis,Coimbra,2020,2,308.0
Góis,Coimbra,2020,3,234.0
Góis,Coimbra,2020,4,104.0
Góis,Coimbra,2020,5,134.0
Góis,Coimbra,2020,6,496.0
Góis,Coimbra,2020,7,1005.0
Góis,Coimbra,2020,8,1954.0
Góis,Coimbra,2020,9,1175.0
Góis,Coimbra,2020,10,584.0
Góis,Coimbra,2020,11,130.0
Góis,Coimbra,2020,12,160.0
Góis,Coimbra,2021,1,83.0
Góis,Coimbra,2021,2,58.0
Góis,Coimbra,2021,3,63.0
Góis,Coimbra,2021,4,187.0
Góis,Coimbra,2021,5,703.0
Góis,Coimbra,2021,6,1031.0
Góis,Coimbra,2021,7,1764.0
Góis,Coimbra,2021,8,2720.0
Góis,Coimbra,2021,9,1164.0
Góis,Coimbra,2021,10,725.0
Góis,Coimbra,2021,11,330.0
Góis,Coimbra,2021,12,420.0
Góis,Coimbra,2022,1,118.0
Góis,Coimbra,2022,2,384.0
Góis,Coimbra,2022,3,582.0
Góis,Coimbra,2022,4,1183.0
Góis,Coimbra,2022,5,724.0
Góis,Coimbra,2022,6,1165.0
Góis,Coimbra,2022,7,1824.0
Góis,Coimbra,2022,8,2315.0
Góis,Coimbra,2022,9,1216.0
Góis,Coimbra,2022,10,852.0
Góis,Coimbra,2022,11,589.0
Góis,Coimbra,2022,12,821.0
Góis,Coimbra,2023,1,451.0
Góis,Coimbra,2023,2,536.0
Góis,Coimbra,2023,3,752.0
Góis,Coimbra,2023,4,899.0
Góis,Coimbra,2023,5,1084.0
Góis,Coimbra,2023,6,961.0
Góis,Coimbra,2023,7,1862.0
Góis,Coimbra,2023,8,2342.0
Góis,Coimbra,2023,9,1146.0
Góis,Coimbra,2023,10,685.0
Góis,Coimbra,2023,11,386.0
Góis,Coimbra,2023,12,547.0
Góis,Coimbra,2024,1,292.0
Góis,Coimbra,2024,2,477.0
Góis,Coimbra,2024,3,619.0
Góis,Coimbra,2024,4,554.0
Góis,Coimbra,2024,5,983.0
Góis,Coimbra,2024,6,1299.0
Góis,Coimbra,2024,7,1796.0
Góis,Coimbra,2024,8,2928.0
Góis,Coimbra,2024,9,1198.0
Góis,Coimbra,2024,10,896.0
Góis,Coimbra,2024,11,794.0
Góis,Coimbra,2024,12,617.0
Góis,Coimbra,2025,1,509.0
Góis,Coimbra,2025,2,574.0
Góis,Coimbra,2025,3,542.0
Góis,Coimbra,2025,4,1055.0
Góis,Coimbra,2025,5,1025.0
Góis,Coimbra,2025,6,1523.0
Góis,Coimbra,2025,7,1808.0
Góis,Coimbra,2025,8,2164.0
Góis,Coimbra,2025,9,1068.0
Góis,Coimbra,2025,10,772.0
Góis,Coimbra,2025,11,372.0
Góis,Coimbra,2025,12,669.0
Góis,Coimbra,2026,1,
Góis,Coimbra,2026,2,184.0
Góis,Coimbra,2026,3,392.0
Góis,Coimbra,2026,4,1015.0
Góis,Coimbra,2026,5,1163.0
Góis,Coimbra,2026,6,1312.0
Góis,Coimbra,2026,7,1939.0
Horta,Região Autónoma dos Açores,2020,1,3814.0
Horta,Região Autónoma dos Açores,2020,2,4905.0
Horta,Região Autónoma dos Açores,2020,3,2656.0
Horta,Região Autónoma dos Açores,2020,4,
Horta,Região Autónoma dos Açores,2020,5,
Horta,Região Autónoma dos Açores,2020,6,926.0
Horta,Região Autónoma dos Açores,2020,7,4595.0
Horta,Região Autónoma dos Açores,2020,8,8725.0
Horta,Região Autónoma dos Açores,2020,9,6788.0
Horta,Região Autónoma dos Açores,2020,10,5741.0
Horta,Região Autónoma dos Açores,2020,11,3258.0
Horta,Região Autónoma dos Açores,2020,12,2588.0
Horta,Região Autónoma dos Açores,2021,1,1924.0
Horta,Região Autónoma dos Açores,2021,2,2718.0
Horta,Região Autónoma dos Açores,2021,3,3739.0
Horta,Região Autónoma dos Açores,2021,4,6475.0
Horta,Região Autónoma dos Açores,2021,5,7215.0
Horta,Região Autónoma dos Açores,2021,6,11436.0
Horta,Região Autónoma dos Açores,2021,7,20280.0
Horta,Região Autónoma dos Açores,2021,8,27591.0
Horta,Região Autónoma dos Açores,2021,9,20211.0
Horta,Região Autónoma dos Açores,2021,10,13756.0
Horta,Região Autónoma dos Açores,2021,11,6568.0
Horta,Região Autónoma dos Açores,2021,12,4279.0
Horta,Região Autónoma dos Açores,2022,1,3606.0
Horta,Região Autónoma dos Açores,2022,2,4940.0
Horta,Região Autónoma dos Açores,2022,3,8206.0
Horta,Região Autónoma dos Açores,2022,4,12146.0
Horta,Região Autónoma dos Açores,2022,5,18532.0
Horta,Região Autónoma dos Açores,2022,6,21145.0
Horta,Região Autónoma dos Açores,2022,7,26981.0
Horta,Região Autónoma dos Açores,2022,8,29864.0
Horta,Região Autónoma dos Açores,2022,9,22413.0
Horta,Região Autónoma dos Açores,2022,10,15232.0
Horta,Região Autónoma dos Açores,2022,11,7657.0
Horta,Região Autónoma dos Açores,2022,12,5292.0
Horta,Região Autónoma dos Açores,2023,1,4855.0
Horta,Região Autónoma dos Açores,2023,2,4789.0
Horta,Região Autónoma dos Açores,2023,3,9988.0
Horta,Região Autónoma dos Açores,2023,4,12940.0
Horta,Região Autónoma dos Açores,2023,5,18789.0
Horta,Região Autónoma dos Açores,2023,6,21674.0
Horta,Região Autónoma dos Açores,2023,7,28103.0
Horta,Região Autónoma dos Açores,2023,8,31434.0
Horta,Região Autónoma dos Açores,2023,9,24843.0
Horta,Região Autónoma dos Açores,2023,10,14956.0
Horta,Região Autónoma dos Açores,2023,11,8082.0
Horta,Região Autónoma dos Açores,2023,12,5034.0
Horta,Região Autónoma dos Açores,2024,1,4563.0
Horta,Região Autónoma dos Açores,2024,2,6302.0
Horta,Região Autónoma dos Açores,2024,3,10378.0
Horta,Região Autónoma dos Açores,2024,4,14411.0
Horta,Região Autónoma dos Açores,2024,5,22777.0
Horta,Região Autónoma dos Açores,2024,6,23102.0
Horta,Região Autónoma dos Açores,2024,7,29959.0
Horta,Região Autónoma dos Açores,2024,8,33633.0
Horta,Região Autónoma dos Açores,2024,9,25219.0
Horta,Região Autónoma dos Açores,2024,10,16376.0
Horta,Região Autónoma dos Açores,2024,11,8660.0
Horta,Região Autónoma dos Açores,2024,12,4848.0
Horta,Região Autónoma dos Açores,2025,1,5422.0
Horta,Região Autónoma dos Açores,2025,2,6912.0
Horta,Região Autónoma dos Açores,2025,3,13331.0
Horta,Região Autónoma dos Açores,2025,4,14002.0
Horta,Região Autónoma dos Açores,2025,5,22542.0
Horta,Região Autónoma dos Açores,2025,6,25172.0
Horta,Região Autónoma dos Açores,2025,7,31305.0
Horta,Região Autónoma dos Açores,2025,8,34474.0
Horta,Região Autónoma dos Açores,2025,9,25722.0
Horta,Região Autónoma dos Açores,2025,10,16647.0
Horta,Região Autónoma dos Açores,2025,11,7750.0
Horta,Região Autónoma dos Açores,2025,12,4380.0
Horta,Região Autónoma dos Açores,2026,1,5430.0
Horta,Região Autónoma dos Açores,2026,2,5605.0
Horta,Região Autónoma dos Açores,2026,3,11259.0
Horta,Região Autónoma dos Açores,2026,4,14910.0
Horta,Região Autónoma dos Açores,2026,5,23439.0
Horta,Região Autónoma dos Açores,2026,6,25767.0
Horta,Região Autónoma dos Açores,2026,7,31714.0
Idanha-a-Nova,Castelo Branco,2020,1,1465.0
Idanha-a-Nova,Castelo Branco,2020,2,1940.0
Idanha-a-Nova,Castelo Branco,2020,3,755.0
Idanha-a-Nova,Castelo Branco,2020,4,
Idanha-a-Nova,Castelo Branco,2020,5,
Idanha-a-Nova,Castelo Branco,2020,6,2146.0
Idanha-a-Nova,Castelo Branco,2020,7,4784.0
Idanha-a-Nova,Castelo Branco,2020,8,7423.0
Idanha-a-Nova,Castelo Branco,2020,9,4200.0
Idanha-a-Nova,Castelo Branco,2020,10,2643.0
Idanha-a-Nova,Castelo Branco,2020,11,342.0
Idanha-a-Nova,Castelo Branco,2020,12,680.0
Idanha-a-Nova,Castelo Branco,2021,1,435.0
Idanha-a-Nova,Castelo Branco,2021,2,70.0
Idanha-a-Nova,Castelo Branco,2021,3,242.0
Idanha-a-Nova,Castelo Branco,2021,4,714.0
Idanha-a-Nova,Castelo Branco,2021,5,2192.0
Idanha-a-Nova,Castelo Branco,2021,6,4361.0
Idanha-a-Nova,Castelo Branco,2021,7,5462.0
Idanha-a-Nova,Castelo Branco,2021,8,7874.0
Idanha-a-Nova,Castelo Branco,2021,9,4018.0
Idanha-a-Nova,Castelo Branco,2021,10,4528.0
Idanha-a-Nova,Castelo Branco,2021,11,2856.0
Idanha-a-Nova,Castelo Branco,2021,12,2051.0
Idanha-a-Nova,Castelo Branco,2022,1,1555.0
Idanha-a-Nova,Castelo Branco,2022,2,1881.0
Idanha-a-Nova,Castelo Branco,2022,3,1769.0
Idanha-a-Nova,Castelo Branco,2022,4,4069.0
Idanha-a-Nova,Castelo Branco,2022,5,3419.0
Idanha-a-Nova,Castelo Branco,2022,6,4967.0
Idanha-a-Nova,Castelo Branco,2022,7,6531.0
Idanha-a-Nova,Castelo Branco,2022,8,8502.0
Idanha-a-Nova,Castelo Branco,2022,9,4534.0
Idanha-a-Nova,Castelo Branco,2022,10,4141.0
Idanha-a-Nova,Castelo Branco,2022,11,2259.0
Idanha-a-Nova,Castelo Branco,2022,12,2158.0
Idanha-a-Nova,Castelo Branco,2023,1,1981.0
Idanha-a-Nova,Castelo Branco,2023,2,2472.0
Idanha-a-Nova,Castelo Branco,2023,3,2427.0
Idanha-a-Nova,Castelo Branco,2023,4,4672.0
Idanha-a-Nova,Castelo Branco,2023,5,3805.0
Idanha-a-Nova,Castelo Branco,2023,6,3889.0
Idanha-a-Nova,Castelo Branco,2023,7,6210.0
Idanha-a-Nova,Castelo Branco,2023,8,8204.0
Idanha-a-Nova,Castelo Branco,2023,9,3674.0
Idanha-a-Nova,Castelo Branco,2023,10,3631.0
Idanha-a-Nova,Castelo Branco,2023,11,2106.0
Idanha-a-Nova,Castelo Branco,2023,12,2940.0
Idanha-a-Nova,Castelo Branco,2024,1,1516.0
Idanha-a-Nova,Castelo Branco,2024,2,2140.0
Idanha-a-Nova,Castelo Branco,2024,3,2124.0
Idanha-a-Nova,Castelo Branco,2024,4,2712.0
Idanha-a-Nova,Castelo Branco,2024,5,3513.0
Idanha-a-Nova,Castelo Branco,2024,6,4467.0
Idanha-a-Nova,Castelo Branco,2024,7,5173.0
Idanha-a-Nova,Castelo Branco,2024,8,8205.0
Idanha-a-Nova,Castelo Branco,2024,9,4673.0
Idanha-a-Nova,Castelo Branco,2024,10,3302.0
Idanha-a-Nova,Castelo Branco,2024,11,1904.0
Idanha-a-Nova,Castelo Branco,2024,12,2188.0
Idanha-a-Nova,Castelo Branco,2025,1,1420.0
Idanha-a-Nova,Castelo Branco,2025,2,1940.0
Idanha-a-Nova,Castelo Branco,2025,3,1853.0
Idanha-a-Nova,Castelo Branco,2025,4,3608.0
Idanha-a-Nova,Castelo Branco,2025,5,3986.0
Idanha-a-Nova,Castelo Branco,2025,6,4467.0
Idanha-a-Nova,Castelo Branco,2025,7,5961.0
Idanha-a-Nova,Castelo Branco,2025,8,7570.0
Idanha-a-Nova,Castelo Branco,2025,9,3836.0
Idanha-a-Nova,Castelo Branco,2025,10,3561.0
Idanha-a-Nova,Castelo Branco,2025,11,1841.0
Idanha-a-Nova,Castelo Branco,2025,12,2057.0
Idanha-a-Nova,Castelo Branco,2026,1,1184.0
Idanha-a-Nova,Castelo Branco,2026,2,1320.0
Idanha-a-Nova,Castelo Branco,2026,3,1548.0
Idanha-a-Nova,Castelo Branco,2026,4,2256.0
Idanha-a-Nova,Castelo Branco,2026,5,2762.0
Idanha-a-Nova,Castelo Branco,2026,6,2757.0
Idanha-a-Nova,Castelo Branco,2026,7,2719.0
Lagoa (Faro),Faro,2020,1,35968.0
Lagoa (Faro),Faro,2020,2,67870.0
Lagoa (Faro),Faro,2020,3,33429.0
Lagoa (Faro),Faro,2020,4,1475.0
Lagoa (Faro),Faro,2020,5,2018.0
Lagoa (Faro),Faro,2020,6,25237.0
Lagoa (Faro),Faro,2020,7,95123.0
Lagoa (Faro),Faro,2020,8,194565.0
Lagoa (Faro),Faro,2020,9,129395.0
Lagoa (Faro),Faro,2020,10,64986.0
Lagoa (Faro),Faro,2020,11,13448.0
Lagoa (Faro),Faro,2020,12,13423.0
Lagoa (Faro),Faro,2021,1,8211.0
Lagoa (Faro),Faro,2021,2,3051.0
Lagoa (Faro),Faro,2021,3,5285.0
Lagoa (Faro),Faro,2021,4,9421.0
Lagoa (Faro),Faro,2021,5,47432.0
Lagoa (Faro),Faro,2021,6,101131.0
Lagoa (Faro),Faro,2021,7,132728.0
Lagoa (Faro),Faro,2021,8,247058.0
Lagoa (Faro),Faro,2021,9,166441.0
Lagoa (Faro),Faro,2021,10,149053.0
Lagoa (Faro),Faro,2021,11,50385.0
Lagoa (Faro),Faro,2021,12,28798.0
Lagoa (Faro),Faro,2022,1,25958.0
Lagoa (Faro),Faro,2022,2,46298.0
Lagoa (Faro),Faro,2022,3,64291.0
Lagoa (Faro),Faro,2022,4,155823.0
Lagoa (Faro),Faro,2022,5,164064.0
Lagoa (Faro),Faro,2022,6,203611.0
Lagoa (Faro),Faro,2022,7,264366.0
Lagoa (Faro),Faro,2022,8,298951.0
Lagoa (Faro),Faro,2022,9,222133.0
Lagoa (Faro),Faro,2022,10,176572.0
Lagoa (Faro),Faro,2022,11,55815.0
Lagoa (Faro),Faro,2022,12,37421.0
Lagoa (Faro),Faro,2023,1,33705.0
Lagoa (Faro),Faro,2023,2,59099.0
Lagoa (Faro),Faro,2023,3,80842.0
Lagoa (Faro),Faro,2023,4,155075.0
Lagoa (Faro),Faro,2023,5,166796.0
Lagoa (Faro),Faro,2023,6,193784.0
Lagoa (Faro),Faro,2023,7,257409.0
Lagoa (Faro),Faro,2023,8,282010.0
Lagoa (Faro),Faro,2023,9,198960.0
Lagoa (Faro),Faro,2023,10,185801.0
Lagoa (Faro),Faro,2023,11,57884.0
Lagoa (Faro),Faro,2023,12,41582.0
Lagoa (Faro),Faro,2024,1,36637.0
Lagoa (Faro),Faro,2024,2,67184.0
Lagoa (Faro),Faro,2024,3,109035.0
Lagoa (Faro),Faro,2024,4,142178.0
Lagoa (Faro),Faro,2024,5,173027.0
Lagoa (Faro),Faro,2024,6,195123.0
Lagoa (Faro),Faro,2024,7,243793.0
Lagoa (Faro),Faro,2024,8,277270.0
Lagoa (Faro),Faro,2024,9,200272.0
Lagoa (Faro),Faro,2024,10,187272.0
Lagoa (Faro),Faro,2024,11,65876.0
Lagoa (Faro),Faro,2024,12,47895.0
Lagoa (Faro),Faro,2025,1,39900.0
Lagoa (Faro),Faro,2025,2,59079.0
Lagoa (Faro),Faro,2025,3,96671.0
Lagoa (Faro),Faro,2025,4,164418.0
Lagoa (Faro),Faro,2025,5,174867.0
Lagoa (Faro),Faro,2025,6,204717.0
Lagoa (Faro),Faro,2025,7,247801.0
Lagoa (Faro),Faro,2025,8,269884.0
Lagoa (Faro),Faro,2025,9,188468.0
Lagoa (Faro),Faro,2025,10,177121.0
Lagoa (Faro),Faro,2025,11,71159.0
Lagoa (Faro),Faro,2025,12,56162.0
Lagoa (Faro),Faro,2026,1,37841.0
Lagoa (Faro),Faro,2026,2,58758.0
Lagoa (Faro),Faro,2026,3,96287.0
Lagoa (Faro),Faro,2026,4,144136.0
Lagoa (Faro),Faro,2026,5,180054.0
Lagoa (Faro),Faro,2026,6,198744.0
Lagoa (Faro),Faro,2026,7,255684.0
Lagoa (Região Autónoma dos Açores),Região Autónoma dos Açores,2020,1,1485.0
Lagoa (Região Autónoma dos Açores),Região Autónoma dos Açores,2020,2,2468.0
Lagoa (Região Autónoma dos Açores),Região Autónoma dos Açores,2020,3,1455.0
Lagoa (Região Autónoma dos Açores),Região Autónoma dos Açores,2020,4,
Lagoa (Região Autónoma dos Açores),Região Autónoma dos Açores,2020,5,
Lagoa (Região Autónoma dos Açores),Região Autónoma dos Açores,2020,6,745.0
Lagoa (Região Autónoma dos Açores),Região Autónoma dos Açores,2020,7,3380.0
Lagoa (Região Autónoma dos Açores),Região Autónoma dos Açores,2020,8,6314.0
Lagoa (Região Autónoma dos Açores),Região Autónoma dos Açores,2020,9,3180.0
Lagoa (Região Autónoma dos Açores),Região Autónoma dos Açores,2020,10,1192.0
Lagoa (Região Autónoma dos Açores),Região Autónoma dos Açores,2020,11,1547.0
Lagoa (Região Autónoma dos Açores),Região Autónoma dos Açores,2020,12,2288.0
Lagoa (Região Autónoma dos Açores),Região Autónoma dos Açores,2021,1,328.0
Lagoa (Região Autónoma dos Açores),Região Autónoma dos Açores,2021,2,1832.0
Lagoa (Região Autónoma dos Açores),Região Autónoma dos Açores,2021,3,1958.0
Lagoa (Região Autónoma dos Açores),Região Autónoma dos Açores,2021,4,1109.0
Lagoa (Região Autónoma dos Açores),Região Autónoma dos Açores,2021,5,1781.0
Lagoa (Região Autónoma dos Açores),Região Autónoma dos Açores,2021,6,4600.0
Lagoa (Região Autónoma dos Açores),Região Autónoma dos Açores,2021,7,6712.0
Lagoa (Região Autónoma dos Açores),Região Autónoma dos Açores,2021,8,9906.0
Lagoa (Região Autónoma dos Açores),Região Autónoma dos Açores,2021,9,7989.0
Lagoa (Região Autónoma dos Açores),Região Autónoma dos Açores,2021,10,7513.0
Lagoa (Região Autónoma dos Açores),Região Autónoma dos Açores,2021,11,3809.0
Lagoa (Região Autónoma dos Açores),Região Autónoma dos Açores,2021,12,2045.0
Lagoa (Região Autónoma dos Açores),Região Autónoma dos Açores,2022,1,1306.0
Lagoa (Região Autónoma dos Açores),Região Autónoma dos Açores,2022,2,2119.0
Lagoa (Região Autónoma dos Açores),Região Autónoma dos Açores,2022,3,3277.0
Lagoa (Região Autónoma dos Açores),Região Autónoma dos Açores,2022,4,5475.0
Lagoa (Região Autónoma dos Açores),Região Autónoma dos Açores,2022,5,7835.0
Lagoa (Região Autónoma dos Açores),Região Autónoma dos Açores,2022,6,10421.0
Lagoa (Região Autónoma dos Açores),Região Autónoma dos Açores,2022,7,13009.0
Lagoa (Região Autónoma dos Açores),Região Autónoma dos Açores,2022,8,13686.0
Lagoa (Região Autónoma dos Açores),Região Autónoma dos Açores,2022,9,12193.0
Lagoa (Região Autónoma dos Açores),Região Autónoma dos Açores,2022,10,9500.0
Lagoa (Região Autónoma dos Açores),Região Autónoma dos Açores,2022,11,6231.0
Lagoa (Região Autónoma dos Açores),Região Autónoma dos Açores,2022,12,4790.0
Lagoa (Região Autónoma dos Açores),Região Autónoma dos Açores,2023,1,2074.0
Lagoa (Região Autónoma dos Açores),Região Autónoma dos Açores,2023,2,2925.0
Lagoa (Região Autónoma dos Açores),Região Autónoma dos Açores,2023,3,7138.0
Lagoa (Região Autónoma dos Açores),Região Autónoma dos Açores,2023,4,10161.0
Lagoa (Região Autónoma dos Açores),Região Autónoma dos Açores,2023,5,11028.0
Lagoa (Região Autónoma dos Açores),Região Autónoma dos Açores,2023,6,12668.0
Lagoa (Região Autónoma dos Açores),Região Autónoma dos Açores,2023,7,14942.0
Lagoa (Região Autónoma dos Açores),Região Autónoma dos Açores,2023,8,15579.0
Lagoa (Região Autónoma dos Açores),Região Autónoma dos Açores,2023,9,12933.0
Lagoa (Região Autónoma dos Açores),Região Autónoma dos Açores,2023,10,11593.0
Lagoa (Região Autónoma dos Açores),Região Autónoma dos Açores,2023,11,6388.0
Lagoa (Região Autónoma dos Açores),Região Autónoma dos Açores,2023,12,4101.0
Lagoa (Região Autónoma dos Açores),Região Autónoma dos Açores,2024,1,4045.0
Lagoa (Região Autónoma dos Açores),Região Autónoma dos Açores,2024,2,5616.0
Lagoa (Região Autónoma dos Açores),Região Autónoma dos Açores,2024,3,8355.0
Lagoa (Região Autónoma dos Açores),Região Autónoma dos Açores,2024,4,10765.0
Lagoa (Região Autónoma dos Açores),Região Autónoma dos Açores,2024,5,12473.0
Lagoa (Região Autónoma dos Açores),Região Autónoma dos Açores,2024,6,16186.0
Lagoa (Região Autónoma dos Açores),Região Autónoma dos Açores,2024,7,19493.0
Lagoa (Região Autónoma dos Açores),Região Autónoma dos Açores,2024,8,21130.0
Lagoa (Região Autónoma dos Açores),Região Autónoma dos Açores,2024,9,16935.0
Lagoa (Região Autónoma dos Açores),Região Autónoma dos Açores,2024,10,13763.0
Lagoa (Região Autónoma dos Açores),Região Autónoma dos Açores,2024,11,7071.0
Lagoa (Região Autónoma dos Açores),Região Autónoma dos Açores,2024,12,5645.0
Lagoa (Região Autónoma dos Açores),Região Autónoma dos Açores,2025,1,3925.0
Lagoa (Região Autónoma dos Açores),Região Autónoma dos Açores,2025,2,5620.0
Lagoa (Região Autónoma dos Açores),Região Autónoma dos Açores,2025,3,9249.0
Lagoa (Região Autónoma dos Açores),Região Autónoma dos Açores,2025,4,14762.0
Lagoa (Região Autónoma dos Açores),Região Autónoma dos Açores,2025,5,16498.0
Lagoa (Região Autónoma dos Açores),Região Autónoma dos Açores,2025,6,16431.0
Lagoa (Região Autónoma dos Açores),Região Autónoma dos Açores,2025,7,20412.0
Lagoa (Região Autónoma dos Açores),Região Autónoma dos Açores,2025,8,21143.0
Lagoa (Região Autónoma dos Açores),Região Autónoma dos Açores,2025,9,17920.0
Lagoa (Região Autónoma dos Açores),Região Autónoma dos Açores,2025,10,14729.0
Lagoa (Região Autónoma dos Açores),Região Autónoma dos Açores,2025,11,7310.0
Lagoa (Região Autónoma dos Açores),Região Autónoma dos Açores,2025,12,4251.0
Lagoa (Região Autónoma dos Açores),Região Autónoma dos Açores,2026,1,4366.0
Lagoa (Região Autónoma dos Açores),Região Autónoma dos Açores,2026,2,4489.0
Lagoa (Região Autónoma dos Açores),Região Autónoma dos Açores,2026,3,6345.0
Lagoa (Região Autónoma dos Açores),Região Autónoma dos Açores,2026,4,11539.0
Lagoa (Região Autónoma dos Açores),Região Autónoma dos Açores,2026,5,14717.0
Lagoa (Região Autónoma dos Açores),Região Autónoma dos Açores,2026,6,15714.0
Lagoa (Região Autónoma dos Açores),Região Autónoma dos Açores,2026,7,20289.0
Lagos,Faro,2020,1,31053.0
Lagos,Faro,2020,2,43041.0
Lagos,Faro,2020,3,30397.0
Lagos,Faro,2020,4,516.0
Lagos,Faro,2020,5,1091.0
Lagos,Faro,2020,6,15070.0
Lagos,Faro,2020,7,63600.0
Lagos,Faro,2020,8,151170.0
Lagos,Faro,2020,9,105653.0
Lagos,Faro,2020,10,57811.0
Lagos,Faro,2020,11,15932.0
Lagos,Faro,2020,12,10840.0
Lagos,Faro,2021,1,6751.0
Lagos,Faro,2021,2,3402.0
Lagos,Faro,2021,3,4252.0
Lagos,Faro,2021,4,14278.0
Lagos,Faro,2021,5,41894.0
Lagos,Faro,2021,6,86579.0
Lagos,Faro,2021,7,111524.0
Lagos,Faro,2021,8,204186.0
Lagos,Faro,2021,9,147238.0
Lagos,Faro,2021,10,125119.0
Lagos,Faro,2021,11,60599.0
Lagos,Faro,2021,12,30423.0
Lagos,Faro,2022,1,25377.0
Lagos,Faro,2022,2,41157.0
Lagos,Faro,2022,3,69507.0
Lagos,Faro,2022,4,125809.0
Lagos,Faro,2022,5,145974.0
Lagos,Faro,2022,6,173738.0
Lagos,Faro,2022,7,218949.0
Lagos,Faro,2022,8,237415.0
Lagos,Faro,2022,9,181578.0
Lagos,Faro,2022,10,152546.0
Lagos,Faro,2022,11,62093.0
Lagos,Faro,2022,12,42596.0
Lagos,Faro,2023,1,40351.0
Lagos,Faro,2023,2,55471.0
Lagos,Faro,2023,3,90881.0
Lagos,Faro,2023,4,137288.0
Lagos,Faro,2023,5,160303.0
Lagos,Faro,2023,6,185495.0
Lagos,Faro,2023,7,223472.0
Lagos,Faro,2023,8,250936.0
Lagos,Faro,2023,9,196991.0
Lagos,Faro,2023,10,169590.0
Lagos,Faro,2023,11,69022.0
Lagos,Faro,2023,12,48021.0
Lagos,Faro,2024,1,44059.0
Lagos,Faro,2024,2,61629.0
Lagos,Faro,2024,3,104365.0
Lagos,Faro,2024,4,134536.0
Lagos,Faro,2024,5,169737.0
Lagos,Faro,2024,6,189183.0
Lagos,Faro,2024,7,224686.0
Lagos,Faro,2024,8,258202.0
Lagos,Faro,2024,9,199938.0
Lagos,Faro,2024,10,173775.0
Lagos,Faro,2024,11,72377.0
Lagos,Faro,2024,12,51825.0
Lagos,Faro,2025,1,46728.0
Lagos,Faro,2025,2,62734.0
Lagos,Faro,2025,3,105384.0
Lagos,Faro,2025,4,153898.0
Lagos,Faro,2025,5,178157.0
Lagos,Faro,2025,6,206839.0
Lagos,Faro,2025,7,243557.0
Lagos,Faro,2025,8,269719.0
Lagos,Faro,2025,9,219411.0
Lagos,Faro,2025,10,189525.0
Lagos,Faro,2025,11,79053.0
Lagos,Faro,2025,12,50900.0
Lagos,Faro,2026,1,50820.0
Lagos,Faro,2026,2,63150.0
Lagos,Faro,2026,3,103893.0
Lagos,Faro,2026,4,161246.0
Lagos,Faro,2026,5,188878.0
Lagos,Faro,2026,6,204133.0
Lagos,Faro,2026,7,242986.0
Lajes das Flores,Região Autónoma dos Açores,2020,1,46.0
Lajes das Flores,Região Autónoma dos Açores,2020,2,65.0
Lajes das Flores,Região Autónoma dos Açores,2020,3,30.0
Lajes das Flores,Região Autónoma dos Açores,2020,4,
Lajes das Flores,Região Autónoma dos Açores,2020,5,
Lajes das Flores,Região Autónoma dos Açores,2020,6,
Lajes das Flores,Região Autónoma dos Açores,2020,7,
Lajes das Flores,Região Autónoma dos Açores,2020,8,2886.0
Lajes das Flores,Região Autónoma dos Açores,2020,9,1855.0
Lajes das Flores,Região Autónoma dos Açores,2020,10,993.0
Lajes das Flores,Região Autónoma dos Açores,2020,11,433.0
Lajes das Flores,Região Autónoma dos Açores,2020,12,416.0
Lajes das Flores,Região Autónoma dos Açores,2021,1,350.0
Lajes das Flores,Região Autónoma dos Açores,2021,2,143.0
Lajes das Flores,Região Autónoma dos Açores,2021,3,245.0
Lajes das Flores,Região Autónoma dos Açores,2021,4,658.0
Lajes das Flores,Região Autónoma dos Açores,2021,5,1493.0
Lajes das Flores,Região Autónoma dos Açores,2021,6,2630.0
Lajes das Flores,Região Autónoma dos Açores,2021,7,2481.0
Lajes das Flores,Região Autónoma dos Açores,2021,8,3066.0
Lajes das Flores,Região Autónoma dos Açores,2021,9,2854.0
Lajes das Flores,Região Autónoma dos Açores,2021,10,1762.0
Lajes das Flores,Região Autónoma dos Açores,2021,11,920.0
Lajes das Flores,Região Autónoma dos Açores,2021,12,277.0
Lajes das Flores,Região Autónoma dos Açores,2022,1,411.0
Lajes das Flores,Região Autónoma dos Açores,2022,2,560.0
Lajes das Flores,Região Autónoma dos Açores,2022,3,553.0
Lajes das Flores,Região Autónoma dos Açores,2022,4,1686.0
Lajes das Flores,Região Autónoma dos Açores,2022,5,1756.0
Lajes das Flores,Região Autónoma dos Açores,2022,6,1814.0
Lajes das Flores,Região Autónoma dos Açores,2022,7,2048.0
Lajes das Flores,Região Autónoma dos Açores,2022,8,2412.0
Lajes das Flores,Região Autónoma dos Açores,2022,9,1786.0
Lajes das Flores,Região Autónoma dos Açores,2022,10,1166.0
Lajes das Flores,Região Autónoma dos Açores,2022,11,572.0
Lajes das Flores,Região Autónoma dos Açores,2022,12,261.0
Lajes das Flores,Região Autónoma dos Açores,2023,1,300.0
Lajes das Flores,Região Autónoma dos Açores,2023,2,340.0
Lajes das Flores,Região Autónoma dos Açores,2023,3,
Lajes das Flores,Região Autónoma dos Açores,2023,4,
Lajes das Flores,Região Autónoma dos Açores,2023,5,1940.0
Lajes das Flores,Região Autónoma dos Açores,2023,6,2526.0
Lajes das Flores,Região Autónoma dos Açores,2023,7,3318.0
Lajes das Flores,Região Autónoma dos Açores,2023,8,4165.0
Lajes das Flores,Região Autónoma dos Açores,2023,9,3254.0
Lajes das Flores,Região Autónoma dos Açores,2023,10,1617.0
Lajes das Flores,Região Autónoma dos Açores,2023,11,378.0
Lajes das Flores,Região Autónoma dos Açores,2023,12,
Lajes das Flores,Região Autónoma dos Açores,2024,1,161.0
Lajes das Flores,Região Autónoma dos Açores,2024,2,
Lajes das Flores,Região Autónoma dos Açores,2024,3,
Lajes das Flores,Região Autónoma dos Açores,2024,4,1279.0
Lajes das Flores,Região Autónoma dos Açores,2024,5,2242.0
Lajes das Flores,Região Autónoma dos Açores,2024,6,3300.0
Lajes das Flores,Região Autónoma dos Açores,2024,7,4109.0
Lajes das Flores,Região Autónoma dos Açores,2024,8,4928.0
Lajes das Flores,Região Autónoma dos Açores,2024,9,3690.0
Lajes das Flores,Região Autónoma dos Açores,2024,10,1589.0
Lajes das Flores,Região Autónoma dos Açores,2024,11,457.0
Lajes das Flores,Região Autónoma dos Açores,2024,12,
Lajes das Flores,Região Autónoma dos Açores,2025,1,227.0
Lajes das Flores,Região Autónoma dos Açores,2025,2,504.0
Lajes das Flores,Região Autónoma dos Açores,2025,3,570.0
Lajes das Flores,Região Autónoma dos Açores,2025,4,2269.0
Lajes das Flores,Região Autónoma dos Açores,2025,5,2697.0
Lajes das Flores,Região Autónoma dos Açores,2025,6,4205.0
Lajes das Flores,Região Autónoma dos Açores,2025,7,5287.0
Lajes das Flores,Região Autónoma dos Açores,2025,8,6004.0
Lajes das Flores,Região Autónoma dos Açores,2025,9,4193.0
Lajes das Flores,Região Autónoma dos Açores,2025,10,2017.0
Lajes das Flores,Região Autónoma dos Açores,2025,11,353.0
Lajes das Flores,Região Autónoma dos Açores,2025,12,255.0
Lajes das Flores,Região Autónoma dos Açores,2026,1,285.0
Lajes das Flores,Região Autónoma dos Açores,2026,2,335.0
Lajes das Flores,Região Autónoma dos Açores,2026,3,681.0
Lajes das Flores,Região Autónoma dos Açores,2026,4,2219.0
Lajes das Flores,Região Autónoma dos Açores,2026,5,3080.0
Lajes das Flores,Região Autónoma dos Açores,2026,6,3878.0
Lajes das Flores,Região Autónoma dos Açores,2026,7,5126.0
Lajes do Pico,Região Autónoma dos Açores,2020,1,377.0
Lajes do Pico,Região Autónoma dos Açores,2020,2,348.0
Lajes do Pico,Região Autónoma dos Açores,2020,3,
Lajes do Pico,Região Autónoma dos Açores,2020,4,
Lajes do Pico,Região Autónoma dos Açores,2020,5,
Lajes do Pico,Região Autónoma dos Açores,2020,6,138.0
Lajes do Pico,Região Autónoma dos Açores,2020,7,745.0
Lajes do Pico,Região Autónoma dos Açores,2020,8,2268.0
Lajes do Pico,Região Autónoma dos Açores,2020,9,1185.0
Lajes do Pico,Região Autónoma dos Açores,2020,10,612.0
Lajes do Pico,Região Autónoma dos Açores,2020,11,287.0
Lajes do Pico,Região Autónoma dos Açores,2020,12,333.0
Lajes do Pico,Região Autónoma dos Açores,2021,1,144.0
Lajes do Pico,Região Autónoma dos Açores,2021,2,175.0
Lajes do Pico,Região Autónoma dos Açores,2021,3,282.0
Lajes do Pico,Região Autónoma dos Açores,2021,4,510.0
Lajes do Pico,Região Autónoma dos Açores,2021,5,778.0
Lajes do Pico,Região Autónoma dos Açores,2021,6,2099.0
Lajes do Pico,Região Autónoma dos Açores,2021,7,3029.0
Lajes do Pico,Região Autónoma dos Açores,2021,8,3858.0
Lajes do Pico,Região Autónoma dos Açores,2021,9,2622.0
Lajes do Pico,Região Autónoma dos Açores,2021,10,1995.0
Lajes do Pico,Região Autónoma dos Açores,2021,11,890.0
Lajes do Pico,Região Autónoma dos Açores,2021,12,332.0
Lajes do Pico,Região Autónoma dos Açores,2022,1,1235.0
Lajes do Pico,Região Autónoma dos Açores,2022,2,422.0
Lajes do Pico,Região Autónoma dos Açores,2022,3,687.0
Lajes do Pico,Região Autónoma dos Açores,2022,4,1811.0
Lajes do Pico,Região Autónoma dos Açores,2022,5,2358.0
Lajes do Pico,Região Autónoma dos Açores,2022,6,2613.0
Lajes do Pico,Região Autónoma dos Açores,2022,7,2933.0
Lajes do Pico,Região Autónoma dos Açores,2022,8,3139.0
Lajes do Pico,Região Autónoma dos Açores,2022,9,2853.0
Lajes do Pico,Região Autónoma dos Açores,2022,10,1413.0
Lajes do Pico,Região Autónoma dos Açores,2022,11,478.0
Lajes do Pico,Região Autónoma dos Açores,2022,12,373.0
Lajes do Pico,Região Autónoma dos Açores,2023,1,353.0
Lajes do Pico,Região Autónoma dos Açores,2023,2,423.0
Lajes do Pico,Região Autónoma dos Açores,2023,3,507.0
Lajes do Pico,Região Autónoma dos Açores,2023,4,1698.0
Lajes do Pico,Região Autónoma dos Açores,2023,5,2320.0
Lajes do Pico,Região Autónoma dos Açores,2023,6,2372.0
Lajes do Pico,Região Autónoma dos Açores,2023,7,2982.0
Lajes do Pico,Região Autónoma dos Açores,2023,8,3756.0
Lajes do Pico,Região Autónoma dos Açores,2023,9,2762.0
Lajes do Pico,Região Autónoma dos Açores,2023,10,1624.0
Lajes do Pico,Região Autónoma dos Açores,2023,11,749.0
Lajes do Pico,Região Autónoma dos Açores,2023,12,280.0
Lajes do Pico,Região Autónoma dos Açores,2024,1,206.0
Lajes do Pico,Região Autónoma dos Açores,2024,2,235.0
Lajes do Pico,Região Autónoma dos Açores,2024,3,546.0
Lajes do Pico,Região Autónoma dos Açores,2024,4,1578.0
Lajes do Pico,Região Autónoma dos Açores,2024,5,2779.0
Lajes do Pico,Região Autónoma dos Açores,2024,6,2717.0
Lajes do Pico,Região Autónoma dos Açores,2024,7,3163.0
Lajes do Pico,Região Autónoma dos Açores,2024,8,4186.0
Lajes do Pico,Região Autónoma dos Açores,2024,9,3303.0
Lajes do Pico,Região Autónoma dos Açores,2024,10,1801.0
Lajes do Pico,Região Autónoma dos Açores,2024,11,547.0
Lajes do Pico,Região Autónoma dos Açores,2024,12,211.0
Lajes do Pico,Região Autónoma dos Açores,2025,1,219.0
Lajes do Pico,Região Autónoma dos Açores,2025,2,348.0
Lajes do Pico,Região Autónoma dos Açores,2025,3,706.0
Lajes do Pico,Região Autónoma dos Açores,2025,4,2000.0
Lajes do Pico,Região Autónoma dos Açores,2025,5,2553.0
Lajes do Pico,Região Autónoma dos Açores,2025,6,2659.0
Lajes do Pico,Região Autónoma dos Açores,2025,7,3574.0
Lajes do Pico,Região Autónoma dos Açores,2025,8,4747.0
Lajes do Pico,Região Autónoma dos Açores,2025,9,3377.0
Lajes do Pico,Região Autónoma dos Açores,2025,10,1589.0
Lajes do Pico,Região Autónoma dos Açores,2025,11,253.0
Lajes do Pico,Região Autónoma dos Açores,2025,12,157.0
Lajes do Pico,Região Autónoma dos Açores,2026,1,150.0
Lajes do Pico,Região Autónoma dos Açores,2026,2,394.0
Lajes do Pico,Região Autónoma dos Açores,2026,3,723.0
Lajes do Pico,Região Autónoma dos Açores,2026,4,1846.0
Lajes do Pico,Região Autónoma dos Açores,2026,5,2602.0
Lajes do Pico,Região Autónoma dos Açores,2026,6,3014.0
Lajes do Pico,Região Autónoma dos Açores,2026,7,4575.0
Lamego,Viseu,2020,1,4479.0
Lamego,Viseu,2020,2,7438.0
Lamego,Viseu,2020,3,3753.0
Lamego,Viseu,2020,4,
Lamego,Viseu,2020,5,
Lamego,Viseu,2020,6,3471.0
Lamego,Viseu,2020,7,8528.0
Lamego,Viseu,2020,8,16308.0
Lamego,Viseu,2020,9,9109.0
Lamego,Viseu,2020,10,6093.0
Lamego,Viseu,2020,11,2762.0
Lamego,Viseu,2020,12,2300.0
Lamego,Viseu,2021,1,750.0
Lamego,Viseu,2021,2,536.0
Lamego,Viseu,2021,3,900.0
Lamego,Viseu,2021,4,2237.0
Lamego,Viseu,2021,5,6843.0
Lamego,Viseu,2021,6,9326.0
Lamego,Viseu,2021,7,11287.0
Lamego,Viseu,2021,8,18330.0
Lamego,Viseu,2021,9,13681.0
Lamego,Viseu,2021,10,13080.0
Lamego,Viseu,2021,11,9043.0
Lamego,Viseu,2021,12,7095.0
Lamego,Viseu,2022,1,4367.0
Lamego,Viseu,2022,2,6897.0
Lamego,Viseu,2022,3,8247.0
Lamego,Viseu,2022,4,13138.0
Lamego,Viseu,2022,5,16595.0
Lamego,Viseu,2022,6,16332.0
Lamego,Viseu,2022,7,18206.0
Lamego,Viseu,2022,8,22344.0
Lamego,Viseu,2022,9,20059.0
Lamego,Viseu,2022,10,17292.0
Lamego,Viseu,2022,11,8981.0
Lamego,Viseu,2022,12,8114.0
Lamego,Viseu,2023,1,4537.0
Lamego,Viseu,2023,2,7164.0
Lamego,Viseu,2023,3,8947.0
Lamego,Viseu,2023,4,15200.0
Lamego,Viseu,2023,5,17860.0
Lamego,Viseu,2023,6,17357.0
Lamego,Viseu,2023,7,17772.0
Lamego,Viseu,2023,8,20269.0
Lamego,Viseu,2023,9,20612.0
Lamego,Viseu,2023,10,17392.0
Lamego,Viseu,2023,11,9895.0
Lamego,Viseu,2023,12,8167.0
Lamego,Viseu,2024,1,5335.0
Lamego,Viseu,2024,2,8054.0
Lamego,Viseu,2024,3,10400.0
Lamego,Viseu,2024,4,13233.0
Lamego,Viseu,2024,5,18352.0
Lamego,Viseu,2024,6,17629.0
Lamego,Viseu,2024,7,17982.0
Lamego,Viseu,2024,8,21940.0
Lamego,Viseu,2024,9,21484.0
Lamego,Viseu,2024,10,17549.0
Lamego,Viseu,2024,11,11231.0
Lamego,Viseu,2024,12,8045.0
Lamego,Viseu,2025,1,4812.0
Lamego,Viseu,2025,2,6930.0
Lamego,Viseu,2025,3,10613.0
Lamego,Viseu,2025,4,13486.0
Lamego,Viseu,2025,5,17317.0
Lamego,Viseu,2025,6,17014.0
Lamego,Viseu,2025,7,16702.0
Lamego,Viseu,2025,8,21697.0
Lamego,Viseu,2025,9,20064.0
Lamego,Viseu,2025,10,16032.0
Lamego,Viseu,2025,11,9644.0
Lamego,Viseu,2025,12,7569.0
Lamego,Viseu,2026,1,4593.0
Lamego,Viseu,2026,2,6635.0
Lamego,Viseu,2026,3,9087.0
Lamego,Viseu,2026,4,12903.0
Lamego,Viseu,2026,5,16686.0
Lamego,Viseu,2026,6,15700.0
Lamego,Viseu,2026,7,16734.0
Leiria,Leiria,2020,1,11256.0
Leiria,Leiria,2020,2,19762.0
Leiria,Leiria,2020,3,5408.0
Leiria,Leiria,2020,4,876.0
Leiria,Leiria,2020,5,2050.0
Leiria,Leiria,2020,6,7485.0
Leiria,Leiria,2020,7,12079.0
Leiria,Leiria,2020,8,26381.0
Leiria,Leiria,2020,9,15760.0
Leiria,Leiria,2020,10,12224.0
Leiria,Leiria,2020,11,8550.0
Leiria,Leiria,2020,12,8108.0
Leiria,Leiria,2021,1,6354.0
Leiria,Leiria,2021,2,4771.0
Leiria,Leiria,2021,3,6310.0
Leiria,Leiria,2021,4,7647.0
Leiria,Leiria,2021,5,11448.0
Leiria,Leiria,2021,6,13516.0
Leiria,Leiria,2021,7,19427.0
Leiria,Leiria,2021,8,32480.0
Leiria,Leiria,2021,9,20817.0
Leiria,Leiria,2021,10,21501.0
Leiria,Leiria,2021,11,14769.0
Leiria,Leiria,2021,12,12492.0
Leiria,Leiria,2022,1,12716.0
Leiria,Leiria,2022,2,14517.0
Leiria,Leiria,2022,3,16586.0
Leiria,Leiria,2022,4,22654.0
Leiria,Leiria,2022,5,28715.0
Leiria,Leiria,2022,6,25285.0
Leiria,Leiria,2022,7,33027.0
Leiria,Leiria,2022,8,47833.0
Leiria,Leiria,2022,9,30313.0
Leiria,Leiria,2022,10,26182.0
Leiria,Leiria,2022,11,20200.0
Leiria,Leiria,2022,12,18918.0
Leiria,Leiria,2023,1,17112.0
Leiria,Leiria,2023,2,15451.0
Leiria,Leiria,2023,3,18862.0
Leiria,Leiria,2023,4,22708.0
Leiria,Leiria,2023,5,27080.0
Leiria,Leiria,2023,6,24426.0
Leiria,Leiria,2023,7,34447.0
Leiria,Leiria,2023,8,45888.0
Leiria,Leiria,2023,9,31839.0
Leiria,Leiria,2023,10,28047.0
Leiria,Leiria,2023,11,19663.0
Leiria,Leiria,2023,12,21271.0
Leiria,Leiria,2024,1,17880.0
Leiria,Leiria,2024,2,17224.0
Leiria,Leiria,2024,3,21217.0
Leiria,Leiria,2024,4,22803.0
Leiria,Leiria,2024,5,31274.0
Leiria,Leiria,2024,6,27000.0
Leiria,Leiria,2024,7,33744.0
Leiria,Leiria,2024,8,50249.0
Leiria,Leiria,2024,9,38761.0
Leiria,Leiria,2024,10,29947.0
Leiria,Leiria,2024,11,24273.0
Leiria,Leiria,2024,12,21074.0
Leiria,Leiria,2025,1,20730.0
Leiria,Leiria,2025,2,19374.0
Leiria,Leiria,2025,3,22278.0
Leiria,Leiria,2025,4,29103.0
Leiria,Leiria,2025,5,33074.0
Leiria,Leiria,2025,6,27105.0
Leiria,Leiria,2025,7,39814.0
Leiria,Leiria,2025,8,53397.0
Leiria,Leiria,2025,9,36925.0
Leiria,Leiria,2025,10,33212.0
Leiria,Leiria,2025,11,25398.0
Leiria,Leiria,2025,12,24031.0
Leiria,Leiria,2026,1,18835.0
Leiria,Leiria,2026,2,18081.0
Leiria,Leiria,2026,3,21811.0
Leiria,Leiria,2026,4,24599.0
Leiria,Leiria,2026,5,30969.0
Leiria,Leiria,2026,6,27040.0
Leiria,Leiria,2026,7,37076.0
Lisboa,Lisboa,2020,1,863814.0
Lisboa,Lisboa,2020,2,865148.0
Lisboa,Lisboa,2020,3,394613.0
Lisboa,Lisboa,2020,4,20187.0
Lisboa,Lisboa,2020,5,29737.0
Lisboa,Lisboa,2020,6,56339.0
Lisboa,Lisboa,2020,7,143917.0
Lisboa,Lisboa,2020,8,316088.0
Lisboa,Lisboa,2020,9,294585.0
Lisboa,Lisboa,2020,10,236899.0
Lisboa,Lisboa,2020,11,122816.0
Lisboa,Lisboa,2020,12,137743.0
Lisboa,Lisboa,2021,1,105610.0
Lisboa,Lisboa,2021,2,63313.0
Lisboa,Lisboa,2021,3,77574.0
Lisboa,Lisboa,2021,4,117999.0
Lisboa,Lisboa,2021,5,222992.0
Lisboa,Lisboa,2021,6,314613.0
Lisboa,Lisboa,2021,7,381413.0
Lisboa,Lisboa,2021,8,710967.0
Lisboa,Lisboa,2021,9,722034.0
Lisboa,Lisboa,2021,10,969652.0
Lisboa,Lisboa,2021,11,862575.0
Lisboa,Lisboa,2021,12,589727.0
Lisboa,Lisboa,2022,1,397427.0
Lisboa,Lisboa,2022,2,644518.0
Lisboa,Lisboa,2022,3,927644.0
Lisboa,Lisboa,2022,4,1180321.0
Lisboa,Lisboa,2022,5,1268685.0
Lisboa,Lisboa,2022,6,1279928.0
Lisboa,Lisboa,2022,7,1406190.0
Lisboa,Lisboa,2022,8,1481283.0
Lisboa,Lisboa,2022,9,1379144.0
Lisboa,Lisboa,2022,10,1356202.0
Lisboa,Lisboa,2022,11,1088916.0
Lisboa,Lisboa,2022,12,923979.0
Lisboa,Lisboa,2023,1,881154.0
Lisboa,Lisboa,2023,2,963919.0
Lisboa,Lisboa,2023,3,1224375.0
Lisboa,Lisboa,2023,4,1357902.0
Lisboa,Lisboa,2023,5,1440186.0
Lisboa,Lisboa,2023,6,1345382.0
Lisboa,Lisboa,2023,7,1412744.0
Lisboa,Lisboa,2023,8,1499766.0
Lisboa,Lisboa,2023,9,1463716.0
Lisboa,Lisboa,2023,10,1461296.0
Lisboa,Lisboa,2023,11,1139000.0
Lisboa,Lisboa,2023,12,969192.0
Lisboa,Lisboa,2024,1,850329.0
Lisboa,Lisboa,2024,2,1044727.0
Lisboa,Lisboa,2024,3,1330306.0
Lisboa,Lisboa,2024,4,1373264.0
Lisboa,Lisboa,2024,5,1524129.0
Lisboa,Lisboa,2024,6,1410505.0
Lisboa,Lisboa,2024,7,1470367.0
Lisboa,Lisboa,2024,8,1579133.0
Lisboa,Lisboa,2024,9,1488400.0
Lisboa,Lisboa,2024,10,1490764.0
Lisboa,Lisboa,2024,11,1188181.0
Lisboa,Lisboa,2024,12,990259.0
Lisboa,Lisboa,2025,1,896529.0
Lisboa,Lisboa,2025,2,971681.0
Lisboa,Lisboa,2025,3,1296551.0
Lisboa,Lisboa,2025,4,1423189.0
Lisboa,Lisboa,2025,5,1523685.0
Lisboa,Lisboa,2025,6,1418001.0
Lisboa,Lisboa,2025,7,1527895.0
Lisboa,Lisboa,2025,8,1629263.0
Lisboa,Lisboa,2025,9,1506243.0
Lisboa,Lisboa,2025,10,1552924.0
Lisboa,Lisboa,2025,11,1202991.0
Lisboa,Lisboa,2025,12,1015112.0
Lisboa,Lisboa,2026,1,946799.0
Lisboa,Lisboa,2026,2,1002186.0
Lisboa,Lisboa,2026,3,1315322.0
Lisboa,Lisboa,2026,4,1445713.0
Lisboa,Lisboa,2026,5,1539800.0
Lisboa,Lisboa,2026,6,1455811.0
Lisboa,Lisboa,2026,7,1528318.0
Loulé,Faro,2020,1,103412.0
Loulé,Faro,2020,2,142531.0
Loulé,Faro,2020,3,76392.0
Loulé,Faro,2020,4,2829.0
Loulé,Faro,2020,5,7473.0
Loulé,Faro,2020,6,51474.0
Loulé,Faro,2020,7,141277.0
Loulé,Faro,2020,8,281753.0
Loulé,Faro,2020,9,166980.0
Loulé,Faro,2020,10,92877.0
Loulé,Faro,2020,11,40033.0
Loulé,Faro,2020,12,31083.0
Loulé,Faro,2021,1,24549.0
Loulé,Faro,2021,2,18126.0
Loulé,Faro,2021,3,20913.0
Loulé,Faro,2021,4,30153.0
Loulé,Faro,2021,5,93729.0
Loulé,Faro,2021,6,156154.0
Loulé,Faro,2021,7,214959.0
Loulé,Faro,2021,8,368108.0
Loulé,Faro,2021,9,249949.0
Loulé,Faro,2021,10,235988.0
Loulé,Faro,2021,11,126685.0
Loulé,Faro,2021,12,64528.0
Loulé,Faro,2022,1,64781.0
Loulé,Faro,2022,2,117115.0
Loulé,Faro,2022,3,150513.0
Loulé,Faro,2022,4,237076.0
Loulé,Faro,2022,5,261181.0
Loulé,Faro,2022,6,305604.0
Loulé,Faro,2022,7,371029.0
Loulé,Faro,2022,8,413424.0
Loulé,Faro,2022,9,302952.0
Loulé,Faro,2022,10,261571.0
Loulé,Faro,2022,11,132701.0
Loulé,Faro,2022,12,89343.0
Loulé,Faro,2023,1,99543.0
Loulé,Faro,2023,2,136104.0
Loulé,Faro,2023,3,169039.0
Loulé,Faro,2023,4,247054.0
Loulé,Faro,2023,5,267219.0
Loulé,Faro,2023,6,303932.0
Loulé,Faro,2023,7,370306.0
Loulé,Faro,2023,8,413584.0
Loulé,Faro,2023,9,313171.0
Loulé,Faro,2023,10,268394.0
Loulé,Faro,2023,11,147326.0
Loulé,Faro,2023,12,101532.0
Loulé,Faro,2024,1,107066.0
Loulé,Faro,2024,2,140615.0
Loulé,Faro,2024,3,191291.0
Loulé,Faro,2024,4,237297.0
Loulé,Faro,2024,5,283433.0
Loulé,Faro,2024,6,315641.0
Loulé,Faro,2024,7,376272.0
Loulé,Faro,2024,8,425231.0
Loulé,Faro,2024,9,318049.0
Loulé,Faro,2024,10,267454.0
Loulé,Faro,2024,11,150881.0
Loulé,Faro,2024,12,104584.0
Loulé,Faro,2025,1,110413.0
Loulé,Faro,2025,2,138926.0
Loulé,Faro,2025,3,181628.0
Loulé,Faro,2025,4,254230.0
Loulé,Faro,2025,5,273175.0
Loulé,Faro,2025,6,309025.0
Loulé,Faro,2025,7,369022.0
Loulé,Faro,2025,8,420239.0
Loulé,Faro,2025,9,299320.0
Loulé,Faro,2025,10,259140.0
Loulé,Faro,2025,11,140867.0
Loulé,Faro,2025,12,109363.0
Loulé,Faro,2026,1,98613.0
Loulé,Faro,2026,2,119662.0
Loulé,Faro,2026,3,175358.0
Loulé,Faro,2026,4,242744.0
Loulé,Faro,2026,5,277082.0
Loulé,Faro,2026,6,309104.0
Loulé,Faro,2026,7,376002.0
Loures,Lisboa,2020,1,7419.0
Loures,Lisboa,2020,2,
Loures,Lisboa,2020,3,4778.0
Loures,Lisboa,2020,4,
Loures,Lisboa,2020,5,
Loures,Lisboa,2020,6,2508.0
Loures,Lisboa,2020,7,
Loures,Lisboa,2020,8,
Loures,Lisboa,2020,9,4795.0
Loures,Lisboa,2020,10,6833.0
Loures,Lisboa,2020,11,
Loures,Lisboa,2020,12,
Loures,Lisboa,2021,1,7842.0
Loures,Lisboa,2021,2,
Loures,Lisboa,2021,3,
Loures,Lisboa,2021,4,
Loures,Lisboa,2021,5,12260.0
Loures,Lisboa,2021,6,11093.0
Loures,Lisboa,2021,7,12084.0
Loures,Lisboa,2021,8,14675.0
Loures,Lisboa,2021,9,14217.0
Loures,Lisboa,2021,10,17390.0
Loures,Lisboa,2021,11,13906.0
Loures,Lisboa,2021,12,10896.0
Loures,Lisboa,2022,1,8427.0
Loures,Lisboa,2022,2,10961.0
Loures,Lisboa,2022,3,16814.0
Loures,Lisboa,2022,4,18882.0
Loures,Lisboa,2022,5,22734.0
Loures,Lisboa,2022,6,22362.0
Loures,Lisboa,2022,7,23780.0
Loures,Lisboa,2022,8,25794.0
Loures,Lisboa,2022,9,23350.0
Loures,Lisboa,2022,10,22780.0
Loures,Lisboa,2022,11,18947.0
Loures,Lisboa,2022,12,18496.0
Loures,Lisboa,2023,1,18845.0
Loures,Lisboa,2023,2,18658.0
Loures,Lisboa,2023,3,22317.0
Loures,Lisboa,2023,4,22792.0
Loures,Lisboa,2023,5,25341.0
Loures,Lisboa,2023,6,23541.0
Loures,Lisboa,2023,7,23743.0
Loures,Lisboa,2023,8,24137.0
Loures,Lisboa,2023,9,26425.0
Loures,Lisboa,2023,10,23620.0
Loures,Lisboa,2023,11,18464.0
Loures,Lisboa,2023,12,16561.0
Loures,Lisboa,2024,1,17365.0
Loures,Lisboa,2024,2,17165.0
Loures,Lisboa,2024,3,22661.0
Loures,Lisboa,2024,4,24446.0
Loures,Lisboa,2024,5,27174.0
Loures,Lisboa,2024,6,25522.0
Loures,Lisboa,2024,7,28135.0
Loures,Lisboa,2024,8,30202.0
Loures,Lisboa,2024,9,27440.0
Loures,Lisboa,2024,10,28318.0
Loures,Lisboa,2024,11,24261.0
Loures,Lisboa,2024,12,24671.0
Loures,Lisboa,2025,1,23642.0
Loures,Lisboa,2025,2,23041.0
Loures,Lisboa,2025,3,28798.0
Loures,Lisboa,2025,4,28746.0
Loures,Lisboa,2025,5,32359.0
Loures,Lisboa,2025,6,30692.0
Loures,Lisboa,2025,7,32426.0
Loures,Lisboa,2025,8,34533.0
Loures,Lisboa,2025,9,31962.0
Loures,Lisboa,2025,10,31260.0
Loures,Lisboa,2025,11,25773.0
Loures,Lisboa,2025,12,23983.0
Loures,Lisboa,2026,1,23979.0
Loures,Lisboa,2026,2,22953.0
Loures,Lisboa,2026,3,27768.0
Loures,Lisboa,2026,4,29077.0
Loures,Lisboa,2026,5,30893.0
Loures,Lisboa,2026,6,28343.0
Loures,Lisboa,2026,7,32277.0
Lourinhã,Lisboa,2020,1,1001.0
Lourinhã,Lisboa,2020,2,1554.0
Lourinhã,Lisboa,2020,3,875.0
Lourinhã,Lisboa,2020,4,
Lourinhã,Lisboa,2020,5,
Lourinhã,Lisboa,2020,6,1304.0
Lourinhã,Lisboa,2020,7,2017.0
Lourinhã,Lisboa,2020,8,6441.0
Lourinhã,Lisboa,2020,9,3254.0
Lourinhã,Lisboa,2020,10,1979.0
Lourinhã,Lisboa,2020,11,813.0
Lourinhã,Lisboa,2020,12,777.0
Lourinhã,Lisboa,2021,1,588.0
Lourinhã,Lisboa,2021,2,786.0
Lourinhã,Lisboa,2021,3,875.0
Lourinhã,Lisboa,2021,4,1594.0
Lourinhã,Lisboa,2021,5,2805.0
Lourinhã,Lisboa,2021,6,3730.0
Lourinhã,Lisboa,2021,7,3976.0
Lourinhã,Lisboa,2021,8,9034.0
Lourinhã,Lisboa,2021,9,6114.0
Lourinhã,Lisboa,2021,10,3995.0
Lourinhã,Lisboa,2021,11,1920.0
Lourinhã,Lisboa,2021,12,1242.0
Lourinhã,Lisboa,2022,1,1626.0
Lourinhã,Lisboa,2022,2,1999.0
Lourinhã,Lisboa,2022,3,2873.0
Lourinhã,Lisboa,2022,4,4698.0
Lourinhã,Lisboa,2022,5,4677.0
Lourinhã,Lisboa,2022,6,6388.0
Lourinhã,Lisboa,2022,7,9891.0
Lourinhã,Lisboa,2022,8,12975.0
Lourinhã,Lisboa,2022,9,7438.0
Lourinhã,Lisboa,2022,10,5675.0
Lourinhã,Lisboa,2022,11,2943.0
Lourinhã,Lisboa,2022,12,2317.0
Lourinhã,Lisboa,2023,1,2033.0
Lourinhã,Lisboa,2023,2,2402.0
Lourinhã,Lisboa,2023,3,3149.0
Lourinhã,Lisboa,2023,4,5827.0
Lourinhã,Lisboa,2023,5,5462.0
Lourinhã,Lisboa,2023,6,5978.0
Lourinhã,Lisboa,2023,7,9690.0
Lourinhã,Lisboa,2023,8,12813.0
Lourinhã,Lisboa,2023,9,8131.0
Lourinhã,Lisboa,2023,10,6368.0
Lourinhã,Lisboa,2023,11,3549.0
Lourinhã,Lisboa,2023,12,3129.0
Lourinhã,Lisboa,2024,1,2646.0
Lourinhã,Lisboa,2024,2,2863.0
Lourinhã,Lisboa,2024,3,3732.0
Lourinhã,Lisboa,2024,4,4705.0
Lourinhã,Lisboa,2024,5,6246.0
Lourinhã,Lisboa,2024,6,6814.0
Lourinhã,Lisboa,2024,7,11597.0
Lourinhã,Lisboa,2024,8,15231.0
Lourinhã,Lisboa,2024,9,8325.0
Lourinhã,Lisboa,2024,10,6484.0
Lourinhã,Lisboa,2024,11,3596.0
Lourinhã,Lisboa,2024,12,3481.0
Lourinhã,Lisboa,2025,1,3095.0
Lourinhã,Lisboa,2025,2,3128.0
Lourinhã,Lisboa,2025,3,3872.0
Lourinhã,Lisboa,2025,4,5153.0
Lourinhã,Lisboa,2025,5,5640.0
Lourinhã,Lisboa,2025,6,9686.0
Lourinhã,Lisboa,2025,7,13301.0
Lourinhã,Lisboa,2025,8,16975.0
Lourinhã,Lisboa,2025,9,9393.0
Lourinhã,Lisboa,2025,10,6827.0
Lourinhã,Lisboa,2025,11,4023.0
Lourinhã,Lisboa,2025,12,3754.0
Lourinhã,Lisboa,2026,1,1388.0
Lourinhã,Lisboa,2026,2,1404.0
Lourinhã,Lisboa,2026,3,1895.0
Lourinhã,Lisboa,2026,4,3586.0
Lourinhã,Lisboa,2026,5,4679.0
Lourinhã,Lisboa,2026,6,6753.0
Lourinhã,Lisboa,2026,7,11065.0
Lousada,Porto,2020,1,
Lousada,Porto,2020,2,654.0
Lousada,Porto,2020,3,101.0
Lousada,Porto,2020,4,
Lousada,Porto,2020,5,
Lousada,Porto,2020,6,516.0
Lousada,Porto,2020,7,1190.0
Lousada,Porto,2020,8,2493.0
Lousada,Porto,2020,9,1304.0
Lousada,Porto,2020,10,988.0
Lousada,Porto,2020,11,
Lousada,Porto,2020,12,
Lousada,Porto,2021,1,
Lousada,Porto,2021,2,
Lousada,Porto,2021,3,
Lousada,Porto,2021,4,
Lousada,Porto,2021,5,1250.0
Lousada,Porto,2021,6,1322.0
Lousada,Porto,2021,7,1718.0
Lousada,Porto,2021,8,2644.0
Lousada,Porto,2021,9,1542.0
Lousada,Porto,2021,10,1142.0
Lousada,Porto,2021,11,1180.0
Lousada,Porto,2021,12,
Lousada,Porto,2022,1,1812.0
Lousada,Porto,2022,2,1465.0
Lousada,Porto,2022,3,1599.0
Lousada,Porto,2022,4,2135.0
Lousada,Porto,2022,5,2543.0
Lousada,Porto,2022,6,2615.0
Lousada,Porto,2022,7,3318.0
Lousada,Porto,2022,8,3928.0
Lousada,Porto,2022,9,2534.0
Lousada,Porto,2022,10,3253.0
Lousada,Porto,2022,11,2092.0
Lousada,Porto,2022,12,2566.0
Lousada,Porto,2023,1,2672.0
Lousada,Porto,2023,2,1519.0
Lousada,Porto,2023,3,2002.0
Lousada,Porto,2023,4,2335.0
Lousada,Porto,2023,5,1947.0
Lousada,Porto,2023,6,1090.0
Lousada,Porto,2023,7,2756.0
Lousada,Porto,2023,8,3492.0
Lousada,Porto,2023,9,2006.0
Lousada,Porto,2023,10,3617.0
Lousada,Porto,2023,11,3020.0
Lousada,Porto,2023,12,2700.0
Lousada,Porto,2024,1,2423.0
Lousada,Porto,2024,2,2589.0
Lousada,Porto,2024,3,2885.0
Lousada,Porto,2024,4,2950.0
Lousada,Porto,2024,5,4098.0
Lousada,Porto,2024,6,3657.0
Lousada,Porto,2024,7,4742.0
Lousada,Porto,2024,8,5554.0
Lousada,Porto,2024,9,3985.0
Lousada,Porto,2024,10,3813.0
Lousada,Porto,2024,11,3436.0
Lousada,Porto,2024,12,1826.0
Lousada,Porto,2025,1,2041.0
Lousada,Porto,2025,2,2253.0
Lousada,Porto,2025,3,2403.0
Lousada,Porto,2025,4,3636.0
Lousada,Porto,2025,5,4131.0
Lousada,Porto,2025,6,3524.0
Lousada,Porto,2025,7,4066.0
Lousada,Porto,2025,8,5043.0
Lousada,Porto,2025,9,3718.0
Lousada,Porto,2025,10,2811.0
Lousada,Porto,2025,11,2508.0
Lousada,Porto,2025,12,1936.0
Lousada,Porto,2026,1,1690.0
Lousada,Porto,2026,2,1554.0
Lousada,Porto,2026,3,1770.0
Lousada,Porto,2026,4,3669.0
Lousada,Porto,2026,5,3589.0
Lousada,Porto,2026,6,3756.0
Lousada,Porto,2026,7,4296.0
Lousã,Coimbra,2020,1,1085.0
Lousã,Coimbra,2020,2,1362.0
Lousã,Coimbra,2020,3,450.0
Lousã,Coimbra,2020,4,
Lousã,Coimbra,2020,5,
Lousã,Coimbra,2020,6,706.0
Lousã,Coimbra,2020,7,1314.0
Lousã,Coimbra,2020,8,4529.0
Lousã,Coimbra,2020,9,2815.0
Lousã,Coimbra,2020,10,2302.0
Lousã,Coimbra,2020,11,810.0
Lousã,Coimbra,2020,12,1016.0
Lousã,Coimbra,2021,1,442.0
Lousã,Coimbra,2021,2,266.0
Lousã,Coimbra,2021,3,379.0
Lousã,Coimbra,2021,4,923.0
Lousã,Coimbra,2021,5,2031.0
Lousã,Coimbra,2021,6,2183.0
Lousã,Coimbra,2021,7,3051.0
Lousã,Coimbra,2021,8,4915.0
Lousã,Coimbra,2021,9,2846.0
Lousã,Coimbra,2021,10,2779.0
Lousã,Coimbra,2021,11,2136.0
Lousã,Coimbra,2021,12,1772.0
Lousã,Coimbra,2022,1,1380.0
Lousã,Coimbra,2022,2,1918.0
Lousã,Coimbra,2022,3,1799.0
Lousã,Coimbra,2022,4,2828.0
Lousã,Coimbra,2022,5,2724.0
Lousã,Coimbra,2022,6,2446.0
Lousã,Coimbra,2022,7,3526.0
Lousã,Coimbra,2022,8,5039.0
Lousã,Coimbra,2022,9,3307.0
Lousã,Coimbra,2022,10,3110.0
Lousã,Coimbra,2022,11,2275.0
Lousã,Coimbra,2022,12,2410.0
Lousã,Coimbra,2023,1,1918.0
Lousã,Coimbra,2023,2,2391.0
Lousã,Coimbra,2023,3,2407.0
Lousã,Coimbra,2023,4,4053.0
Lousã,Coimbra,2023,5,3791.0
Lousã,Coimbra,2023,6,3291.0
Lousã,Coimbra,2023,7,4172.0
Lousã,Coimbra,2023,8,5787.0
Lousã,Coimbra,2023,9,4263.0
Lousã,Coimbra,2023,10,3236.0
Lousã,Coimbra,2023,11,2286.0
Lousã,Coimbra,2023,12,3153.0
Lousã,Coimbra,2024,1,1984.0
Lousã,Coimbra,2024,2,2428.0
Lousã,Coimbra,2024,3,2640.0
Lousã,Coimbra,2024,4,3065.0
Lousã,Coimbra,2024,5,3378.0
Lousã,Coimbra,2024,6,3647.0
Lousã,Coimbra,2024,7,4636.0
Lousã,Coimbra,2024,8,5994.0
Lousã,Coimbra,2024,9,3986.0
Lousã,Coimbra,2024,10,3562.0
Lousã,Coimbra,2024,11,2853.0
Lousã,Coimbra,2024,12,3049.0
Lousã,Coimbra,2025,1,2485.0
Lousã,Coimbra,2025,2,2196.0
Lousã,Coimbra,2025,3,3409.0
Lousã,Coimbra,2025,4,3942.0
Lousã,Coimbra,2025,5,4145.0
Lousã,Coimbra,2025,6,4072.0
Lousã,Coimbra,2025,7,4649.0
Lousã,Coimbra,2025,8,6464.0
Lousã,Coimbra,2025,9,3809.0
Lousã,Coimbra,2025,10,2960.0
Lousã,Coimbra,2025,11,2931.0
Lousã,Coimbra,2025,12,3032.0
Lousã,Coimbra,2026,1,2259.0
Lousã,Coimbra,2026,2,1805.0
Lousã,Coimbra,2026,3,2034.0
Lousã,Coimbra,2026,4,2938.0
Lousã,Coimbra,2026,5,3648.0
Lousã,Coimbra,2026,6,3793.0
Lousã,Coimbra,2026,7,4894.0
Macedo de Cavaleiros,Bragança,2020,1,837.0
Macedo de Cavaleiros,Bragança,2020,2,1293.0
Macedo de Cavaleiros,Bragança,2020,3,463.0
Macedo de Cavaleiros,Bragança,2020,4,
Macedo de Cavaleiros,Bragança,2020,5,
Macedo de Cavaleiros,Bragança,2020,6,814.0
Macedo de Cavaleiros,Bragança,2020,7,1239.0
Macedo de Cavaleiros,Bragança,2020,8,2819.0
Macedo de Cavaleiros,Bragança,2020,9,1475.0
Macedo de Cavaleiros,Bragança,2020,10,850.0
Macedo de Cavaleiros,Bragança,2020,11,550.0
Macedo de Cavaleiros,Bragança,2020,12,511.0
Macedo de Cavaleiros,Bragança,2021,1,293.0
Macedo de Cavaleiros,Bragança,2021,2,286.0
Macedo de Cavaleiros,Bragança,2021,3,396.0
Macedo de Cavaleiros,Bragança,2021,4,689.0
Macedo de Cavaleiros,Bragança,2021,5,1008.0
Macedo de Cavaleiros,Bragança,2021,6,1317.0
Macedo de Cavaleiros,Bragança,2021,7,1832.0
Macedo de Cavaleiros,Bragança,2021,8,2850.0
Macedo de Cavaleiros,Bragança,2021,9,1780.0
Macedo de Cavaleiros,Bragança,2021,10,1375.0
Macedo de Cavaleiros,Bragança,2021,11,1031.0
Macedo de Cavaleiros,Bragança,2021,12,889.0
Macedo de Cavaleiros,Bragança,2022,1,540.0
Macedo de Cavaleiros,Bragança,2022,2,1121.0
Macedo de Cavaleiros,Bragança,2022,3,1196.0
Macedo de Cavaleiros,Bragança,2022,4,1660.0
Macedo de Cavaleiros,Bragança,2022,5,1549.0
Macedo de Cavaleiros,Bragança,2022,6,2064.0
Macedo de Cavaleiros,Bragança,2022,7,2479.0
Macedo de Cavaleiros,Bragança,2022,8,3776.0
Macedo de Cavaleiros,Bragança,2022,9,2064.0
Macedo de Cavaleiros,Bragança,2022,10,1788.0
Macedo de Cavaleiros,Bragança,2022,11,1273.0
Macedo de Cavaleiros,Bragança,2022,12,1327.0
Macedo de Cavaleiros,Bragança,2023,1,524.0
Macedo de Cavaleiros,Bragança,2023,2,923.0
Macedo de Cavaleiros,Bragança,2023,3,640.0
Macedo de Cavaleiros,Bragança,2023,4,986.0
Macedo de Cavaleiros,Bragança,2023,5,882.0
Macedo de Cavaleiros,Bragança,2023,6,1536.0
Macedo de Cavaleiros,Bragança,2023,7,2057.0
Macedo de Cavaleiros,Bragança,2023,8,3776.0
Macedo de Cavaleiros,Bragança,2023,9,1541.0
Macedo de Cavaleiros,Bragança,2023,10,1675.0
Macedo de Cavaleiros,Bragança,2023,11,1173.0
Macedo de Cavaleiros,Bragança,2023,12,1696.0
Macedo de Cavaleiros,Bragança,2024,1,811.0
Macedo de Cavaleiros,Bragança,2024,2,1048.0
Macedo de Cavaleiros,Bragança,2024,3,774.0
Macedo de Cavaleiros,Bragança,2024,4,859.0
Macedo de Cavaleiros,Bragança,2024,5,1206.0
Macedo de Cavaleiros,Bragança,2024,6,1503.0
Macedo de Cavaleiros,Bragança,2024,7,2692.0
Macedo de Cavaleiros,Bragança,2024,8,4884.0
Macedo de Cavaleiros,Bragança,2024,9,1494.0
Macedo de Cavaleiros,Bragança,2024,10,1024.0
Macedo de Cavaleiros,Bragança,2024,11,773.0
Macedo de Cavaleiros,Bragança,2024,12,766.0
Macedo de Cavaleiros,Bragança,2025,1,663.0
Macedo de Cavaleiros,Bragança,2025,2,1482.0
Macedo de Cavaleiros,Bragança,2025,3,1359.0
Macedo de Cavaleiros,Bragança,2025,4,1207.0
Macedo de Cavaleiros,Bragança,2025,5,1115.0
Macedo de Cavaleiros,Bragança,2025,6,1893.0
Macedo de Cavaleiros,Bragança,2025,7,2753.0
Macedo de Cavaleiros,Bragança,2025,8,5023.0
Macedo de Cavaleiros,Bragança,2025,9,1664.0
Macedo de Cavaleiros,Bragança,2025,10,1505.0
Macedo de Cavaleiros,Bragança,2025,11,1171.0
Macedo de Cavaleiros,Bragança,2025,12,1160.0
Macedo de Cavaleiros,Bragança,2026,1,1300.0
Macedo de Cavaleiros,Bragança,2026,2,2287.0
Macedo de Cavaleiros,Bragança,2026,3,1069.0
Macedo de Cavaleiros,Bragança,2026,4,1330.0
Macedo de Cavaleiros,Bragança,2026,5,1776.0
Macedo de Cavaleiros,Bragança,2026,6,2166.0
Macedo de Cavaleiros,Bragança,2026,7,3436.0
Machico,Região Autónoma da Madeira,2020,1,4895.0
Machico,Região Autónoma da Madeira,2020,2,6245.0
Machico,Região Autónoma da Madeira,2020,3,7036.0
Machico,Região Autónoma da Madeira,2020,4,
Machico,Região Autónoma da Madeira,2020,5,
Machico,Região Autónoma da Madeira,2020,6,169.0
Machico,Região Autónoma da Madeira,2020,7,1243.0
Machico,Região Autónoma da Madeira,2020,8,3262.0
Machico,Região Autónoma da Madeira,2020,9,2988.0
Machico,Região Autónoma da Madeira,2020,10,2791.0
Machico,Região Autónoma da Madeira,2020,11,1488.0
Machico,Região Autónoma da Madeira,2020,12,1844.0
Machico,Região Autónoma da Madeira,2021,1,1417.0
Machico,Região Autónoma da Madeira,2021,2,697.0
Machico,Região Autónoma da Madeira,2021,3,775.0
Machico,Região Autónoma da Madeira,2021,4,958.0
Machico,Região Autónoma da Madeira,2021,5,2312.0
Machico,Região Autónoma da Madeira,2021,6,5757.0
Machico,Região Autónoma da Madeira,2021,7,10449.0
Machico,Região Autónoma da Madeira,2021,8,15750.0
Machico,Região Autónoma da Madeira,2021,9,14546.0
Machico,Região Autónoma da Madeira,2021,10,11365.0
Machico,Região Autónoma da Madeira,2021,11,9490.0
Machico,Região Autónoma da Madeira,2021,12,6608.0
Machico,Região Autónoma da Madeira,2022,1,3178.0
Machico,Região Autónoma da Madeira,2022,2,2712.0
Machico,Região Autónoma da Madeira,2022,3,7363.0
Machico,Região Autónoma da Madeira,2022,4,13815.0
Machico,Região Autónoma da Madeira,2022,5,16103.0
Machico,Região Autónoma da Madeira,2022,6,15746.0
Machico,Região Autónoma da Madeira,2022,7,16084.0
Machico,Região Autónoma da Madeira,2022,8,16972.0
Machico,Região Autónoma da Madeira,2022,9,15207.0
Machico,Região Autónoma da Madeira,2022,10,14607.0
Machico,Região Autónoma da Madeira,2022,11,11049.0
Machico,Região Autónoma da Madeira,2022,12,10708.0
Machico,Região Autónoma da Madeira,2023,1,11669.0
Machico,Região Autónoma da Madeira,2023,2,12805.0
Machico,Região Autónoma da Madeira,2023,3,16167.0
Machico,Região Autónoma da Madeira,2023,4,13865.0
Machico,Região Autónoma da Madeira,2023,5,16419.0
Machico,Região Autónoma da Madeira,2023,6,15023.0
Machico,Região Autónoma da Madeira,2023,7,16171.0
Machico,Região Autónoma da Madeira,2023,8,17453.0
Machico,Região Autónoma da Madeira,2023,9,15721.0
Machico,Região Autónoma da Madeira,2023,10,13508.0
Machico,Região Autónoma da Madeira,2023,11,13529.0
Machico,Região Autónoma da Madeira,2023,12,12678.0
Machico,Região Autónoma da Madeira,2024,1,7710.0
Machico,Região Autónoma da Madeira,2024,2,13298.0
Machico,Região Autónoma da Madeira,2024,3,16515.0
Machico,Região Autónoma da Madeira,2024,4,16970.0
Machico,Região Autónoma da Madeira,2024,5,20395.0
Machico,Região Autónoma da Madeira,2024,6,20559.0
Machico,Região Autónoma da Madeira,2024,7,21477.0
Machico,Região Autónoma da Madeira,2024,8,21801.0
Machico,Região Autónoma da Madeira,2024,9,19797.0
Machico,Região Autónoma da Madeira,2024,10,18886.0
Machico,Região Autónoma da Madeira,2024,11,32819.0
Machico,Região Autónoma da Madeira,2024,12,28658.0
Machico,Região Autónoma da Madeira,2025,1,19059.0
Machico,Região Autónoma da Madeira,2025,2,26836.0
Machico,Região Autónoma da Madeira,2025,3,34176.0
Machico,Região Autónoma da Madeira,2025,4,38625.0
Machico,Região Autónoma da Madeira,2025,5,39412.0
Machico,Região Autónoma da Madeira,2025,6,39313.0
Machico,Região Autónoma da Madeira,2025,7,45891.0
Machico,Região Autónoma da Madeira,2025,8,48503.0
Machico,Região Autónoma da Madeira,2025,9,40526.0
Machico,Região Autónoma da Madeira,2025,10,41720.0
Machico,Região Autónoma da Madeira,2025,11,30288.0
Machico,Região Autónoma da Madeira,2025,12,21795.0
Machico,Região Autónoma da Madeira,2026,1,19165.0
Machico,Região Autónoma da Madeira,2026,2,30007.0
Machico,Região Autónoma da Madeira,2026,3,31024.0
Machico,Região Autónoma da Madeira,2026,4,32682.0
Machico,Região Autónoma da Madeira,2026,5,41405.0
Machico,Região Autónoma da Madeira,2026,6,39346.0
Machico,Região Autónoma da Madeira,2026,7,47184.0
Madalena,Região Autónoma dos Açores,2020,1,2420.0
Madalena,Região Autónoma dos Açores,2020,2,1657.0
Madalena,Região Autónoma dos Açores,2020,3,889.0
Madalena,Região Autónoma dos Açores,2020,4,
Madalena,Região Autónoma dos Açores,2020,5,
Madalena,Região Autónoma dos Açores,2020,6,594.0
Madalena,Região Autónoma dos Açores,2020,7,
Madalena,Região Autónoma dos Açores,2020,8,6509.0
Madalena,Região Autónoma dos Açores,2020,9,5328.0
Madalena,Região Autónoma dos Açores,2020,10,2540.0
Madalena,Região Autónoma dos Açores,2020,11,1094.0
Madalena,Região Autónoma dos Açores,2020,12,712.0
Madalena,Região Autónoma dos Açores,2021,1,833.0
Madalena,Região Autónoma dos Açores,2021,2,951.0
Madalena,Região Autónoma dos Açores,2021,3,1131.0
Madalena,Região Autónoma dos Açores,2021,4,1847.0
Madalena,Região Autónoma dos Açores,2021,5,2878.0
Madalena,Região Autónoma dos Açores,2021,6,4954.0
Madalena,Região Autónoma dos Açores,2021,7,9736.0
Madalena,Região Autónoma dos Açores,2021,8,13071.0
Madalena,Região Autónoma dos Açores,2021,9,9838.0
Madalena,Região Autónoma dos Açores,2021,10,5762.0
Madalena,Região Autónoma dos Açores,2021,11,2806.0
Madalena,Região Autónoma dos Açores,2021,12,1114.0
Madalena,Região Autónoma dos Açores,2022,1,1419.0
Madalena,Região Autónoma dos Açores,2022,2,1489.0
Madalena,Região Autónoma dos Açores,2022,3,2422.0
Madalena,Região Autónoma dos Açores,2022,4,4944.0
Madalena,Região Autónoma dos Açores,2022,5,7635.0
Madalena,Região Autónoma dos Açores,2022,6,10282.0
Madalena,Região Autónoma dos Açores,2022,7,13232.0
Madalena,Região Autónoma dos Açores,2022,8,13941.0
Madalena,Região Autónoma dos Açores,2022,9,10459.0
Madalena,Região Autónoma dos Açores,2022,10,6844.0
Madalena,Região Autónoma dos Açores,2022,11,2597.0
Madalena,Região Autónoma dos Açores,2022,12,1426.0
Madalena,Região Autónoma dos Açores,2023,1,2570.0
Madalena,Região Autónoma dos Açores,2023,2,1744.0
Madalena,Região Autónoma dos Açores,2023,3,3445.0
Madalena,Região Autónoma dos Açores,2023,4,6780.0
Madalena,Região Autónoma dos Açores,2023,5,9760.0
Madalena,Região Autónoma dos Açores,2023,6,12174.0
Madalena,Região Autónoma dos Açores,2023,7,15169.0
Madalena,Região Autónoma dos Açores,2023,8,16506.0
Madalena,Região Autónoma dos Açores,2023,9,13100.0
Madalena,Região Autónoma dos Açores,2023,10,8420.0
Madalena,Região Autónoma dos Açores,2023,11,3041.0
Madalena,Região Autónoma dos Açores,2023,12,1414.0
Madalena,Região Autónoma dos Açores,2024,1,2322.0
Madalena,Região Autónoma dos Açores,2024,2,2050.0
Madalena,Região Autónoma dos Açores,2024,3,3871.0
Madalena,Região Autónoma dos Açores,2024,4,7499.0
Madalena,Região Autónoma dos Açores,2024,5,11858.0
Madalena,Região Autónoma dos Açores,2024,6,13713.0
Madalena,Região Autónoma dos Açores,2024,7,17927.0
Madalena,Região Autónoma dos Açores,2024,8,18910.0
Madalena,Região Autónoma dos Açores,2024,9,15243.0
Madalena,Região Autónoma dos Açores,2024,10,9680.0
Madalena,Região Autónoma dos Açores,2024,11,3575.0
Madalena,Região Autónoma dos Açores,2024,12,1416.0
Madalena,Região Autónoma dos Açores,2025,1,2321.0
Madalena,Região Autónoma dos Açores,2025,2,2437.0
Madalena,Região Autónoma dos Açores,2025,3,4390.0
Madalena,Região Autónoma dos Açores,2025,4,10173.0
Madalena,Região Autónoma dos Açores,2025,5,12828.0
Madalena,Região Autónoma dos Açores,2025,6,14758.0
Madalena,Região Autónoma dos Açores,2025,7,18689.0
Madalena,Região Autónoma dos Açores,2025,8,21151.0
Madalena,Região Autónoma dos Açores,2025,9,16003.0
Madalena,Região Autónoma dos Açores,2025,10,9444.0
Madalena,Região Autónoma dos Açores,2025,11,3405.0
Madalena,Região Autónoma dos Açores,2025,12,1584.0
Madalena,Região Autónoma dos Açores,2026,1,1900.0
Madalena,Região Autónoma dos Açores,2026,2,2308.0
Madalena,Região Autónoma dos Açores,2026,3,4550.0
Madalena,Região Autónoma dos Açores,2026,4,9062.0
Madalena,Região Autónoma dos Açores,2026,5,14732.0
Madalena,Região Autónoma dos Açores,2026,6,16329.0
Madalena,Região Autónoma dos Açores,2026,7,19210.0
Mafra,Lisboa,2020,1,5421.0
Mafra,Lisboa,2020,2,8839.0
Mafra,Lisboa,2020,3,3446.0
Mafra,Lisboa,2020,4,54.0
Mafra,Lisboa,2020,5,573.0
Mafra,Lisboa,2020,6,5820.0
Mafra,Lisboa,2020,7,15336.0
Mafra,Lisboa,2020,8,30225.0
Mafra,Lisboa,2020,9,20673.0
Mafra,Lisboa,2020,10,13182.0
Mafra,Lisboa,2020,11,4477.0
Mafra,Lisboa,2020,12,3610.0
Mafra,Lisboa,2021,1,3527.0
Mafra,Lisboa,2021,2,2351.0
Mafra,Lisboa,2021,3,3553.0
Mafra,Lisboa,2021,4,5688.0
Mafra,Lisboa,2021,5,12656.0
Mafra,Lisboa,2021,6,18481.0
Mafra,Lisboa,2021,7,23786.0
Mafra,Lisboa,2021,8,39122.0
Mafra,Lisboa,2021,9,30633.0
Mafra,Lisboa,2021,10,30643.0
Mafra,Lisboa,2021,11,15053.0
Mafra,Lisboa,2021,12,10058.0
Mafra,Lisboa,2022,1,7476.0
Mafra,Lisboa,2022,2,12651.0
Mafra,Lisboa,2022,3,19822.0
Mafra,Lisboa,2022,4,29344.0
Mafra,Lisboa,2022,5,33176.0
Mafra,Lisboa,2022,6,35684.0
Mafra,Lisboa,2022,7,43530.0
Mafra,Lisboa,2022,8,45321.0
Mafra,Lisboa,2022,9,39387.0
Mafra,Lisboa,2022,10,34018.0
Mafra,Lisboa,2022,11,17211.0
Mafra,Lisboa,2022,12,12823.0
Mafra,Lisboa,2023,1,9491.0
Mafra,Lisboa,2023,2,12258.0
Mafra,Lisboa,2023,3,21186.0
Mafra,Lisboa,2023,4,33837.0
Mafra,Lisboa,2023,5,37973.0
Mafra,Lisboa,2023,6,36065.0
Mafra,Lisboa,2023,7,44065.0
Mafra,Lisboa,2023,8,47669.0
Mafra,Lisboa,2023,9,42578.0
Mafra,Lisboa,2023,10,37364.0
Mafra,Lisboa,2023,11,19185.0
Mafra,Lisboa,2023,12,15141.0
Mafra,Lisboa,2024,1,9803.0
Mafra,Lisboa,2024,2,12537.0
Mafra,Lisboa,2024,3,22933.0
Mafra,Lisboa,2024,4,28644.0
Mafra,Lisboa,2024,5,39872.0
Mafra,Lisboa,2024,6,37859.0
Mafra,Lisboa,2024,7,45365.0
Mafra,Lisboa,2024,8,48016.0
Mafra,Lisboa,2024,9,42632.0
Mafra,Lisboa,2024,10,35554.0
Mafra,Lisboa,2024,11,19061.0
Mafra,Lisboa,2024,12,13172.0
Mafra,Lisboa,2025,1,10431.0
Mafra,Lisboa,2025,2,11642.0
Mafra,Lisboa,2025,3,20408.0
Mafra,Lisboa,2025,4,29710.0
Mafra,Lisboa,2025,5,35092.0
Mafra,Lisboa,2025,6,37978.0
Mafra,Lisboa,2025,7,43752.0
Mafra,Lisboa,2025,8,47493.0
Mafra,Lisboa,2025,9,40161.0
Mafra,Lisboa,2025,10,36793.0
Mafra,Lisboa,2025,11,19140.0
Mafra,Lisboa,2025,12,13587.0
Mafra,Lisboa,2026,1,10460.0
Mafra,Lisboa,2026,2,11058.0
Mafra,Lisboa,2026,3,21323.0
Mafra,Lisboa,2026,4,29273.0
Mafra,Lisboa,2026,5,36928.0
Mafra,Lisboa,2026,6,38850.0
Mafra,Lisboa,2026,7,49760.0
Maia,Porto,2020,1,14645.0
Maia,Porto,2020,2,13087.0
Maia,Porto,2020,3,8884.0
Maia,Porto,2020,4,497.0
Maia,Porto,2020,5,1158.0
Maia,Porto,2020,6,2795.0
Maia,Porto,2020,7,7088.0
Maia,Porto,2020,8,9702.0
Maia,Porto,2020,9,8943.0
Maia,Porto,2020,10,8719.0
Maia,Porto,2020,11,5353.0
Maia,Porto,2020,12,5383.0
Maia,Porto,2021,1,5949.0
Maia,Porto,2021,2,2880.0
Maia,Porto,2021,3,4179.0
Maia,Porto,2021,4,5740.0
Maia,Porto,2021,5,8792.0
Maia,Porto,2021,6,9871.0
Maia,Porto,2021,7,13539.0
Maia,Porto,2021,8,20890.0
Maia,Porto,2021,9,18483.0
Maia,Porto,2021,10,22100.0
Maia,Porto,2021,11,18061.0
Maia,Porto,2021,12,15695.0
Maia,Porto,2022,1,10476.0
Maia,Porto,2022,2,13827.0
Maia,Porto,2022,3,18287.0
Maia,Porto,2022,4,28087.0
Maia,Porto,2022,5,30546.0
Maia,Porto,2022,6,28043.0
Maia,Porto,2022,7,30857.0
Maia,Porto,2022,8,34365.0
Maia,Porto,2022,9,29358.0
Maia,Porto,2022,10,29116.0
Maia,Porto,2022,11,21312.0
Maia,Porto,2022,12,17189.0
Maia,Porto,2023,1,16632.0
Maia,Porto,2023,2,16863.0
Maia,Porto,2023,3,23784.0
Maia,Porto,2023,4,29423.0
Maia,Porto,2023,5,31505.0
Maia,Porto,2023,6,30076.0
Maia,Porto,2023,7,31003.0
Maia,Porto,2023,8,33724.0
Maia,Porto,2023,9,28286.0
Maia,Porto,2023,10,31032.0
Maia,Porto,2023,11,22180.0
Maia,Porto,2023,12,20617.0
Maia,Porto,2024,1,17078.0
Maia,Porto,2024,2,17736.0
Maia,Porto,2024,3,24863.0
Maia,Porto,2024,4,28005.0
Maia,Porto,2024,5,32760.0
Maia,Porto,2024,6,30616.0
Maia,Porto,2024,7,31660.0
Maia,Porto,2024,8,37223.0
Maia,Porto,2024,9,33055.0
Maia,Porto,2024,10,31573.0
Maia,Porto,2024,11,23561.0
Maia,Porto,2024,12,20640.0
Maia,Porto,2025,1,17782.0
Maia,Porto,2025,2,18446.0
Maia,Porto,2025,3,22915.0
Maia,Porto,2025,4,30299.0
Maia,Porto,2025,5,32821.0
Maia,Porto,2025,6,30399.0
Maia,Porto,2025,7,32441.0
Maia,Porto,2025,8,35836.0
Maia,Porto,2025,9,34492.0
Maia,Porto,2025,10,33420.0
Maia,Porto,2025,11,25362.0
Maia,Porto,2025,12,22166.0
Maia,Porto,2026,1,20021.0
Maia,Porto,2026,2,22234.0
Maia,Porto,2026,3,26627.0
Maia,Porto,2026,4,32132.0
Maia,Porto,2026,5,38199.0
Maia,Porto,2026,6,33335.0
Maia,Porto,2026,7,35003.0
Mangualde,Viseu,2020,1,2079.0
Mangualde,Viseu,2020,2,2173.0
Mangualde,Viseu,2020,3,729.0
Mangualde,Viseu,2020,4,296.0
Mangualde,Viseu,2020,5,529.0
Mangualde,Viseu,2020,6,1487.0
Mangualde,Viseu,2020,7,2293.0
Mangualde,Viseu,2020,8,3820.0
Mangualde,Viseu,2020,9,1805.0
Mangualde,Viseu,2020,10,1481.0
Mangualde,Viseu,2020,11,945.0
Mangualde,Viseu,2020,12,920.0
Mangualde,Viseu,2021,1,449.0
Mangualde,Viseu,2021,2,386.0
Mangualde,Viseu,2021,3,318.0
Mangualde,Viseu,2021,4,356.0
Mangualde,Viseu,2021,5,1078.0
Mangualde,Viseu,2021,6,1572.0
Mangualde,Viseu,2021,7,2190.0
Mangualde,Viseu,2021,8,4617.0
Mangualde,Viseu,2021,9,2167.0
Mangualde,Viseu,2021,10,3002.0
Mangualde,Viseu,2021,11,2678.0
Mangualde,Viseu,2021,12,1978.0
Mangualde,Viseu,2022,1,1585.0
Mangualde,Viseu,2022,2,1593.0
Mangualde,Viseu,2022,3,1749.0
Mangualde,Viseu,2022,4,2086.0
Mangualde,Viseu,2022,5,2128.0
Mangualde,Viseu,2022,6,2030.0
Mangualde,Viseu,2022,7,2649.0
Mangualde,Viseu,2022,8,6092.0
Mangualde,Viseu,2022,9,3216.0
Mangualde,Viseu,2022,10,2415.0
Mangualde,Viseu,2022,11,1717.0
Mangualde,Viseu,2022,12,1521.0
Mangualde,Viseu,2023,1,1636.0
Mangualde,Viseu,2023,2,1654.0
Mangualde,Viseu,2023,3,1599.0
Mangualde,Viseu,2023,4,2360.0
Mangualde,Viseu,2023,5,2490.0
Mangualde,Viseu,2023,6,2844.0
Mangualde,Viseu,2023,7,3282.0
Mangualde,Viseu,2023,8,6691.0
Mangualde,Viseu,2023,9,3293.0
Mangualde,Viseu,2023,10,2702.0
Mangualde,Viseu,2023,11,1566.0
Mangualde,Viseu,2023,12,1827.0
Mangualde,Viseu,2024,1,2019.0
Mangualde,Viseu,2024,2,1763.0
Mangualde,Viseu,2024,3,1904.0
Mangualde,Viseu,2024,4,2045.0
Mangualde,Viseu,2024,5,2300.0
Mangualde,Viseu,2024,6,2511.0
Mangualde,Viseu,2024,7,2832.0
Mangualde,Viseu,2024,8,7015.0
Mangualde,Viseu,2024,9,3194.0
Mangualde,Viseu,2024,10,2993.0
Mangualde,Viseu,2024,11,2024.0
Mangualde,Viseu,2024,12,1434.0
Mangualde,Viseu,2025,1,1433.0
Mangualde,Viseu,2025,2,2196.0
Mangualde,Viseu,2025,3,1719.0
Mangualde,Viseu,2025,4,1931.0
Mangualde,Viseu,2025,5,2462.0
Mangualde,Viseu,2025,6,2239.0
Mangualde,Viseu,2025,7,2441.0
Mangualde,Viseu,2025,8,6342.0
Mangualde,Viseu,2025,9,2559.0
Mangualde,Viseu,2025,10,2230.0
Mangualde,Viseu,2025,11,1368.0
Mangualde,Viseu,2025,12,1879.0
Mangualde,Viseu,2026,1,1594.0
Mangualde,Viseu,2026,2,1452.0
Mangualde,Viseu,2026,3,2350.0
Mangualde,Viseu,2026,4,2216.0
Mangualde,Viseu,2026,5,2333.0
Mangualde,Viseu,2026,6,2418.0
Mangualde,Viseu,2026,7,2647.0
Manteigas,Guarda,2020,1,3253.0
Manteigas,Guarda,2020,2,3648.0
Manteigas,Guarda,2020,3,1054.0
Manteigas,Guarda,2020,4,
Manteigas,Guarda,2020,5,
Manteigas,Guarda,2020,6,2847.0
Manteigas,Guarda,2020,7,7034.0
Manteigas,Guarda,2020,8,11014.0
Manteigas,Guarda,2020,9,6674.0
Manteigas,Guarda,2020,10,4688.0
Manteigas,Guarda,2020,11,
Manteigas,Guarda,2020,12,3016.0
Manteigas,Guarda,2021,1,1539.0
Manteigas,Guarda,2021,2,294.0
Manteigas,Guarda,2021,3,378.0
Manteigas,Guarda,2021,4,1382.0
Manteigas,Guarda,2021,5,3662.0
Manteigas,Guarda,2021,6,4758.0
Manteigas,Guarda,2021,7,5832.0
Manteigas,Guarda,2021,8,8555.0
Manteigas,Guarda,2021,9,5818.0
Manteigas,Guarda,2021,10,6559.0
Manteigas,Guarda,2021,11,6506.0
Manteigas,Guarda,2021,12,6161.0
Manteigas,Guarda,2022,1,5800.0
Manteigas,Guarda,2022,2,5244.0
Manteigas,Guarda,2022,3,5724.0
Manteigas,Guarda,2022,4,6890.0
Manteigas,Guarda,2022,5,4816.0
Manteigas,Guarda,2022,6,5748.0
Manteigas,Guarda,2022,7,6726.0
Manteigas,Guarda,2022,8,7678.0
Manteigas,Guarda,2022,9,5207.0
Manteigas,Guarda,2022,10,5510.0
Manteigas,Guarda,2022,11,4448.0
Manteigas,Guarda,2022,12,6998.0
Manteigas,Guarda,2023,1,6109.0
Manteigas,Guarda,2023,2,6296.0
Manteigas,Guarda,2023,3,4530.0
Manteigas,Guarda,2023,4,6420.0
Manteigas,Guarda,2023,5,4811.0
Manteigas,Guarda,2023,6,5086.0
Manteigas,Guarda,2023,7,6233.0
Manteigas,Guarda,2023,8,6760.0
Manteigas,Guarda,2023,9,6661.0
Manteigas,Guarda,2023,10,6008.0
Manteigas,Guarda,2023,11,5719.0
Manteigas,Guarda,2023,12,6934.0
Manteigas,Guarda,2024,1,5523.0
Manteigas,Guarda,2024,2,5843.0
Manteigas,Guarda,2024,3,6020.0
Manteigas,Guarda,2024,4,5799.0
Manteigas,Guarda,2024,5,5003.0
Manteigas,Guarda,2024,6,5083.0
Manteigas,Guarda,2024,7,5672.0
Manteigas,Guarda,2024,8,6847.0
Manteigas,Guarda,2024,9,6956.0
Manteigas,Guarda,2024,10,5710.0
Manteigas,Guarda,2024,11,7389.0
Manteigas,Guarda,2024,12,6609.0
Manteigas,Guarda,2025,1,6080.0
Manteigas,Guarda,2025,2,5572.0
Manteigas,Guarda,2025,3,6525.0
Manteigas,Guarda,2025,4,6152.0
Manteigas,Guarda,2025,5,5558.0
Manteigas,Guarda,2025,6,5814.0
Manteigas,Guarda,2025,7,6324.0
Manteigas,Guarda,2025,8,7387.0
Manteigas,Guarda,2025,9,5617.0
Manteigas,Guarda,2025,10,5327.0
Manteigas,Guarda,2025,11,6016.0
Manteigas,Guarda,2025,12,8263.0
Manteigas,Guarda,2026,1,8786.0
Manteigas,Guarda,2026,2,6664.0
Manteigas,Guarda,2026,3,5394.0
Manteigas,Guarda,2026,4,5156.0
Manteigas,Guarda,2026,5,5896.0
Manteigas,Guarda,2026,6,5106.0
Manteigas,Guarda,2026,7,6579.0
Marco de Canaveses,Porto,2020,1,535.0
Marco de Canaveses,Porto,2020,2,391.0
Marco de Canaveses,Porto,2020,3,119.0
Marco de Canaveses,Porto,2020,4,
Marco de Canaveses,Porto,2020,5,
Marco de Canaveses,Porto,2020,6,838.0
Marco de Canaveses,Porto,2020,7,1423.0
Marco de Canaveses,Porto,2020,8,1849.0
Marco de Canaveses,Porto,2020,9,933.0
Marco de Canaveses,Porto,2020,10,
Marco de Canaveses,Porto,2020,11,416.0
Marco de Canaveses,Porto,2020,12,335.0
Marco de Canaveses,Porto,2021,1,232.0
Marco de Canaveses,Porto,2021,2,164.0
Marco de Canaveses,Porto,2021,3,183.0
Marco de Canaveses,Porto,2021,4,392.0
Marco de Canaveses,Porto,2021,5,564.0
Marco de Canaveses,Porto,2021,6,1359.0
Marco de Canaveses,Porto,2021,7,2146.0
Marco de Canaveses,Porto,2021,8,3501.0
Marco de Canaveses,Porto,2021,9,1399.0
Marco de Canaveses,Porto,2021,10,1119.0
Marco de Canaveses,Porto,2021,11,661.0
Marco de Canaveses,Porto,2021,12,722.0
Marco de Canaveses,Porto,2022,1,380.0
Marco de Canaveses,Porto,2022,2,372.0
Marco de Canaveses,Porto,2022,3,494.0
Marco de Canaveses,Porto,2022,4,1024.0
Marco de Canaveses,Porto,2022,5,905.0
Marco de Canaveses,Porto,2022,6,1498.0
Marco de Canaveses,Porto,2022,7,3502.0
Marco de Canaveses,Porto,2022,8,4238.0
Marco de Canaveses,Porto,2022,9,1904.0
Marco de Canaveses,Porto,2022,10,1300.0
Marco de Canaveses,Porto,2022,11,682.0
Marco de Canaveses,Porto,2022,12,1038.0
Marco de Canaveses,Porto,2023,1,529.0
Marco de Canaveses,Porto,2023,2,616.0
Marco de Canaveses,Porto,2023,3,654.0
Marco de Canaveses,Porto,2023,4,1204.0
Marco de Canaveses,Porto,2023,5,1261.0
Marco de Canaveses,Porto,2023,6,1766.0
Marco de Canaveses,Porto,2023,7,3021.0
Marco de Canaveses,Porto,2023,8,4651.0
Marco de Canaveses,Porto,2023,9,2105.0
Marco de Canaveses,Porto,2023,10,1619.0
Marco de Canaveses,Porto,2023,11,892.0
Marco de Canaveses,Porto,2023,12,1173.0
Marco de Canaveses,Porto,2024,1,756.0
Marco de Canaveses,Porto,2024,2,1605.0
Marco de Canaveses,Porto,2024,3,2163.0
Marco de Canaveses,Porto,2024,4,1189.0
Marco de Canaveses,Porto,2024,5,1961.0
Marco de Canaveses,Porto,2024,6,2464.0
Marco de Canaveses,Porto,2024,7,4119.0
Marco de Canaveses,Porto,2024,8,5855.0
Marco de Canaveses,Porto,2024,9,2654.0
Marco de Canaveses,Porto,2024,10,1865.0
Marco de Canaveses,Porto,2024,11,1015.0
Marco de Canaveses,Porto,2024,12,1200.0
Marco de Canaveses,Porto,2025,1,968.0
Marco de Canaveses,Porto,2025,2,1296.0
Marco de Canaveses,Porto,2025,3,1784.0
Marco de Canaveses,Porto,2025,4,1733.0
Marco de Canaveses,Porto,2025,5,2178.0
Marco de Canaveses,Porto,2025,6,2419.0
Marco de Canaveses,Porto,2025,7,3693.0
Marco de Canaveses,Porto,2025,8,6045.0
Marco de Canaveses,Porto,2025,9,2724.0
Marco de Canaveses,Porto,2025,10,1914.0
Marco de Canaveses,Porto,2025,11,1410.0
Marco de Canaveses,Porto,2025,12,1428.0
Marco de Canaveses,Porto,2026,1,920.0
Marco de Canaveses,Porto,2026,2,998.0
Marco de Canaveses,Porto,2026,3,1312.0
Marco de Canaveses,Porto,2026,4,1986.0
Marco de Canaveses,Porto,2026,5,2617.0
Marco de Canaveses,Porto,2026,6,2759.0
Marco de Canaveses,Porto,2026,7,5621.0
Marinha Grande,Leiria,2020,1,2435.0
Marinha Grande,Leiria,2020,2,3935.0
Marinha Grande,Leiria,2020,3,1294.0
Marinha Grande,Leiria,2020,4,
Marinha Grande,Leiria,2020,5,488.0
Marinha Grande,Leiria,2020,6,3128.0
Marinha Grande,Leiria,2020,7,7959.0
Marinha Grande,Leiria,2020,8,17346.0
Marinha Grande,Leiria,2020,9,9909.0
Marinha Grande,Leiria,2020,10,4491.0
Marinha Grande,Leiria,2020,11,1863.0
Marinha Grande,Leiria,2020,12,
Marinha Grande,Leiria,2021,1,930.0
Marinha Grande,Leiria,2021,2,1007.0
Marinha Grande,Leiria,2021,3,1131.0
Marinha Grande,Leiria,2021,4,1551.0
Marinha Grande,Leiria,2021,5,3938.0
Marinha Grande,Leiria,2021,6,8284.0
Marinha Grande,Leiria,2021,7,11698.0
Marinha Grande,Leiria,2021,8,20324.0
Marinha Grande,Leiria,2021,9,10314.0
Marinha Grande,Leiria,2021,10,7429.0
Marinha Grande,Leiria,2021,11,3278.0
Marinha Grande,Leiria,2021,12,2485.0
Marinha Grande,Leiria,2022,1,3048.0
Marinha Grande,Leiria,2022,2,4484.0
Marinha Grande,Leiria,2022,3,4584.0
Marinha Grande,Leiria,2022,4,8025.0
Marinha Grande,Leiria,2022,5,7072.0
Marinha Grande,Leiria,2022,6,12082.0
Marinha Grande,Leiria,2022,7,19270.0
Marinha Grande,Leiria,2022,8,26103.0
Marinha Grande,Leiria,2022,9,13077.0
Marinha Grande,Leiria,2022,10,8579.0
Marinha Grande,Leiria,2022,11,5205.0
Marinha Grande,Leiria,2022,12,4560.0
Marinha Grande,Leiria,2023,1,4292.0
Marinha Grande,Leiria,2023,2,5509.0
Marinha Grande,Leiria,2023,3,6137.0
Marinha Grande,Leiria,2023,4,8790.0
Marinha Grande,Leiria,2023,5,7739.0
Marinha Grande,Leiria,2023,6,10194.0
Marinha Grande,Leiria,2023,7,17421.0
Marinha Grande,Leiria,2023,8,23586.0
Marinha Grande,Leiria,2023,9,12383.0
Marinha Grande,Leiria,2023,10,8149.0
Marinha Grande,Leiria,2023,11,4503.0
Marinha Grande,Leiria,2023,12,5266.0
Marinha Grande,Leiria,2024,1,4265.0
Marinha Grande,Leiria,2024,2,4467.0
Marinha Grande,Leiria,2024,3,8237.0
Marinha Grande,Leiria,2024,4,8107.0
Marinha Grande,Leiria,2024,5,9554.0
Marinha Grande,Leiria,2024,6,12403.0
Marinha Grande,Leiria,2024,7,17494.0
Marinha Grande,Leiria,2024,8,25395.0
Marinha Grande,Leiria,2024,9,14050.0
Marinha Grande,Leiria,2024,10,9606.0
Marinha Grande,Leiria,2024,11,6101.0
Marinha Grande,Leiria,2024,12,6291.0
Marinha Grande,Leiria,2025,1,4391.0
Marinha Grande,Leiria,2025,2,5080.0
Marinha Grande,Leiria,2025,3,6808.0
Marinha Grande,Leiria,2025,4,11454.0
Marinha Grande,Leiria,2025,5,13092.0
Marinha Grande,Leiria,2025,6,13098.0
Marinha Grande,Leiria,2025,7,16433.0
Marinha Grande,Leiria,2025,8,24170.0
Marinha Grande,Leiria,2025,9,14645.0
Marinha Grande,Leiria,2025,10,9981.0
Marinha Grande,Leiria,2025,11,6199.0
Marinha Grande,Leiria,2025,12,5842.0
Marinha Grande,Leiria,2026,1,4014.0
Marinha Grande,Leiria,2026,2,2833.0
Marinha Grande,Leiria,2026,3,5928.0
Marinha Grande,Leiria,2026,4,8331.0
Marinha Grande,Leiria,2026,5,11855.0
Marinha Grande,Leiria,2026,6,14141.0
Marinha Grande,Leiria,2026,7,18421.0
Marvão,Portalegre,2020,1,2014.0
Marvão,Portalegre,2020,2,1982.0
Marvão,Portalegre,2020,3,467.0
Marvão,Portalegre,2020,4,
Marvão,Portalegre,2020,5,
Marvão,Portalegre,2020,6,2357.0
Marvão,Portalegre,2020,7,3923.0
Marvão,Portalegre,2020,8,5527.0
Marvão,Portalegre,2020,9,3397.0
Marvão,Portalegre,2020,10,2080.0
Marvão,Portalegre,2020,11,1058.0
Marvão,Portalegre,2020,12,464.0
Marvão,Portalegre,2021,1,184.0
Marvão,Portalegre,2021,2,216.0
Marvão,Portalegre,2021,3,414.0
Marvão,Portalegre,2021,4,1304.0
Marvão,Portalegre,2021,5,2487.0
Marvão,Portalegre,2021,6,3342.0
Marvão,Portalegre,2021,7,4533.0
Marvão,Portalegre,2021,8,6846.0
Marvão,Portalegre,2021,9,3383.0
Marvão,Portalegre,2021,10,3721.0
Marvão,Portalegre,2021,11,2490.0
Marvão,Portalegre,2021,12,2083.0
Marvão,Portalegre,2022,1,1231.0
Marvão,Portalegre,2022,2,2246.0
Marvão,Portalegre,2022,3,1564.0
Marvão,Portalegre,2022,4,4073.0
Marvão,Portalegre,2022,5,3340.0
Marvão,Portalegre,2022,6,4094.0
Marvão,Portalegre,2022,7,5293.0
Marvão,Portalegre,2022,8,7013.0
Marvão,Portalegre,2022,9,4439.0
Marvão,Portalegre,2022,10,4375.0
Marvão,Portalegre,2022,11,2409.0
Marvão,Portalegre,2022,12,2131.0
Marvão,Portalegre,2023,1,1537.0
Marvão,Portalegre,2023,2,2175.0
Marvão,Portalegre,2023,3,1916.0
Marvão,Portalegre,2023,4,4203.0
Marvão,Portalegre,2023,5,3135.0
Marvão,Portalegre,2023,6,4632.0
Marvão,Portalegre,2023,7,5792.0
Marvão,Portalegre,2023,8,7280.0
Marvão,Portalegre,2023,9,4407.0
Marvão,Portalegre,2023,10,3589.0
Marvão,Portalegre,2023,11,2206.0
Marvão,Portalegre,2023,12,2606.0
Marvão,Portalegre,2024,1,1477.0
Marvão,Portalegre,2024,2,1661.0
Marvão,Portalegre,2024,3,2429.0
Marvão,Portalegre,2024,4,2848.0
Marvão,Portalegre,2024,5,3276.0
Marvão,Portalegre,2024,6,3256.0
Marvão,Portalegre,2024,7,5246.0
Marvão,Portalegre,2024,8,6870.0
Marvão,Portalegre,2024,9,4177.0
Marvão,Portalegre,2024,10,3455.0
Marvão,Portalegre,2024,11,1950.0
Marvão,Portalegre,2024,12,1769.0
Marvão,Portalegre,2025,1,1148.0
Marvão,Portalegre,2025,2,1411.0
Marvão,Portalegre,2025,3,1626.0
Marvão,Portalegre,2025,4,2907.0
Marvão,Portalegre,2025,5,2765.0
Marvão,Portalegre,2025,6,3639.0
Marvão,Portalegre,2025,7,4645.0
Marvão,Portalegre,2025,8,6569.0
Marvão,Portalegre,2025,9,4429.0
Marvão,Portalegre,2025,10,3270.0
Marvão,Portalegre,2025,11,1908.0
Marvão,Portalegre,2025,12,1756.0
Marvão,Portalegre,2026,1,1226.0
Marvão,Portalegre,2026,2,1203.0
Marvão,Portalegre,2026,3,1839.0
Marvão,Portalegre,2026,4,3294.0
Marvão,Portalegre,2026,5,3475.0
Marvão,Portalegre,2026,6,4098.0
Marvão,Portalegre,2026,7,5059.0
Matosinhos,Porto,2020,1,35991.0
Matosinhos,Porto,2020,2,33237.0
Matosinhos,Porto,2020,3,18737.0
Matosinhos,Porto,2020,4,4187.0
Matosinhos,Porto,2020,5,9663.0
Matosinhos,Porto,2020,6,12879.0
Matosinhos,Porto,2020,7,22454.0
Matosinhos,Porto,2020,8,31180.0
Matosinhos,Porto,2020,9,27044.0
Matosinhos,Porto,2020,10,23557.0
Matosinhos,Porto,2020,11,16528.0
Matosinhos,Porto,2020,12,15091.0
Matosinhos,Porto,2021,1,13782.0
Matosinhos,Porto,2021,2,12063.0
Matosinhos,Porto,2021,3,14820.0
Matosinhos,Porto,2021,4,16878.0
Matosinhos,Porto,2021,5,24412.0
Matosinhos,Porto,2021,6,25271.0
Matosinhos,Porto,2021,7,30200.0
Matosinhos,Porto,2021,8,47455.0
Matosinhos,Porto,2021,9,38135.0
Matosinhos,Porto,2021,10,42331.0
Matosinhos,Porto,2021,11,34650.0
Matosinhos,Porto,2021,12,29191.0
Matosinhos,Porto,2022,1,20558.0
Matosinhos,Porto,2022,2,27552.0
Matosinhos,Porto,2022,3,33150.0
Matosinhos,Porto,2022,4,48737.0
Matosinhos,Porto,2022,5,53827.0
Matosinhos,Porto,2022,6,51652.0
Matosinhos,Porto,2022,7,59853.0
Matosinhos,Porto,2022,8,65249.0
Matosinhos,Porto,2022,9,56120.0
Matosinhos,Porto,2022,10,53426.0
Matosinhos,Porto,2022,11,39769.0
Matosinhos,Porto,2022,12,38854.0
Matosinhos,Porto,2023,1,33173.0
Matosinhos,Porto,2023,2,33574.0
Matosinhos,Porto,2023,3,46159.0
Matosinhos,Porto,2023,4,52191.0
Matosinhos,Porto,2023,5,54745.0
Matosinhos,Porto,2023,6,55789.0
Matosinhos,Porto,2023,7,59355.0
Matosinhos,Porto,2023,8,68351.0
Matosinhos,Porto,2023,9,59542.0
Matosinhos,Porto,2023,10,54020.0
Matosinhos,Porto,2023,11,42851.0
Matosinhos,Porto,2023,12,36613.0
Matosinhos,Porto,2024,1,32772.0
Matosinhos,Porto,2024,2,35945.0
Matosinhos,Porto,2024,3,45454.0
Matosinhos,Porto,2024,4,52139.0
Matosinhos,Porto,2024,5,61481.0
Matosinhos,Porto,2024,6,58028.0
Matosinhos,Porto,2024,7,63981.0
Matosinhos,Porto,2024,8,73798.0
Matosinhos,Porto,2024,9,62047.0
Matosinhos,Porto,2024,10,60304.0
Matosinhos,Porto,2024,11,45214.0
Matosinhos,Porto,2024,12,37642.0
Matosinhos,Porto,2025,1,33034.0
Matosinhos,Porto,2025,2,35728.0
Matosinhos,Porto,2025,3,41129.0
Matosinhos,Porto,2025,4,54356.0
Matosinhos,Porto,2025,5,61125.0
Matosinhos,Porto,2025,6,55625.0
Matosinhos,Porto,2025,7,63567.0
Matosinhos,Porto,2025,8,69200.0
Matosinhos,Porto,2025,9,59584.0
Matosinhos,Porto,2025,10,55115.0
Matosinhos,Porto,2025,11,39625.0
Matosinhos,Porto,2025,12,37294.0
Matosinhos,Porto,2026,1,30663.0
Matosinhos,Porto,2026,2,31445.0
Matosinhos,Porto,2026,3,44680.0
Matosinhos,Porto,2026,4,55474.0
Matosinhos,Porto,2026,5,63333.0
Matosinhos,Porto,2026,6,60191.0
Matosinhos,Porto,2026,7,64986.0
Mação,Santarém,2020,1,38.0
Mação,Santarém,2020,2,
Mação,Santarém,2020,3,26.0
Mação,Santarém,2020,4,
Mação,Santarém,2020,5,19.0
Mação,Santarém,2020,6,99.0
Mação,Santarém,2020,7,
Mação,Santarém,2020,8,
Mação,Santarém,2020,9,
Mação,Santarém,2020,10,265.0
Mação,Santarém,2020,11,
Mação,Santarém,2020,12,63.0
Mação,Santarém,2021,1,170.0
Mação,Santarém,2021,2,
Mação,Santarém,2021,3,
Mação,Santarém,2021,4,137.0
Mação,Santarém,2021,5,199.0
Mação,Santarém,2021,6,261.0
Mação,Santarém,2021,7,349.0
Mação,Santarém,2021,8,626.0
Mação,Santarém,2021,9,210.0
Mação,Santarém,2021,10,469.0
Mação,Santarém,2021,11,283.0
Mação,Santarém,2021,12,233.0
Mação,Santarém,2022,1,96.0
Mação,Santarém,2022,2,167.0
Mação,Santarém,2022,3,216.0
Mação,Santarém,2022,4,253.0
Mação,Santarém,2022,5,144.0
Mação,Santarém,2022,6,295.0
Mação,Santarém,2022,7,386.0
Mação,Santarém,2022,8,735.0
Mação,Santarém,2022,9,233.0
Mação,Santarém,2022,10,147.0
Mação,Santarém,2022,11,182.0
Mação,Santarém,2022,12,454.0
Mação,Santarém,2023,1,105.0
Mação,Santarém,2023,2,163.0
Mação,Santarém,2023,3,120.0
Mação,Santarém,2023,4,511.0
Mação,Santarém,2023,5,342.0
Mação,Santarém,2023,6,334.0
Mação,Santarém,2023,7,576.0
Mação,Santarém,2023,8,712.0
Mação,Santarém,2023,9,300.0
Mação,Santarém,2023,10,311.0
Mação,Santarém,2023,11,329.0
Mação,Santarém,2023,12,201.0
Mação,Santarém,2024,1,
Mação,Santarém,2024,2,
Mação,Santarém,2024,3,273.0
Mação,Santarém,2024,4,118.0
Mação,Santarém,2024,5,231.0
Mação,Santarém,2024,6,302.0
Mação,Santarém,2024,7,491.0
Mação,Santarém,2024,8,644.0
Mação,Santarém,2024,9,480.0
Mação,Santarém,2024,10,325.0
Mação,Santarém,2024,11,313.0
Mação,Santarém,2024,12,262.0
Mação,Santarém,2025,1,150.0
Mação,Santarém,2025,2,131.0
Mação,Santarém,2025,3,82.0
Mação,Santarém,2025,4,245.0
Mação,Santarém,2025,5,276.0
Mação,Santarém,2025,6,203.0
Mação,Santarém,2025,7,400.0
Mação,Santarém,2025,8,635.0
Mação,Santarém,2025,9,269.0
Mação,Santarém,2025,10,196.0
Mação,Santarém,2025,11,
Mação,Santarém,2025,12,
Mação,Santarém,2026,1,
Mação,Santarém,2026,2,
Mação,Santarém,2026,3,201.0
Mação,Santarém,2026,4,230.0
Mação,Santarém,2026,5,240.0
Mação,Santarém,2026,6,320.0
Mação,Santarém,2026,7,412.0
Mealhada,Aveiro,2020,1,5670.0
Mealhada,Aveiro,2020,2,7220.0
Mealhada,Aveiro,2020,3,1725.0
Mealhada,Aveiro,2020,4,133.0
Mealhada,Aveiro,2020,5,731.0
Mealhada,Aveiro,2020,6,2438.0
Mealhada,Aveiro,2020,7,5211.0
Mealhada,Aveiro,2020,8,10509.0
Mealhada,Aveiro,2020,9,5426.0
Mealhada,Aveiro,2020,10,4304.0
Mealhada,Aveiro,2020,11,2672.0
Mealhada,Aveiro,2020,12,3159.0
Mealhada,Aveiro,2021,1,1705.0
Mealhada,Aveiro,2021,2,1331.0
Mealhada,Aveiro,2021,3,2080.0
Mealhada,Aveiro,2021,4,3145.0
Mealhada,Aveiro,2021,5,5068.0
Mealhada,Aveiro,2021,6,7048.0
Mealhada,Aveiro,2021,7,8984.0
Mealhada,Aveiro,2021,8,12810.0
Mealhada,Aveiro,2021,9,7876.0
Mealhada,Aveiro,2021,10,8025.0
Mealhada,Aveiro,2021,11,5723.0
Mealhada,Aveiro,2021,12,4965.0
Mealhada,Aveiro,2022,1,4265.0
Mealhada,Aveiro,2022,2,4656.0
Mealhada,Aveiro,2022,3,4570.0
Mealhada,Aveiro,2022,4,7895.0
Mealhada,Aveiro,2022,5,7257.0
Mealhada,Aveiro,2022,6,9747.0
Mealhada,Aveiro,2022,7,12336.0
Mealhada,Aveiro,2022,8,15182.0
Mealhada,Aveiro,2022,9,9516.0
Mealhada,Aveiro,2022,10,8319.0
Mealhada,Aveiro,2022,11,5152.0
Mealhada,Aveiro,2022,12,5196.0
Mealhada,Aveiro,2023,1,4690.0
Mealhada,Aveiro,2023,2,5695.0
Mealhada,Aveiro,2023,3,4928.0
Mealhada,Aveiro,2023,4,8196.0
Mealhada,Aveiro,2023,5,8374.0
Mealhada,Aveiro,2023,6,8272.0
Mealhada,Aveiro,2023,7,11011.0
Mealhada,Aveiro,2023,8,13329.0
Mealhada,Aveiro,2023,9,10063.0
Mealhada,Aveiro,2023,10,7560.0
Mealhada,Aveiro,2023,11,5983.0
Mealhada,Aveiro,2023,12,6733.0
Mealhada,Aveiro,2024,1,5872.0
Mealhada,Aveiro,2024,2,6516.0
Mealhada,Aveiro,2024,3,7556.0
Mealhada,Aveiro,2024,4,7710.0
Mealhada,Aveiro,2024,5,10177.0
Mealhada,Aveiro,2024,6,11852.0
Mealhada,Aveiro,2024,7,12995.0
Mealhada,Aveiro,2024,8,16307.0
Mealhada,Aveiro,2024,9,11058.0
Mealhada,Aveiro,2024,10,9610.0
Mealhada,Aveiro,2024,11,7996.0
Mealhada,Aveiro,2024,12,7381.0
Mealhada,Aveiro,2025,1,6152.0
Mealhada,Aveiro,2025,2,6570.0
Mealhada,Aveiro,2025,3,7441.0
Mealhada,Aveiro,2025,4,10205.0
Mealhada,Aveiro,2025,5,11355.0
Mealhada,Aveiro,2025,6,10103.0
Mealhada,Aveiro,2025,7,13160.0
Mealhada,Aveiro,2025,8,15548.0
Mealhada,Aveiro,2025,9,11002.0
Mealhada,Aveiro,2025,10,8559.0
Mealhada,Aveiro,2025,11,7373.0
Mealhada,Aveiro,2025,12,7298.0
Mealhada,Aveiro,2026,1,5302.0
Mealhada,Aveiro,2026,2,3756.0
Mealhada,Aveiro,2026,3,6979.0
Mealhada,Aveiro,2026,4,8039.0
Mealhada,Aveiro,2026,5,9410.0
Mealhada,Aveiro,2026,6,8906.0
Mealhada,Aveiro,2026,7,11891.0
Melgaço,Viana do Castelo,2020,1,723.0
Melgaço,Viana do Castelo,2020,2,1886.0
Melgaço,Viana do Castelo,2020,3,103.0
Melgaço,Viana do Castelo,2020,4,
Melgaço,Viana do Castelo,2020,5,
Melgaço,Viana do Castelo,2020,6,
Melgaço,Viana do Castelo,2020,7,5113.0
Melgaço,Viana do Castelo,2020,8,9031.0
Melgaço,Viana do Castelo,2020,9,4870.0
Melgaço,Viana do Castelo,2020,10,2694.0
Melgaço,Viana do Castelo,2020,11,196.0
Melgaço,Viana do Castelo,2020,12,353.0
Melgaço,Viana do Castelo,2021,1,
Melgaço,Viana do Castelo,2021,2,
Melgaço,Viana do Castelo,2021,3,176.0
Melgaço,Viana do Castelo,2021,4,445.0
Melgaço,Viana do Castelo,2021,5,2122.0
Melgaço,Viana do Castelo,2021,6,4730.0
Melgaço,Viana do Castelo,2021,7,5622.0
Melgaço,Viana do Castelo,2021,8,8579.0
Melgaço,Viana do Castelo,2021,9,4820.0
Melgaço,Viana do Castelo,2021,10,3885.0
Melgaço,Viana do Castelo,2021,11,2533.0
Melgaço,Viana do Castelo,2021,12,1741.0
Melgaço,Viana do Castelo,2022,1,343.0
Melgaço,Viana do Castelo,2022,2,1795.0
Melgaço,Viana do Castelo,2022,3,2244.0
Melgaço,Viana do Castelo,2022,4,4187.0
Melgaço,Viana do Castelo,2022,5,3790.0
Melgaço,Viana do Castelo,2022,6,4756.0
Melgaço,Viana do Castelo,2022,7,6055.0
Melgaço,Viana do Castelo,2022,8,10043.0
Melgaço,Viana do Castelo,2022,9,5758.0
Melgaço,Viana do Castelo,2022,10,3718.0
Melgaço,Viana do Castelo,2022,11,2616.0
Melgaço,Viana do Castelo,2022,12,2379.0
Melgaço,Viana do Castelo,2023,1,413.0
Melgaço,Viana do Castelo,2023,2,2028.0
Melgaço,Viana do Castelo,2023,3,2507.0
Melgaço,Viana do Castelo,2023,4,4811.0
Melgaço,Viana do Castelo,2023,5,3997.0
Melgaço,Viana do Castelo,2023,6,4001.0
Melgaço,Viana do Castelo,2023,7,6214.0
Melgaço,Viana do Castelo,2023,8,9243.0
Melgaço,Viana do Castelo,2023,9,5709.0
Melgaço,Viana do Castelo,2023,10,4283.0
Melgaço,Viana do Castelo,2023,11,2603.0
Melgaço,Viana do Castelo,2023,12,2369.0
Melgaço,Viana do Castelo,2024,1,268.0
Melgaço,Viana do Castelo,2024,2,2098.0
Melgaço,Viana do Castelo,2024,3,2738.0
Melgaço,Viana do Castelo,2024,4,4193.0
Melgaço,Viana do Castelo,2024,5,4476.0
Melgaço,Viana do Castelo,2024,6,5082.0
Melgaço,Viana do Castelo,2024,7,6188.0
Melgaço,Viana do Castelo,2024,8,9011.0
Melgaço,Viana do Castelo,2024,9,5200.0
Melgaço,Viana do Castelo,2024,10,4249.0
Melgaço,Viana do Castelo,2024,11,3450.0
Melgaço,Viana do Castelo,2024,12,2158.0
Melgaço,Viana do Castelo,2025,1,617.0
Melgaço,Viana do Castelo,2025,2,2178.0
Melgaço,Viana do Castelo,2025,3,2948.0
Melgaço,Viana do Castelo,2025,4,4688.0
Melgaço,Viana do Castelo,2025,5,4747.0
Melgaço,Viana do Castelo,2025,6,5483.0
Melgaço,Viana do Castelo,2025,7,6480.0
Melgaço,Viana do Castelo,2025,8,9381.0
Melgaço,Viana do Castelo,2025,9,5607.0
Melgaço,Viana do Castelo,2025,10,4337.0
Melgaço,Viana do Castelo,2025,11,2896.0
Melgaço,Viana do Castelo,2025,12,2407.0
Melgaço,Viana do Castelo,2026,1,600.0
Melgaço,Viana do Castelo,2026,2,2308.0
Melgaço,Viana do Castelo,2026,3,2698.0
Melgaço,Viana do Castelo,2026,4,4455.0
Melgaço,Viana do Castelo,2026,5,5831.0
Melgaço,Viana do Castelo,2026,6,7515.0
Melgaço,Viana do Castelo,2026,7,9439.0
Mesão Frio,Vila Real,2020,1,1207.0
Mesão Frio,Vila Real,2020,2,1396.0
Mesão Frio,Vila Real,2020,3,509.0
Mesão Frio,Vila Real,2020,4,
Mesão Frio,Vila Real,2020,5,
Mesão Frio,Vila Real,2020,6,247.0
Mesão Frio,Vila Real,2020,7,2887.0
Mesão Frio,Vila Real,2020,8,4236.0
Mesão Frio,Vila Real,2020,9,3028.0
Mesão Frio,Vila Real,2020,10,1861.0
Mesão Frio,Vila Real,2020,11,770.0
Mesão Frio,Vila Real,2020,12,
Mesão Frio,Vila Real,2021,1,
Mesão Frio,Vila Real,2021,2,
Mesão Frio,Vila Real,2021,3,
Mesão Frio,Vila Real,2021,4,113.0
Mesão Frio,Vila Real,2021,5,1697.0
Mesão Frio,Vila Real,2021,6,2629.0
Mesão Frio,Vila Real,2021,7,3008.0
Mesão Frio,Vila Real,2021,8,4228.0
Mesão Frio,Vila Real,2021,9,3136.0
Mesão Frio,Vila Real,2021,10,2411.0
Mesão Frio,Vila Real,2021,11,1833.0
Mesão Frio,Vila Real,2021,12,1457.0
Mesão Frio,Vila Real,2022,1,1174.0
Mesão Frio,Vila Real,2022,2,1387.0
Mesão Frio,Vila Real,2022,3,816.0
Mesão Frio,Vila Real,2022,4,2644.0
Mesão Frio,Vila Real,2022,5,2620.0
Mesão Frio,Vila Real,2022,6,2614.0
Mesão Frio,Vila Real,2022,7,3127.0
Mesão Frio,Vila Real,2022,8,4632.0
Mesão Frio,Vila Real,2022,9,3262.0
Mesão Frio,Vila Real,2022,10,2653.0
Mesão Frio,Vila Real,2022,11,1794.0
Mesão Frio,Vila Real,2022,12,1559.0
Mesão Frio,Vila Real,2023,1,1141.0
Mesão Frio,Vila Real,2023,2,1474.0
Mesão Frio,Vila Real,2023,3,1287.0
Mesão Frio,Vila Real,2023,4,2535.0
Mesão Frio,Vila Real,2023,5,2837.0
Mesão Frio,Vila Real,2023,6,2527.0
Mesão Frio,Vila Real,2023,7,3565.0
Mesão Frio,Vila Real,2023,8,4923.0
Mesão Frio,Vila Real,2023,9,3410.0
Mesão Frio,Vila Real,2023,10,2805.0
Mesão Frio,Vila Real,2023,11,1773.0
Mesão Frio,Vila Real,2023,12,1297.0
Mesão Frio,Vila Real,2024,1,1362.0
Mesão Frio,Vila Real,2024,2,1712.0
Mesão Frio,Vila Real,2024,3,2089.0
Mesão Frio,Vila Real,2024,4,2511.0
Mesão Frio,Vila Real,2024,5,3078.0
Mesão Frio,Vila Real,2024,6,2994.0
Mesão Frio,Vila Real,2024,7,3445.0
Mesão Frio,Vila Real,2024,8,5140.0
Mesão Frio,Vila Real,2024,9,3228.0
Mesão Frio,Vila Real,2024,10,2657.0
Mesão Frio,Vila Real,2024,11,2231.0
Mesão Frio,Vila Real,2024,12,1212.0
Mesão Frio,Vila Real,2025,1,991.0
Mesão Frio,Vila Real,2025,2,1241.0
Mesão Frio,Vila Real,2025,3,1956.0
Mesão Frio,Vila Real,2025,4,2992.0
Mesão Frio,Vila Real,2025,5,2971.0
Mesão Frio,Vila Real,2025,6,3467.0
Mesão Frio,Vila Real,2025,7,3388.0
Mesão Frio,Vila Real,2025,8,5125.0
Mesão Frio,Vila Real,2025,9,3938.0
Mesão Frio,Vila Real,2025,10,3330.0
Mesão Frio,Vila Real,2025,11,1861.0
Mesão Frio,Vila Real,2025,12,1528.0
Mesão Frio,Vila Real,2026,1,1466.0
Mesão Frio,Vila Real,2026,2,1647.0
Mesão Frio,Vila Real,2026,3,1973.0
Mesão Frio,Vila Real,2026,4,2892.0
Mesão Frio,Vila Real,2026,5,3249.0
Mesão Frio,Vila Real,2026,6,3746.0
Mesão Frio,Vila Real,2026,7,4232.0
Mira,Coimbra,2020,1,784.0
Mira,Coimbra,2020,2,1396.0
Mira,Coimbra,2020,3,396.0
Mira,Coimbra,2020,4,
Mira,Coimbra,2020,5,20.0
Mira,Coimbra,2020,6,1670.0
Mira,Coimbra,2020,7,6780.0
Mira,Coimbra,2020,8,10914.0
Mira,Coimbra,2020,9,5125.0
Mira,Coimbra,2020,10,1533.0
Mira,Coimbra,2020,11,453.0
Mira,Coimbra,2020,12,345.0
Mira,Coimbra,2021,1,390.0
Mira,Coimbra,2021,2,347.0
Mira,Coimbra,2021,3,403.0
Mira,Coimbra,2021,4,698.0
Mira,Coimbra,2021,5,1330.0
Mira,Coimbra,2021,6,4575.0
Mira,Coimbra,2021,7,6711.0
Mira,Coimbra,2021,8,13066.0
Mira,Coimbra,2021,9,5787.0
Mira,Coimbra,2021,10,3028.0
Mira,Coimbra,2021,11,884.0
Mira,Coimbra,2021,12,585.0
Mira,Coimbra,2022,1,510.0
Mira,Coimbra,2022,2,1345.0
Mira,Coimbra,2022,3,2221.0
Mira,Coimbra,2022,4,3600.0
Mira,Coimbra,2022,5,3448.0
Mira,Coimbra,2022,6,6335.0
Mira,Coimbra,2022,7,11273.0
Mira,Coimbra,2022,8,14662.0
Mira,Coimbra,2022,9,6903.0
Mira,Coimbra,2022,10,3209.0
Mira,Coimbra,2022,11,899.0
Mira,Coimbra,2022,12,1016.0
Mira,Coimbra,2023,1,932.0
Mira,Coimbra,2023,2,1140.0
Mira,Coimbra,2023,3,2189.0
Mira,Coimbra,2023,4,5353.0
Mira,Coimbra,2023,5,4841.0
Mira,Coimbra,2023,6,6632.0
Mira,Coimbra,2023,7,12797.0
Mira,Coimbra,2023,8,16234.0
Mira,Coimbra,2023,9,8103.0
Mira,Coimbra,2023,10,5052.0
Mira,Coimbra,2023,11,762.0
Mira,Coimbra,2023,12,1364.0
Mira,Coimbra,2024,1,884.0
Mira,Coimbra,2024,2,1255.0
Mira,Coimbra,2024,3,3847.0
Mira,Coimbra,2024,4,3834.0
Mira,Coimbra,2024,5,4872.0
Mira,Coimbra,2024,6,6392.0
Mira,Coimbra,2024,7,12769.0
Mira,Coimbra,2024,8,17559.0
Mira,Coimbra,2024,9,9357.0
Mira,Coimbra,2024,10,4737.0
Mira,Coimbra,2024,11,1445.0
Mira,Coimbra,2024,12,1357.0
Mira,Coimbra,2025,1,848.0
Mira,Coimbra,2025,2,968.0
Mira,Coimbra,2025,3,1741.0
Mira,Coimbra,2025,4,5276.0
Mira,Coimbra,2025,5,6769.0
Mira,Coimbra,2025,6,10717.0
Mira,Coimbra,2025,7,13929.0
Mira,Coimbra,2025,8,17479.0
Mira,Coimbra,2025,9,10235.0
Mira,Coimbra,2025,10,4873.0
Mira,Coimbra,2025,11,1119.0
Mira,Coimbra,2025,12,1403.0
Mira,Coimbra,2026,1,687.0
Mira,Coimbra,2026,2,1208.0
Mira,Coimbra,2026,3,4310.0
Mira,Coimbra,2026,4,6145.0
Mira,Coimbra,2026,5,7787.0
Mira,Coimbra,2026,6,11751.0
Mira,Coimbra,2026,7,19913.0
Miranda do Corvo,Coimbra,2020,1,1020.0
Miranda do Corvo,Coimbra,2020,2,1062.0
Miranda do Corvo,Coimbra,2020,3,295.0
Miranda do Corvo,Coimbra,2020,4,
Miranda do Corvo,Coimbra,2020,5,
Miranda do Corvo,Coimbra,2020,6,1019.0
Miranda do Corvo,Coimbra,2020,7,1221.0
Miranda do Corvo,Coimbra,2020,8,2397.0
Miranda do Corvo,Coimbra,2020,9,1374.0
Miranda do Corvo,Coimbra,2020,10,1729.0
Miranda do Corvo,Coimbra,2020,11,742.0
Miranda do Corvo,Coimbra,2020,12,671.0
Miranda do Corvo,Coimbra,2021,1,317.0
Miranda do Corvo,Coimbra,2021,2,519.0
Miranda do Corvo,Coimbra,2021,3,480.0
Miranda do Corvo,Coimbra,2021,4,1191.0
Miranda do Corvo,Coimbra,2021,5,1435.0
Miranda do Corvo,Coimbra,2021,6,1803.0
Miranda do Corvo,Coimbra,2021,7,1964.0
Miranda do Corvo,Coimbra,2021,8,3187.0
Miranda do Corvo,Coimbra,2021,9,2037.0
Miranda do Corvo,Coimbra,2021,10,1921.0
Miranda do Corvo,Coimbra,2021,11,1572.0
Miranda do Corvo,Coimbra,2021,12,1605.0
Miranda do Corvo,Coimbra,2022,1,1212.0
Miranda do Corvo,Coimbra,2022,2,1504.0
Miranda do Corvo,Coimbra,2022,3,1618.0
Miranda do Corvo,Coimbra,2022,4,2622.0
Miranda do Corvo,Coimbra,2022,5,2406.0
Miranda do Corvo,Coimbra,2022,6,2390.0
Miranda do Corvo,Coimbra,2022,7,2943.0
Miranda do Corvo,Coimbra,2022,8,3160.0
Miranda do Corvo,Coimbra,2022,9,1794.0
Miranda do Corvo,Coimbra,2022,10,1784.0
Miranda do Corvo,Coimbra,2022,11,1437.0
Miranda do Corvo,Coimbra,2022,12,1469.0
Miranda do Corvo,Coimbra,2023,1,1165.0
Miranda do Corvo,Coimbra,2023,2,1273.0
Miranda do Corvo,Coimbra,2023,3,1530.0
Miranda do Corvo,Coimbra,2023,4,2146.0
Miranda do Corvo,Coimbra,2023,5,2299.0
Miranda do Corvo,Coimbra,2023,6,2182.0
Miranda do Corvo,Coimbra,2023,7,2495.0
Miranda do Corvo,Coimbra,2023,8,3494.0
Miranda do Corvo,Coimbra,2023,9,2213.0
Miranda do Corvo,Coimbra,2023,10,2153.0
Miranda do Corvo,Coimbra,2023,11,1308.0
Miranda do Corvo,Coimbra,2023,12,1560.0
Miranda do Corvo,Coimbra,2024,1,1426.0
Miranda do Corvo,Coimbra,2024,2,1070.0
Miranda do Corvo,Coimbra,2024,3,1536.0
Miranda do Corvo,Coimbra,2024,4,1700.0
Miranda do Corvo,Coimbra,2024,5,2067.0
Miranda do Corvo,Coimbra,2024,6,2095.0
Miranda do Corvo,Coimbra,2024,7,2032.0
Miranda do Corvo,Coimbra,2024,8,3572.0
Miranda do Corvo,Coimbra,2024,9,2293.0
Miranda do Corvo,Coimbra,2024,10,2518.0
Miranda do Corvo,Coimbra,2024,11,2038.0
Miranda do Corvo,Coimbra,2024,12,2097.0
Miranda do Corvo,Coimbra,2025,1,1607.0
Miranda do Corvo,Coimbra,2025,2,1570.0
Miranda do Corvo,Coimbra,2025,3,1743.0
Miranda do Corvo,Coimbra,2025,4,2966.0
Miranda do Corvo,Coimbra,2025,5,3886.0
Miranda do Corvo,Coimbra,2025,6,4133.0
Miranda do Corvo,Coimbra,2025,7,4354.0
Miranda do Corvo,Coimbra,2025,8,5258.0
Miranda do Corvo,Coimbra,2025,9,2598.0
Miranda do Corvo,Coimbra,2025,10,1850.0
Miranda do Corvo,Coimbra,2025,11,1998.0
Miranda do Corvo,Coimbra,2025,12,1880.0
Miranda do Corvo,Coimbra,2026,1,1456.0
Miranda do Corvo,Coimbra,2026,2,1213.0
Miranda do Corvo,Coimbra,2026,3,1594.0
Miranda do Corvo,Coimbra,2026,4,2719.0
Miranda do Corvo,Coimbra,2026,5,3036.0
Miranda do Corvo,Coimbra,2026,6,2760.0
Miranda do Corvo,Coimbra,2026,7,3130.0
Miranda do Douro,Bragança,2020,1,1145.0
Miranda do Douro,Bragança,2020,2,1638.0
Miranda do Douro,Bragança,2020,3,609.0
Miranda do Douro,Bragança,2020,4,
Miranda do Douro,Bragança,2020,5,170.0
Miranda do Douro,Bragança,2020,6,733.0
Miranda do Douro,Bragança,2020,7,1640.0
Miranda do Douro,Bragança,2020,8,4745.0
Miranda do Douro,Bragança,2020,9,2535.0
Miranda do Douro,Bragança,2020,10,1920.0
Miranda do Douro,Bragança,2020,11,873.0
Miranda do Douro,Bragança,2020,12,677.0
Miranda do Douro,Bragança,2021,1,262.0
Miranda do Douro,Bragança,2021,2,220.0
Miranda do Douro,Bragança,2021,3,239.0
Miranda do Douro,Bragança,2021,4,509.0
Miranda do Douro,Bragança,2021,5,1329.0
Miranda do Douro,Bragança,2021,6,2455.0
Miranda do Douro,Bragança,2021,7,3364.0
Miranda do Douro,Bragança,2021,8,6610.0
Miranda do Douro,Bragança,2021,9,3427.0
Miranda do Douro,Bragança,2021,10,3461.0
Miranda do Douro,Bragança,2021,11,1838.0
Miranda do Douro,Bragança,2021,12,1380.0
Miranda do Douro,Bragança,2022,1,883.0
Miranda do Douro,Bragança,2022,2,1382.0
Miranda do Douro,Bragança,2022,3,1866.0
Miranda do Douro,Bragança,2022,4,3422.0
Miranda do Douro,Bragança,2022,5,2586.0
Miranda do Douro,Bragança,2022,6,3061.0
Miranda do Douro,Bragança,2022,7,3601.0
Miranda do Douro,Bragança,2022,8,6296.0
Miranda do Douro,Bragança,2022,9,3360.0
Miranda do Douro,Bragança,2022,10,2995.0
Miranda do Douro,Bragança,2022,11,1463.0
Miranda do Douro,Bragança,2022,12,1461.0
Miranda do Douro,Bragança,2023,1,1372.0
Miranda do Douro,Bragança,2023,2,1700.0
Miranda do Douro,Bragança,2023,3,2090.0
Miranda do Douro,Bragança,2023,4,4033.0
Miranda do Douro,Bragança,2023,5,3275.0
Miranda do Douro,Bragança,2023,6,3201.0
Miranda do Douro,Bragança,2023,7,3654.0
Miranda do Douro,Bragança,2023,8,6555.0
Miranda do Douro,Bragança,2023,9,4077.0
Miranda do Douro,Bragança,2023,10,3145.0
Miranda do Douro,Bragança,2023,11,1604.0
Miranda do Douro,Bragança,2023,12,1634.0
Miranda do Douro,Bragança,2024,1,1339.0
Miranda do Douro,Bragança,2024,2,1744.0
Miranda do Douro,Bragança,2024,3,2167.0
Miranda do Douro,Bragança,2024,4,2106.0
Miranda do Douro,Bragança,2024,5,2787.0
Miranda do Douro,Bragança,2024,6,3065.0
Miranda do Douro,Bragança,2024,7,3367.0
Miranda do Douro,Bragança,2024,8,6243.0
Miranda do Douro,Bragança,2024,9,3824.0
Miranda do Douro,Bragança,2024,10,2837.0
Miranda do Douro,Bragança,2024,11,1993.0
Miranda do Douro,Bragança,2024,12,1685.0
Miranda do Douro,Bragança,2025,1,851.0
Miranda do Douro,Bragança,2025,2,1351.0
Miranda do Douro,Bragança,2025,3,1796.0
Miranda do Douro,Bragança,2025,4,3390.0
Miranda do Douro,Bragança,2025,5,2402.0
Miranda do Douro,Bragança,2025,6,2887.0
Miranda do Douro,Bragança,2025,7,3169.0
Miranda do Douro,Bragança,2025,8,6123.0
Miranda do Douro,Bragança,2025,9,3718.0
Miranda do Douro,Bragança,2025,10,2305.0
Miranda do Douro,Bragança,2025,11,1476.0
Miranda do Douro,Bragança,2025,12,1445.0
Miranda do Douro,Bragança,2026,1,640.0
Miranda do Douro,Bragança,2026,2,1386.0
Miranda do Douro,Bragança,2026,3,1836.0
Miranda do Douro,Bragança,2026,4,3826.0
Miranda do Douro,Bragança,2026,5,3219.0
Miranda do Douro,Bragança,2026,6,2972.0
Miranda do Douro,Bragança,2026,7,4569.0
Mirandela,Bragança,2020,1,2091.0
Mirandela,Bragança,2020,2,3407.0
Mirandela,Bragança,2020,3,1571.0
Mirandela,Bragança,2020,4,573.0
Mirandela,Bragança,2020,5,1086.0
Mirandela,Bragança,2020,6,1691.0
Mirandela,Bragança,2020,7,2666.0
Mirandela,Bragança,2020,8,4979.0
Mirandela,Bragança,2020,9,2760.0
Mirandela,Bragança,2020,10,904.0
Mirandela,Bragança,2020,11,1260.0
Mirandela,Bragança,2020,12,1177.0
Mirandela,Bragança,2021,1,780.0
Mirandela,Bragança,2021,2,564.0
Mirandela,Bragança,2021,3,1237.0
Mirandela,Bragança,2021,4,1181.0
Mirandela,Bragança,2021,5,2182.0
Mirandela,Bragança,2021,6,2418.0
Mirandela,Bragança,2021,7,4483.0
Mirandela,Bragança,2021,8,7548.0
Mirandela,Bragança,2021,9,4371.0
Mirandela,Bragança,2021,10,4382.0
Mirandela,Bragança,2021,11,2942.0
Mirandela,Bragança,2021,12,1993.0
Mirandela,Bragança,2022,1,2183.0
Mirandela,Bragança,2022,2,3500.0
Mirandela,Bragança,2022,3,3949.0
Mirandela,Bragança,2022,4,4495.0
Mirandela,Bragança,2022,5,3498.0
Mirandela,Bragança,2022,6,4198.0
Mirandela,Bragança,2022,7,5993.0
Mirandela,Bragança,2022,8,9216.0
Mirandela,Bragança,2022,9,5239.0
Mirandela,Bragança,2022,10,4341.0
Mirandela,Bragança,2022,11,2822.0
Mirandela,Bragança,2022,12,3097.0
Mirandela,Bragança,2023,1,2493.0
Mirandela,Bragança,2023,2,3524.0
Mirandela,Bragança,2023,3,4322.0
Mirandela,Bragança,2023,4,3977.0
Mirandela,Bragança,2023,5,3657.0
Mirandela,Bragança,2023,6,3895.0
Mirandela,Bragança,2023,7,4992.0
Mirandela,Bragança,2023,8,8372.0
Mirandela,Bragança,2023,9,4612.0
Mirandela,Bragança,2023,10,3631.0
Mirandela,Bragança,2023,11,2718.0
Mirandela,Bragança,2023,12,2516.0
Mirandela,Bragança,2024,1,2435.0
Mirandela,Bragança,2024,2,3822.0
Mirandela,Bragança,2024,3,4020.0
Mirandela,Bragança,2024,4,3885.0
Mirandela,Bragança,2024,5,3776.0
Mirandela,Bragança,2024,6,4822.0
Mirandela,Bragança,2024,7,5600.0
Mirandela,Bragança,2024,8,8976.0
Mirandela,Bragança,2024,9,4551.0
Mirandela,Bragança,2024,10,3871.0
Mirandela,Bragança,2024,11,3232.0
Mirandela,Bragança,2024,12,2666.0
Mirandela,Bragança,2025,1,1988.0
Mirandela,Bragança,2025,2,2836.0
Mirandela,Bragança,2025,3,3839.0
Mirandela,Bragança,2025,4,3663.0
Mirandela,Bragança,2025,5,3414.0
Mirandela,Bragança,2025,6,3563.0
Mirandela,Bragança,2025,7,5116.0
Mirandela,Bragança,2025,8,7836.0
Mirandela,Bragança,2025,9,4457.0
Mirandela,Bragança,2025,10,3294.0
Mirandela,Bragança,2025,11,2706.0
Mirandela,Bragança,2025,12,3222.0
Mirandela,Bragança,2026,1,2301.0
Mirandela,Bragança,2026,2,2492.0
Mirandela,Bragança,2026,3,3525.0
Mirandela,Bragança,2026,4,3625.0
Mirandela,Bragança,2026,5,4738.0
Mirandela,Bragança,2026,6,4051.0
Mirandela,Bragança,2026,7,4687.0
Mogadouro,Bragança,2020,1,271.0
Mogadouro,Bragança,2020,2,442.0
Mogadouro,Bragança,2020,3,67.0
Mogadouro,Bragança,2020,4,
Mogadouro,Bragança,2020,5,
Mogadouro,Bragança,2020,6,484.0
Mogadouro,Bragança,2020,7,617.0
Mogadouro,Bragança,2020,8,1637.0
Mogadouro,Bragança,2020,9,826.0
Mogadouro,Bragança,2020,10,1138.0
Mogadouro,Bragança,2020,11,792.0
Mogadouro,Bragança,2020,12,703.0
Mogadouro,Bragança,2021,1,641.0
Mogadouro,Bragança,2021,2,764.0
Mogadouro,Bragança,2021,3,770.0
Mogadouro,Bragança,2021,4,752.0
Mogadouro,Bragança,2021,5,1007.0
Mogadouro,Bragança,2021,6,1056.0
Mogadouro,Bragança,2021,7,1038.0
Mogadouro,Bragança,2021,8,1566.0
Mogadouro,Bragança,2021,9,1080.0
Mogadouro,Bragança,2021,10,1129.0
Mogadouro,Bragança,2021,11,778.0
Mogadouro,Bragança,2021,12,670.0
Mogadouro,Bragança,2022,1,
Mogadouro,Bragança,2022,2,666.0
Mogadouro,Bragança,2022,3,817.0
Mogadouro,Bragança,2022,4,1171.0
Mogadouro,Bragança,2022,5,1060.0
Mogadouro,Bragança,2022,6,1104.0
Mogadouro,Bragança,2022,7,2024.0
Mogadouro,Bragança,2022,8,1985.0
Mogadouro,Bragança,2022,9,1068.0
Mogadouro,Bragança,2022,10,1000.0
Mogadouro,Bragança,2022,11,
Mogadouro,Bragança,2022,12,735.0
Mogadouro,Bragança,2023,1,524.0
Mogadouro,Bragança,2023,2,799.0
Mogadouro,Bragança,2023,3,849.0
Mogadouro,Bragança,2023,4,1468.0
Mogadouro,Bragança,2023,5,1037.0
Mogadouro,Bragança,2023,6,1255.0
Mogadouro,Bragança,2023,7,1645.0
Mogadouro,Bragança,2023,8,2398.0
Mogadouro,Bragança,2023,9,1195.0
Mogadouro,Bragança,2023,10,1186.0
Mogadouro,Bragança,2023,11,847.0
Mogadouro,Bragança,2023,12,989.0
Mogadouro,Bragança,2024,1,345.0
Mogadouro,Bragança,2024,2,513.0
Mogadouro,Bragança,2024,3,557.0
Mogadouro,Bragança,2024,4,698.0
Mogadouro,Bragança,2024,5,857.0
Mogadouro,Bragança,2024,6,883.0
Mogadouro,Bragança,2024,7,1516.0
Mogadouro,Bragança,2024,8,2506.0
Mogadouro,Bragança,2024,9,874.0
Mogadouro,Bragança,2024,10,1008.0
Mogadouro,Bragança,2024,11,1036.0
Mogadouro,Bragança,2024,12,1135.0
Mogadouro,Bragança,2025,1,742.0
Mogadouro,Bragança,2025,2,633.0
Mogadouro,Bragança,2025,3,821.0
Mogadouro,Bragança,2025,4,1084.0
Mogadouro,Bragança,2025,5,998.0
Mogadouro,Bragança,2025,6,1406.0
Mogadouro,Bragança,2025,7,1993.0
Mogadouro,Bragança,2025,8,2646.0
Mogadouro,Bragança,2025,9,671.0
Mogadouro,Bragança,2025,10,608.0
Mogadouro,Bragança,2025,11,714.0
Mogadouro,Bragança,2025,12,659.0
Mogadouro,Bragança,2026,1,416.0
Mogadouro,Bragança,2026,2,757.0
Mogadouro,Bragança,2026,3,723.0
Mogadouro,Bragança,2026,4,850.0
Mogadouro,Bragança,2026,5,664.0
Mogadouro,Bragança,2026,6,1117.0
Mogadouro,Bragança,2026,7,1438.0
Moimenta da Beira,Viseu,2020,1,198.0
Moimenta da Beira,Viseu,2020,2,169.0
Moimenta da Beira,Viseu,2020,3,
Moimenta da Beira,Viseu,2020,4,
Moimenta da Beira,Viseu,2020,5,
Moimenta da Beira,Viseu,2020,6,
Moimenta da Beira,Viseu,2020,7,292.0
Moimenta da Beira,Viseu,2020,8,785.0
Moimenta da Beira,Viseu,2020,9,602.0
Moimenta da Beira,Viseu,2020,10,385.0
Moimenta da Beira,Viseu,2020,11,191.0
Moimenta da Beira,Viseu,2020,12,149.0
Moimenta da Beira,Viseu,2021,1,
Moimenta da Beira,Viseu,2021,2,
Moimenta da Beira,Viseu,2021,3,
Moimenta da Beira,Viseu,2021,4,
Moimenta da Beira,Viseu,2021,5,264.0
Moimenta da Beira,Viseu,2021,6,445.0
Moimenta da Beira,Viseu,2021,7,423.0
Moimenta da Beira,Viseu,2021,8,903.0
Moimenta da Beira,Viseu,2021,9,372.0
Moimenta da Beira,Viseu,2021,10,471.0
Moimenta da Beira,Viseu,2021,11,500.0
Moimenta da Beira,Viseu,2021,12,
Moimenta da Beira,Viseu,2022,1,118.0
Moimenta da Beira,Viseu,2022,2,
Moimenta da Beira,Viseu,2022,3,
Moimenta da Beira,Viseu,2022,4,299.0
Moimenta da Beira,Viseu,2022,5,321.0
Moimenta da Beira,Viseu,2022,6,340.0
Moimenta da Beira,Viseu,2022,7,676.0
Moimenta da Beira,Viseu,2022,8,882.0
Moimenta da Beira,Viseu,2022,9,505.0
Moimenta da Beira,Viseu,2022,10,
Moimenta da Beira,Viseu,2022,11,
Moimenta da Beira,Viseu,2022,12,279.0
Moimenta da Beira,Viseu,2023,1,366.0
Moimenta da Beira,Viseu,2023,2,315.0
Moimenta da Beira,Viseu,2023,3,333.0
Moimenta da Beira,Viseu,2023,4,473.0
Moimenta da Beira,Viseu,2023,5,372.0
Moimenta da Beira,Viseu,2023,6,
Moimenta da Beira,Viseu,2023,7,701.0
Moimenta da Beira,Viseu,2023,8,963.0
Moimenta da Beira,Viseu,2023,9,
Moimenta da Beira,Viseu,2023,10,
Moimenta da Beira,Viseu,2023,11,342.0
Moimenta da Beira,Viseu,2023,12,307.0
Moimenta da Beira,Viseu,2024,1,
Moimenta da Beira,Viseu,2024,2,
Moimenta da Beira,Viseu,2024,3,
Moimenta da Beira,Viseu,2024,4,
Moimenta da Beira,Viseu,2024,5,
Moimenta da Beira,Viseu,2024,6,
Moimenta da Beira,Viseu,2024,7,
Moimenta da Beira,Viseu,2024,8,852.0
Moimenta da Beira,Viseu,2024,9,543.0
Moimenta da Beira,Viseu,2024,10,
Moimenta da Beira,Viseu,2024,11,
Moimenta da Beira,Viseu,2024,12,
Moimenta da Beira,Viseu,2025,1,
Moimenta da Beira,Viseu,2025,2,
Moimenta da Beira,Viseu,2025,3,
Moimenta da Beira,Viseu,2025,4,
Moimenta da Beira,Viseu,2025,5,
Moimenta da Beira,Viseu,2025,6,
Moimenta da Beira,Viseu,2025,7,
Moimenta da Beira,Viseu,2025,8,
Moimenta da Beira,Viseu,2025,9,
Moimenta da Beira,Viseu,2025,10,
Moimenta da Beira,Viseu,2025,11,
Moimenta da Beira,Viseu,2025,12,
Moimenta da Beira,Viseu,2026,1,
Moimenta da Beira,Viseu,2026,2,
Moimenta da Beira,Viseu,2026,3,
Moimenta da Beira,Viseu,2026,4,400.0
Moimenta da Beira,Viseu,2026,5,663.0
Moimenta da Beira,Viseu,2026,6,650.0
Moimenta da Beira,Viseu,2026,7,788.0
Moita,Setúbal,2020,1,
Moita,Setúbal,2020,2,
Moita,Setúbal,2020,3,
Moita,Setúbal,2020,4,
Moita,Setúbal,2020,5,
Moita,Setúbal,2020,6,
Moita,Setúbal,2020,7,
Moita,Setúbal,2020,8,
Moita,Setúbal,2020,9,
Moita,Setúbal,2020,10,
Moita,Setúbal,2020,11,
Moita,Setúbal,2020,12,
Moita,Setúbal,2021,1,
Moita,Setúbal,2021,2,
Moita,Setúbal,2021,3,
Moita,Setúbal,2021,4,
Moita,Setúbal,2021,5,
Moita,Setúbal,2021,6,
Moita,Setúbal,2021,7,
Moita,Setúbal,2021,8,
Moita,Setúbal,2021,9,
Moita,Setúbal,2021,10,
Moita,Setúbal,2021,11,
Moita,Setúbal,2021,12,
Moita,Setúbal,2022,1,
Moita,Setúbal,2022,2,
Moita,Setúbal,2022,3,
Moita,Setúbal,2022,4,
Moita,Setúbal,2022,5,
Moita,Setúbal,2022,6,
Moita,Setúbal,2022,7,
Moita,Setúbal,2022,8,
Moita,Setúbal,2022,9,
Moita,Setúbal,2022,10,
Moita,Setúbal,2022,11,
Moita,Setúbal,2022,12,
Moita,Setúbal,2023,1,
Moita,Setúbal,2023,2,
Moita,Setúbal,2023,3,
Moita,Setúbal,2023,4,
Moita,Setúbal,2023,5,
Moita,Setúbal,2023,6,
Moita,Setúbal,2023,7,
Moita,Setúbal,2023,8,
Moita,Setúbal,2023,9,
Moita,Setúbal,2023,10,
Moita,Setúbal,2023,11,
Moita,Setúbal,2023,12,
Moita,Setúbal,2024,1,
Moita,Setúbal,2024,2,
Moita,Setúbal,2024,3,56.0
Moita,Setúbal,2024,4,72.0
Moita,Setúbal,2024,5,
Moita,Setúbal,2024,6,
Moita,Setúbal,2024,7,130.0
Moita,Setúbal,2024,8,153.0
Moita,Setúbal,2024,9,132.0
Moita,Setúbal,2024,10,156.0
Moita,Setúbal,2024,11,156.0
Moita,Setúbal,2024,12,
Moita,Setúbal,2025,1,
Moita,Setúbal,2025,2,
Moita,Setúbal,2025,3,
Moita,Setúbal,2025,4,
Moita,Setúbal,2025,5,
Moita,Setúbal,2025,6,
Moita,Setúbal,2025,7,
Moita,Setúbal,2025,8,
Moita,Setúbal,2025,9,
Moita,Setúbal,2025,10,
Moita,Setúbal,2025,11,
Moita,Setúbal,2025,12,
Moita,Setúbal,2026,1,
Moita,Setúbal,2026,2,
Moita,Setúbal,2026,3,
Moita,Setúbal,2026,4,
Moita,Setúbal,2026,5,
Moita,Setúbal,2026,6,
Moita,Setúbal,2026,7,
Monchique,Faro,2020,1,
Monchique,Faro,2020,2,
Monchique,Faro,2020,3,1226.0
Monchique,Faro,2020,4,
Monchique,Faro,2020,5,180.0
Monchique,Faro,2020,6,687.0
Monchique,Faro,2020,7,8402.0
Monchique,Faro,2020,8,15430.0
Monchique,Faro,2020,9,7209.0
Monchique,Faro,2020,10,5176.0
Monchique,Faro,2020,11,2118.0
Monchique,Faro,2020,12,200.0
Monchique,Faro,2021,1,
Monchique,Faro,2021,2,114.0
Monchique,Faro,2021,3,134.0
Monchique,Faro,2021,4,285.0
Monchique,Faro,2021,5,
Monchique,Faro,2021,6,5886.0
Monchique,Faro,2021,7,8672.0
Monchique,Faro,2021,8,15171.0
Monchique,Faro,2021,9,8301.0
Monchique,Faro,2021,10,7223.0
Monchique,Faro,2021,11,4884.0
Monchique,Faro,2021,12,958.0
Monchique,Faro,2022,1,789.0
Monchique,Faro,2022,2,1086.0
Monchique,Faro,2022,3,3322.0
Monchique,Faro,2022,4,6317.0
Monchique,Faro,2022,5,5599.0
Monchique,Faro,2022,6,8214.0
Monchique,Faro,2022,7,15730.0
Monchique,Faro,2022,8,19397.0
Monchique,Faro,2022,9,10530.0
Monchique,Faro,2022,10,8025.0
Monchique,Faro,2022,11,2503.0
Monchique,Faro,2022,12,1126.0
Monchique,Faro,2023,1,1342.0
Monchique,Faro,2023,2,1534.0
Monchique,Faro,2023,3,3372.0
Monchique,Faro,2023,4,7335.0
Monchique,Faro,2023,5,7881.0
Monchique,Faro,2023,6,10993.0
Monchique,Faro,2023,7,17186.0
Monchique,Faro,2023,8,20221.0
Monchique,Faro,2023,9,10741.0
Monchique,Faro,2023,10,8715.0
Monchique,Faro,2023,11,4328.0
Monchique,Faro,2023,12,2100.0
Monchique,Faro,2024,1,1424.0
Monchique,Faro,2024,2,1924.0
Monchique,Faro,2024,3,5888.0
Monchique,Faro,2024,4,5011.0
Monchique,Faro,2024,5,8375.0
Monchique,Faro,2024,6,9424.0
Monchique,Faro,2024,7,16303.0
Monchique,Faro,2024,8,20710.0
Monchique,Faro,2024,9,13601.0
Monchique,Faro,2024,10,11333.0
Monchique,Faro,2024,11,6690.0
Monchique,Faro,2024,12,7365.0
Monchique,Faro,2025,1,
Monchique,Faro,2025,2,
Monchique,Faro,2025,3,6636.0
Monchique,Faro,2025,4,9149.0
Monchique,Faro,2025,5,8766.0
Monchique,Faro,2025,6,9668.0
Monchique,Faro,2025,7,16531.0
Monchique,Faro,2025,8,21763.0
Monchique,Faro,2025,9,13679.0
Monchique,Faro,2025,10,10507.0
Monchique,Faro,2025,11,
Monchique,Faro,2025,12,6323.0
Monchique,Faro,2026,1,1211.0
Monchique,Faro,2026,2,1350.0
Monchique,Faro,2026,3,5690.0
Monchique,Faro,2026,4,8681.0
Monchique,Faro,2026,5,8692.0
Monchique,Faro,2026,6,9927.0
Monchique,Faro,2026,7,17320.0
Mondim de Basto,Vila Real,2020,1,2518.0
Mondim de Basto,Vila Real,2020,2,2631.0
Mondim de Basto,Vila Real,2020,3,
Mondim de Basto,Vila Real,2020,4,
Mondim de Basto,Vila Real,2020,5,
Mondim de Basto,Vila Real,2020,6,3215.0
Mondim de Basto,Vila Real,2020,7,5120.0
Mondim de Basto,Vila Real,2020,8,6008.0
Mondim de Basto,Vila Real,2020,9,4751.0
Mondim de Basto,Vila Real,2020,10,2989.0
Mondim de Basto,Vila Real,2020,11,1361.0
Mondim de Basto,Vila Real,2020,12,1991.0
Mondim de Basto,Vila Real,2021,1,
Mondim de Basto,Vila Real,2021,2,
Mondim de Basto,Vila Real,2021,3,
Mondim de Basto,Vila Real,2021,4,1094.0
Mondim de Basto,Vila Real,2021,5,3685.0
Mondim de Basto,Vila Real,2021,6,4478.0
Mondim de Basto,Vila Real,2021,7,5263.0
Mondim de Basto,Vila Real,2021,8,7334.0
Mondim de Basto,Vila Real,2021,9,4985.0
Mondim de Basto,Vila Real,2021,10,5008.0
Mondim de Basto,Vila Real,2021,11,3106.0
Mondim de Basto,Vila Real,2021,12,2594.0
Mondim de Basto,Vila Real,2022,1,2451.0
Mondim de Basto,Vila Real,2022,2,2968.0
Mondim de Basto,Vila Real,2022,3,2936.0
Mondim de Basto,Vila Real,2022,4,4490.0
Mondim de Basto,Vila Real,2022,5,4299.0
Mondim de Basto,Vila Real,2022,6,4518.0
Mondim de Basto,Vila Real,2022,7,6447.0
Mondim de Basto,Vila Real,2022,8,8225.0
Mondim de Basto,Vila Real,2022,9,4785.0
Mondim de Basto,Vila Real,2022,10,4133.0
Mondim de Basto,Vila Real,2022,11,3048.0
Mondim de Basto,Vila Real,2022,12,3516.0
Mondim de Basto,Vila Real,2023,1,3117.0
Mondim de Basto,Vila Real,2023,2,3508.0
Mondim de Basto,Vila Real,2023,3,3241.0
Mondim de Basto,Vila Real,2023,4,4938.0
Mondim de Basto,Vila Real,2023,5,3750.0
Mondim de Basto,Vila Real,2023,6,4794.0
Mondim de Basto,Vila Real,2023,7,6978.0
Mondim de Basto,Vila Real,2023,8,8192.0
Mondim de Basto,Vila Real,2023,9,5223.0
Mondim de Basto,Vila Real,2023,10,4325.0
Mondim de Basto,Vila Real,2023,11,3184.0
Mondim de Basto,Vila Real,2023,12,3679.0
Mondim de Basto,Vila Real,2024,1,
Mondim de Basto,Vila Real,2024,2,
Mondim de Basto,Vila Real,2024,3,
Mondim de Basto,Vila Real,2024,4,
Mondim de Basto,Vila Real,2024,5,
Mondim de Basto,Vila Real,2024,6,
Mondim de Basto,Vila Real,2024,7,
Mondim de Basto,Vila Real,2024,8,
Mondim de Basto,Vila Real,2024,9,
Mondim de Basto,Vila Real,2024,10,
Mondim de Basto,Vila Real,2024,11,
Mondim de Basto,Vila Real,2024,12,
Mondim de Basto,Vila Real,2025,1,3935.0
Mondim de Basto,Vila Real,2025,2,3662.0
Mondim de Basto,Vila Real,2025,3,4150.0
Mondim de Basto,Vila Real,2025,4,5171.0
Mondim de Basto,Vila Real,2025,5,4849.0
Mondim de Basto,Vila Real,2025,6,4833.0
Mondim de Basto,Vila Real,2025,7,6041.0
Mondim de Basto,Vila Real,2025,8,7571.0
Mondim de Basto,Vila Real,2025,9,4500.0
Mondim de Basto,Vila Real,2025,10,3973.0
Mondim de Basto,Vila Real,2025,11,3303.0
Mondim de Basto,Vila Real,2025,12,3189.0
Mondim de Basto,Vila Real,2026,1,3490.0
Mondim de Basto,Vila Real,2026,2,3548.0
Mondim de Basto,Vila Real,2026,3,3920.0
Mondim de Basto,Vila Real,2026,4,4793.0
Mondim de Basto,Vila Real,2026,5,4792.0
Mondim de Basto,Vila Real,2026,6,5246.0
Mondim de Basto,Vila Real,2026,7,7024.0
Monforte,Portalegre,2020,1,
Monforte,Portalegre,2020,2,
Monforte,Portalegre,2020,3,
Monforte,Portalegre,2020,4,
Monforte,Portalegre,2020,5,
Monforte,Portalegre,2020,6,
Monforte,Portalegre,2020,7,
Monforte,Portalegre,2020,8,
Monforte,Portalegre,2020,9,
Monforte,Portalegre,2020,10,886.0
Monforte,Portalegre,2020,11,
Monforte,Portalegre,2020,12,
Monforte,Portalegre,2021,1,
Monforte,Portalegre,2021,2,
Monforte,Portalegre,2021,3,
Monforte,Portalegre,2021,4,
Monforte,Portalegre,2021,5,966.0
Monforte,Portalegre,2021,6,893.0
Monforte,Portalegre,2021,7,1253.0
Monforte,Portalegre,2021,8,1339.0
Monforte,Portalegre,2021,9,894.0
Monforte,Portalegre,2021,10,894.0
Monforte,Portalegre,2021,11,555.0
Monforte,Portalegre,2021,12,
Monforte,Portalegre,2022,1,
Monforte,Portalegre,2022,2,
Monforte,Portalegre,2022,3,
Monforte,Portalegre,2022,4,
Monforte,Portalegre,2022,5,
Monforte,Portalegre,2022,6,805.0
Monforte,Portalegre,2022,7,1197.0
Monforte,Portalegre,2022,8,1475.0
Monforte,Portalegre,2022,9,896.0
Monforte,Portalegre,2022,10,
Monforte,Portalegre,2022,11,
Monforte,Portalegre,2022,12,480.0
Monforte,Portalegre,2023,1,
Monforte,Portalegre,2023,2,
Monforte,Portalegre,2023,3,
Monforte,Portalegre,2023,4,856.0
Monforte,Portalegre,2023,5,674.0
Monforte,Portalegre,2023,6,760.0
Monforte,Portalegre,2023,7,828.0
Monforte,Portalegre,2023,8,1045.0
Monforte,Portalegre,2023,9,848.0
Monforte,Portalegre,2023,10,
Monforte,Portalegre,2023,11,271.0
Monforte,Portalegre,2023,12,
Monforte,Portalegre,2024,1,
Monforte,Portalegre,2024,2,
Monforte,Portalegre,2024,3,
Monforte,Portalegre,2024,4,
Monforte,Portalegre,2024,5,
Monforte,Portalegre,2024,6,
Monforte,Portalegre,2024,7,973.0
Monforte,Portalegre,2024,8,1904.0
Monforte,Portalegre,2024,9,1005.0
Monforte,Portalegre,2024,10,
Monforte,Portalegre,2024,11,
Monforte,Portalegre,2024,12,
Monforte,Portalegre,2025,1,
Monforte,Portalegre,2025,2,
Monforte,Portalegre,2025,3,
Monforte,Portalegre,2025,4,
Monforte,Portalegre,2025,5,
Monforte,Portalegre,2025,6,908.0
Monforte,Portalegre,2025,7,892.0
Monforte,Portalegre,2025,8,1060.0
Monforte,Portalegre,2025,9,932.0
Monforte,Portalegre,2025,10,806.0
Monforte,Portalegre,2025,11,563.0
Monforte,Portalegre,2025,12,
Monforte,Portalegre,2026,1,
Monforte,Portalegre,2026,2,
Monforte,Portalegre,2026,3,
Monforte,Portalegre,2026,4,
Monforte,Portalegre,2026,5,917.0
Monforte,Portalegre,2026,6,699.0
Monforte,Portalegre,2026,7,791.0
Montalegre,Vila Real,2020,1,907.0
Montalegre,Vila Real,2020,2,562.0
Montalegre,Vila Real,2020,3,
Montalegre,Vila Real,2020,4,
Montalegre,Vila Real,2020,5,147.0
Montalegre,Vila Real,2020,6,1131.0
Montalegre,Vila Real,2020,7,1680.0
Montalegre,Vila Real,2020,8,2993.0
Montalegre,Vila Real,2020,9,1660.0
Montalegre,Vila Real,2020,10,
Montalegre,Vila Real,2020,11,185.0
Montalegre,Vila Real,2020,12,142.0
Montalegre,Vila Real,2021,1,137.0
Montalegre,Vila Real,2021,2,
Montalegre,Vila Real,2021,3,
Montalegre,Vila Real,2021,4,539.0
Montalegre,Vila Real,2021,5,432.0
Montalegre,Vila Real,2021,6,1152.0
Montalegre,Vila Real,2021,7,1772.0
Montalegre,Vila Real,2021,8,3422.0
Montalegre,Vila Real,2021,9,1692.0
Montalegre,Vila Real,2021,10,1618.0
Montalegre,Vila Real,2021,11,883.0
Montalegre,Vila Real,2021,12,1211.0
Montalegre,Vila Real,2022,1,379.0
Montalegre,Vila Real,2022,2,855.0
Montalegre,Vila Real,2022,3,891.0
Montalegre,Vila Real,2022,4,1959.0
Montalegre,Vila Real,2022,5,1457.0
Montalegre,Vila Real,2022,6,1433.0
Montalegre,Vila Real,2022,7,1766.0
Montalegre,Vila Real,2022,8,3619.0
Montalegre,Vila Real,2022,9,1414.0
Montalegre,Vila Real,2022,10,1450.0
Montalegre,Vila Real,2022,11,701.0
Montalegre,Vila Real,2022,12,1196.0
Montalegre,Vila Real,2023,1,837.0
Montalegre,Vila Real,2023,2,844.0
Montalegre,Vila Real,2023,3,634.0
Montalegre,Vila Real,2023,4,1243.0
Montalegre,Vila Real,2023,5,1024.0
Montalegre,Vila Real,2023,6,1707.0
Montalegre,Vila Real,2023,7,2723.0
Montalegre,Vila Real,2023,8,5381.0
Montalegre,Vila Real,2023,9,2549.0
Montalegre,Vila Real,2023,10,1915.0
Montalegre,Vila Real,2023,11,784.0
Montalegre,Vila Real,2023,12,1001.0
Montalegre,Vila Real,2024,1,753.0
Montalegre,Vila Real,2024,2,662.0
Montalegre,Vila Real,2024,3,1023.0
Montalegre,Vila Real,2024,4,915.0
Montalegre,Vila Real,2024,5,1716.0
Montalegre,Vila Real,2024,6,1875.0
Montalegre,Vila Real,2024,7,2989.0
Montalegre,Vila Real,2024,8,6288.0
Montalegre,Vila Real,2024,9,2861.0
Montalegre,Vila Real,2024,10,1094.0
Montalegre,Vila Real,2024,11,1289.0
Montalegre,Vila Real,2024,12,1415.0
Montalegre,Vila Real,2025,1,1249.0
Montalegre,Vila Real,2025,2,1157.0
Montalegre,Vila Real,2025,3,1451.0
Montalegre,Vila Real,2025,4,1512.0
Montalegre,Vila Real,2025,5,1908.0
Montalegre,Vila Real,2025,6,2939.0
Montalegre,Vila Real,2025,7,3647.0
Montalegre,Vila Real,2025,8,5589.0
Montalegre,Vila Real,2025,9,2273.0
Montalegre,Vila Real,2025,10,1526.0
Montalegre,Vila Real,2025,11,1415.0
Montalegre,Vila Real,2025,12,1821.0
Montalegre,Vila Real,2026,1,1401.0
Montalegre,Vila Real,2026,2,1370.0
Montalegre,Vila Real,2026,3,1443.0
Montalegre,Vila Real,2026,4,2048.0
Montalegre,Vila Real,2026,5,2220.0
Montalegre,Vila Real,2026,6,2903.0
Montalegre,Vila Real,2026,7,3886.0
Montemor-o-Novo,Évora,2020,1,1209.0
Montemor-o-Novo,Évora,2020,2,1433.0
Montemor-o-Novo,Évora,2020,3,723.0
Montemor-o-Novo,Évora,2020,4,
Montemor-o-Novo,Évora,2020,5,
Montemor-o-Novo,Évora,2020,6,1786.0
Montemor-o-Novo,Évora,2020,7,2566.0
Montemor-o-Novo,Évora,2020,8,4107.0
Montemor-o-Novo,Évora,2020,9,2359.0
Montemor-o-Novo,Évora,2020,10,1772.0
Montemor-o-Novo,Évora,2020,11,1422.0
Montemor-o-Novo,Évora,2020,12,1621.0
Montemor-o-Novo,Évora,2021,1,
Montemor-o-Novo,Évora,2021,2,
Montemor-o-Novo,Évora,2021,3,893.0
Montemor-o-Novo,Évora,2021,4,856.0
Montemor-o-Novo,Évora,2021,5,1132.0
Montemor-o-Novo,Évora,2021,6,3069.0
Montemor-o-Novo,Évora,2021,7,3563.0
Montemor-o-Novo,Évora,2021,8,5135.0
Montemor-o-Novo,Évora,2021,9,2551.0
Montemor-o-Novo,Évora,2021,10,2669.0
Montemor-o-Novo,Évora,2021,11,2042.0
Montemor-o-Novo,Évora,2021,12,1960.0
Montemor-o-Novo,Évora,2022,1,1819.0
Montemor-o-Novo,Évora,2022,2,1691.0
Montemor-o-Novo,Évora,2022,3,1620.0
Montemor-o-Novo,Évora,2022,4,3090.0
Montemor-o-Novo,Évora,2022,5,3393.0
Montemor-o-Novo,Évora,2022,6,3771.0
Montemor-o-Novo,Évora,2022,7,4205.0
Montemor-o-Novo,Évora,2022,8,5804.0
Montemor-o-Novo,Évora,2022,9,3995.0
Montemor-o-Novo,Évora,2022,10,3265.0
Montemor-o-Novo,Évora,2022,11,2069.0
Montemor-o-Novo,Évora,2022,12,1968.0
Montemor-o-Novo,Évora,2023,1,1717.0
Montemor-o-Novo,Évora,2023,2,1856.0
Montemor-o-Novo,Évora,2023,3,2196.0
Montemor-o-Novo,Évora,2023,4,3331.0
Montemor-o-Novo,Évora,2023,5,3595.0
Montemor-o-Novo,Évora,2023,6,4092.0
Montemor-o-Novo,Évora,2023,7,4662.0
Montemor-o-Novo,Évora,2023,8,6138.0
Montemor-o-Novo,Évora,2023,9,4025.0
Montemor-o-Novo,Évora,2023,10,4110.0
Montemor-o-Novo,Évora,2023,11,2421.0
Montemor-o-Novo,Évora,2023,12,2369.0
Montemor-o-Novo,Évora,2024,1,1550.0
Montemor-o-Novo,Évora,2024,2,2509.0
Montemor-o-Novo,Évora,2024,3,2786.0
Montemor-o-Novo,Évora,2024,4,2939.0
Montemor-o-Novo,Évora,2024,5,4151.0
Montemor-o-Novo,Évora,2024,6,5618.0
Montemor-o-Novo,Évora,2024,7,6310.0
Montemor-o-Novo,Évora,2024,8,9178.0
Montemor-o-Novo,Évora,2024,9,5411.0
Montemor-o-Novo,Évora,2024,10,4589.0
Montemor-o-Novo,Évora,2024,11,3253.0
Montemor-o-Novo,Évora,2024,12,2158.0
Montemor-o-Novo,Évora,2025,1,1993.0
Montemor-o-Novo,Évora,2025,2,2584.0
Montemor-o-Novo,Évora,2025,3,3222.0
Montemor-o-Novo,Évora,2025,4,4748.0
Montemor-o-Novo,Évora,2025,5,4837.0
Montemor-o-Novo,Évora,2025,6,6105.0
Montemor-o-Novo,Évora,2025,7,7133.0
Montemor-o-Novo,Évora,2025,8,9645.0
Montemor-o-Novo,Évora,2025,9,6162.0
Montemor-o-Novo,Évora,2025,10,5811.0
Montemor-o-Novo,Évora,2025,11,3846.0
Montemor-o-Novo,Évora,2025,12,3947.0
Montemor-o-Novo,Évora,2026,1,3652.0
Montemor-o-Novo,Évora,2026,2,3002.0
Montemor-o-Novo,Évora,2026,3,3964.0
Montemor-o-Novo,Évora,2026,4,5910.0
Montemor-o-Novo,Évora,2026,5,6135.0
Montemor-o-Novo,Évora,2026,6,6396.0
Montemor-o-Novo,Évora,2026,7,7743.0
Montemor-o-Velho,Coimbra,2020,1,1714.0
Montemor-o-Velho,Coimbra,2020,2,2790.0
Montemor-o-Velho,Coimbra,2020,3,1724.0
Montemor-o-Velho,Coimbra,2020,4,
Montemor-o-Velho,Coimbra,2020,5,
Montemor-o-Velho,Coimbra,2020,6,1949.0
Montemor-o-Velho,Coimbra,2020,7,2471.0
Montemor-o-Velho,Coimbra,2020,8,3311.0
Montemor-o-Velho,Coimbra,2020,9,2211.0
Montemor-o-Velho,Coimbra,2020,10,2213.0
Montemor-o-Velho,Coimbra,2020,11,1626.0
Montemor-o-Velho,Coimbra,2020,12,1292.0
Montemor-o-Velho,Coimbra,2021,1,917.0
Montemor-o-Velho,Coimbra,2021,2,766.0
Montemor-o-Velho,Coimbra,2021,3,1549.0
Montemor-o-Velho,Coimbra,2021,4,1582.0
Montemor-o-Velho,Coimbra,2021,5,1892.0
Montemor-o-Velho,Coimbra,2021,6,2264.0
Montemor-o-Velho,Coimbra,2021,7,2542.0
Montemor-o-Velho,Coimbra,2021,8,3234.0
Montemor-o-Velho,Coimbra,2021,9,2257.0
Montemor-o-Velho,Coimbra,2021,10,1646.0
Montemor-o-Velho,Coimbra,2021,11,1379.0
Montemor-o-Velho,Coimbra,2021,12,1616.0
Montemor-o-Velho,Coimbra,2022,1,1281.0
Montemor-o-Velho,Coimbra,2022,2,1537.0
Montemor-o-Velho,Coimbra,2022,3,1649.0
Montemor-o-Velho,Coimbra,2022,4,1451.0
Montemor-o-Velho,Coimbra,2022,5,1327.0
Montemor-o-Velho,Coimbra,2022,6,1257.0
Montemor-o-Velho,Coimbra,2022,7,2135.0
Montemor-o-Velho,Coimbra,2022,8,1267.0
Montemor-o-Velho,Coimbra,2022,9,1348.0
Montemor-o-Velho,Coimbra,2022,10,591.0
Montemor-o-Velho,Coimbra,2022,11,
Montemor-o-Velho,Coimbra,2022,12,
Montemor-o-Velho,Coimbra,2023,1,
Montemor-o-Velho,Coimbra,2023,2,
Montemor-o-Velho,Coimbra,2023,3,
Montemor-o-Velho,Coimbra,2023,4,968.0
Montemor-o-Velho,Coimbra,2023,5,
Montemor-o-Velho,Coimbra,2023,6,1058.0
Montemor-o-Velho,Coimbra,2023,7,1504.0
Montemor-o-Velho,Coimbra,2023,8,1251.0
Montemor-o-Velho,Coimbra,2023,9,841.0
Montemor-o-Velho,Coimbra,2023,10,522.0
Montemor-o-Velho,Coimbra,2023,11,758.0
Montemor-o-Velho,Coimbra,2023,12,
Montemor-o-Velho,Coimbra,2024,1,
Montemor-o-Velho,Coimbra,2024,2,
Montemor-o-Velho,Coimbra,2024,3,
Montemor-o-Velho,Coimbra,2024,4,
Montemor-o-Velho,Coimbra,2024,5,
Montemor-o-Velho,Coimbra,2024,6,912.0
Montemor-o-Velho,Coimbra,2024,7,1436.0
Montemor-o-Velho,Coimbra,2024,8,
Montemor-o-Velho,Coimbra,2024,9,1343.0
Montemor-o-Velho,Coimbra,2024,10,851.0
Montemor-o-Velho,Coimbra,2024,11,987.0
Montemor-o-Velho,Coimbra,2024,12,
Montemor-o-Velho,Coimbra,2025,1,
Montemor-o-Velho,Coimbra,2025,2,
Montemor-o-Velho,Coimbra,2025,3,672.0
Montemor-o-Velho,Coimbra,2025,4,675.0
Montemor-o-Velho,Coimbra,2025,5,878.0
Montemor-o-Velho,Coimbra,2025,6,915.0
Montemor-o-Velho,Coimbra,2025,7,1302.0
Montemor-o-Velho,Coimbra,2025,8,1369.0
Montemor-o-Velho,Coimbra,2025,9,1251.0
Montemor-o-Velho,Coimbra,2025,10,759.0
Montemor-o-Velho,Coimbra,2025,11,
Montemor-o-Velho,Coimbra,2025,12,
Montemor-o-Velho,Coimbra,2026,1,
Montemor-o-Velho,Coimbra,2026,2,
Montemor-o-Velho,Coimbra,2026,3,694.0
Montemor-o-Velho,Coimbra,2026,4,812.0
Montemor-o-Velho,Coimbra,2026,5,922.0
Montemor-o-Velho,Coimbra,2026,6,1065.0
Montemor-o-Velho,Coimbra,2026,7,1236.0
Montijo,Setúbal,2020,1,9657.0
Montijo,Setúbal,2020,2,8716.0
Montijo,Setúbal,2020,3,5174.0
Montijo,Setúbal,2020,4,1300.0
Montijo,Setúbal,2020,5,4730.0
Montijo,Setúbal,2020,6,6107.0
Montijo,Setúbal,2020,7,8447.0
Montijo,Setúbal,2020,8,9842.0
Montijo,Setúbal,2020,9,8047.0
Montijo,Setúbal,2020,10,7516.0
Montijo,Setúbal,2020,11,6242.0
Montijo,Setúbal,2020,12,6278.0
Montijo,Setúbal,2021,1,5239.0
Montijo,Setúbal,2021,2,5361.0
Montijo,Setúbal,2021,3,6591.0
Montijo,Setúbal,2021,4,7332.0
Montijo,Setúbal,2021,5,8617.0
Montijo,Setúbal,2021,6,9891.0
Montijo,Setúbal,2021,7,8716.0
Montijo,Setúbal,2021,8,11358.0
Montijo,Setúbal,2021,9,9812.0
Montijo,Setúbal,2021,10,10083.0
Montijo,Setúbal,2021,11,8696.0
Montijo,Setúbal,2021,12,9441.0
Montijo,Setúbal,2022,1,9116.0
Montijo,Setúbal,2022,2,9339.0
Montijo,Setúbal,2022,3,10992.0
Montijo,Setúbal,2022,4,13612.0
Montijo,Setúbal,2022,5,13834.0
Montijo,Setúbal,2022,6,16175.0
Montijo,Setúbal,2022,7,15550.0
Montijo,Setúbal,2022,8,16236.0
Montijo,Setúbal,2022,9,14359.0
Montijo,Setúbal,2022,10,14577.0
Montijo,Setúbal,2022,11,12498.0
Montijo,Setúbal,2022,12,13826.0
Montijo,Setúbal,2023,1,13315.0
Montijo,Setúbal,2023,2,12043.0
Montijo,Setúbal,2023,3,14739.0
Montijo,Setúbal,2023,4,15088.0
Montijo,Setúbal,2023,5,15368.0
Montijo,Setúbal,2023,6,15319.0
Montijo,Setúbal,2023,7,16543.0
Montijo,Setúbal,2023,8,16500.0
Montijo,Setúbal,2023,9,15515.0
Montijo,Setúbal,2023,10,16087.0
Montijo,Setúbal,2023,11,13841.0
Montijo,Setúbal,2023,12,13762.0
Montijo,Setúbal,2024,1,13164.0
Montijo,Setúbal,2024,2,12242.0
Montijo,Setúbal,2024,3,13200.0
Montijo,Setúbal,2024,4,15762.0
Montijo,Setúbal,2024,5,16162.0
Montijo,Setúbal,2024,6,16864.0
Montijo,Setúbal,2024,7,16023.0
Montijo,Setúbal,2024,8,17516.0
Montijo,Setúbal,2024,9,16679.0
Montijo,Setúbal,2024,10,16711.0
Montijo,Setúbal,2024,11,14513.0
Montijo,Setúbal,2024,12,14254.0
Montijo,Setúbal,2025,1,13349.0
Montijo,Setúbal,2025,2,12994.0
Montijo,Setúbal,2025,3,15423.0
Montijo,Setúbal,2025,4,16301.0
Montijo,Setúbal,2025,5,18150.0
Montijo,Setúbal,2025,6,17012.0
Montijo,Setúbal,2025,7,17589.0
Montijo,Setúbal,2025,8,18434.0
Montijo,Setúbal,2025,9,17312.0
Montijo,Setúbal,2025,10,17073.0
Montijo,Setúbal,2025,11,14429.0
Montijo,Setúbal,2025,12,14507.0
Montijo,Setúbal,2026,1,12876.0
Montijo,Setúbal,2026,2,12979.0
Montijo,Setúbal,2026,3,14337.0
Montijo,Setúbal,2026,4,14948.0
Montijo,Setúbal,2026,5,16543.0
Montijo,Setúbal,2026,6,15821.0
Montijo,Setúbal,2026,7,15422.0
Monção,Viana do Castelo,2020,1,1703.0
Monção,Viana do Castelo,2020,2,2317.0
Monção,Viana do Castelo,2020,3,765.0
Monção,Viana do Castelo,2020,4,
Monção,Viana do Castelo,2020,5,41.0
Monção,Viana do Castelo,2020,6,464.0
Monção,Viana do Castelo,2020,7,2214.0
Monção,Viana do Castelo,2020,8,5352.0
Monção,Viana do Castelo,2020,9,2563.0
Monção,Viana do Castelo,2020,10,2053.0
Monção,Viana do Castelo,2020,11,713.0
Monção,Viana do Castelo,2020,12,719.0
Monção,Viana do Castelo,2021,1,339.0
Monção,Viana do Castelo,2021,2,346.0
Monção,Viana do Castelo,2021,3,321.0
Monção,Viana do Castelo,2021,4,656.0
Monção,Viana do Castelo,2021,5,1647.0
Monção,Viana do Castelo,2021,6,2617.0
Monção,Viana do Castelo,2021,7,3815.0
Monção,Viana do Castelo,2021,8,7597.0
Monção,Viana do Castelo,2021,9,4456.0
Monção,Viana do Castelo,2021,10,4148.0
Monção,Viana do Castelo,2021,11,2319.0
Monção,Viana do Castelo,2021,12,1554.0
Monção,Viana do Castelo,2022,1,1096.0
Monção,Viana do Castelo,2022,2,1977.0
Monção,Viana do Castelo,2022,3,2375.0
Monção,Viana do Castelo,2022,4,3481.0
Monção,Viana do Castelo,2022,5,2842.0
Monção,Viana do Castelo,2022,6,3929.0
Monção,Viana do Castelo,2022,7,4824.0
Monção,Viana do Castelo,2022,8,7932.0
Monção,Viana do Castelo,2022,9,4079.0
Monção,Viana do Castelo,2022,10,3369.0
Monção,Viana do Castelo,2022,11,2222.0
Monção,Viana do Castelo,2022,12,2467.0
Monção,Viana do Castelo,2023,1,2157.0
Monção,Viana do Castelo,2023,2,2377.0
Monção,Viana do Castelo,2023,3,3201.0
Monção,Viana do Castelo,2023,4,3973.0
Monção,Viana do Castelo,2023,5,3180.0
Monção,Viana do Castelo,2023,6,4109.0
Monção,Viana do Castelo,2023,7,4839.0
Monção,Viana do Castelo,2023,8,8261.0
Monção,Viana do Castelo,2023,9,4755.0
Monção,Viana do Castelo,2023,10,3886.0
Monção,Viana do Castelo,2023,11,2378.0
Monção,Viana do Castelo,2023,12,3498.0
Monção,Viana do Castelo,2024,1,1625.0
Monção,Viana do Castelo,2024,2,2144.0
Monção,Viana do Castelo,2024,3,2684.0
Monção,Viana do Castelo,2024,4,3193.0
Monção,Viana do Castelo,2024,5,3175.0
Monção,Viana do Castelo,2024,6,4665.0
Monção,Viana do Castelo,2024,7,5196.0
Monção,Viana do Castelo,2024,8,9846.0
Monção,Viana do Castelo,2024,9,4932.0
Monção,Viana do Castelo,2024,10,4174.0
Monção,Viana do Castelo,2024,11,2569.0
Monção,Viana do Castelo,2024,12,3431.0
Monção,Viana do Castelo,2025,1,1842.0
Monção,Viana do Castelo,2025,2,2178.0
Monção,Viana do Castelo,2025,3,2857.0
Monção,Viana do Castelo,2025,4,3422.0
Monção,Viana do Castelo,2025,5,3588.0
Monção,Viana do Castelo,2025,6,5417.0
Monção,Viana do Castelo,2025,7,6708.0
Monção,Viana do Castelo,2025,8,8910.0
Monção,Viana do Castelo,2025,9,4110.0
Monção,Viana do Castelo,2025,10,3704.0
Monção,Viana do Castelo,2025,11,3422.0
Monção,Viana do Castelo,2025,12,3388.0
Monção,Viana do Castelo,2026,1,2101.0
Monção,Viana do Castelo,2026,2,2377.0
Monção,Viana do Castelo,2026,3,3050.0
Monção,Viana do Castelo,2026,4,4558.0
Monção,Viana do Castelo,2026,5,4657.0
Monção,Viana do Castelo,2026,6,7165.0
Monção,Viana do Castelo,2026,7,7636.0
Mora,Évora,2020,1,180.0
Mora,Évora,2020,2,210.0
Mora,Évora,2020,3,227.0
Mora,Évora,2020,4,
Mora,Évora,2020,5,
Mora,Évora,2020,6,
Mora,Évora,2020,7,627.0
Mora,Évora,2020,8,768.0
Mora,Évora,2020,9,492.0
Mora,Évora,2020,10,277.0
Mora,Évora,2020,11,
Mora,Évora,2020,12,
Mora,Évora,2021,1,
Mora,Évora,2021,2,
Mora,Évora,2021,3,
Mora,Évora,2021,4,84.0
Mora,Évora,2021,5,335.0
Mora,Évora,2021,6,574.0
Mora,Évora,2021,7,758.0
Mora,Évora,2021,8,1127.0
Mora,Évora,2021,9,586.0
Mora,Évora,2021,10,489.0
Mora,Évora,2021,11,
Mora,Évora,2021,12,
Mora,Évora,2022,1,134.0
Mora,Évora,2022,2,232.0
Mora,Évora,2022,3,
Mora,Évora,2022,4,
Mora,Évora,2022,5,231.0
Mora,Évora,2022,6,410.0
Mora,Évora,2022,7,
Mora,Évora,2022,8,641.0
Mora,Évora,2022,9,349.0
Mora,Évora,2022,10,260.0
Mora,Évora,2022,11,
Mora,Évora,2022,12,
Mora,Évora,2023,1,
Mora,Évora,2023,2,
Mora,Évora,2023,3,270.0
Mora,Évora,2023,4,449.0
Mora,Évora,2023,5,317.0
Mora,Évora,2023,6,434.0
Mora,Évora,2023,7,508.0
Mora,Évora,2023,8,688.0
Mora,Évora,2023,9,427.0
Mora,Évora,2023,10,275.0
Mora,Évora,2023,11,187.0
Mora,Évora,2023,12,235.0
Mora,Évora,2024,1,148.0
Mora,Évora,2024,2,219.0
Mora,Évora,2024,3,273.0
Mora,Évora,2024,4,291.0
Mora,Évora,2024,5,312.0
Mora,Évora,2024,6,764.0
Mora,Évora,2024,7,938.0
Mora,Évora,2024,8,1306.0
Mora,Évora,2024,9,708.0
Mora,Évora,2024,10,403.0
Mora,Évora,2024,11,246.0
Mora,Évora,2024,12,307.0
Mora,Évora,2025,1,128.0
Mora,Évora,2025,2,139.0
Mora,Évora,2025,3,244.0
Mora,Évora,2025,4,450.0
Mora,Évora,2025,5,461.0
Mora,Évora,2025,6,658.0
Mora,Évora,2025,7,641.0
Mora,Évora,2025,8,1029.0
Mora,Évora,2025,9,542.0
Mora,Évora,2025,10,354.0
Mora,Évora,2025,11,165.0
Mora,Évora,2025,12,117.0
Mora,Évora,2026,1,
Mora,Évora,2026,2,
Mora,Évora,2026,3,
Mora,Évora,2026,4,
Mora,Évora,2026,5,198.0
Mora,Évora,2026,6,327.0
Mora,Évora,2026,7,456.0
Mortágua,Viseu,2020,1,4259.0
Mortágua,Viseu,2020,2,6264.0
Mortágua,Viseu,2020,3,3585.0
Mortágua,Viseu,2020,4,
Mortágua,Viseu,2020,5,194.0
Mortágua,Viseu,2020,6,3784.0
Mortágua,Viseu,2020,7,7306.0
Mortágua,Viseu,2020,8,12503.0
Mortágua,Viseu,2020,9,4496.0
Mortágua,Viseu,2020,10,
Mortágua,Viseu,2020,11,1168.0
Mortágua,Viseu,2020,12,783.0
Mortágua,Viseu,2021,1,765.0
Mortágua,Viseu,2021,2,929.0
Mortágua,Viseu,2021,3,2620.0
Mortágua,Viseu,2021,4,1558.0
Mortágua,Viseu,2021,5,2763.0
Mortágua,Viseu,2021,6,3513.0
Mortágua,Viseu,2021,7,6763.0
Mortágua,Viseu,2021,8,10196.0
Mortágua,Viseu,2021,9,4014.0
Mortágua,Viseu,2021,10,4256.0
Mortágua,Viseu,2021,11,1886.0
Mortágua,Viseu,2021,12,1708.0
Mortágua,Viseu,2022,1,746.0
Mortágua,Viseu,2022,2,2930.0
Mortágua,Viseu,2022,3,2969.0
Mortágua,Viseu,2022,4,3842.0
Mortágua,Viseu,2022,5,1969.0
Mortágua,Viseu,2022,6,1309.0
Mortágua,Viseu,2022,7,5739.0
Mortágua,Viseu,2022,8,11750.0
Mortágua,Viseu,2022,9,3060.0
Mortágua,Viseu,2022,10,1693.0
Mortágua,Viseu,2022,11,959.0
Mortágua,Viseu,2022,12,1135.0
Mortágua,Viseu,2023,1,1075.0
Mortágua,Viseu,2023,2,2638.0
Mortágua,Viseu,2023,3,2996.0
Mortágua,Viseu,2023,4,2677.0
Mortágua,Viseu,2023,5,2941.0
Mortágua,Viseu,2023,6,2511.0
Mortágua,Viseu,2023,7,4786.0
Mortágua,Viseu,2023,8,13059.0
Mortágua,Viseu,2023,9,4373.0
Mortágua,Viseu,2023,10,2461.0
Mortágua,Viseu,2023,11,1615.0
Mortágua,Viseu,2023,12,2326.0
Mortágua,Viseu,2024,1,1763.0
Mortágua,Viseu,2024,2,3903.0
Mortágua,Viseu,2024,3,5311.0
Mortágua,Viseu,2024,4,3074.0
Mortágua,Viseu,2024,5,4168.0
Mortágua,Viseu,2024,6,4513.0
Mortágua,Viseu,2024,7,7315.0
Mortágua,Viseu,2024,8,16243.0
Mortágua,Viseu,2024,9,7989.0
Mortágua,Viseu,2024,10,5055.0
Mortágua,Viseu,2024,11,3826.0
Mortágua,Viseu,2024,12,3175.0
Mortágua,Viseu,2025,1,2556.0
Mortágua,Viseu,2025,2,3139.0
Mortágua,Viseu,2025,3,3995.0
Mortágua,Viseu,2025,4,9090.0
Mortágua,Viseu,2025,5,4776.0
Mortágua,Viseu,2025,6,3798.0
Mortágua,Viseu,2025,7,8043.0
Mortágua,Viseu,2025,8,15286.0
Mortágua,Viseu,2025,9,6960.0
Mortágua,Viseu,2025,10,3905.0
Mortágua,Viseu,2025,11,2473.0
Mortágua,Viseu,2025,12,2932.0
Mortágua,Viseu,2026,1,2084.0
Mortágua,Viseu,2026,2,3156.0
Mortágua,Viseu,2026,3,3848.0
Mortágua,Viseu,2026,4,3675.0
Mortágua,Viseu,2026,5,1757.0
Mortágua,Viseu,2026,6,8232.0
Mortágua,Viseu,2026,7,4146.0
Moura,Beja,2020,1,1716.0
Moura,Beja,2020,2,2114.0
Moura,Beja,2020,3,496.0
Moura,Beja,2020,4,339.0
Moura,Beja,2020,5,694.0
Moura,Beja,2020,6,2435.0
Moura,Beja,2020,7,3594.0
Moura,Beja,2020,8,4848.0
Moura,Beja,2020,9,3171.0
Moura,Beja,2020,10,2626.0
Moura,Beja,2020,11,1396.0
Moura,Beja,2020,12,1269.0
Moura,Beja,2021,1,755.0
Moura,Beja,2021,2,686.0
Moura,Beja,2021,3,1120.0
Moura,Beja,2021,4,913.0
Moura,Beja,2021,5,2304.0
Moura,Beja,2021,6,3032.0
Moura,Beja,2021,7,4198.0
Moura,Beja,2021,8,6007.0
Moura,Beja,2021,9,4157.0
Moura,Beja,2021,10,3349.0
Moura,Beja,2021,11,2242.0
Moura,Beja,2021,12,1614.0
Moura,Beja,2022,1,1322.0
Moura,Beja,2022,2,2163.0
Moura,Beja,2022,3,1894.0
Moura,Beja,2022,4,2626.0
Moura,Beja,2022,5,2578.0
Moura,Beja,2022,6,3205.0
Moura,Beja,2022,7,4128.0
Moura,Beja,2022,8,5455.0
Moura,Beja,2022,9,3701.0
Moura,Beja,2022,10,2745.0
Moura,Beja,2022,11,2327.0
Moura,Beja,2022,12,1879.0
Moura,Beja,2023,1,2160.0
Moura,Beja,2023,2,2010.0
Moura,Beja,2023,3,2089.0
Moura,Beja,2023,4,3206.0
Moura,Beja,2023,5,2874.0
Moura,Beja,2023,6,3086.0
Moura,Beja,2023,7,4095.0
Moura,Beja,2023,8,5014.0
Moura,Beja,2023,9,3464.0
Moura,Beja,2023,10,2487.0
Moura,Beja,2023,11,1997.0
Moura,Beja,2023,12,1912.0
Moura,Beja,2024,1,1536.0
Moura,Beja,2024,2,1902.0
Moura,Beja,2024,3,1991.0
Moura,Beja,2024,4,2584.0
Moura,Beja,2024,5,2777.0
Moura,Beja,2024,6,2495.0
Moura,Beja,2024,7,3443.0
Moura,Beja,2024,8,4526.0
Moura,Beja,2024,9,3204.0
Moura,Beja,2024,10,2801.0
Moura,Beja,2024,11,1918.0
Moura,Beja,2024,12,1636.0
Moura,Beja,2025,1,1239.0
Moura,Beja,2025,2,1575.0
Moura,Beja,2025,3,1560.0
Moura,Beja,2025,4,2504.0
Moura,Beja,2025,5,2937.0
Moura,Beja,2025,6,3055.0
Moura,Beja,2025,7,3750.0
Moura,Beja,2025,8,5013.0
Moura,Beja,2025,9,3724.0
Moura,Beja,2025,10,2285.0
Moura,Beja,2025,11,1719.0
Moura,Beja,2025,12,1581.0
Moura,Beja,2026,1,1416.0
Moura,Beja,2026,2,1476.0
Moura,Beja,2026,3,1600.0
Moura,Beja,2026,4,2441.0
Moura,Beja,2026,5,2760.0
Moura,Beja,2026,6,2878.0
Moura,Beja,2026,7,3269.0
Mourão,Évora,2020,1,222.0
Mourão,Évora,2020,2,666.0
Mourão,Évora,2020,3,144.0
Mourão,Évora,2020,4,
Mourão,Évora,2020,5,
Mourão,Évora,2020,6,
Mourão,Évora,2020,7,3029.0
Mourão,Évora,2020,8,4009.0
Mourão,Évora,2020,9,2582.0
Mourão,Évora,2020,10,1189.0
Mourão,Évora,2020,11,223.0
Mourão,Évora,2020,12,288.0
Mourão,Évora,2021,1,317.0
Mourão,Évora,2021,2,57.0
Mourão,Évora,2021,3,23.0
Mourão,Évora,2021,4,960.0
Mourão,Évora,2021,5,1546.0
Mourão,Évora,2021,6,1531.0
Mourão,Évora,2021,7,1810.0
Mourão,Évora,2021,8,3199.0
Mourão,Évora,2021,9,1705.0
Mourão,Évora,2021,10,922.0
Mourão,Évora,2021,11,399.0
Mourão,Évora,2021,12,517.0
Mourão,Évora,2022,1,327.0
Mourão,Évora,2022,2,485.0
Mourão,Évora,2022,3,483.0
Mourão,Évora,2022,4,914.0
Mourão,Évora,2022,5,939.0
Mourão,Évora,2022,6,1555.0
Mourão,Évora,2022,7,2148.0
Mourão,Évora,2022,8,3298.0
Mourão,Évora,2022,9,2153.0
Mourão,Évora,2022,10,1320.0
Mourão,Évora,2022,11,429.0
Mourão,Évora,2022,12,865.0
Mourão,Évora,2023,1,559.0
Mourão,Évora,2023,2,824.0
Mourão,Évora,2023,3,697.0
Mourão,Évora,2023,4,1872.0
Mourão,Évora,2023,5,1236.0
Mourão,Évora,2023,6,1573.0
Mourão,Évora,2023,7,2049.0
Mourão,Évora,2023,8,3206.0
Mourão,Évora,2023,9,2390.0
Mourão,Évora,2023,10,1263.0
Mourão,Évora,2023,11,776.0
Mourão,Évora,2023,12,1153.0
Mourão,Évora,2024,1,486.0
Mourão,Évora,2024,2,738.0
Mourão,Évora,2024,3,772.0
Mourão,Évora,2024,4,978.0
Mourão,Évora,2024,5,1375.0
Mourão,Évora,2024,6,1404.0
Mourão,Évora,2024,7,1947.0
Mourão,Évora,2024,8,3566.0
Mourão,Évora,2024,9,2094.0
Mourão,Évora,2024,10,1167.0
Mourão,Évora,2024,11,709.0
Mourão,Évora,2024,12,643.0
Mourão,Évora,2025,1,258.0
Mourão,Évora,2025,2,560.0
Mourão,Évora,2025,3,904.0
Mourão,Évora,2025,4,1349.0
Mourão,Évora,2025,5,1308.0
Mourão,Évora,2025,6,1957.0
Mourão,Évora,2025,7,2404.0
Mourão,Évora,2025,8,3736.0
Mourão,Évora,2025,9,2093.0
Mourão,Évora,2025,10,1157.0
Mourão,Évora,2025,11,781.0
Mourão,Évora,2025,12,1002.0
Mourão,Évora,2026,1,654.0
Mourão,Évora,2026,2,646.0
Mourão,Évora,2026,3,837.0
Mourão,Évora,2026,4,1577.0
Mourão,Évora,2026,5,1524.0
Mourão,Évora,2026,6,1801.0
Mourão,Évora,2026,7,2915.0
Murtosa,Aveiro,2020,1,308.0
Murtosa,Aveiro,2020,2,830.0
Murtosa,Aveiro,2020,3,450.0
Murtosa,Aveiro,2020,4,
Murtosa,Aveiro,2020,5,
Murtosa,Aveiro,2020,6,1012.0
Murtosa,Aveiro,2020,7,
Murtosa,Aveiro,2020,8,4467.0
Murtosa,Aveiro,2020,9,2770.0
Murtosa,Aveiro,2020,10,873.0
Murtosa,Aveiro,2020,11,223.0
Murtosa,Aveiro,2020,12,
Murtosa,Aveiro,2021,1,
Murtosa,Aveiro,2021,2,
Murtosa,Aveiro,2021,3,
Murtosa,Aveiro,2021,4,
Murtosa,Aveiro,2021,5,1157.0
Murtosa,Aveiro,2021,6,1773.0
Murtosa,Aveiro,2021,7,2717.0
Murtosa,Aveiro,2021,8,3877.0
Murtosa,Aveiro,2021,9,2132.0
Murtosa,Aveiro,2021,10,1831.0
Murtosa,Aveiro,2021,11,968.0
Murtosa,Aveiro,2021,12,1035.0
Murtosa,Aveiro,2022,1,222.0
Murtosa,Aveiro,2022,2,458.0
Murtosa,Aveiro,2022,3,846.0
Murtosa,Aveiro,2022,4,1976.0
Murtosa,Aveiro,2022,5,2236.0
Murtosa,Aveiro,2022,6,2484.0
Murtosa,Aveiro,2022,7,3637.0
Murtosa,Aveiro,2022,8,3216.0
Murtosa,Aveiro,2022,9,2403.0
Murtosa,Aveiro,2022,10,1711.0
Murtosa,Aveiro,2022,11,872.0
Murtosa,Aveiro,2022,12,1098.0
Murtosa,Aveiro,2023,1,105.0
Murtosa,Aveiro,2023,2,682.0
Murtosa,Aveiro,2023,3,1060.0
Murtosa,Aveiro,2023,4,2035.0
Murtosa,Aveiro,2023,5,1968.0
Murtosa,Aveiro,2023,6,1874.0
Murtosa,Aveiro,2023,7,2509.0
Murtosa,Aveiro,2023,8,3224.0
Murtosa,Aveiro,2023,9,2788.0
Murtosa,Aveiro,2023,10,1914.0
Murtosa,Aveiro,2023,11,1112.0
Murtosa,Aveiro,2023,12,1238.0
Murtosa,Aveiro,2024,1,157.0
Murtosa,Aveiro,2024,2,242.0
Murtosa,Aveiro,2024,3,976.0
Murtosa,Aveiro,2024,4,1408.0
Murtosa,Aveiro,2024,5,2961.0
Murtosa,Aveiro,2024,6,1934.0
Murtosa,Aveiro,2024,7,3483.0
Murtosa,Aveiro,2024,8,3985.0
Murtosa,Aveiro,2024,9,2264.0
Murtosa,Aveiro,2024,10,1618.0
Murtosa,Aveiro,2024,11,1335.0
Murtosa,Aveiro,2024,12,819.0
Murtosa,Aveiro,2025,1,
Murtosa,Aveiro,2025,2,
Murtosa,Aveiro,2025,3,
Murtosa,Aveiro,2025,4,1520.0
Murtosa,Aveiro,2025,5,1748.0
Murtosa,Aveiro,2025,6,2369.0
Murtosa,Aveiro,2025,7,2716.0
Murtosa,Aveiro,2025,8,3449.0
Murtosa,Aveiro,2025,9,1924.0
Murtosa,Aveiro,2025,10,
Murtosa,Aveiro,2025,11,
Murtosa,Aveiro,2025,12,656.0
Murtosa,Aveiro,2026,1,290.0
Murtosa,Aveiro,2026,2,189.0
Murtosa,Aveiro,2026,3,862.0
Murtosa,Aveiro,2026,4,1438.0
Murtosa,Aveiro,2026,5,1653.0
Murtosa,Aveiro,2026,6,2021.0
Murtosa,Aveiro,2026,7,2851.0
Murça,Vila Real,2020,1,59.0
Murça,Vila Real,2020,2,63.0
Murça,Vila Real,2020,3,
Murça,Vila Real,2020,4,
Murça,Vila Real,2020,5,
Murça,Vila Real,2020,6,
Murça,Vila Real,2020,7,
Murça,Vila Real,2020,8,
Murça,Vila Real,2020,9,
Murça,Vila Real,2020,10,
Murça,Vila Real,2020,11,
Murça,Vila Real,2020,12,
Murça,Vila Real,2021,1,
Murça,Vila Real,2021,2,
Murça,Vila Real,2021,3,
Murça,Vila Real,2021,4,
Murça,Vila Real,2021,5,
Murça,Vila Real,2021,6,
Murça,Vila Real,2021,7,
Murça,Vila Real,2021,8,
Murça,Vila Real,2021,9,
Murça,Vila Real,2021,10,
Murça,Vila Real,2021,11,
Murça,Vila Real,2021,12,294.0
Murça,Vila Real,2022,1,
Murça,Vila Real,2022,2,
Murça,Vila Real,2022,3,218.0
Murça,Vila Real,2022,4,
Murça,Vila Real,2022,5,
Murça,Vila Real,2022,6,
Murça,Vila Real,2022,7,
Murça,Vila Real,2022,8,
Murça,Vila Real,2022,9,
Murça,Vila Real,2022,10,456.0
Murça,Vila Real,2022,11,209.0
Murça,Vila Real,2022,12,190.0
Murça,Vila Real,2023,1,
Murça,Vila Real,2023,2,
Murça,Vila Real,2023,3,347.0
Murça,Vila Real,2023,4,
Murça,Vila Real,2023,5,
Murça,Vila Real,2023,6,229.0
Murça,Vila Real,2023,7,
Murça,Vila Real,2023,8,
Murça,Vila Real,2023,9,261.0
Murça,Vila Real,2023,10,188.0
Murça,Vila Real,2023,11,
Murça,Vila Real,2023,12,
Murça,Vila Real,2024,1,
Murça,Vila Real,2024,2,
Murça,Vila Real,2024,3,
Murça,Vila Real,2024,4,
Murça,Vila Real,2024,5,
Murça,Vila Real,2024,6,
Murça,Vila Real,2024,7,
Murça,Vila Real,2024,8,722.0
Murça,Vila Real,2024,9,128.0
Murça,Vila Real,2024,10,
Murça,Vila Real,2024,11,
Murça,Vila Real,2024,12,
Murça,Vila Real,2025,1,
Murça,Vila Real,2025,2,
Murça,Vila Real,2025,3,
Murça,Vila Real,2025,4,
Murça,Vila Real,2025,5,
Murça,Vila Real,2025,6,
Murça,Vila Real,2025,7,
Murça,Vila Real,2025,8,
Murça,Vila Real,2025,9,
Murça,Vila Real,2025,10,
Murça,Vila Real,2025,11,
Murça,Vila Real,2025,12,
Murça,Vila Real,2026,1,
Murça,Vila Real,2026,2,289.0
Murça,Vila Real,2026,3,592.0
Murça,Vila Real,2026,4,
Murça,Vila Real,2026,5,
Murça,Vila Real,2026,6,
Murça,Vila Real,2026,7,
Mértola,Beja,2020,1,2306.0
Mértola,Beja,2020,2,3701.0
Mértola,Beja,2020,3,1407.0
Mértola,Beja,2020,4,199.0
Mértola,Beja,2020,5,421.0
Mértola,Beja,2020,6,3885.0
Mértola,Beja,2020,7,6297.0
Mértola,Beja,2020,8,8899.0
Mértola,Beja,2020,9,5995.0
Mértola,Beja,2020,10,3318.0
Mértola,Beja,2020,11,1219.0
Mértola,Beja,2020,12,1315.0
Mértola,Beja,2021,1,761.0
Mértola,Beja,2021,2,1369.0
Mértola,Beja,2021,3,2487.0
Mértola,Beja,2021,4,3270.0
Mértola,Beja,2021,5,4215.0
Mértola,Beja,2021,6,5357.0
Mértola,Beja,2021,7,6826.0
Mértola,Beja,2021,8,9350.0
Mértola,Beja,2021,9,6400.0
Mértola,Beja,2021,10,4441.0
Mértola,Beja,2021,11,2226.0
Mértola,Beja,2021,12,1601.0
Mértola,Beja,2022,1,1318.0
Mértola,Beja,2022,2,2978.0
Mértola,Beja,2022,3,3093.0
Mértola,Beja,2022,4,4611.0
Mértola,Beja,2022,5,4388.0
Mértola,Beja,2022,6,5409.0
Mértola,Beja,2022,7,7497.0
Mértola,Beja,2022,8,9749.0
Mértola,Beja,2022,9,5783.0
Mértola,Beja,2022,10,4701.0
Mértola,Beja,2022,11,2771.0
Mértola,Beja,2022,12,2121.0
Mértola,Beja,2023,1,2518.0
Mértola,Beja,2023,2,2828.0
Mértola,Beja,2023,3,3853.0
Mértola,Beja,2023,4,5280.0
Mértola,Beja,2023,5,4542.0
Mértola,Beja,2023,6,5257.0
Mértola,Beja,2023,7,6964.0
Mértola,Beja,2023,8,8688.0
Mértola,Beja,2023,9,5979.0
Mértola,Beja,2023,10,4412.0
Mértola,Beja,2023,11,2769.0
Mértola,Beja,2023,12,2937.0
Mértola,Beja,2024,1,2363.0
Mértola,Beja,2024,2,3136.0
Mértola,Beja,2024,3,4181.0
Mértola,Beja,2024,4,4498.0
Mértola,Beja,2024,5,4209.0
Mértola,Beja,2024,6,5214.0
Mértola,Beja,2024,7,6654.0
Mértola,Beja,2024,8,9541.0
Mértola,Beja,2024,9,6193.0
Mértola,Beja,2024,10,4589.0
Mértola,Beja,2024,11,3026.0
Mértola,Beja,2024,12,2561.0
Mértola,Beja,2025,1,2279.0
Mértola,Beja,2025,2,2955.0
Mértola,Beja,2025,3,3518.0
Mértola,Beja,2025,4,4976.0
Mértola,Beja,2025,5,4583.0
Mértola,Beja,2025,6,5564.0
Mértola,Beja,2025,7,6681.0
Mértola,Beja,2025,8,9416.0
Mértola,Beja,2025,9,6275.0
Mértola,Beja,2025,10,4658.0
Mértola,Beja,2025,11,2936.0
Mértola,Beja,2025,12,2146.0
Mértola,Beja,2026,1,1651.0
Mértola,Beja,2026,2,1646.0
Mértola,Beja,2026,3,2555.0
Mértola,Beja,2026,4,4200.0
Mértola,Beja,2026,5,3702.0
Mértola,Beja,2026,6,4779.0
Mértola,Beja,2026,7,6008.0
Mêda,Guarda,2020,1,1094.0
Mêda,Guarda,2020,2,1447.0
Mêda,Guarda,2020,3,408.0
Mêda,Guarda,2020,4,
Mêda,Guarda,2020,5,
Mêda,Guarda,2020,6,1058.0
Mêda,Guarda,2020,7,2585.0
Mêda,Guarda,2020,8,4867.0
Mêda,Guarda,2020,9,2409.0
Mêda,Guarda,2020,10,1719.0
Mêda,Guarda,2020,11,
Mêda,Guarda,2020,12,1149.0
Mêda,Guarda,2021,1,468.0
Mêda,Guarda,2021,2,
Mêda,Guarda,2021,3,
Mêda,Guarda,2021,4,561.0
Mêda,Guarda,2021,5,1439.0
Mêda,Guarda,2021,6,1937.0
Mêda,Guarda,2021,7,2787.0
Mêda,Guarda,2021,8,3497.0
Mêda,Guarda,2021,9,2680.0
Mêda,Guarda,2021,10,2207.0
Mêda,Guarda,2021,11,1463.0
Mêda,Guarda,2021,12,1628.0
Mêda,Guarda,2022,1,1204.0
Mêda,Guarda,2022,2,1556.0
Mêda,Guarda,2022,3,1274.0
Mêda,Guarda,2022,4,1816.0
Mêda,Guarda,2022,5,1934.0
Mêda,Guarda,2022,6,1977.0
Mêda,Guarda,2022,7,2263.0
Mêda,Guarda,2022,8,4234.0
Mêda,Guarda,2022,9,2444.0
Mêda,Guarda,2022,10,2227.0
Mêda,Guarda,2022,11,1533.0
Mêda,Guarda,2022,12,1663.0
Mêda,Guarda,2023,1,1300.0
Mêda,Guarda,2023,2,1444.0
Mêda,Guarda,2023,3,1262.0
Mêda,Guarda,2023,4,1988.0
Mêda,Guarda,2023,5,1441.0
Mêda,Guarda,2023,6,1565.0
Mêda,Guarda,2023,7,2133.0
Mêda,Guarda,2023,8,3614.0
Mêda,Guarda,2023,9,2193.0
Mêda,Guarda,2023,10,1920.0
Mêda,Guarda,2023,11,1417.0
Mêda,Guarda,2023,12,1726.0
Mêda,Guarda,2024,1,1303.0
Mêda,Guarda,2024,2,1611.0
Mêda,Guarda,2024,3,1601.0
Mêda,Guarda,2024,4,1578.0
Mêda,Guarda,2024,5,2206.0
Mêda,Guarda,2024,6,1998.0
Mêda,Guarda,2024,7,2374.0
Mêda,Guarda,2024,8,3757.0
Mêda,Guarda,2024,9,2487.0
Mêda,Guarda,2024,10,1930.0
Mêda,Guarda,2024,11,1691.0
Mêda,Guarda,2024,12,1431.0
Mêda,Guarda,2025,1,1220.0
Mêda,Guarda,2025,2,1297.0
Mêda,Guarda,2025,3,1727.0
Mêda,Guarda,2025,4,1950.0
Mêda,Guarda,2025,5,2052.0
Mêda,Guarda,2025,6,2025.0
Mêda,Guarda,2025,7,2344.0
Mêda,Guarda,2025,8,3243.0
Mêda,Guarda,2025,9,2286.0
Mêda,Guarda,2025,10,1916.0
Mêda,Guarda,2025,11,1533.0
Mêda,Guarda,2025,12,1275.0
Mêda,Guarda,2026,1,1194.0
Mêda,Guarda,2026,2,1288.0
Mêda,Guarda,2026,3,1408.0
Mêda,Guarda,2026,4,1756.0
Mêda,Guarda,2026,5,1579.0
Mêda,Guarda,2026,6,1764.0
Mêda,Guarda,2026,7,1701.0
Nazaré,Leiria,2020,1,11419.0
Nazaré,Leiria,2020,2,14839.0
Nazaré,Leiria,2020,3,4647.0
Nazaré,Leiria,2020,4,16.0
Nazaré,Leiria,2020,5,757.0
Nazaré,Leiria,2020,6,7746.0
Nazaré,Leiria,2020,7,20895.0
Nazaré,Leiria,2020,8,29755.0
Nazaré,Leiria,2020,9,20164.0
Nazaré,Leiria,2020,10,10794.0
Nazaré,Leiria,2020,11,2217.0
Nazaré,Leiria,2020,12,2949.0
Nazaré,Leiria,2021,1,1701.0
Nazaré,Leiria,2021,2,178.0
Nazaré,Leiria,2021,3,735.0
Nazaré,Leiria,2021,4,2352.0
Nazaré,Leiria,2021,5,10355.0
Nazaré,Leiria,2021,6,17813.0
Nazaré,Leiria,2021,7,23276.0
Nazaré,Leiria,2021,8,35999.0
Nazaré,Leiria,2021,9,22526.0
Nazaré,Leiria,2021,10,18604.0
Nazaré,Leiria,2021,11,12287.0
Nazaré,Leiria,2021,12,9491.0
Nazaré,Leiria,2022,1,7629.0
Nazaré,Leiria,2022,2,12041.0
Nazaré,Leiria,2022,3,10196.0
Nazaré,Leiria,2022,4,17380.0
Nazaré,Leiria,2022,5,18017.0
Nazaré,Leiria,2022,6,24337.0
Nazaré,Leiria,2022,7,32640.0
Nazaré,Leiria,2022,8,39041.0
Nazaré,Leiria,2022,9,26048.0
Nazaré,Leiria,2022,10,20386.0
Nazaré,Leiria,2022,11,14079.0
Nazaré,Leiria,2022,12,11505.0
Nazaré,Leiria,2023,1,11013.0
Nazaré,Leiria,2023,2,14605.0
Nazaré,Leiria,2023,3,13344.0
Nazaré,Leiria,2023,4,21778.0
Nazaré,Leiria,2023,5,20736.0
Nazaré,Leiria,2023,6,25583.0
Nazaré,Leiria,2023,7,36562.0
Nazaré,Leiria,2023,8,42808.0
Nazaré,Leiria,2023,9,31535.0
Nazaré,Leiria,2023,10,25176.0
Nazaré,Leiria,2023,11,16593.0
Nazaré,Leiria,2023,12,13881.0
Nazaré,Leiria,2024,1,11736.0
Nazaré,Leiria,2024,2,14082.0
Nazaré,Leiria,2024,3,15597.0
Nazaré,Leiria,2024,4,17911.0
Nazaré,Leiria,2024,5,22097.0
Nazaré,Leiria,2024,6,25565.0
Nazaré,Leiria,2024,7,34971.0
Nazaré,Leiria,2024,8,43084.0
Nazaré,Leiria,2024,9,29387.0
Nazaré,Leiria,2024,10,23764.0
Nazaré,Leiria,2024,11,16600.0
Nazaré,Leiria,2024,12,12207.0
Nazaré,Leiria,2025,1,12519.0
Nazaré,Leiria,2025,2,13956.0
Nazaré,Leiria,2025,3,13630.0
Nazaré,Leiria,2025,4,19451.0
Nazaré,Leiria,2025,5,20259.0
Nazaré,Leiria,2025,6,24924.0
Nazaré,Leiria,2025,7,32924.0
Nazaré,Leiria,2025,8,38188.0
Nazaré,Leiria,2025,9,26661.0
Nazaré,Leiria,2025,10,20991.0
Nazaré,Leiria,2025,11,14687.0
Nazaré,Leiria,2025,12,12978.0
Nazaré,Leiria,2026,1,12111.0
Nazaré,Leiria,2026,2,9126.0
Nazaré,Leiria,2026,3,12463.0
Nazaré,Leiria,2026,4,17566.0
Nazaré,Leiria,2026,5,19540.0
Nazaré,Leiria,2026,6,23624.0
Nazaré,Leiria,2026,7,32687.0
Nelas,Viseu,2020,1,2227.0
Nelas,Viseu,2020,2,2260.0
Nelas,Viseu,2020,3,921.0
Nelas,Viseu,2020,4,
Nelas,Viseu,2020,5,
Nelas,Viseu,2020,6,127.0
Nelas,Viseu,2020,7,2512.0
Nelas,Viseu,2020,8,5235.0
Nelas,Viseu,2020,9,2572.0
Nelas,Viseu,2020,10,1213.0
Nelas,Viseu,2020,11,563.0
Nelas,Viseu,2020,12,
Nelas,Viseu,2021,1,343.0
Nelas,Viseu,2021,2,
Nelas,Viseu,2021,3,
Nelas,Viseu,2021,4,117.0
Nelas,Viseu,2021,5,512.0
Nelas,Viseu,2021,6,504.0
Nelas,Viseu,2021,7,2901.0
Nelas,Viseu,2021,8,7016.0
Nelas,Viseu,2021,9,3295.0
Nelas,Viseu,2021,10,2838.0
Nelas,Viseu,2021,11,1498.0
Nelas,Viseu,2021,12,925.0
Nelas,Viseu,2022,1,634.0
Nelas,Viseu,2022,2,1218.0
Nelas,Viseu,2022,3,927.0
Nelas,Viseu,2022,4,3433.0
Nelas,Viseu,2022,5,2270.0
Nelas,Viseu,2022,6,3219.0
Nelas,Viseu,2022,7,3930.0
Nelas,Viseu,2022,8,7516.0
Nelas,Viseu,2022,9,3772.0
Nelas,Viseu,2022,10,3564.0
Nelas,Viseu,2022,11,1623.0
Nelas,Viseu,2022,12,2157.0
Nelas,Viseu,2023,1,1158.0
Nelas,Viseu,2023,2,1685.0
Nelas,Viseu,2023,3,1742.0
Nelas,Viseu,2023,4,2908.0
Nelas,Viseu,2023,5,2237.0
Nelas,Viseu,2023,6,2822.0
Nelas,Viseu,2023,7,4097.0
Nelas,Viseu,2023,8,9523.0
Nelas,Viseu,2023,9,5693.0
Nelas,Viseu,2023,10,5656.0
Nelas,Viseu,2023,11,3478.0
Nelas,Viseu,2023,12,4048.0
Nelas,Viseu,2024,1,2500.0
Nelas,Viseu,2024,2,3331.0
Nelas,Viseu,2024,3,4020.0
Nelas,Viseu,2024,4,4254.0
Nelas,Viseu,2024,5,4128.0
Nelas,Viseu,2024,6,3761.0
Nelas,Viseu,2024,7,5550.0
Nelas,Viseu,2024,8,12646.0
Nelas,Viseu,2024,9,6137.0
Nelas,Viseu,2024,10,5515.0
Nelas,Viseu,2024,11,4567.0
Nelas,Viseu,2024,12,3946.0
Nelas,Viseu,2025,1,3137.0
Nelas,Viseu,2025,2,3718.0
Nelas,Viseu,2025,3,4842.0
Nelas,Viseu,2025,4,5678.0
Nelas,Viseu,2025,5,5000.0
Nelas,Viseu,2025,6,5702.0
Nelas,Viseu,2025,7,7639.0
Nelas,Viseu,2025,8,11390.0
Nelas,Viseu,2025,9,7530.0
Nelas,Viseu,2025,10,5916.0
Nelas,Viseu,2025,11,4431.0
Nelas,Viseu,2025,12,5007.0
Nelas,Viseu,2026,1,3640.0
Nelas,Viseu,2026,2,3675.0
Nelas,Viseu,2026,3,3823.0
Nelas,Viseu,2026,4,4634.0
Nelas,Viseu,2026,5,5518.0
Nelas,Viseu,2026,6,5591.0
Nelas,Viseu,2026,7,7658.0
Nisa,Portalegre,2020,1,1244.0
Nisa,Portalegre,2020,2,1471.0
Nisa,Portalegre,2020,3,624.0
Nisa,Portalegre,2020,4,
Nisa,Portalegre,2020,5,
Nisa,Portalegre,2020,6,1721.0
Nisa,Portalegre,2020,7,2474.0
Nisa,Portalegre,2020,8,4066.0
Nisa,Portalegre,2020,9,2022.0
Nisa,Portalegre,2020,10,1336.0
Nisa,Portalegre,2020,11,895.0
Nisa,Portalegre,2020,12,657.0
Nisa,Portalegre,2021,1,286.0
Nisa,Portalegre,2021,2,271.0
Nisa,Portalegre,2021,3,226.0
Nisa,Portalegre,2021,4,926.0
Nisa,Portalegre,2021,5,1692.0
Nisa,Portalegre,2021,6,2239.0
Nisa,Portalegre,2021,7,2964.0
Nisa,Portalegre,2021,8,3789.0
Nisa,Portalegre,2021,9,2136.0
Nisa,Portalegre,2021,10,2248.0
Nisa,Portalegre,2021,11,1756.0
Nisa,Portalegre,2021,12,1307.0
Nisa,Portalegre,2022,1,894.0
Nisa,Portalegre,2022,2,1772.0
Nisa,Portalegre,2022,3,1332.0
Nisa,Portalegre,2022,4,2317.0
Nisa,Portalegre,2022,5,1688.0
Nisa,Portalegre,2022,6,2102.0
Nisa,Portalegre,2022,7,2758.0
Nisa,Portalegre,2022,8,3651.0
Nisa,Portalegre,2022,9,2292.0
Nisa,Portalegre,2022,10,2582.0
Nisa,Portalegre,2022,11,1705.0
Nisa,Portalegre,2022,12,1570.0
Nisa,Portalegre,2023,1,1160.0
Nisa,Portalegre,2023,2,1729.0
Nisa,Portalegre,2023,3,1254.0
Nisa,Portalegre,2023,4,2262.0
Nisa,Portalegre,2023,5,1487.0
Nisa,Portalegre,2023,6,2349.0
Nisa,Portalegre,2023,7,3150.0
Nisa,Portalegre,2023,8,3733.0
Nisa,Portalegre,2023,9,2431.0
Nisa,Portalegre,2023,10,2111.0
Nisa,Portalegre,2023,11,1522.0
Nisa,Portalegre,2023,12,1970.0
Nisa,Portalegre,2024,1,979.0
Nisa,Portalegre,2024,2,1476.0
Nisa,Portalegre,2024,3,1669.0
Nisa,Portalegre,2024,4,1514.0
Nisa,Portalegre,2024,5,1850.0
Nisa,Portalegre,2024,6,2221.0
Nisa,Portalegre,2024,7,2507.0
Nisa,Portalegre,2024,8,3471.0
Nisa,Portalegre,2024,9,2153.0
Nisa,Portalegre,2024,10,2268.0
Nisa,Portalegre,2024,11,2031.0
Nisa,Portalegre,2024,12,1968.0
Nisa,Portalegre,2025,1,1139.0
Nisa,Portalegre,2025,2,1312.0
Nisa,Portalegre,2025,3,1680.0
Nisa,Portalegre,2025,4,1762.0
Nisa,Portalegre,2025,5,2036.0
Nisa,Portalegre,2025,6,2471.0
Nisa,Portalegre,2025,7,2662.0
Nisa,Portalegre,2025,8,3520.0
Nisa,Portalegre,2025,9,2256.0
Nisa,Portalegre,2025,10,2031.0
Nisa,Portalegre,2025,11,1812.0
Nisa,Portalegre,2025,12,1479.0
Nisa,Portalegre,2026,1,1411.0
Nisa,Portalegre,2026,2,1267.0
Nisa,Portalegre,2026,3,1598.0
Nisa,Portalegre,2026,4,1944.0
Nisa,Portalegre,2026,5,2087.0
Nisa,Portalegre,2026,6,2337.0
Nisa,Portalegre,2026,7,2719.0
Nordeste,Região Autónoma dos Açores,2020,1,861.0
Nordeste,Região Autónoma dos Açores,2020,2,792.0
Nordeste,Região Autónoma dos Açores,2020,3,
Nordeste,Região Autónoma dos Açores,2020,4,
Nordeste,Região Autónoma dos Açores,2020,5,
Nordeste,Região Autónoma dos Açores,2020,6,
Nordeste,Região Autónoma dos Açores,2020,7,1377.0
Nordeste,Região Autónoma dos Açores,2020,8,950.0
Nordeste,Região Autónoma dos Açores,2020,9,712.0
Nordeste,Região Autónoma dos Açores,2020,10,626.0
Nordeste,Região Autónoma dos Açores,2020,11,99.0
Nordeste,Região Autónoma dos Açores,2020,12,81.0
Nordeste,Região Autónoma dos Açores,2021,1,
Nordeste,Região Autónoma dos Açores,2021,2,
Nordeste,Região Autónoma dos Açores,2021,3,214.0
Nordeste,Região Autónoma dos Açores,2021,4,220.0
Nordeste,Região Autónoma dos Açores,2021,5,303.0
Nordeste,Região Autónoma dos Açores,2021,6,
Nordeste,Região Autónoma dos Açores,2021,7,2074.0
Nordeste,Região Autónoma dos Açores,2021,8,2872.0
Nordeste,Região Autónoma dos Açores,2021,9,2434.0
Nordeste,Região Autónoma dos Açores,2021,10,2027.0
Nordeste,Região Autónoma dos Açores,2021,11,475.0
Nordeste,Região Autónoma dos Açores,2021,12,380.0
Nordeste,Região Autónoma dos Açores,2022,1,341.0
Nordeste,Região Autónoma dos Açores,2022,2,336.0
Nordeste,Região Autónoma dos Açores,2022,3,713.0
Nordeste,Região Autónoma dos Açores,2022,4,1375.0
Nordeste,Região Autónoma dos Açores,2022,5,1455.0
Nordeste,Região Autónoma dos Açores,2022,6,2427.0
Nordeste,Região Autónoma dos Açores,2022,7,3150.0
Nordeste,Região Autónoma dos Açores,2022,8,3738.0
Nordeste,Região Autónoma dos Açores,2022,9,2767.0
Nordeste,Região Autónoma dos Açores,2022,10,2119.0
Nordeste,Região Autónoma dos Açores,2022,11,1050.0
Nordeste,Região Autónoma dos Açores,2022,12,1127.0
Nordeste,Região Autónoma dos Açores,2023,1,444.0
Nordeste,Região Autónoma dos Açores,2023,2,804.0
Nordeste,Região Autónoma dos Açores,2023,3,1033.0
Nordeste,Região Autónoma dos Açores,2023,4,2155.0
Nordeste,Região Autónoma dos Açores,2023,5,2048.0
Nordeste,Região Autónoma dos Açores,2023,6,3229.0
Nordeste,Região Autónoma dos Açores,2023,7,3983.0
Nordeste,Região Autónoma dos Açores,2023,8,3986.0
Nordeste,Região Autónoma dos Açores,2023,9,3246.0
Nordeste,Região Autónoma dos Açores,2023,10,2114.0
Nordeste,Região Autónoma dos Açores,2023,11,1318.0
Nordeste,Região Autónoma dos Açores,2023,12,1000.0
Nordeste,Região Autónoma dos Açores,2024,1,779.0
Nordeste,Região Autónoma dos Açores,2024,2,1263.0
Nordeste,Região Autónoma dos Açores,2024,3,1428.0
Nordeste,Região Autónoma dos Açores,2024,4,2389.0
Nordeste,Região Autónoma dos Açores,2024,5,3381.0
Nordeste,Região Autónoma dos Açores,2024,6,3881.0
Nordeste,Região Autónoma dos Açores,2024,7,4503.0
Nordeste,Região Autónoma dos Açores,2024,8,4605.0
Nordeste,Região Autónoma dos Açores,2024,9,3873.0
Nordeste,Região Autónoma dos Açores,2024,10,3309.0
Nordeste,Região Autónoma dos Açores,2024,11,1120.0
Nordeste,Região Autónoma dos Açores,2024,12,1247.0
Nordeste,Região Autónoma dos Açores,2025,1,932.0
Nordeste,Região Autónoma dos Açores,2025,2,1210.0
Nordeste,Região Autónoma dos Açores,2025,3,1750.0
Nordeste,Região Autónoma dos Açores,2025,4,2467.0
Nordeste,Região Autónoma dos Açores,2025,5,2990.0
Nordeste,Região Autónoma dos Açores,2025,6,3755.0
Nordeste,Região Autónoma dos Açores,2025,7,4819.0
Nordeste,Região Autónoma dos Açores,2025,8,4742.0
Nordeste,Região Autónoma dos Açores,2025,9,3814.0
Nordeste,Região Autónoma dos Açores,2025,10,2773.0
Nordeste,Região Autónoma dos Açores,2025,11,1122.0
Nordeste,Região Autónoma dos Açores,2025,12,976.0
Nordeste,Região Autónoma dos Açores,2026,1,616.0
Nordeste,Região Autónoma dos Açores,2026,2,786.0
Nordeste,Região Autónoma dos Açores,2026,3,1543.0
Nordeste,Região Autónoma dos Açores,2026,4,2271.0
Nordeste,Região Autónoma dos Açores,2026,5,2658.0
Nordeste,Região Autónoma dos Açores,2026,6,3248.0
Nordeste,Região Autónoma dos Açores,2026,7,4126.0
Odemira,Beja,2020,1,6895.0
Odemira,Beja,2020,2,10680.0
Odemira,Beja,2020,3,6758.0
Odemira,Beja,2020,4,652.0
Odemira,Beja,2020,5,5203.0
Odemira,Beja,2020,6,24455.0
Odemira,Beja,2020,7,40988.0
Odemira,Beja,2020,8,51947.0
Odemira,Beja,2020,9,36769.0
Odemira,Beja,2020,10,18437.0
Odemira,Beja,2020,11,5996.0
Odemira,Beja,2020,12,7333.0
Odemira,Beja,2021,1,4724.0
Odemira,Beja,2021,2,4566.0
Odemira,Beja,2021,3,5001.0
Odemira,Beja,2021,4,7852.0
Odemira,Beja,2021,5,15555.0
Odemira,Beja,2021,6,28013.0
Odemira,Beja,2021,7,42268.0
Odemira,Beja,2021,8,57447.0
Odemira,Beja,2021,9,39630.0
Odemira,Beja,2021,10,25977.0
Odemira,Beja,2021,11,10709.0
Odemira,Beja,2021,12,7462.0
Odemira,Beja,2022,1,8498.0
Odemira,Beja,2022,2,11784.0
Odemira,Beja,2022,3,14569.0
Odemira,Beja,2022,4,27282.0
Odemira,Beja,2022,5,28627.0
Odemira,Beja,2022,6,37251.0
Odemira,Beja,2022,7,48355.0
Odemira,Beja,2022,8,62122.0
Odemira,Beja,2022,9,42264.0
Odemira,Beja,2022,10,26024.0
Odemira,Beja,2022,11,10924.0
Odemira,Beja,2022,12,9788.0
Odemira,Beja,2023,1,9620.0
Odemira,Beja,2023,2,12776.0
Odemira,Beja,2023,3,17809.0
Odemira,Beja,2023,4,34374.0
Odemira,Beja,2023,5,32044.0
Odemira,Beja,2023,6,39886.0
Odemira,Beja,2023,7,54633.0
Odemira,Beja,2023,8,66874.0
Odemira,Beja,2023,9,45187.0
Odemira,Beja,2023,10,30821.0
Odemira,Beja,2023,11,12538.0
Odemira,Beja,2023,12,10848.0
Odemira,Beja,2024,1,8191.0
Odemira,Beja,2024,2,11937.0
Odemira,Beja,2024,3,21831.0
Odemira,Beja,2024,4,30053.0
Odemira,Beja,2024,5,35456.0
Odemira,Beja,2024,6,38068.0
Odemira,Beja,2024,7,53549.0
Odemira,Beja,2024,8,66330.0
Odemira,Beja,2024,9,44728.0
Odemira,Beja,2024,10,28529.0
Odemira,Beja,2024,11,15304.0
Odemira,Beja,2024,12,11845.0
Odemira,Beja,2025,1,10113.0
Odemira,Beja,2025,2,12161.0
Odemira,Beja,2025,3,19463.0
Odemira,Beja,2025,4,32927.0
Odemira,Beja,2025,5,36306.0
Odemira,Beja,2025,6,44184.0
Odemira,Beja,2025,7,59324.0
Odemira,Beja,2025,8,70311.0
Odemira,Beja,2025,9,49774.0
Odemira,Beja,2025,10,31636.0
Odemira,Beja,2025,11,14002.0
Odemira,Beja,2025,12,11587.0
Odemira,Beja,2026,1,10438.0
Odemira,Beja,2026,2,12324.0
Odemira,Beja,2026,3,23246.0
Odemira,Beja,2026,4,36219.0
Odemira,Beja,2026,5,40265.0
Odemira,Beja,2026,6,43344.0
Odemira,Beja,2026,7,55520.0
Odivelas,Lisboa,2020,1,251.0
Odivelas,Lisboa,2020,2,
Odivelas,Lisboa,2020,3,
Odivelas,Lisboa,2020,4,
Odivelas,Lisboa,2020,5,
Odivelas,Lisboa,2020,6,
Odivelas,Lisboa,2020,7,
Odivelas,Lisboa,2020,8,
Odivelas,Lisboa,2020,9,
Odivelas,Lisboa,2020,10,240.0
Odivelas,Lisboa,2020,11,285.0
Odivelas,Lisboa,2020,12,242.0
Odivelas,Lisboa,2021,1,260.0
Odivelas,Lisboa,2021,2,161.0
Odivelas,Lisboa,2021,3,162.0
Odivelas,Lisboa,2021,4,188.0
Odivelas,Lisboa,2021,5,161.0
Odivelas,Lisboa,2021,6,
Odivelas,Lisboa,2021,7,
Odivelas,Lisboa,2021,8,
Odivelas,Lisboa,2021,9,208.0
Odivelas,Lisboa,2021,10,321.0
Odivelas,Lisboa,2021,11,336.0
Odivelas,Lisboa,2021,12,391.0
Odivelas,Lisboa,2022,1,317.0
Odivelas,Lisboa,2022,2,327.0
Odivelas,Lisboa,2022,3,460.0
Odivelas,Lisboa,2022,4,309.0
Odivelas,Lisboa,2022,5,285.0
Odivelas,Lisboa,2022,6,193.0
Odivelas,Lisboa,2022,7,234.0
Odivelas,Lisboa,2022,8,188.0
Odivelas,Lisboa,2022,9,281.0
Odivelas,Lisboa,2022,10,226.0
Odivelas,Lisboa,2022,11,294.0
Odivelas,Lisboa,2022,12,359.0
Odivelas,Lisboa,2023,1,519.0
Odivelas,Lisboa,2023,2,428.0
Odivelas,Lisboa,2023,3,482.0
Odivelas,Lisboa,2023,4,547.0
Odivelas,Lisboa,2023,5,388.0
Odivelas,Lisboa,2023,6,659.0
Odivelas,Lisboa,2023,7,513.0
Odivelas,Lisboa,2023,8,693.0
Odivelas,Lisboa,2023,9,613.0
Odivelas,Lisboa,2023,10,489.0
Odivelas,Lisboa,2023,11,452.0
Odivelas,Lisboa,2023,12,419.0
Odivelas,Lisboa,2024,1,333.0
Odivelas,Lisboa,2024,2,347.0
Odivelas,Lisboa,2024,3,402.0
Odivelas,Lisboa,2024,4,629.0
Odivelas,Lisboa,2024,5,617.0
Odivelas,Lisboa,2024,6,580.0
Odivelas,Lisboa,2024,7,495.0
Odivelas,Lisboa,2024,8,934.0
Odivelas,Lisboa,2024,9,609.0
Odivelas,Lisboa,2024,10,572.0
Odivelas,Lisboa,2024,11,646.0
Odivelas,Lisboa,2024,12,523.0
Odivelas,Lisboa,2025,1,673.0
Odivelas,Lisboa,2025,2,499.0
Odivelas,Lisboa,2025,3,569.0
Odivelas,Lisboa,2025,4,607.0
Odivelas,Lisboa,2025,5,698.0
Odivelas,Lisboa,2025,6,568.0
Odivelas,Lisboa,2025,7,563.0
Odivelas,Lisboa,2025,8,669.0
Odivelas,Lisboa,2025,9,671.0
Odivelas,Lisboa,2025,10,525.0
Odivelas,Lisboa,2025,11,540.0
Odivelas,Lisboa,2025,12,445.0
Odivelas,Lisboa,2026,1,409.0
Odivelas,Lisboa,2026,2,351.0
Odivelas,Lisboa,2026,3,
Odivelas,Lisboa,2026,4,
Odivelas,Lisboa,2026,5,
Odivelas,Lisboa,2026,6,
Odivelas,Lisboa,2026,7,
Oeiras,Lisboa,2020,1,20845.0
Oeiras,Lisboa,2020,2,21161.0
Oeiras,Lisboa,2020,3,9376.0
Oeiras,Lisboa,2020,4,885.0
Oeiras,Lisboa,2020,5,1413.0
Oeiras,Lisboa,2020,6,2758.0
Oeiras,Lisboa,2020,7,9355.0
Oeiras,Lisboa,2020,8,11673.0
Oeiras,Lisboa,2020,9,9525.0
Oeiras,Lisboa,2020,10,8818.0
Oeiras,Lisboa,2020,11,6125.0
Oeiras,Lisboa,2020,12,5181.0
Oeiras,Lisboa,2021,1,3958.0
Oeiras,Lisboa,2021,2,2718.0
Oeiras,Lisboa,2021,3,3809.0
Oeiras,Lisboa,2021,4,4753.0
Oeiras,Lisboa,2021,5,8357.0
Oeiras,Lisboa,2021,6,11827.0
Oeiras,Lisboa,2021,7,14491.0
Oeiras,Lisboa,2021,8,22778.0
Oeiras,Lisboa,2021,9,21190.0
Oeiras,Lisboa,2021,10,26173.0
Oeiras,Lisboa,2021,11,19314.0
Oeiras,Lisboa,2021,12,14415.0
Oeiras,Lisboa,2022,1,11015.0
Oeiras,Lisboa,2022,2,17332.0
Oeiras,Lisboa,2022,3,21654.0
Oeiras,Lisboa,2022,4,39088.0
Oeiras,Lisboa,2022,5,36225.0
Oeiras,Lisboa,2022,6,39435.0
Oeiras,Lisboa,2022,7,46055.0
Oeiras,Lisboa,2022,8,53050.0
Oeiras,Lisboa,2022,9,40676.0
Oeiras,Lisboa,2022,10,38570.0
Oeiras,Lisboa,2022,11,27722.0
Oeiras,Lisboa,2022,12,23388.0
Oeiras,Lisboa,2023,1,24964.0
Oeiras,Lisboa,2023,2,28048.0
Oeiras,Lisboa,2023,3,36035.0
Oeiras,Lisboa,2023,4,40126.0
Oeiras,Lisboa,2023,5,45898.0
Oeiras,Lisboa,2023,6,42308.0
Oeiras,Lisboa,2023,7,50150.0
Oeiras,Lisboa,2023,8,58712.0
Oeiras,Lisboa,2023,9,45880.0
Oeiras,Lisboa,2023,10,45613.0
Oeiras,Lisboa,2023,11,32492.0
Oeiras,Lisboa,2023,12,27885.0
Oeiras,Lisboa,2024,1,22236.0
Oeiras,Lisboa,2024,2,30039.0
Oeiras,Lisboa,2024,3,40032.0
Oeiras,Lisboa,2024,4,42161.0
Oeiras,Lisboa,2024,5,49058.0
Oeiras,Lisboa,2024,6,47797.0
Oeiras,Lisboa,2024,7,55233.0
Oeiras,Lisboa,2024,8,60846.0
Oeiras,Lisboa,2024,9,49850.0
Oeiras,Lisboa,2024,10,48632.0
Oeiras,Lisboa,2024,11,38600.0
Oeiras,Lisboa,2024,12,30245.0
Oeiras,Lisboa,2025,1,27865.0
Oeiras,Lisboa,2025,2,31261.0
Oeiras,Lisboa,2025,3,37564.0
Oeiras,Lisboa,2025,4,45768.0
Oeiras,Lisboa,2025,5,48689.0
Oeiras,Lisboa,2025,6,46674.0
Oeiras,Lisboa,2025,7,53309.0
Oeiras,Lisboa,2025,8,55916.0
Oeiras,Lisboa,2025,9,47605.0
Oeiras,Lisboa,2025,10,45880.0
Oeiras,Lisboa,2025,11,34537.0
Oeiras,Lisboa,2025,12,32828.0
Oeiras,Lisboa,2026,1,28507.0
Oeiras,Lisboa,2026,2,29526.0
Oeiras,Lisboa,2026,3,36199.0
Oeiras,Lisboa,2026,4,38797.0
Oeiras,Lisboa,2026,5,43693.0
Oeiras,Lisboa,2026,6,44940.0
Oeiras,Lisboa,2026,7,48192.0
Oleiros,Castelo Branco,2020,1,
Oleiros,Castelo Branco,2020,2,571.0
Oleiros,Castelo Branco,2020,3,
Oleiros,Castelo Branco,2020,4,
Oleiros,Castelo Branco,2020,5,
Oleiros,Castelo Branco,2020,6,691.0
Oleiros,Castelo Branco,2020,7,1127.0
Oleiros,Castelo Branco,2020,8,1655.0
Oleiros,Castelo Branco,2020,9,1057.0
Oleiros,Castelo Branco,2020,10,646.0
Oleiros,Castelo Branco,2020,11,337.0
Oleiros,Castelo Branco,2020,12,
Oleiros,Castelo Branco,2021,1,
Oleiros,Castelo Branco,2021,2,
Oleiros,Castelo Branco,2021,3,
Oleiros,Castelo Branco,2021,4,391.0
Oleiros,Castelo Branco,2021,5,712.0
Oleiros,Castelo Branco,2021,6,927.0
Oleiros,Castelo Branco,2021,7,1297.0
Oleiros,Castelo Branco,2021,8,1742.0
Oleiros,Castelo Branco,2021,9,1148.0
Oleiros,Castelo Branco,2021,10,
Oleiros,Castelo Branco,2021,11,
Oleiros,Castelo Branco,2021,12,493.0
Oleiros,Castelo Branco,2022,1,
Oleiros,Castelo Branco,2022,2,
Oleiros,Castelo Branco,2022,3,
Oleiros,Castelo Branco,2022,4,
Oleiros,Castelo Branco,2022,5,
Oleiros,Castelo Branco,2022,6,871.0
Oleiros,Castelo Branco,2022,7,1283.0
Oleiros,Castelo Branco,2022,8,2036.0
Oleiros,Castelo Branco,2022,9,1049.0
Oleiros,Castelo Branco,2022,10,827.0
Oleiros,Castelo Branco,2022,11,
Oleiros,Castelo Branco,2022,12,741.0
Oleiros,Castelo Branco,2023,1,546.0
Oleiros,Castelo Branco,2023,2,
Oleiros,Castelo Branco,2023,3,
Oleiros,Castelo Branco,2023,4,894.0
Oleiros,Castelo Branco,2023,5,658.0
Oleiros,Castelo Branco,2023,6,1011.0
Oleiros,Castelo Branco,2023,7,1654.0
Oleiros,Castelo Branco,2023,8,2384.0
Oleiros,Castelo Branco,2023,9,1219.0
Oleiros,Castelo Branco,2023,10,738.0
Oleiros,Castelo Branco,2023,11,855.0
Oleiros,Castelo Branco,2023,12,716.0
Oleiros,Castelo Branco,2024,1,572.0
Oleiros,Castelo Branco,2024,2,652.0
Oleiros,Castelo Branco,2024,3,794.0
Oleiros,Castelo Branco,2024,4,1066.0
Oleiros,Castelo Branco,2024,5,1069.0
Oleiros,Castelo Branco,2024,6,1701.0
Oleiros,Castelo Branco,2024,7,1575.0
Oleiros,Castelo Branco,2024,8,1819.0
Oleiros,Castelo Branco,2024,9,1107.0
Oleiros,Castelo Branco,2024,10,733.0
Oleiros,Castelo Branco,2024,11,710.0
Oleiros,Castelo Branco,2024,12,529.0
Oleiros,Castelo Branco,2025,1,
Oleiros,Castelo Branco,2025,2,
Oleiros,Castelo Branco,2025,3,689.0
Oleiros,Castelo Branco,2025,4,881.0
Oleiros,Castelo Branco,2025,5,708.0
Oleiros,Castelo Branco,2025,6,1003.0
Oleiros,Castelo Branco,2025,7,1291.0
Oleiros,Castelo Branco,2025,8,1675.0
Oleiros,Castelo Branco,2025,9,1083.0
Oleiros,Castelo Branco,2025,10,657.0
Oleiros,Castelo Branco,2025,11,601.0
Oleiros,Castelo Branco,2025,12,700.0
Oleiros,Castelo Branco,2026,1,
Oleiros,Castelo Branco,2026,2,460.0
Oleiros,Castelo Branco,2026,3,841.0
Oleiros,Castelo Branco,2026,4,975.0
Oleiros,Castelo Branco,2026,5,1000.0
Oleiros,Castelo Branco,2026,6,1076.0
Oleiros,Castelo Branco,2026,7,1594.0
Olhão,Faro,2020,1,6430.0
Olhão,Faro,2020,2,8389.0
Olhão,Faro,2020,3,5137.0
Olhão,Faro,2020,4,
Olhão,Faro,2020,5,
Olhão,Faro,2020,6,2758.0
Olhão,Faro,2020,7,12003.0
Olhão,Faro,2020,8,22919.0
Olhão,Faro,2020,9,14326.0
Olhão,Faro,2020,10,7324.0
Olhão,Faro,2020,11,1795.0
Olhão,Faro,2020,12,1456.0
Olhão,Faro,2021,1,549.0
Olhão,Faro,2021,2,769.0
Olhão,Faro,2021,3,1038.0
Olhão,Faro,2021,4,1216.0
Olhão,Faro,2021,5,4989.0
Olhão,Faro,2021,6,13292.0
Olhão,Faro,2021,7,16455.0
Olhão,Faro,2021,8,31924.0
Olhão,Faro,2021,9,23316.0
Olhão,Faro,2021,10,16658.0
Olhão,Faro,2021,11,9006.0
Olhão,Faro,2021,12,4917.0
Olhão,Faro,2022,1,3259.0
Olhão,Faro,2022,2,6453.0
Olhão,Faro,2022,3,10565.0
Olhão,Faro,2022,4,17491.0
Olhão,Faro,2022,5,16956.0
Olhão,Faro,2022,6,22774.0
Olhão,Faro,2022,7,31005.0
Olhão,Faro,2022,8,36617.0
Olhão,Faro,2022,9,23848.0
Olhão,Faro,2022,10,17938.0
Olhão,Faro,2022,11,10076.0
Olhão,Faro,2022,12,7224.0
Olhão,Faro,2023,1,7536.0
Olhão,Faro,2023,2,9573.0
Olhão,Faro,2023,3,14028.0
Olhão,Faro,2023,4,20255.0
Olhão,Faro,2023,5,20671.0
Olhão,Faro,2023,6,22008.0
Olhão,Faro,2023,7,29685.0
Olhão,Faro,2023,8,37197.0
Olhão,Faro,2023,9,24449.0
Olhão,Faro,2023,10,20506.0
Olhão,Faro,2023,11,10881.0
Olhão,Faro,2023,12,8958.0
Olhão,Faro,2024,1,8912.0
Olhão,Faro,2024,2,11455.0
Olhão,Faro,2024,3,17750.0
Olhão,Faro,2024,4,21214.0
Olhão,Faro,2024,5,24582.0
Olhão,Faro,2024,6,26179.0
Olhão,Faro,2024,7,34043.0
Olhão,Faro,2024,8,43485.0
Olhão,Faro,2024,9,30445.0
Olhão,Faro,2024,10,25751.0
Olhão,Faro,2024,11,11234.0
Olhão,Faro,2024,12,9618.0
Olhão,Faro,2025,1,11326.0
Olhão,Faro,2025,2,13821.0
Olhão,Faro,2025,3,17317.0
Olhão,Faro,2025,4,23022.0
Olhão,Faro,2025,5,25122.0
Olhão,Faro,2025,6,27608.0
Olhão,Faro,2025,7,33626.0
Olhão,Faro,2025,8,41774.0
Olhão,Faro,2025,9,29569.0
Olhão,Faro,2025,10,24002.0
Olhão,Faro,2025,11,13205.0
Olhão,Faro,2025,12,11947.0
Olhão,Faro,2026,1,10359.0
Olhão,Faro,2026,2,13788.0
Olhão,Faro,2026,3,19123.0
Olhão,Faro,2026,4,24793.0
Olhão,Faro,2026,5,27130.0
Olhão,Faro,2026,6,29309.0
Olhão,Faro,2026,7,37475.0
Oliveira de Azeméis,Aveiro,2020,1,2267.0
Oliveira de Azeméis,Aveiro,2020,2,2449.0
Oliveira de Azeméis,Aveiro,2020,3,806.0
Oliveira de Azeméis,Aveiro,2020,4,
Oliveira de Azeméis,Aveiro,2020,5,135.0
Oliveira de Azeméis,Aveiro,2020,6,670.0
Oliveira de Azeméis,Aveiro,2020,7,1974.0
Oliveira de Azeméis,Aveiro,2020,8,2588.0
Oliveira de Azeméis,Aveiro,2020,9,1347.0
Oliveira de Azeméis,Aveiro,2020,10,1485.0
Oliveira de Azeméis,Aveiro,2020,11,
Oliveira de Azeméis,Aveiro,2020,12,
Oliveira de Azeméis,Aveiro,2021,1,
Oliveira de Azeméis,Aveiro,2021,2,
Oliveira de Azeméis,Aveiro,2021,3,
Oliveira de Azeméis,Aveiro,2021,4,
Oliveira de Azeméis,Aveiro,2021,5,1416.0
Oliveira de Azeméis,Aveiro,2021,6,2025.0
Oliveira de Azeméis,Aveiro,2021,7,2241.0
Oliveira de Azeméis,Aveiro,2021,8,3526.0
Oliveira de Azeméis,Aveiro,2021,9,2626.0
Oliveira de Azeméis,Aveiro,2021,10,2544.0
Oliveira de Azeméis,Aveiro,2021,11,1641.0
Oliveira de Azeméis,Aveiro,2021,12,2142.0
Oliveira de Azeméis,Aveiro,2022,1,1275.0
Oliveira de Azeméis,Aveiro,2022,2,1954.0
Oliveira de Azeméis,Aveiro,2022,3,1894.0
Oliveira de Azeméis,Aveiro,2022,4,3425.0
Oliveira de Azeméis,Aveiro,2022,5,3011.0
Oliveira de Azeméis,Aveiro,2022,6,3384.0
Oliveira de Azeméis,Aveiro,2022,7,4533.0
Oliveira de Azeméis,Aveiro,2022,8,6243.0
Oliveira de Azeméis,Aveiro,2022,9,3632.0
Oliveira de Azeméis,Aveiro,2022,10,
Oliveira de Azeméis,Aveiro,2022,11,
Oliveira de Azeméis,Aveiro,2022,12,2948.0
Oliveira de Azeméis,Aveiro,2023,1,2148.0
Oliveira de Azeméis,Aveiro,2023,2,2791.0
Oliveira de Azeméis,Aveiro,2023,3,2429.0
Oliveira de Azeméis,Aveiro,2023,4,
Oliveira de Azeméis,Aveiro,2023,5,
Oliveira de Azeméis,Aveiro,2023,6,3626.0
Oliveira de Azeméis,Aveiro,2023,7,4140.0
Oliveira de Azeméis,Aveiro,2023,8,5435.0
Oliveira de Azeméis,Aveiro,2023,9,4361.0
Oliveira de Azeméis,Aveiro,2023,10,3199.0
Oliveira de Azeméis,Aveiro,2023,11,2322.0
Oliveira de Azeméis,Aveiro,2023,12,2666.0
Oliveira de Azeméis,Aveiro,2024,1,
Oliveira de Azeméis,Aveiro,2024,2,
Oliveira de Azeméis,Aveiro,2024,3,
Oliveira de Azeméis,Aveiro,2024,4,
Oliveira de Azeméis,Aveiro,2024,5,3702.0
Oliveira de Azeméis,Aveiro,2024,6,3256.0
Oliveira de Azeméis,Aveiro,2024,7,3690.0
Oliveira de Azeméis,Aveiro,2024,8,5188.0
Oliveira de Azeméis,Aveiro,2024,9,2800.0
Oliveira de Azeméis,Aveiro,2024,10,3210.0
Oliveira de Azeméis,Aveiro,2024,11,2671.0
Oliveira de Azeméis,Aveiro,2024,12,
Oliveira de Azeméis,Aveiro,2025,1,2020.0
Oliveira de Azeméis,Aveiro,2025,2,2169.0
Oliveira de Azeméis,Aveiro,2025,3,2434.0
Oliveira de Azeméis,Aveiro,2025,4,3578.0
Oliveira de Azeméis,Aveiro,2025,5,4126.0
Oliveira de Azeméis,Aveiro,2025,6,3557.0
Oliveira de Azeméis,Aveiro,2025,7,4194.0
Oliveira de Azeméis,Aveiro,2025,8,5212.0
Oliveira de Azeméis,Aveiro,2025,9,3631.0
Oliveira de Azeméis,Aveiro,2025,10,2999.0
Oliveira de Azeméis,Aveiro,2025,11,2484.0
Oliveira de Azeméis,Aveiro,2025,12,2531.0
Oliveira de Azeméis,Aveiro,2026,1,2197.0
Oliveira de Azeméis,Aveiro,2026,2,2038.0
Oliveira de Azeméis,Aveiro,2026,3,2277.0
Oliveira de Azeméis,Aveiro,2026,4,2766.0
Oliveira de Azeméis,Aveiro,2026,5,3370.0
Oliveira de Azeméis,Aveiro,2026,6,3435.0
Oliveira de Azeméis,Aveiro,2026,7,3619.0
Oliveira de Frades,Viseu,2020,1,266.0
Oliveira de Frades,Viseu,2020,2,488.0
Oliveira de Frades,Viseu,2020,3,
Oliveira de Frades,Viseu,2020,4,
Oliveira de Frades,Viseu,2020,5,
Oliveira de Frades,Viseu,2020,6,286.0
Oliveira de Frades,Viseu,2020,7,466.0
Oliveira de Frades,Viseu,2020,8,368.0
Oliveira de Frades,Viseu,2020,9,388.0
Oliveira de Frades,Viseu,2020,10,199.0
Oliveira de Frades,Viseu,2020,11,
Oliveira de Frades,Viseu,2020,12,
Oliveira de Frades,Viseu,2021,1,
Oliveira de Frades,Viseu,2021,2,
Oliveira de Frades,Viseu,2021,3,
Oliveira de Frades,Viseu,2021,4,274.0
Oliveira de Frades,Viseu,2021,5,422.0
Oliveira de Frades,Viseu,2021,6,751.0
Oliveira de Frades,Viseu,2021,7,890.0
Oliveira de Frades,Viseu,2021,8,1124.0
Oliveira de Frades,Viseu,2021,9,1069.0
Oliveira de Frades,Viseu,2021,10,1158.0
Oliveira de Frades,Viseu,2021,11,676.0
Oliveira de Frades,Viseu,2021,12,452.0
Oliveira de Frades,Viseu,2022,1,545.0
Oliveira de Frades,Viseu,2022,2,545.0
Oliveira de Frades,Viseu,2022,3,471.0
Oliveira de Frades,Viseu,2022,4,823.0
Oliveira de Frades,Viseu,2022,5,826.0
Oliveira de Frades,Viseu,2022,6,551.0
Oliveira de Frades,Viseu,2022,7,680.0
Oliveira de Frades,Viseu,2022,8,1316.0
Oliveira de Frades,Viseu,2022,9,634.0
Oliveira de Frades,Viseu,2022,10,576.0
Oliveira de Frades,Viseu,2022,11,515.0
Oliveira de Frades,Viseu,2022,12,653.0
Oliveira de Frades,Viseu,2023,1,617.0
Oliveira de Frades,Viseu,2023,2,571.0
Oliveira de Frades,Viseu,2023,3,
Oliveira de Frades,Viseu,2023,4,
Oliveira de Frades,Viseu,2023,5,1045.0
Oliveira de Frades,Viseu,2023,6,955.0
Oliveira de Frades,Viseu,2023,7,886.0
Oliveira de Frades,Viseu,2023,8,1570.0
Oliveira de Frades,Viseu,2023,9,1001.0
Oliveira de Frades,Viseu,2023,10,883.0
Oliveira de Frades,Viseu,2023,11,661.0
Oliveira de Frades,Viseu,2023,12,675.0
Oliveira de Frades,Viseu,2024,1,426.0
Oliveira de Frades,Viseu,2024,2,390.0
Oliveira de Frades,Viseu,2024,3,438.0
Oliveira de Frades,Viseu,2024,4,569.0
Oliveira de Frades,Viseu,2024,5,726.0
Oliveira de Frades,Viseu,2024,6,659.0
Oliveira de Frades,Viseu,2024,7,802.0
Oliveira de Frades,Viseu,2024,8,1260.0
Oliveira de Frades,Viseu,2024,9,880.0
Oliveira de Frades,Viseu,2024,10,525.0
Oliveira de Frades,Viseu,2024,11,649.0
Oliveira de Frades,Viseu,2024,12,875.0
Oliveira de Frades,Viseu,2025,1,390.0
Oliveira de Frades,Viseu,2025,2,377.0
Oliveira de Frades,Viseu,2025,3,578.0
Oliveira de Frades,Viseu,2025,4,494.0
Oliveira de Frades,Viseu,2025,5,407.0
Oliveira de Frades,Viseu,2025,6,583.0
Oliveira de Frades,Viseu,2025,7,602.0
Oliveira de Frades,Viseu,2025,8,942.0
Oliveira de Frades,Viseu,2025,9,494.0
Oliveira de Frades,Viseu,2025,10,303.0
Oliveira de Frades,Viseu,2025,11,376.0
Oliveira de Frades,Viseu,2025,12,328.0
Oliveira de Frades,Viseu,2026,1,368.0
Oliveira de Frades,Viseu,2026,2,350.0
Oliveira de Frades,Viseu,2026,3,460.0
Oliveira de Frades,Viseu,2026,4,739.0
Oliveira de Frades,Viseu,2026,5,905.0
Oliveira de Frades,Viseu,2026,6,529.0
Oliveira de Frades,Viseu,2026,7,871.0
Oliveira do Bairro,Aveiro,2020,1,671.0
Oliveira do Bairro,Aveiro,2020,2,
Oliveira do Bairro,Aveiro,2020,3,350.0
Oliveira do Bairro,Aveiro,2020,4,
Oliveira do Bairro,Aveiro,2020,5,239.0
Oliveira do Bairro,Aveiro,2020,6,239.0
Oliveira do Bairro,Aveiro,2020,7,420.0
Oliveira do Bairro,Aveiro,2020,8,987.0
Oliveira do Bairro,Aveiro,2020,9,973.0
Oliveira do Bairro,Aveiro,2020,10,744.0
Oliveira do Bairro,Aveiro,2020,11,514.0
Oliveira do Bairro,Aveiro,2020,12,556.0
Oliveira do Bairro,Aveiro,2021,1,369.0
Oliveira do Bairro,Aveiro,2021,2,368.0
Oliveira do Bairro,Aveiro,2021,3,508.0
Oliveira do Bairro,Aveiro,2021,4,534.0
Oliveira do Bairro,Aveiro,2021,5,706.0
Oliveira do Bairro,Aveiro,2021,6,855.0
Oliveira do Bairro,Aveiro,2021,7,899.0
Oliveira do Bairro,Aveiro,2021,8,1531.0
Oliveira do Bairro,Aveiro,2021,9,933.0
Oliveira do Bairro,Aveiro,2021,10,922.0
Oliveira do Bairro,Aveiro,2021,11,884.0
Oliveira do Bairro,Aveiro,2021,12,774.0
Oliveira do Bairro,Aveiro,2022,1,768.0
Oliveira do Bairro,Aveiro,2022,2,806.0
Oliveira do Bairro,Aveiro,2022,3,724.0
Oliveira do Bairro,Aveiro,2022,4,1240.0
Oliveira do Bairro,Aveiro,2022,5,1161.0
Oliveira do Bairro,Aveiro,2022,6,1182.0
Oliveira do Bairro,Aveiro,2022,7,1809.0
Oliveira do Bairro,Aveiro,2022,8,1513.0
Oliveira do Bairro,Aveiro,2022,9,985.0
Oliveira do Bairro,Aveiro,2022,10,894.0
Oliveira do Bairro,Aveiro,2022,11,574.0
Oliveira do Bairro,Aveiro,2022,12,745.0
Oliveira do Bairro,Aveiro,2023,1,925.0
Oliveira do Bairro,Aveiro,2023,2,699.0
Oliveira do Bairro,Aveiro,2023,3,805.0
Oliveira do Bairro,Aveiro,2023,4,955.0
Oliveira do Bairro,Aveiro,2023,5,1183.0
Oliveira do Bairro,Aveiro,2023,6,1105.0
Oliveira do Bairro,Aveiro,2023,7,1531.0
Oliveira do Bairro,Aveiro,2023,8,1546.0
Oliveira do Bairro,Aveiro,2023,9,839.0
Oliveira do Bairro,Aveiro,2023,10,938.0
Oliveira do Bairro,Aveiro,2023,11,596.0
Oliveira do Bairro,Aveiro,2023,12,1087.0
Oliveira do Bairro,Aveiro,2024,1,525.0
Oliveira do Bairro,Aveiro,2024,2,883.0
Oliveira do Bairro,Aveiro,2024,3,944.0
Oliveira do Bairro,Aveiro,2024,4,941.0
Oliveira do Bairro,Aveiro,2024,5,1116.0
Oliveira do Bairro,Aveiro,2024,6,1427.0
Oliveira do Bairro,Aveiro,2024,7,1201.0
Oliveira do Bairro,Aveiro,2024,8,1615.0
Oliveira do Bairro,Aveiro,2024,9,1004.0
Oliveira do Bairro,Aveiro,2024,10,970.0
Oliveira do Bairro,Aveiro,2024,11,793.0
Oliveira do Bairro,Aveiro,2024,12,687.0
Oliveira do Bairro,Aveiro,2025,1,431.0
Oliveira do Bairro,Aveiro,2025,2,551.0
Oliveira do Bairro,Aveiro,2025,3,839.0
Oliveira do Bairro,Aveiro,2025,4,1277.0
Oliveira do Bairro,Aveiro,2025,5,1359.0
Oliveira do Bairro,Aveiro,2025,6,1037.0
Oliveira do Bairro,Aveiro,2025,7,1688.0
Oliveira do Bairro,Aveiro,2025,8,1797.0
Oliveira do Bairro,Aveiro,2025,9,887.0
Oliveira do Bairro,Aveiro,2025,10,1003.0
Oliveira do Bairro,Aveiro,2025,11,903.0
Oliveira do Bairro,Aveiro,2025,12,813.0
Oliveira do Bairro,Aveiro,2026,1,538.0
Oliveira do Bairro,Aveiro,2026,2,378.0
Oliveira do Bairro,Aveiro,2026,3,
Oliveira do Bairro,Aveiro,2026,4,922.0
Oliveira do Bairro,Aveiro,2026,5,899.0
Oliveira do Bairro,Aveiro,2026,6,810.0
Oliveira do Bairro,Aveiro,2026,7,903.0
Oliveira do Hospital,Coimbra,2020,1,2411.0
Oliveira do Hospital,Coimbra,2020,2,2698.0
Oliveira do Hospital,Coimbra,2020,3,1008.0
Oliveira do Hospital,Coimbra,2020,4,
Oliveira do Hospital,Coimbra,2020,5,
Oliveira do Hospital,Coimbra,2020,6,1663.0
Oliveira do Hospital,Coimbra,2020,7,3832.0
Oliveira do Hospital,Coimbra,2020,8,8167.0
Oliveira do Hospital,Coimbra,2020,9,4109.0
Oliveira do Hospital,Coimbra,2020,10,2795.0
Oliveira do Hospital,Coimbra,2020,11,1351.0
Oliveira do Hospital,Coimbra,2020,12,2061.0
Oliveira do Hospital,Coimbra,2021,1,876.0
Oliveira do Hospital,Coimbra,2021,2,168.0
Oliveira do Hospital,Coimbra,2021,3,283.0
Oliveira do Hospital,Coimbra,2021,4,722.0
Oliveira do Hospital,Coimbra,2021,5,2135.0
Oliveira do Hospital,Coimbra,2021,6,2912.0
Oliveira do Hospital,Coimbra,2021,7,3939.0
Oliveira do Hospital,Coimbra,2021,8,7894.0
Oliveira do Hospital,Coimbra,2021,9,3816.0
Oliveira do Hospital,Coimbra,2021,10,3221.0
Oliveira do Hospital,Coimbra,2021,11,2134.0
Oliveira do Hospital,Coimbra,2021,12,3021.0
Oliveira do Hospital,Coimbra,2022,1,2222.0
Oliveira do Hospital,Coimbra,2022,2,2590.0
Oliveira do Hospital,Coimbra,2022,3,2050.0
Oliveira do Hospital,Coimbra,2022,4,3044.0
Oliveira do Hospital,Coimbra,2022,5,2191.0
Oliveira do Hospital,Coimbra,2022,6,3028.0
Oliveira do Hospital,Coimbra,2022,7,4253.0
Oliveira do Hospital,Coimbra,2022,8,7373.0
Oliveira do Hospital,Coimbra,2022,9,3240.0
Oliveira do Hospital,Coimbra,2022,10,2651.0
Oliveira do Hospital,Coimbra,2022,11,2679.0
Oliveira do Hospital,Coimbra,2022,12,3011.0
Oliveira do Hospital,Coimbra,2023,1,2487.0
Oliveira do Hospital,Coimbra,2023,2,3599.0
Oliveira do Hospital,Coimbra,2023,3,3007.0
Oliveira do Hospital,Coimbra,2023,4,3346.0
Oliveira do Hospital,Coimbra,2023,5,2572.0
Oliveira do Hospital,Coimbra,2023,6,2979.0
Oliveira do Hospital,Coimbra,2023,7,4735.0
Oliveira do Hospital,Coimbra,2023,8,7910.0
Oliveira do Hospital,Coimbra,2023,9,3552.0
Oliveira do Hospital,Coimbra,2023,10,2826.0
Oliveira do Hospital,Coimbra,2023,11,1622.0
Oliveira do Hospital,Coimbra,2023,12,3478.0
Oliveira do Hospital,Coimbra,2024,1,2472.0
Oliveira do Hospital,Coimbra,2024,2,2871.0
Oliveira do Hospital,Coimbra,2024,3,3204.0
Oliveira do Hospital,Coimbra,2024,4,2853.0
Oliveira do Hospital,Coimbra,2024,5,2523.0
Oliveira do Hospital,Coimbra,2024,6,3203.0
Oliveira do Hospital,Coimbra,2024,7,4584.0
Oliveira do Hospital,Coimbra,2024,8,8742.0
Oliveira do Hospital,Coimbra,2024,9,4115.0
Oliveira do Hospital,Coimbra,2024,10,2453.0
Oliveira do Hospital,Coimbra,2024,11,2178.0
Oliveira do Hospital,Coimbra,2024,12,3201.0
Oliveira do Hospital,Coimbra,2025,1,2216.0
Oliveira do Hospital,Coimbra,2025,2,2644.0
Oliveira do Hospital,Coimbra,2025,3,2625.0
Oliveira do Hospital,Coimbra,2025,4,3278.0
Oliveira do Hospital,Coimbra,2025,5,2382.0
Oliveira do Hospital,Coimbra,2025,6,3373.0
Oliveira do Hospital,Coimbra,2025,7,5229.0
Oliveira do Hospital,Coimbra,2025,8,6788.0
Oliveira do Hospital,Coimbra,2025,9,3216.0
Oliveira do Hospital,Coimbra,2025,10,2550.0
Oliveira do Hospital,Coimbra,2025,11,2112.0
Oliveira do Hospital,Coimbra,2025,12,3685.0
Oliveira do Hospital,Coimbra,2026,1,2741.0
Oliveira do Hospital,Coimbra,2026,2,2341.0
Oliveira do Hospital,Coimbra,2026,3,2149.0
Oliveira do Hospital,Coimbra,2026,4,3164.0
Oliveira do Hospital,Coimbra,2026,5,3406.0
Oliveira do Hospital,Coimbra,2026,6,3572.0
Oliveira do Hospital,Coimbra,2026,7,5519.0
Ourique,Beja,2020,1,634.0
Ourique,Beja,2020,2,629.0
Ourique,Beja,2020,3,272.0
Ourique,Beja,2020,4,
Ourique,Beja,2020,5,
Ourique,Beja,2020,6,757.0
Ourique,Beja,2020,7,1170.0
Ourique,Beja,2020,8,1695.0
Ourique,Beja,2020,9,1033.0
Ourique,Beja,2020,10,372.0
Ourique,Beja,2020,11,306.0
Ourique,Beja,2020,12,196.0
Ourique,Beja,2021,1,
Ourique,Beja,2021,2,
Ourique,Beja,2021,3,
Ourique,Beja,2021,4,258.0
Ourique,Beja,2021,5,495.0
Ourique,Beja,2021,6,1003.0
Ourique,Beja,2021,7,1525.0
Ourique,Beja,2021,8,2598.0
Ourique,Beja,2021,9,959.0
Ourique,Beja,2021,10,
Ourique,Beja,2021,11,373.0
Ourique,Beja,2021,12,442.0
Ourique,Beja,2022,1,543.0
Ourique,Beja,2022,2,615.0
Ourique,Beja,2022,3,511.0
Ourique,Beja,2022,4,180.0
Ourique,Beja,2022,5,512.0
Ourique,Beja,2022,6,734.0
Ourique,Beja,2022,7,1329.0
Ourique,Beja,2022,8,1826.0
Ourique,Beja,2022,9,1363.0
Ourique,Beja,2022,10,
Ourique,Beja,2022,11,
Ourique,Beja,2022,12,200.0
Ourique,Beja,2023,1,288.0
Ourique,Beja,2023,2,377.0
Ourique,Beja,2023,3,677.0
Ourique,Beja,2023,4,880.0
Ourique,Beja,2023,5,1149.0
Ourique,Beja,2023,6,1066.0
Ourique,Beja,2023,7,1889.0
Ourique,Beja,2023,8,1996.0
Ourique,Beja,2023,9,1436.0
Ourique,Beja,2023,10,1010.0
Ourique,Beja,2023,11,812.0
Ourique,Beja,2023,12,602.0
Ourique,Beja,2024,1,570.0
Ourique,Beja,2024,2,581.0
Ourique,Beja,2024,3,784.0
Ourique,Beja,2024,4,1054.0
Ourique,Beja,2024,5,1372.0
Ourique,Beja,2024,6,1321.0
Ourique,Beja,2024,7,1841.0
Ourique,Beja,2024,8,2137.0
Ourique,Beja,2024,9,1619.0
Ourique,Beja,2024,10,1090.0
Ourique,Beja,2024,11,832.0
Ourique,Beja,2024,12,700.0
Ourique,Beja,2025,1,719.0
Ourique,Beja,2025,2,682.0
Ourique,Beja,2025,3,810.0
Ourique,Beja,2025,4,1131.0
Ourique,Beja,2025,5,1344.0
Ourique,Beja,2025,6,1451.0
Ourique,Beja,2025,7,1982.0
Ourique,Beja,2025,8,2189.0
Ourique,Beja,2025,9,1601.0
Ourique,Beja,2025,10,825.0
Ourique,Beja,2025,11,769.0
Ourique,Beja,2025,12,409.0
Ourique,Beja,2026,1,425.0
Ourique,Beja,2026,2,670.0
Ourique,Beja,2026,3,984.0
Ourique,Beja,2026,4,1429.0
Ourique,Beja,2026,5,1504.0
Ourique,Beja,2026,6,1658.0
Ourique,Beja,2026,7,2250.0
Ourém,Santarém,2020,1,34624.0
Ourém,Santarém,2020,2,43607.0
Ourém,Santarém,2020,3,16371.0
Ourém,Santarém,2020,4,1649.0
Ourém,Santarém,2020,5,1581.0
Ourém,Santarém,2020,6,9172.0
Ourém,Santarém,2020,7,15391.0
Ourém,Santarém,2020,8,47633.0
Ourém,Santarém,2020,9,28481.0
Ourém,Santarém,2020,10,19960.0
Ourém,Santarém,2020,11,5828.0
Ourém,Santarém,2020,12,6139.0
Ourém,Santarém,2021,1,3919.0
Ourém,Santarém,2021,2,1606.0
Ourém,Santarém,2021,3,3028.0
Ourém,Santarém,2021,4,9205.0
Ourém,Santarém,2021,5,28862.0
Ourém,Santarém,2021,6,31136.0
Ourém,Santarém,2021,7,36685.0
Ourém,Santarém,2021,8,71881.0
Ourém,Santarém,2021,9,55987.0
Ourém,Santarém,2021,10,70976.0
Ourém,Santarém,2021,11,42613.0
Ourém,Santarém,2021,12,22128.0
Ourém,Santarém,2022,1,12529.0
Ourém,Santarém,2022,2,25083.0
Ourém,Santarém,2022,3,36072.0
Ourém,Santarém,2022,4,73153.0
Ourém,Santarém,2022,5,82659.0
Ourém,Santarém,2022,6,78235.0
Ourém,Santarém,2022,7,88350.0
Ourém,Santarém,2022,8,128657.0
Ourém,Santarém,2022,9,114399.0
Ourém,Santarém,2022,10,120503.0
Ourém,Santarém,2022,11,64339.0
Ourém,Santarém,2022,12,37338.0
Ourém,Santarém,2023,1,29079.0
Ourém,Santarém,2023,2,42317.0
Ourém,Santarém,2023,3,58072.0
Ourém,Santarém,2023,4,107653.0
Ourém,Santarém,2023,5,114814.0
Ourém,Santarém,2023,6,106569.0
Ourém,Santarém,2023,7,114935.0
Ourém,Santarém,2023,8,152964.0
Ourém,Santarém,2023,9,145149.0
Ourém,Santarém,2023,10,141454.0
Ourém,Santarém,2023,11,84072.0
Ourém,Santarém,2023,12,54702.0
Ourém,Santarém,2024,1,39048.0
Ourém,Santarém,2024,2,55807.0
Ourém,Santarém,2024,3,88381.0
Ourém,Santarém,2024,4,118114.0
Ourém,Santarém,2024,5,135857.0
Ourém,Santarém,2024,6,116437.0
Ourém,Santarém,2024,7,107723.0
Ourém,Santarém,2024,8,149070.0
Ourém,Santarém,2024,9,146750.0
Ourém,Santarém,2024,10,153333.0
Ourém,Santarém,2024,11,95178.0
Ourém,Santarém,2024,12,50059.0
Ourém,Santarém,2025,1,42450.0
Ourém,Santarém,2025,2,51407.0
Ourém,Santarém,2025,3,87326.0
Ourém,Santarém,2025,4,110279.0
Ourém,Santarém,2025,5,140816.0
Ourém,Santarém,2025,6,112650.0
Ourém,Santarém,2025,7,111305.0
Ourém,Santarém,2025,8,150004.0
Ourém,Santarém,2025,9,153442.0
Ourém,Santarém,2025,10,160364.0
Ourém,Santarém,2025,11,98435.0
Ourém,Santarém,2025,12,64106.0
Ourém,Santarém,2026,1,44886.0
Ourém,Santarém,2026,2,60046.0
Ourém,Santarém,2026,3,66930.0
Ourém,Santarém,2026,4,116479.0
Ourém,Santarém,2026,5,135610.0
Ourém,Santarém,2026,6,101428.0
Ourém,Santarém,2026,7,109043.0
Ovar,Aveiro,2020,1,3851.0
Ovar,Aveiro,2020,2,5462.0
Ovar,Aveiro,2020,3,2247.0
Ovar,Aveiro,2020,4,
Ovar,Aveiro,2020,5,
Ovar,Aveiro,2020,6,2370.0
Ovar,Aveiro,2020,7,5752.0
Ovar,Aveiro,2020,8,9855.0
Ovar,Aveiro,2020,9,5920.0
Ovar,Aveiro,2020,10,4360.0
Ovar,Aveiro,2020,11,2865.0
Ovar,Aveiro,2020,12,2497.0
Ovar,Aveiro,2021,1,1683.0
Ovar,Aveiro,2021,2,1995.0
Ovar,Aveiro,2021,3,1652.0
Ovar,Aveiro,2021,4,1792.0
Ovar,Aveiro,2021,5,4257.0
Ovar,Aveiro,2021,6,6637.0
Ovar,Aveiro,2021,7,7208.0
Ovar,Aveiro,2021,8,14060.0
Ovar,Aveiro,2021,9,9170.0
Ovar,Aveiro,2021,10,8781.0
Ovar,Aveiro,2021,11,5454.0
Ovar,Aveiro,2021,12,5901.0
Ovar,Aveiro,2022,1,4666.0
Ovar,Aveiro,2022,2,6193.0
Ovar,Aveiro,2022,3,6250.0
Ovar,Aveiro,2022,4,8597.0
Ovar,Aveiro,2022,5,10297.0
Ovar,Aveiro,2022,6,11541.0
Ovar,Aveiro,2022,7,12837.0
Ovar,Aveiro,2022,8,16138.0
Ovar,Aveiro,2022,9,11636.0
Ovar,Aveiro,2022,10,9911.0
Ovar,Aveiro,2022,11,5816.0
Ovar,Aveiro,2022,12,6308.0
Ovar,Aveiro,2023,1,4297.0
Ovar,Aveiro,2023,2,4857.0
Ovar,Aveiro,2023,3,7313.0
Ovar,Aveiro,2023,4,9350.0
Ovar,Aveiro,2023,5,10483.0
Ovar,Aveiro,2023,6,11134.0
Ovar,Aveiro,2023,7,13232.0
Ovar,Aveiro,2023,8,16735.0
Ovar,Aveiro,2023,9,12628.0
Ovar,Aveiro,2023,10,10209.0
Ovar,Aveiro,2023,11,6369.0
Ovar,Aveiro,2023,12,6508.0
Ovar,Aveiro,2024,1,4124.0
Ovar,Aveiro,2024,2,5974.0
Ovar,Aveiro,2024,3,7838.0
Ovar,Aveiro,2024,4,8635.0
Ovar,Aveiro,2024,5,10689.0
Ovar,Aveiro,2024,6,10075.0
Ovar,Aveiro,2024,7,13276.0
Ovar,Aveiro,2024,8,15853.0
Ovar,Aveiro,2024,9,12019.0
Ovar,Aveiro,2024,10,9103.0
Ovar,Aveiro,2024,11,6874.0
Ovar,Aveiro,2024,12,5503.0
Ovar,Aveiro,2025,1,4709.0
Ovar,Aveiro,2025,2,5321.0
Ovar,Aveiro,2025,3,8523.0
Ovar,Aveiro,2025,4,8999.0
Ovar,Aveiro,2025,5,11804.0
Ovar,Aveiro,2025,6,10959.0
Ovar,Aveiro,2025,7,13640.0
Ovar,Aveiro,2025,8,15573.0
Ovar,Aveiro,2025,9,11853.0
Ovar,Aveiro,2025,10,9059.0
Ovar,Aveiro,2025,11,5735.0
Ovar,Aveiro,2025,12,4748.0
Ovar,Aveiro,2026,1,3020.0
Ovar,Aveiro,2026,2,4647.0
Ovar,Aveiro,2026,3,4817.0
Ovar,Aveiro,2026,4,7841.0
Ovar,Aveiro,2026,5,9083.0
Ovar,Aveiro,2026,6,10319.0
Ovar,Aveiro,2026,7,14163.0
Palmela,Setúbal,2020,1,4031.0
Palmela,Setúbal,2020,2,4777.0
Palmela,Setúbal,2020,3,3236.0
Palmela,Setúbal,2020,4,
Palmela,Setúbal,2020,5,
Palmela,Setúbal,2020,6,2123.0
Palmela,Setúbal,2020,7,3654.0
Palmela,Setúbal,2020,8,9114.0
Palmela,Setúbal,2020,9,3543.0
Palmela,Setúbal,2020,10,2266.0
Palmela,Setúbal,2020,11,1285.0
Palmela,Setúbal,2020,12,1076.0
Palmela,Setúbal,2021,1,
Palmela,Setúbal,2021,2,
Palmela,Setúbal,2021,3,1015.0
Palmela,Setúbal,2021,4,1701.0
Palmela,Setúbal,2021,5,4169.0
Palmela,Setúbal,2021,6,2984.0
Palmela,Setúbal,2021,7,5352.0
Palmela,Setúbal,2021,8,10093.0
Palmela,Setúbal,2021,9,5189.0
Palmela,Setúbal,2021,10,4904.0
Palmela,Setúbal,2021,11,3476.0
Palmela,Setúbal,2021,12,1984.0
Palmela,Setúbal,2022,1,2444.0
Palmela,Setúbal,2022,2,3540.0
Palmela,Setúbal,2022,3,6034.0
Palmela,Setúbal,2022,4,7815.0
Palmela,Setúbal,2022,5,5739.0
Palmela,Setúbal,2022,6,7740.0
Palmela,Setúbal,2022,7,9635.0
Palmela,Setúbal,2022,8,12188.0
Palmela,Setúbal,2022,9,8292.0
Palmela,Setúbal,2022,10,8446.0
Palmela,Setúbal,2022,11,5488.0
Palmela,Setúbal,2022,12,3896.0
Palmela,Setúbal,2023,1,3543.0
Palmela,Setúbal,2023,2,5580.0
Palmela,Setúbal,2023,3,7147.0
Palmela,Setúbal,2023,4,7709.0
Palmela,Setúbal,2023,5,6922.0
Palmela,Setúbal,2023,6,8129.0
Palmela,Setúbal,2023,7,9362.0
Palmela,Setúbal,2023,8,11692.0
Palmela,Setúbal,2023,9,9255.0
Palmela,Setúbal,2023,10,7215.0
Palmela,Setúbal,2023,11,3964.0
Palmela,Setúbal,2023,12,4189.0
Palmela,Setúbal,2024,1,2365.0
Palmela,Setúbal,2024,2,2534.0
Palmela,Setúbal,2024,3,3578.0
Palmela,Setúbal,2024,4,3949.0
Palmela,Setúbal,2024,5,5310.0
Palmela,Setúbal,2024,6,5514.0
Palmela,Setúbal,2024,7,7668.0
Palmela,Setúbal,2024,8,9580.0
Palmela,Setúbal,2024,9,6394.0
Palmela,Setúbal,2024,10,4631.0
Palmela,Setúbal,2024,11,2966.0
Palmela,Setúbal,2024,12,2951.0
Palmela,Setúbal,2025,1,2962.0
Palmela,Setúbal,2025,2,3320.0
Palmela,Setúbal,2025,3,3853.0
Palmela,Setúbal,2025,4,4350.0
Palmela,Setúbal,2025,5,5624.0
Palmela,Setúbal,2025,6,5734.0
Palmela,Setúbal,2025,7,7816.0
Palmela,Setúbal,2025,8,9193.0
Palmela,Setúbal,2025,9,5596.0
Palmela,Setúbal,2025,10,4458.0
Palmela,Setúbal,2025,11,3052.0
Palmela,Setúbal,2025,12,2815.0
Palmela,Setúbal,2026,1,2576.0
Palmela,Setúbal,2026,2,3057.0
Palmela,Setúbal,2026,3,3620.0
Palmela,Setúbal,2026,4,4489.0
Palmela,Setúbal,2026,5,5201.0
Palmela,Setúbal,2026,6,5552.0
Palmela,Setúbal,2026,7,8392.0
Pampilhosa da Serra,Coimbra,2020,1,831.0
Pampilhosa da Serra,Coimbra,2020,2,1174.0
Pampilhosa da Serra,Coimbra,2020,3,266.0
Pampilhosa da Serra,Coimbra,2020,4,
Pampilhosa da Serra,Coimbra,2020,5,
Pampilhosa da Serra,Coimbra,2020,6,335.0
Pampilhosa da Serra,Coimbra,2020,7,827.0
Pampilhosa da Serra,Coimbra,2020,8,1289.0
Pampilhosa da Serra,Coimbra,2020,9,812.0
Pampilhosa da Serra,Coimbra,2020,10,380.0
Pampilhosa da Serra,Coimbra,2020,11,
Pampilhosa da Serra,Coimbra,2020,12,239.0
Pampilhosa da Serra,Coimbra,2021,1,
Pampilhosa da Serra,Coimbra,2021,2,
Pampilhosa da Serra,Coimbra,2021,3,469.0
Pampilhosa da Serra,Coimbra,2021,4,423.0
Pampilhosa da Serra,Coimbra,2021,5,525.0
Pampilhosa da Serra,Coimbra,2021,6,620.0
Pampilhosa da Serra,Coimbra,2021,7,922.0
Pampilhosa da Serra,Coimbra,2021,8,1228.0
Pampilhosa da Serra,Coimbra,2021,9,725.0
Pampilhosa da Serra,Coimbra,2021,10,540.0
Pampilhosa da Serra,Coimbra,2021,11,340.0
Pampilhosa da Serra,Coimbra,2021,12,431.0
Pampilhosa da Serra,Coimbra,2022,1,365.0
Pampilhosa da Serra,Coimbra,2022,2,378.0
Pampilhosa da Serra,Coimbra,2022,3,448.0
Pampilhosa da Serra,Coimbra,2022,4,489.0
Pampilhosa da Serra,Coimbra,2022,5,455.0
Pampilhosa da Serra,Coimbra,2022,6,681.0
Pampilhosa da Serra,Coimbra,2022,7,1019.0
Pampilhosa da Serra,Coimbra,2022,8,1373.0
Pampilhosa da Serra,Coimbra,2022,9,495.0
Pampilhosa da Serra,Coimbra,2022,10,383.0
Pampilhosa da Serra,Coimbra,2022,11,296.0
Pampilhosa da Serra,Coimbra,2022,12,437.0
Pampilhosa da Serra,Coimbra,2023,1,338.0
Pampilhosa da Serra,Coimbra,2023,2,527.0
Pampilhosa da Serra,Coimbra,2023,3,713.0
Pampilhosa da Serra,Coimbra,2023,4,649.0
Pampilhosa da Serra,Coimbra,2023,5,594.0
Pampilhosa da Serra,Coimbra,2023,6,790.0
Pampilhosa da Serra,Coimbra,2023,7,966.0
Pampilhosa da Serra,Coimbra,2023,8,1455.0
Pampilhosa da Serra,Coimbra,2023,9,636.0
Pampilhosa da Serra,Coimbra,2023,10,686.0
Pampilhosa da Serra,Coimbra,2023,11,491.0
Pampilhosa da Serra,Coimbra,2023,12,656.0
Pampilhosa da Serra,Coimbra,2024,1,623.0
Pampilhosa da Serra,Coimbra,2024,2,545.0
Pampilhosa da Serra,Coimbra,2024,3,481.0
Pampilhosa da Serra,Coimbra,2024,4,521.0
Pampilhosa da Serra,Coimbra,2024,5,849.0
Pampilhosa da Serra,Coimbra,2024,6,733.0
Pampilhosa da Serra,Coimbra,2024,7,1031.0
Pampilhosa da Serra,Coimbra,2024,8,1201.0
Pampilhosa da Serra,Coimbra,2024,9,598.0
Pampilhosa da Serra,Coimbra,2024,10,816.0
Pampilhosa da Serra,Coimbra,2024,11,655.0
Pampilhosa da Serra,Coimbra,2024,12,695.0
Pampilhosa da Serra,Coimbra,2025,1,402.0
Pampilhosa da Serra,Coimbra,2025,2,409.0
Pampilhosa da Serra,Coimbra,2025,3,418.0
Pampilhosa da Serra,Coimbra,2025,4,421.0
Pampilhosa da Serra,Coimbra,2025,5,486.0
Pampilhosa da Serra,Coimbra,2025,6,515.0
Pampilhosa da Serra,Coimbra,2025,7,527.0
Pampilhosa da Serra,Coimbra,2025,8,643.0
Pampilhosa da Serra,Coimbra,2025,9,409.0
Pampilhosa da Serra,Coimbra,2025,10,483.0
Pampilhosa da Serra,Coimbra,2025,11,534.0
Pampilhosa da Serra,Coimbra,2025,12,488.0
Pampilhosa da Serra,Coimbra,2026,1,333.0
Pampilhosa da Serra,Coimbra,2026,2,378.0
Pampilhosa da Serra,Coimbra,2026,3,400.0
Pampilhosa da Serra,Coimbra,2026,4,435.0
Pampilhosa da Serra,Coimbra,2026,5,625.0
Pampilhosa da Serra,Coimbra,2026,6,689.0
Pampilhosa da Serra,Coimbra,2026,7,806.0
Paredes,Porto,2020,1,2838.0
Paredes,Porto,2020,2,3684.0
Paredes,Porto,2020,3,2100.0
Paredes,Porto,2020,4,
Paredes,Porto,2020,5,
Paredes,Porto,2020,6,
Paredes,Porto,2020,7,1788.0
Paredes,Porto,2020,8,3961.0
Paredes,Porto,2020,9,3202.0
Paredes,Porto,2020,10,2300.0
Paredes,Porto,2020,11,1207.0
Paredes,Porto,2020,12,1325.0
Paredes,Porto,2021,1,1215.0
Paredes,Porto,2021,2,1193.0
Paredes,Porto,2021,3,1357.0
Paredes,Porto,2021,4,1898.0
Paredes,Porto,2021,5,3270.0
Paredes,Porto,2021,6,2468.0
Paredes,Porto,2021,7,2894.0
Paredes,Porto,2021,8,4024.0
Paredes,Porto,2021,9,4855.0
Paredes,Porto,2021,10,4614.0
Paredes,Porto,2021,11,4056.0
Paredes,Porto,2021,12,2855.0
Paredes,Porto,2022,1,2435.0
Paredes,Porto,2022,2,2280.0
Paredes,Porto,2022,3,4028.0
Paredes,Porto,2022,4,4711.0
Paredes,Porto,2022,5,4964.0
Paredes,Porto,2022,6,5070.0
Paredes,Porto,2022,7,5334.0
Paredes,Porto,2022,8,6260.0
Paredes,Porto,2022,9,4979.0
Paredes,Porto,2022,10,5420.0
Paredes,Porto,2022,11,4195.0
Paredes,Porto,2022,12,1894.0
Paredes,Porto,2023,1,2323.0
Paredes,Porto,2023,2,2644.0
Paredes,Porto,2023,3,3722.0
Paredes,Porto,2023,4,4761.0
Paredes,Porto,2023,5,6696.0
Paredes,Porto,2023,6,7569.0
Paredes,Porto,2023,7,6457.0
Paredes,Porto,2023,8,7862.0
Paredes,Porto,2023,9,7653.0
Paredes,Porto,2023,10,6775.0
Paredes,Porto,2023,11,4725.0
Paredes,Porto,2023,12,4433.0
Paredes,Porto,2024,1,3189.0
Paredes,Porto,2024,2,4203.0
Paredes,Porto,2024,3,5943.0
Paredes,Porto,2024,4,6548.0
Paredes,Porto,2024,5,6717.0
Paredes,Porto,2024,6,7635.0
Paredes,Porto,2024,7,7317.0
Paredes,Porto,2024,8,8810.0
Paredes,Porto,2024,9,7400.0
Paredes,Porto,2024,10,7450.0
Paredes,Porto,2024,11,5262.0
Paredes,Porto,2024,12,4368.0
Paredes,Porto,2025,1,3660.0
Paredes,Porto,2025,2,4449.0
Paredes,Porto,2025,3,5025.0
Paredes,Porto,2025,4,6608.0
Paredes,Porto,2025,5,6100.0
Paredes,Porto,2025,6,7145.0
Paredes,Porto,2025,7,6766.0
Paredes,Porto,2025,8,8574.0
Paredes,Porto,2025,9,7208.0
Paredes,Porto,2025,10,5331.0
Paredes,Porto,2025,11,4580.0
Paredes,Porto,2025,12,3650.0
Paredes,Porto,2026,1,2708.0
Paredes,Porto,2026,2,4104.0
Paredes,Porto,2026,3,5583.0
Paredes,Porto,2026,4,5205.0
Paredes,Porto,2026,5,7263.0
Paredes,Porto,2026,6,6806.0
Paredes,Porto,2026,7,6610.0
Paredes de Coura,Viana do Castelo,2020,1,91.0
Paredes de Coura,Viana do Castelo,2020,2,181.0
Paredes de Coura,Viana do Castelo,2020,3,182.0
Paredes de Coura,Viana do Castelo,2020,4,
Paredes de Coura,Viana do Castelo,2020,5,
Paredes de Coura,Viana do Castelo,2020,6,399.0
Paredes de Coura,Viana do Castelo,2020,7,1020.0
Paredes de Coura,Viana do Castelo,2020,8,1888.0
Paredes de Coura,Viana do Castelo,2020,9,691.0
Paredes de Coura,Viana do Castelo,2020,10,198.0
Paredes de Coura,Viana do Castelo,2020,11,95.0
Paredes de Coura,Viana do Castelo,2020,12,58.0
Paredes de Coura,Viana do Castelo,2021,1,50.0
Paredes de Coura,Viana do Castelo,2021,2,
Paredes de Coura,Viana do Castelo,2021,3,
Paredes de Coura,Viana do Castelo,2021,4,132.0
Paredes de Coura,Viana do Castelo,2021,5,270.0
Paredes de Coura,Viana do Castelo,2021,6,888.0
Paredes de Coura,Viana do Castelo,2021,7,969.0
Paredes de Coura,Viana do Castelo,2021,8,2042.0
Paredes de Coura,Viana do Castelo,2021,9,663.0
Paredes de Coura,Viana do Castelo,2021,10,283.0
Paredes de Coura,Viana do Castelo,2021,11,227.0
Paredes de Coura,Viana do Castelo,2021,12,495.0
Paredes de Coura,Viana do Castelo,2022,1,201.0
Paredes de Coura,Viana do Castelo,2022,2,229.0
Paredes de Coura,Viana do Castelo,2022,3,206.0
Paredes de Coura,Viana do Castelo,2022,4,435.0
Paredes de Coura,Viana do Castelo,2022,5,763.0
Paredes de Coura,Viana do Castelo,2022,6,1121.0
Paredes de Coura,Viana do Castelo,2022,7,1502.0
Paredes de Coura,Viana do Castelo,2022,8,3426.0
Paredes de Coura,Viana do Castelo,2022,9,1198.0
Paredes de Coura,Viana do Castelo,2022,10,670.0
Paredes de Coura,Viana do Castelo,2022,11,187.0
Paredes de Coura,Viana do Castelo,2022,12,270.0
Paredes de Coura,Viana do Castelo,2023,1,72.0
Paredes de Coura,Viana do Castelo,2023,2,127.0
Paredes de Coura,Viana do Castelo,2023,3,439.0
Paredes de Coura,Viana do Castelo,2023,4,1079.0
Paredes de Coura,Viana do Castelo,2023,5,933.0
Paredes de Coura,Viana do Castelo,2023,6,933.0
Paredes de Coura,Viana do Castelo,2023,7,1561.0
Paredes de Coura,Viana do Castelo,2023,8,3189.0
Paredes de Coura,Viana do Castelo,2023,9,989.0
Paredes de Coura,Viana do Castelo,2023,10,321.0
Paredes de Coura,Viana do Castelo,2023,11,170.0
Paredes de Coura,Viana do Castelo,2023,12,637.0
Paredes de Coura,Viana do Castelo,2024,1,176.0
Paredes de Coura,Viana do Castelo,2024,2,183.0
Paredes de Coura,Viana do Castelo,2024,3,479.0
Paredes de Coura,Viana do Castelo,2024,4,735.0
Paredes de Coura,Viana do Castelo,2024,5,935.0
Paredes de Coura,Viana do Castelo,2024,6,914.0
Paredes de Coura,Viana do Castelo,2024,7,1535.0
Paredes de Coura,Viana do Castelo,2024,8,3398.0
Paredes de Coura,Viana do Castelo,2024,9,962.0
Paredes de Coura,Viana do Castelo,2024,10,477.0
Paredes de Coura,Viana do Castelo,2024,11,246.0
Paredes de Coura,Viana do Castelo,2024,12,175.0
Paredes de Coura,Viana do Castelo,2025,1,53.0
Paredes de Coura,Viana do Castelo,2025,2,21.0
Paredes de Coura,Viana do Castelo,2025,3,355.0
Paredes de Coura,Viana do Castelo,2025,4,677.0
Paredes de Coura,Viana do Castelo,2025,5,1084.0
Paredes de Coura,Viana do Castelo,2025,6,978.0
Paredes de Coura,Viana do Castelo,2025,7,1015.0
Paredes de Coura,Viana do Castelo,2025,8,2730.0
Paredes de Coura,Viana do Castelo,2025,9,849.0
Paredes de Coura,Viana do Castelo,2025,10,543.0
Paredes de Coura,Viana do Castelo,2025,11,366.0
Paredes de Coura,Viana do Castelo,2025,12,759.0
Paredes de Coura,Viana do Castelo,2026,1,142.0
Paredes de Coura,Viana do Castelo,2026,2,36.0
Paredes de Coura,Viana do Castelo,2026,3,414.0
Paredes de Coura,Viana do Castelo,2026,4,717.0
Paredes de Coura,Viana do Castelo,2026,5,651.0
Paredes de Coura,Viana do Castelo,2026,6,601.0
Paredes de Coura,Viana do Castelo,2026,7,1353.0
Paços de Ferreira,Porto,2020,1,935.0
Paços de Ferreira,Porto,2020,2,
Paços de Ferreira,Porto,2020,3,
Paços de Ferreira,Porto,2020,4,
Paços de Ferreira,Porto,2020,5,151.0
Paços de Ferreira,Porto,2020,6,332.0
Paços de Ferreira,Porto,2020,7,1060.0
Paços de Ferreira,Porto,2020,8,1717.0
Paços de Ferreira,Porto,2020,9,1107.0
Paços de Ferreira,Porto,2020,10,840.0
Paços de Ferreira,Porto,2020,11,564.0
Paços de Ferreira,Porto,2020,12,574.0
Paços de Ferreira,Porto,2021,1,488.0
Paços de Ferreira,Porto,2021,2,
Paços de Ferreira,Porto,2021,3,514.0
Paços de Ferreira,Porto,2021,4,
Paços de Ferreira,Porto,2021,5,1109.0
Paços de Ferreira,Porto,2021,6,1491.0
Paços de Ferreira,Porto,2021,7,1912.0
Paços de Ferreira,Porto,2021,8,2344.0
Paços de Ferreira,Porto,2021,9,1723.0
Paços de Ferreira,Porto,2021,10,1685.0
Paços de Ferreira,Porto,2021,11,2050.0
Paços de Ferreira,Porto,2021,12,1213.0
Paços de Ferreira,Porto,2022,1,1122.0
Paços de Ferreira,Porto,2022,2,1215.0
Paços de Ferreira,Porto,2022,3,1227.0
Paços de Ferreira,Porto,2022,4,1552.0
Paços de Ferreira,Porto,2022,5,1594.0
Paços de Ferreira,Porto,2022,6,1624.0
Paços de Ferreira,Porto,2022,7,1948.0
Paços de Ferreira,Porto,2022,8,2835.0
Paços de Ferreira,Porto,2022,9,2171.0
Paços de Ferreira,Porto,2022,10,1635.0
Paços de Ferreira,Porto,2022,11,1342.0
Paços de Ferreira,Porto,2022,12,1246.0
Paços de Ferreira,Porto,2023,1,1197.0
Paços de Ferreira,Porto,2023,2,1133.0
Paços de Ferreira,Porto,2023,3,1429.0
Paços de Ferreira,Porto,2023,4,1794.0
Paços de Ferreira,Porto,2023,5,2264.0
Paços de Ferreira,Porto,2023,6,2136.0
Paços de Ferreira,Porto,2023,7,2799.0
Paços de Ferreira,Porto,2023,8,3095.0
Paços de Ferreira,Porto,2023,9,2164.0
Paços de Ferreira,Porto,2023,10,1777.0
Paços de Ferreira,Porto,2023,11,1130.0
Paços de Ferreira,Porto,2023,12,1101.0
Paços de Ferreira,Porto,2024,1,962.0
Paços de Ferreira,Porto,2024,2,1062.0
Paços de Ferreira,Porto,2024,3,1466.0
Paços de Ferreira,Porto,2024,4,1634.0
Paços de Ferreira,Porto,2024,5,2262.0
Paços de Ferreira,Porto,2024,6,2304.0
Paços de Ferreira,Porto,2024,7,2887.0
Paços de Ferreira,Porto,2024,8,3814.0
Paços de Ferreira,Porto,2024,9,2475.0
Paços de Ferreira,Porto,2024,10,2126.0
Paços de Ferreira,Porto,2024,11,1693.0
Paços de Ferreira,Porto,2024,12,1417.0
Paços de Ferreira,Porto,2025,1,1034.0
Paços de Ferreira,Porto,2025,2,1321.0
Paços de Ferreira,Porto,2025,3,1619.0
Paços de Ferreira,Porto,2025,4,1993.0
Paços de Ferreira,Porto,2025,5,3070.0
Paços de Ferreira,Porto,2025,6,2449.0
Paços de Ferreira,Porto,2025,7,3190.0
Paços de Ferreira,Porto,2025,8,4076.0
Paços de Ferreira,Porto,2025,9,2603.0
Paços de Ferreira,Porto,2025,10,2410.0
Paços de Ferreira,Porto,2025,11,1755.0
Paços de Ferreira,Porto,2025,12,1308.0
Paços de Ferreira,Porto,2026,1,1062.0
Paços de Ferreira,Porto,2026,2,1447.0
Paços de Ferreira,Porto,2026,3,1443.0
Paços de Ferreira,Porto,2026,4,2349.0
Paços de Ferreira,Porto,2026,5,2567.0
Paços de Ferreira,Porto,2026,6,2215.0
Paços de Ferreira,Porto,2026,7,3540.0
Pedrógão Grande,Leiria,2020,1,
Pedrógão Grande,Leiria,2020,2,54.0
Pedrógão Grande,Leiria,2020,3,
Pedrógão Grande,Leiria,2020,4,
Pedrógão Grande,Leiria,2020,5,
Pedrógão Grande,Leiria,2020,6,172.0
Pedrógão Grande,Leiria,2020,7,204.0
Pedrógão Grande,Leiria,2020,8,394.0
Pedrógão Grande,Leiria,2020,9,203.0
Pedrógão Grande,Leiria,2020,10,101.0
Pedrógão Grande,Leiria,2020,11,
Pedrógão Grande,Leiria,2020,12,20.0
Pedrógão Grande,Leiria,2021,1,
Pedrógão Grande,Leiria,2021,2,
Pedrógão Grande,Leiria,2021,3,
Pedrógão Grande,Leiria,2021,4,
Pedrógão Grande,Leiria,2021,5,
Pedrógão Grande,Leiria,2021,6,219.0
Pedrógão Grande,Leiria,2021,7,344.0
Pedrógão Grande,Leiria,2021,8,536.0
Pedrógão Grande,Leiria,2021,9,289.0
Pedrógão Grande,Leiria,2021,10,171.0
Pedrógão Grande,Leiria,2021,11,
Pedrógão Grande,Leiria,2021,12,74.0
Pedrógão Grande,Leiria,2022,1,
Pedrógão Grande,Leiria,2022,2,
Pedrógão Grande,Leiria,2022,3,97.0
Pedrógão Grande,Leiria,2022,4,160.0
Pedrógão Grande,Leiria,2022,5,101.0
Pedrógão Grande,Leiria,2022,6,220.0
Pedrógão Grande,Leiria,2022,7,424.0
Pedrógão Grande,Leiria,2022,8,484.0
Pedrógão Grande,Leiria,2022,9,316.0
Pedrógão Grande,Leiria,2022,10,88.0
Pedrógão Grande,Leiria,2022,11,
Pedrógão Grande,Leiria,2022,12,75.0
Pedrógão Grande,Leiria,2023,1,
Pedrógão Grande,Leiria,2023,2,
Pedrógão Grande,Leiria,2023,3,
Pedrógão Grande,Leiria,2023,4,163.0
Pedrógão Grande,Leiria,2023,5,163.0
Pedrógão Grande,Leiria,2023,6,147.0
Pedrógão Grande,Leiria,2023,7,409.0
Pedrógão Grande,Leiria,2023,8,501.0
Pedrógão Grande,Leiria,2023,9,316.0
Pedrógão Grande,Leiria,2023,10,168.0
Pedrógão Grande,Leiria,2023,11,51.0
Pedrógão Grande,Leiria,2023,12,117.0
Pedrógão Grande,Leiria,2024,1,
Pedrógão Grande,Leiria,2024,2,
Pedrógão Grande,Leiria,2024,3,
Pedrógão Grande,Leiria,2024,4,
Pedrógão Grande,Leiria,2024,5,275.0
Pedrógão Grande,Leiria,2024,6,184.0
Pedrógão Grande,Leiria,2024,7,277.0
Pedrógão Grande,Leiria,2024,8,527.0
Pedrógão Grande,Leiria,2024,9,170.0
Pedrógão Grande,Leiria,2024,10,190.0
Pedrógão Grande,Leiria,2024,11,
Pedrógão Grande,Leiria,2024,12,
Pedrógão Grande,Leiria,2025,1,
Pedrógão Grande,Leiria,2025,2,
Pedrógão Grande,Leiria,2025,3,
Pedrógão Grande,Leiria,2025,4,139.0
Pedrógão Grande,Leiria,2025,5,129.0
Pedrógão Grande,Leiria,2025,6,222.0
Pedrógão Grande,Leiria,2025,7,252.0
Pedrógão Grande,Leiria,2025,8,429.0
Pedrógão Grande,Leiria,2025,9,248.0
Pedrógão Grande,Leiria,2025,10,170.0
Pedrógão Grande,Leiria,2025,11,100.0
Pedrógão Grande,Leiria,2025,12,
Pedrógão Grande,Leiria,2026,1,
Pedrógão Grande,Leiria,2026,2,
Pedrógão Grande,Leiria,2026,3,
Pedrógão Grande,Leiria,2026,4,196.0
Pedrógão Grande,Leiria,2026,5,230.0
Pedrógão Grande,Leiria,2026,6,249.0
Pedrógão Grande,Leiria,2026,7,363.0
Penacova,Coimbra,2020,1,
Penacova,Coimbra,2020,2,635.0
Penacova,Coimbra,2020,3,894.0
Penacova,Coimbra,2020,4,
Penacova,Coimbra,2020,5,
Penacova,Coimbra,2020,6,794.0
Penacova,Coimbra,2020,7,1019.0
Penacova,Coimbra,2020,8,1581.0
Penacova,Coimbra,2020,9,1141.0
Penacova,Coimbra,2020,10,1056.0
Penacova,Coimbra,2020,11,701.0
Penacova,Coimbra,2020,12,486.0
Penacova,Coimbra,2021,1,
Penacova,Coimbra,2021,2,
Penacova,Coimbra,2021,3,156.0
Penacova,Coimbra,2021,4,488.0
Penacova,Coimbra,2021,5,878.0
Penacova,Coimbra,2021,6,1039.0
Penacova,Coimbra,2021,7,1405.0
Penacova,Coimbra,2021,8,1781.0
Penacova,Coimbra,2021,9,1164.0
Penacova,Coimbra,2021,10,883.0
Penacova,Coimbra,2021,11,644.0
Penacova,Coimbra,2021,12,476.0
Penacova,Coimbra,2022,1,510.0
Penacova,Coimbra,2022,2,864.0
Penacova,Coimbra,2022,3,693.0
Penacova,Coimbra,2022,4,858.0
Penacova,Coimbra,2022,5,1049.0
Penacova,Coimbra,2022,6,1091.0
Penacova,Coimbra,2022,7,1421.0
Penacova,Coimbra,2022,8,1988.0
Penacova,Coimbra,2022,9,1364.0
Penacova,Coimbra,2022,10,1176.0
Penacova,Coimbra,2022,11,960.0
Penacova,Coimbra,2022,12,901.0
Penacova,Coimbra,2023,1,964.0
Penacova,Coimbra,2023,2,1129.0
Penacova,Coimbra,2023,3,785.0
Penacova,Coimbra,2023,4,1359.0
Penacova,Coimbra,2023,5,1728.0
Penacova,Coimbra,2023,6,1474.0
Penacova,Coimbra,2023,7,2254.0
Penacova,Coimbra,2023,8,2864.0
Penacova,Coimbra,2023,9,1484.0
Penacova,Coimbra,2023,10,1113.0
Penacova,Coimbra,2023,11,843.0
Penacova,Coimbra,2023,12,842.0
Penacova,Coimbra,2024,1,813.0
Penacova,Coimbra,2024,2,790.0
Penacova,Coimbra,2024,3,996.0
Penacova,Coimbra,2024,4,1146.0
Penacova,Coimbra,2024,5,1364.0
Penacova,Coimbra,2024,6,1401.0
Penacova,Coimbra,2024,7,2069.0
Penacova,Coimbra,2024,8,2688.0
Penacova,Coimbra,2024,9,1477.0
Penacova,Coimbra,2024,10,1146.0
Penacova,Coimbra,2024,11,1075.0
Penacova,Coimbra,2024,12,923.0
Penacova,Coimbra,2025,1,771.0
Penacova,Coimbra,2025,2,831.0
Penacova,Coimbra,2025,3,996.0
Penacova,Coimbra,2025,4,1496.0
Penacova,Coimbra,2025,5,1555.0
Penacova,Coimbra,2025,6,1723.0
Penacova,Coimbra,2025,7,2326.0
Penacova,Coimbra,2025,8,2559.0
Penacova,Coimbra,2025,9,1438.0
Penacova,Coimbra,2025,10,1126.0
Penacova,Coimbra,2025,11,929.0
Penacova,Coimbra,2025,12,1419.0
Penacova,Coimbra,2026,1,1191.0
Penacova,Coimbra,2026,2,678.0
Penacova,Coimbra,2026,3,806.0
Penacova,Coimbra,2026,4,1163.0
Penacova,Coimbra,2026,5,1479.0
Penacova,Coimbra,2026,6,1530.0
Penacova,Coimbra,2026,7,2345.0
Penafiel,Porto,2020,1,3531.0
Penafiel,Porto,2020,2,4245.0
Penafiel,Porto,2020,3,1935.0
Penafiel,Porto,2020,4,628.0
Penafiel,Porto,2020,5,1142.0
Penafiel,Porto,2020,6,2576.0
Penafiel,Porto,2020,7,5296.0
Penafiel,Porto,2020,8,8471.0
Penafiel,Porto,2020,9,5220.0
Penafiel,Porto,2020,10,4019.0
Penafiel,Porto,2020,11,1809.0
Penafiel,Porto,2020,12,2740.0
Penafiel,Porto,2021,1,2170.0
Penafiel,Porto,2021,2,1044.0
Penafiel,Porto,2021,3,1998.0
Penafiel,Porto,2021,4,2732.0
Penafiel,Porto,2021,5,4418.0
Penafiel,Porto,2021,6,5309.0
Penafiel,Porto,2021,7,6201.0
Penafiel,Porto,2021,8,9590.0
Penafiel,Porto,2021,9,6417.0
Penafiel,Porto,2021,10,6224.0
Penafiel,Porto,2021,11,4285.0
Penafiel,Porto,2021,12,3586.0
Penafiel,Porto,2022,1,2713.0
Penafiel,Porto,2022,2,3642.0
Penafiel,Porto,2022,3,3821.0
Penafiel,Porto,2022,4,6329.0
Penafiel,Porto,2022,5,7535.0
Penafiel,Porto,2022,6,7579.0
Penafiel,Porto,2022,7,10448.0
Penafiel,Porto,2022,8,12783.0
Penafiel,Porto,2022,9,10629.0
Penafiel,Porto,2022,10,8552.0
Penafiel,Porto,2022,11,4369.0
Penafiel,Porto,2022,12,4668.0
Penafiel,Porto,2023,1,3167.0
Penafiel,Porto,2023,2,3969.0
Penafiel,Porto,2023,3,4623.0
Penafiel,Porto,2023,4,6681.0
Penafiel,Porto,2023,5,6796.0
Penafiel,Porto,2023,6,7634.0
Penafiel,Porto,2023,7,10545.0
Penafiel,Porto,2023,8,13955.0
Penafiel,Porto,2023,9,9765.0
Penafiel,Porto,2023,10,7561.0
Penafiel,Porto,2023,11,4811.0
Penafiel,Porto,2023,12,5605.0
Penafiel,Porto,2024,1,4181.0
Penafiel,Porto,2024,2,4665.0
Penafiel,Porto,2024,3,6299.0
Penafiel,Porto,2024,4,7824.0
Penafiel,Porto,2024,5,7349.0
Penafiel,Porto,2024,6,8631.0
Penafiel,Porto,2024,7,10518.0
Penafiel,Porto,2024,8,14129.0
Penafiel,Porto,2024,9,6848.0
Penafiel,Porto,2024,10,6533.0
Penafiel,Porto,2024,11,6059.0
Penafiel,Porto,2024,12,5058.0
Penafiel,Porto,2025,1,4236.0
Penafiel,Porto,2025,2,4490.0
Penafiel,Porto,2025,3,5546.0
Penafiel,Porto,2025,4,7354.0
Penafiel,Porto,2025,5,8246.0
Penafiel,Porto,2025,6,8449.0
Penafiel,Porto,2025,7,10472.0
Penafiel,Porto,2025,8,12770.0
Penafiel,Porto,2025,9,8741.0
Penafiel,Porto,2025,10,7789.0
Penafiel,Porto,2025,11,5544.0
Penafiel,Porto,2025,12,4332.0
Penafiel,Porto,2026,1,3893.0
Penafiel,Porto,2026,2,4351.0
Penafiel,Porto,2026,3,4574.0
Penafiel,Porto,2026,4,6143.0
Penafiel,Porto,2026,5,7853.0
Penafiel,Porto,2026,6,8917.0
Penafiel,Porto,2026,7,11262.0
Penalva do Castelo,Viseu,2020,1,
Penalva do Castelo,Viseu,2020,2,
Penalva do Castelo,Viseu,2020,3,
Penalva do Castelo,Viseu,2020,4,
Penalva do Castelo,Viseu,2020,5,
Penalva do Castelo,Viseu,2020,6,
Penalva do Castelo,Viseu,2020,7,
Penalva do Castelo,Viseu,2020,8,1608.0
Penalva do Castelo,Viseu,2020,9,1041.0
Penalva do Castelo,Viseu,2020,10,
Penalva do Castelo,Viseu,2020,11,
Penalva do Castelo,Viseu,2020,12,
Penalva do Castelo,Viseu,2021,1,
Penalva do Castelo,Viseu,2021,2,
Penalva do Castelo,Viseu,2021,3,
Penalva do Castelo,Viseu,2021,4,
Penalva do Castelo,Viseu,2021,5,284.0
Penalva do Castelo,Viseu,2021,6,922.0
Penalva do Castelo,Viseu,2021,7,1460.0
Penalva do Castelo,Viseu,2021,8,1786.0
Penalva do Castelo,Viseu,2021,9,1297.0
Penalva do Castelo,Viseu,2021,10,1367.0
Penalva do Castelo,Viseu,2021,11,399.0
Penalva do Castelo,Viseu,2021,12,653.0
Penalva do Castelo,Viseu,2022,1,
Penalva do Castelo,Viseu,2022,2,213.0
Penalva do Castelo,Viseu,2022,3,
Penalva do Castelo,Viseu,2022,4,1172.0
Penalva do Castelo,Viseu,2022,5,900.0
Penalva do Castelo,Viseu,2022,6,990.0
Penalva do Castelo,Viseu,2022,7,1850.0
Penalva do Castelo,Viseu,2022,8,2952.0
Penalva do Castelo,Viseu,2022,9,1844.0
Penalva do Castelo,Viseu,2022,10,1465.0
Penalva do Castelo,Viseu,2022,11,516.0
Penalva do Castelo,Viseu,2022,12,880.0
Penalva do Castelo,Viseu,2023,1,482.0
Penalva do Castelo,Viseu,2023,2,754.0
Penalva do Castelo,Viseu,2023,3,627.0
Penalva do Castelo,Viseu,2023,4,1224.0
Penalva do Castelo,Viseu,2023,5,997.0
Penalva do Castelo,Viseu,2023,6,1086.0
Penalva do Castelo,Viseu,2023,7,1851.0
Penalva do Castelo,Viseu,2023,8,2374.0
Penalva do Castelo,Viseu,2023,9,1637.0
Penalva do Castelo,Viseu,2023,10,1427.0
Penalva do Castelo,Viseu,2023,11,626.0
Penalva do Castelo,Viseu,2023,12,918.0
Penalva do Castelo,Viseu,2024,1,487.0
Penalva do Castelo,Viseu,2024,2,906.0
Penalva do Castelo,Viseu,2024,3,1095.0
Penalva do Castelo,Viseu,2024,4,939.0
Penalva do Castelo,Viseu,2024,5,1032.0
Penalva do Castelo,Viseu,2024,6,1385.0
Penalva do Castelo,Viseu,2024,7,1802.0
Penalva do Castelo,Viseu,2024,8,2327.0
Penalva do Castelo,Viseu,2024,9,1439.0
Penalva do Castelo,Viseu,2024,10,1339.0
Penalva do Castelo,Viseu,2024,11,818.0
Penalva do Castelo,Viseu,2024,12,852.0
Penalva do Castelo,Viseu,2025,1,365.0
Penalva do Castelo,Viseu,2025,2,645.0
Penalva do Castelo,Viseu,2025,3,839.0
Penalva do Castelo,Viseu,2025,4,1259.0
Penalva do Castelo,Viseu,2025,5,1085.0
Penalva do Castelo,Viseu,2025,6,1230.0
Penalva do Castelo,Viseu,2025,7,1477.0
Penalva do Castelo,Viseu,2025,8,2124.0
Penalva do Castelo,Viseu,2025,9,1355.0
Penalva do Castelo,Viseu,2025,10,1180.0
Penalva do Castelo,Viseu,2025,11,785.0
Penalva do Castelo,Viseu,2025,12,1176.0
Penalva do Castelo,Viseu,2026,1,454.0
Penalva do Castelo,Viseu,2026,2,559.0
Penalva do Castelo,Viseu,2026,3,778.0
Penalva do Castelo,Viseu,2026,4,1248.0
Penalva do Castelo,Viseu,2026,5,1241.0
Penalva do Castelo,Viseu,2026,6,1362.0
Penalva do Castelo,Viseu,2026,7,1838.0
Penamacor,Castelo Branco,2020,1,781.0
Penamacor,Castelo Branco,2020,2,1418.0
Penamacor,Castelo Branco,2020,3,
Penamacor,Castelo Branco,2020,4,
Penamacor,Castelo Branco,2020,5,56.0
Penamacor,Castelo Branco,2020,6,808.0
Penamacor,Castelo Branco,2020,7,947.0
Penamacor,Castelo Branco,2020,8,1913.0
Penamacor,Castelo Branco,2020,9,886.0
Penamacor,Castelo Branco,2020,10,1293.0
Penamacor,Castelo Branco,2020,11,
Penamacor,Castelo Branco,2020,12,
Penamacor,Castelo Branco,2021,1,
Penamacor,Castelo Branco,2021,2,
Penamacor,Castelo Branco,2021,3,
Penamacor,Castelo Branco,2021,4,221.0
Penamacor,Castelo Branco,2021,5,718.0
Penamacor,Castelo Branco,2021,6,1123.0
Penamacor,Castelo Branco,2021,7,933.0
Penamacor,Castelo Branco,2021,8,2017.0
Penamacor,Castelo Branco,2021,9,1473.0
Penamacor,Castelo Branco,2021,10,2283.0
Penamacor,Castelo Branco,2021,11,2111.0
Penamacor,Castelo Branco,2021,12,839.0
Penamacor,Castelo Branco,2022,1,639.0
Penamacor,Castelo Branco,2022,2,630.0
Penamacor,Castelo Branco,2022,3,991.0
Penamacor,Castelo Branco,2022,4,1238.0
Penamacor,Castelo Branco,2022,5,1420.0
Penamacor,Castelo Branco,2022,6,1176.0
Penamacor,Castelo Branco,2022,7,2078.0
Penamacor,Castelo Branco,2022,8,2579.0
Penamacor,Castelo Branco,2022,9,1015.0
Penamacor,Castelo Branco,2022,10,1441.0
Penamacor,Castelo Branco,2022,11,
Penamacor,Castelo Branco,2022,12,
Penamacor,Castelo Branco,2023,1,
Penamacor,Castelo Branco,2023,2,
Penamacor,Castelo Branco,2023,3,1086.0
Penamacor,Castelo Branco,2023,4,1775.0
Penamacor,Castelo Branco,2023,5,1150.0
Penamacor,Castelo Branco,2023,6,1434.0
Penamacor,Castelo Branco,2023,7,2735.0
Penamacor,Castelo Branco,2023,8,2839.0
Penamacor,Castelo Branco,2023,9,1406.0
Penamacor,Castelo Branco,2023,10,1939.0
Penamacor,Castelo Branco,2023,11,1325.0
Penamacor,Castelo Branco,2023,12,2035.0
Penamacor,Castelo Branco,2024,1,1488.0
Penamacor,Castelo Branco,2024,2,1597.0
Penamacor,Castelo Branco,2024,3,1583.0
Penamacor,Castelo Branco,2024,4,1564.0
Penamacor,Castelo Branco,2024,5,1894.0
Penamacor,Castelo Branco,2024,6,2008.0
Penamacor,Castelo Branco,2024,7,1887.0
Penamacor,Castelo Branco,2024,8,2691.0
Penamacor,Castelo Branco,2024,9,1662.0
Penamacor,Castelo Branco,2024,10,2107.0
Penamacor,Castelo Branco,2024,11,1227.0
Penamacor,Castelo Branco,2024,12,1409.0
Penamacor,Castelo Branco,2025,1,810.0
Penamacor,Castelo Branco,2025,2,950.0
Penamacor,Castelo Branco,2025,3,1025.0
Penamacor,Castelo Branco,2025,4,1307.0
Penamacor,Castelo Branco,2025,5,1585.0
Penamacor,Castelo Branco,2025,6,2694.0
Penamacor,Castelo Branco,2025,7,2923.0
Penamacor,Castelo Branco,2025,8,2406.0
Penamacor,Castelo Branco,2025,9,1664.0
Penamacor,Castelo Branco,2025,10,1342.0
Penamacor,Castelo Branco,2025,11,1016.0
Penamacor,Castelo Branco,2025,12,1599.0
Penamacor,Castelo Branco,2026,1,918.0
Penamacor,Castelo Branco,2026,2,1088.0
Penamacor,Castelo Branco,2026,3,742.0
Penamacor,Castelo Branco,2026,4,1256.0
Penamacor,Castelo Branco,2026,5,1431.0
Penamacor,Castelo Branco,2026,6,2162.0
Penamacor,Castelo Branco,2026,7,2022.0
Penedono,Viseu,2020,1,96.0
Penedono,Viseu,2020,2,59.0
Penedono,Viseu,2020,3,
Penedono,Viseu,2020,4,
Penedono,Viseu,2020,5,
Penedono,Viseu,2020,6,93.0
Penedono,Viseu,2020,7,75.0
Penedono,Viseu,2020,8,256.0
Penedono,Viseu,2020,9,171.0
Penedono,Viseu,2020,10,99.0
Penedono,Viseu,2020,11,17.0
Penedono,Viseu,2020,12,13.0
Penedono,Viseu,2021,1,
Penedono,Viseu,2021,2,
Penedono,Viseu,2021,3,
Penedono,Viseu,2021,4,
Penedono,Viseu,2021,5,
Penedono,Viseu,2021,6,
Penedono,Viseu,2021,7,
Penedono,Viseu,2021,8,
Penedono,Viseu,2021,9,
Penedono,Viseu,2021,10,
Penedono,Viseu,2021,11,
Penedono,Viseu,2021,12,
Penedono,Viseu,2022,1,
Penedono,Viseu,2022,2,
Penedono,Viseu,2022,3,
Penedono,Viseu,2022,4,
Penedono,Viseu,2022,5,
Penedono,Viseu,2022,6,
Penedono,Viseu,2022,7,
Penedono,Viseu,2022,8,
Penedono,Viseu,2022,9,
Penedono,Viseu,2022,10,
Penedono,Viseu,2022,11,
Penedono,Viseu,2022,12,
Penedono,Viseu,2023,1,
Penedono,Viseu,2023,2,
Penedono,Viseu,2023,3,
Penedono,Viseu,2023,4,
Penedono,Viseu,2023,5,
Penedono,Viseu,2023,6,
Penedono,Viseu,2023,7,
Penedono,Viseu,2023,8,
Penedono,Viseu,2023,9,
Penedono,Viseu,2023,10,
Penedono,Viseu,2023,11,
Penedono,Viseu,2023,12,
Penedono,Viseu,2024,1,54.0
Penedono,Viseu,2024,2,46.0
Penedono,Viseu,2024,3,52.0
Penedono,Viseu,2024,4,78.0
Penedono,Viseu,2024,5,104.0
Penedono,Viseu,2024,6,56.0
Penedono,Viseu,2024,7,151.0
Penedono,Viseu,2024,8,358.0
Penedono,Viseu,2024,9,155.0
Penedono,Viseu,2024,10,126.0
Penedono,Viseu,2024,11,130.0
Penedono,Viseu,2024,12,87.0
Penedono,Viseu,2025,1,62.0
Penedono,Viseu,2025,2,65.0
Penedono,Viseu,2025,3,84.0
Penedono,Viseu,2025,4,88.0
Penedono,Viseu,2025,5,78.0
Penedono,Viseu,2025,6,146.0
Penedono,Viseu,2025,7,134.0
Penedono,Viseu,2025,8,210.0
Penedono,Viseu,2025,9,156.0
Penedono,Viseu,2025,10,109.0
Penedono,Viseu,2025,11,84.0
Penedono,Viseu,2025,12,69.0
Penedono,Viseu,2026,1,
Penedono,Viseu,2026,2,
Penedono,Viseu,2026,3,
Penedono,Viseu,2026,4,
Penedono,Viseu,2026,5,
Penedono,Viseu,2026,6,
Penedono,Viseu,2026,7,
Penela,Coimbra,2020,1,888.0
Penela,Coimbra,2020,2,1366.0
Penela,Coimbra,2020,3,
Penela,Coimbra,2020,4,
Penela,Coimbra,2020,5,
Penela,Coimbra,2020,6,356.0
Penela,Coimbra,2020,7,2117.0
Penela,Coimbra,2020,8,3157.0
Penela,Coimbra,2020,9,2009.0
Penela,Coimbra,2020,10,1190.0
Penela,Coimbra,2020,11,398.0
Penela,Coimbra,2020,12,1021.0
Penela,Coimbra,2021,1,288.0
Penela,Coimbra,2021,2,
Penela,Coimbra,2021,3,
Penela,Coimbra,2021,4,351.0
Penela,Coimbra,2021,5,1427.0
Penela,Coimbra,2021,6,2024.0
Penela,Coimbra,2021,7,2634.0
Penela,Coimbra,2021,8,4563.0
Penela,Coimbra,2021,9,2200.0
Penela,Coimbra,2021,10,1373.0
Penela,Coimbra,2021,11,1926.0
Penela,Coimbra,2021,12,1872.0
Penela,Coimbra,2022,1,1524.0
Penela,Coimbra,2022,2,1600.0
Penela,Coimbra,2022,3,1647.0
Penela,Coimbra,2022,4,2467.0
Penela,Coimbra,2022,5,1946.0
Penela,Coimbra,2022,6,2563.0
Penela,Coimbra,2022,7,2229.0
Penela,Coimbra,2022,8,4637.0
Penela,Coimbra,2022,9,2169.0
Penela,Coimbra,2022,10,2160.0
Penela,Coimbra,2022,11,1217.0
Penela,Coimbra,2022,12,2008.0
Penela,Coimbra,2023,1,938.0
Penela,Coimbra,2023,2,1543.0
Penela,Coimbra,2023,3,1407.0
Penela,Coimbra,2023,4,2139.0
Penela,Coimbra,2023,5,2259.0
Penela,Coimbra,2023,6,2544.0
Penela,Coimbra,2023,7,3051.0
Penela,Coimbra,2023,8,4361.0
Penela,Coimbra,2023,9,2303.0
Penela,Coimbra,2023,10,2256.0
Penela,Coimbra,2023,11,2036.0
Penela,Coimbra,2023,12,2089.0
Penela,Coimbra,2024,1,1331.0
Penela,Coimbra,2024,2,1980.0
Penela,Coimbra,2024,3,2023.0
Penela,Coimbra,2024,4,2122.0
Penela,Coimbra,2024,5,2391.0
Penela,Coimbra,2024,6,2460.0
Penela,Coimbra,2024,7,2736.0
Penela,Coimbra,2024,8,4079.0
Penela,Coimbra,2024,9,1440.0
Penela,Coimbra,2024,10,1867.0
Penela,Coimbra,2024,11,1600.0
Penela,Coimbra,2024,12,1588.0
Penela,Coimbra,2025,1,905.0
Penela,Coimbra,2025,2,1067.0
Penela,Coimbra,2025,3,1513.0
Penela,Coimbra,2025,4,1975.0
Penela,Coimbra,2025,5,2111.0
Penela,Coimbra,2025,6,2141.0
Penela,Coimbra,2025,7,2506.0
Penela,Coimbra,2025,8,3708.0
Penela,Coimbra,2025,9,1605.0
Penela,Coimbra,2025,10,1395.0
Penela,Coimbra,2025,11,1504.0
Penela,Coimbra,2025,12,1907.0
Penela,Coimbra,2026,1,
Penela,Coimbra,2026,2,1084.0
Penela,Coimbra,2026,3,1300.0
Penela,Coimbra,2026,4,2165.0
Penela,Coimbra,2026,5,2099.0
Penela,Coimbra,2026,6,1952.0
Penela,Coimbra,2026,7,2245.0
Peniche,Leiria,2020,1,6688.0
Peniche,Leiria,2020,2,8610.0
Peniche,Leiria,2020,3,2801.0
Peniche,Leiria,2020,4,133.0
Peniche,Leiria,2020,5,198.0
Peniche,Leiria,2020,6,3349.0
Peniche,Leiria,2020,7,12653.0
Peniche,Leiria,2020,8,34929.0
Peniche,Leiria,2020,9,22815.0
Peniche,Leiria,2020,10,11621.0
Peniche,Leiria,2020,11,3973.0
Peniche,Leiria,2020,12,2432.0
Peniche,Leiria,2021,1,1502.0
Peniche,Leiria,2021,2,1910.0
Peniche,Leiria,2021,3,2854.0
Peniche,Leiria,2021,4,4737.0
Peniche,Leiria,2021,5,9363.0
Peniche,Leiria,2021,6,14123.0
Peniche,Leiria,2021,7,21551.0
Peniche,Leiria,2021,8,37061.0
Peniche,Leiria,2021,9,22983.0
Peniche,Leiria,2021,10,16453.0
Peniche,Leiria,2021,11,9545.0
Peniche,Leiria,2021,12,6002.0
Peniche,Leiria,2022,1,4485.0
Peniche,Leiria,2022,2,6979.0
Peniche,Leiria,2022,3,11430.0
Peniche,Leiria,2022,4,18031.0
Peniche,Leiria,2022,5,17898.0
Peniche,Leiria,2022,6,23699.0
Peniche,Leiria,2022,7,39967.0
Peniche,Leiria,2022,8,49182.0
Peniche,Leiria,2022,9,27304.0
Peniche,Leiria,2022,10,20328.0
Peniche,Leiria,2022,11,10052.0
Peniche,Leiria,2022,12,9033.0
Peniche,Leiria,2023,1,7481.0
Peniche,Leiria,2023,2,9492.0
Peniche,Leiria,2023,3,15998.0
Peniche,Leiria,2023,4,23201.0
Peniche,Leiria,2023,5,22475.0
Peniche,Leiria,2023,6,25979.0
Peniche,Leiria,2023,7,41621.0
Peniche,Leiria,2023,8,53244.0
Peniche,Leiria,2023,9,33039.0
Peniche,Leiria,2023,10,24386.0
Peniche,Leiria,2023,11,10518.0
Peniche,Leiria,2023,12,11432.0
Peniche,Leiria,2024,1,7110.0
Peniche,Leiria,2024,2,8974.0
Peniche,Leiria,2024,3,17242.0
Peniche,Leiria,2024,4,17558.0
Peniche,Leiria,2024,5,20762.0
Peniche,Leiria,2024,6,24368.0
Peniche,Leiria,2024,7,38704.0
Peniche,Leiria,2024,8,48924.0
Peniche,Leiria,2024,9,28496.0
Peniche,Leiria,2024,10,18275.0
Peniche,Leiria,2024,11,10767.0
Peniche,Leiria,2024,12,10778.0
Peniche,Leiria,2025,1,7495.0
Peniche,Leiria,2025,2,8105.0
Peniche,Leiria,2025,3,14461.0
Peniche,Leiria,2025,4,17517.0
Peniche,Leiria,2025,5,19274.0
Peniche,Leiria,2025,6,24214.0
Peniche,Leiria,2025,7,37422.0
Peniche,Leiria,2025,8,48238.0
Peniche,Leiria,2025,9,27457.0
Peniche,Leiria,2025,10,18488.0
Peniche,Leiria,2025,11,11610.0
Peniche,Leiria,2025,12,9853.0
Peniche,Leiria,2026,1,8089.0
Peniche,Leiria,2026,2,7962.0
Peniche,Leiria,2026,3,9942.0
Peniche,Leiria,2026,4,14975.0
Peniche,Leiria,2026,5,18785.0
Peniche,Leiria,2026,6,23486.0
Peniche,Leiria,2026,7,38231.0
Peso da Régua,Vila Real,2020,1,2179.0
Peso da Régua,Vila Real,2020,2,3480.0
Peso da Régua,Vila Real,2020,3,1704.0
Peso da Régua,Vila Real,2020,4,
Peso da Régua,Vila Real,2020,5,
Peso da Régua,Vila Real,2020,6,2509.0
Peso da Régua,Vila Real,2020,7,4693.0
Peso da Régua,Vila Real,2020,8,8999.0
Peso da Régua,Vila Real,2020,9,6081.0
Peso da Régua,Vila Real,2020,10,3774.0
Peso da Régua,Vila Real,2020,11,1267.0
Peso da Régua,Vila Real,2020,12,1283.0
Peso da Régua,Vila Real,2021,1,902.0
Peso da Régua,Vila Real,2021,2,553.0
Peso da Régua,Vila Real,2021,3,1113.0
Peso da Régua,Vila Real,2021,4,1258.0
Peso da Régua,Vila Real,2021,5,2519.0
Peso da Régua,Vila Real,2021,6,5041.0
Peso da Régua,Vila Real,2021,7,5803.0
Peso da Régua,Vila Real,2021,8,9649.0
Peso da Régua,Vila Real,2021,9,7750.0
Peso da Régua,Vila Real,2021,10,6446.0
Peso da Régua,Vila Real,2021,11,3291.0
Peso da Régua,Vila Real,2021,12,2527.0
Peso da Régua,Vila Real,2022,1,1735.0
Peso da Régua,Vila Real,2022,2,2434.0
Peso da Régua,Vila Real,2022,3,3238.0
Peso da Régua,Vila Real,2022,4,5486.0
Peso da Régua,Vila Real,2022,5,6749.0
Peso da Régua,Vila Real,2022,6,6691.0
Peso da Régua,Vila Real,2022,7,7442.0
Peso da Régua,Vila Real,2022,8,11365.0
Peso da Régua,Vila Real,2022,9,9329.0
Peso da Régua,Vila Real,2022,10,6965.0
Peso da Régua,Vila Real,2022,11,3321.0
Peso da Régua,Vila Real,2022,12,3335.0
Peso da Régua,Vila Real,2023,1,2054.0
Peso da Régua,Vila Real,2023,2,2704.0
Peso da Régua,Vila Real,2023,3,3595.0
Peso da Régua,Vila Real,2023,4,6566.0
Peso da Régua,Vila Real,2023,5,6913.0
Peso da Régua,Vila Real,2023,6,6728.0
Peso da Régua,Vila Real,2023,7,7665.0
Peso da Régua,Vila Real,2023,8,9774.0
Peso da Régua,Vila Real,2023,9,9096.0
Peso da Régua,Vila Real,2023,10,7120.0
Peso da Régua,Vila Real,2023,11,3209.0
Peso da Régua,Vila Real,2023,12,3234.0
Peso da Régua,Vila Real,2024,1,1920.0
Peso da Régua,Vila Real,2024,2,2971.0
Peso da Régua,Vila Real,2024,3,3696.0
Peso da Régua,Vila Real,2024,4,5699.0
Peso da Régua,Vila Real,2024,5,7449.0
Peso da Régua,Vila Real,2024,6,7007.0
Peso da Régua,Vila Real,2024,7,7485.0
Peso da Régua,Vila Real,2024,8,11023.0
Peso da Régua,Vila Real,2024,9,9340.0
Peso da Régua,Vila Real,2024,10,7686.0
Peso da Régua,Vila Real,2024,11,4868.0
Peso da Régua,Vila Real,2024,12,3460.0
Peso da Régua,Vila Real,2025,1,2756.0
Peso da Régua,Vila Real,2025,2,3782.0
Peso da Régua,Vila Real,2025,3,4965.0
Peso da Régua,Vila Real,2025,4,6251.0
Peso da Régua,Vila Real,2025,5,8535.0
Peso da Régua,Vila Real,2025,6,8607.0
Peso da Régua,Vila Real,2025,7,9272.0
Peso da Régua,Vila Real,2025,8,11711.0
Peso da Régua,Vila Real,2025,9,10236.0
Peso da Régua,Vila Real,2025,10,7770.0
Peso da Régua,Vila Real,2025,11,4036.0
Peso da Régua,Vila Real,2025,12,3454.0
Peso da Régua,Vila Real,2026,1,1856.0
Peso da Régua,Vila Real,2026,2,2488.0
Peso da Régua,Vila Real,2026,3,4302.0
Peso da Régua,Vila Real,2026,4,6535.0
Peso da Régua,Vila Real,2026,5,8816.0
Peso da Régua,Vila Real,2026,6,8011.0
Peso da Régua,Vila Real,2026,7,8310.0
Pinhel,Guarda,2020,1,196.0
Pinhel,Guarda,2020,2,276.0
Pinhel,Guarda,2020,3,46.0
Pinhel,Guarda,2020,4,
Pinhel,Guarda,2020,5,101.0
Pinhel,Guarda,2020,6,424.0
Pinhel,Guarda,2020,7,584.0
Pinhel,Guarda,2020,8,1251.0
Pinhel,Guarda,2020,9,
Pinhel,Guarda,2020,10,125.0
Pinhel,Guarda,2020,11,
Pinhel,Guarda,2020,12,56.0
Pinhel,Guarda,2021,1,
Pinhel,Guarda,2021,2,
Pinhel,Guarda,2021,3,
Pinhel,Guarda,2021,4,126.0
Pinhel,Guarda,2021,5,340.0
Pinhel,Guarda,2021,6,652.0
Pinhel,Guarda,2021,7,752.0
Pinhel,Guarda,2021,8,633.0
Pinhel,Guarda,2021,9,574.0
Pinhel,Guarda,2021,10,446.0
Pinhel,Guarda,2021,11,357.0
Pinhel,Guarda,2021,12,241.0
Pinhel,Guarda,2022,1,142.0
Pinhel,Guarda,2022,2,223.0
Pinhel,Guarda,2022,3,255.0
Pinhel,Guarda,2022,4,317.0
Pinhel,Guarda,2022,5,167.0
Pinhel,Guarda,2022,6,412.0
Pinhel,Guarda,2022,7,308.0
Pinhel,Guarda,2022,8,623.0
Pinhel,Guarda,2022,9,419.0
Pinhel,Guarda,2022,10,196.0
Pinhel,Guarda,2022,11,149.0
Pinhel,Guarda,2022,12,229.0
Pinhel,Guarda,2023,1,110.0
Pinhel,Guarda,2023,2,237.0
Pinhel,Guarda,2023,3,203.0
Pinhel,Guarda,2023,4,406.0
Pinhel,Guarda,2023,5,293.0
Pinhel,Guarda,2023,6,360.0
Pinhel,Guarda,2023,7,454.0
Pinhel,Guarda,2023,8,979.0
Pinhel,Guarda,2023,9,302.0
Pinhel,Guarda,2023,10,202.0
Pinhel,Guarda,2023,11,235.0
Pinhel,Guarda,2023,12,393.0
Pinhel,Guarda,2024,1,145.0
Pinhel,Guarda,2024,2,475.0
Pinhel,Guarda,2024,3,350.0
Pinhel,Guarda,2024,4,287.0
Pinhel,Guarda,2024,5,350.0
Pinhel,Guarda,2024,6,401.0
Pinhel,Guarda,2024,7,538.0
Pinhel,Guarda,2024,8,1300.0
Pinhel,Guarda,2024,9,500.0
Pinhel,Guarda,2024,10,311.0
Pinhel,Guarda,2024,11,433.0
Pinhel,Guarda,2024,12,331.0
Pinhel,Guarda,2025,1,243.0
Pinhel,Guarda,2025,2,271.0
Pinhel,Guarda,2025,3,261.0
Pinhel,Guarda,2025,4,372.0
Pinhel,Guarda,2025,5,313.0
Pinhel,Guarda,2025,6,382.0
Pinhel,Guarda,2025,7,423.0
Pinhel,Guarda,2025,8,851.0
Pinhel,Guarda,2025,9,494.0
Pinhel,Guarda,2025,10,375.0
Pinhel,Guarda,2025,11,269.0
Pinhel,Guarda,2025,12,360.0
Pinhel,Guarda,2026,1,352.0
Pinhel,Guarda,2026,2,389.0
Pinhel,Guarda,2026,3,319.0
Pinhel,Guarda,2026,4,431.0
Pinhel,Guarda,2026,5,430.0
Pinhel,Guarda,2026,6,593.0
Pinhel,Guarda,2026,7,944.0
Pombal,Leiria,2020,1,2994.0
Pombal,Leiria,2020,2,3368.0
Pombal,Leiria,2020,3,1502.0
Pombal,Leiria,2020,4,210.0
Pombal,Leiria,2020,5,736.0
Pombal,Leiria,2020,6,1629.0
Pombal,Leiria,2020,7,2458.0
Pombal,Leiria,2020,8,4425.0
Pombal,Leiria,2020,9,3074.0
Pombal,Leiria,2020,10,2802.0
Pombal,Leiria,2020,11,1279.0
Pombal,Leiria,2020,12,1770.0
Pombal,Leiria,2021,1,1208.0
Pombal,Leiria,2021,2,1055.0
Pombal,Leiria,2021,3,1895.0
Pombal,Leiria,2021,4,1789.0
Pombal,Leiria,2021,5,3003.0
Pombal,Leiria,2021,6,3424.0
Pombal,Leiria,2021,7,4184.0
Pombal,Leiria,2021,8,5684.0
Pombal,Leiria,2021,9,3523.0
Pombal,Leiria,2021,10,3933.0
Pombal,Leiria,2021,11,3096.0
Pombal,Leiria,2021,12,2808.0
Pombal,Leiria,2022,1,1881.0
Pombal,Leiria,2022,2,2687.0
Pombal,Leiria,2022,3,3303.0
Pombal,Leiria,2022,4,4147.0
Pombal,Leiria,2022,5,5056.0
Pombal,Leiria,2022,6,4753.0
Pombal,Leiria,2022,7,5387.0
Pombal,Leiria,2022,8,6643.0
Pombal,Leiria,2022,9,4253.0
Pombal,Leiria,2022,10,4263.0
Pombal,Leiria,2022,11,4050.0
Pombal,Leiria,2022,12,4013.0
Pombal,Leiria,2023,1,3403.0
Pombal,Leiria,2023,2,3615.0
Pombal,Leiria,2023,3,4081.0
Pombal,Leiria,2023,4,4970.0
Pombal,Leiria,2023,5,5953.0
Pombal,Leiria,2023,6,5524.0
Pombal,Leiria,2023,7,5832.0
Pombal,Leiria,2023,8,7539.0
Pombal,Leiria,2023,9,5365.0
Pombal,Leiria,2023,10,5119.0
Pombal,Leiria,2023,11,3827.0
Pombal,Leiria,2023,12,4307.0
Pombal,Leiria,2024,1,3785.0
Pombal,Leiria,2024,2,4257.0
Pombal,Leiria,2024,3,4387.0
Pombal,Leiria,2024,4,4949.0
Pombal,Leiria,2024,5,5834.0
Pombal,Leiria,2024,6,5777.0
Pombal,Leiria,2024,7,6093.0
Pombal,Leiria,2024,8,7766.0
Pombal,Leiria,2024,9,4963.0
Pombal,Leiria,2024,10,5119.0
Pombal,Leiria,2024,11,4884.0
Pombal,Leiria,2024,12,3976.0
Pombal,Leiria,2025,1,3494.0
Pombal,Leiria,2025,2,3933.0
Pombal,Leiria,2025,3,4503.0
Pombal,Leiria,2025,4,5501.0
Pombal,Leiria,2025,5,6076.0
Pombal,Leiria,2025,6,5514.0
Pombal,Leiria,2025,7,6042.0
Pombal,Leiria,2025,8,7805.0
Pombal,Leiria,2025,9,5456.0
Pombal,Leiria,2025,10,5345.0
Pombal,Leiria,2025,11,4264.0
Pombal,Leiria,2025,12,4439.0
Pombal,Leiria,2026,1,3753.0
Pombal,Leiria,2026,2,5118.0
Pombal,Leiria,2026,3,4678.0
Pombal,Leiria,2026,4,5429.0
Pombal,Leiria,2026,5,6383.0
Pombal,Leiria,2026,6,5366.0
Pombal,Leiria,2026,7,6650.0
Ponta Delgada,Região Autónoma dos Açores,2020,1,44178.0
Ponta Delgada,Região Autónoma dos Açores,2020,2,59081.0
Ponta Delgada,Região Autónoma dos Açores,2020,3,34548.0
Ponta Delgada,Região Autónoma dos Açores,2020,4,235.0
Ponta Delgada,Região Autónoma dos Açores,2020,5,175.0
Ponta Delgada,Região Autónoma dos Açores,2020,6,2377.0
Ponta Delgada,Região Autónoma dos Açores,2020,7,15079.0
Ponta Delgada,Região Autónoma dos Açores,2020,8,38534.0
Ponta Delgada,Região Autónoma dos Açores,2020,9,34106.0
Ponta Delgada,Região Autónoma dos Açores,2020,10,33494.0
Ponta Delgada,Região Autónoma dos Açores,2020,11,16010.0
Ponta Delgada,Região Autónoma dos Açores,2020,12,11736.0
Ponta Delgada,Região Autónoma dos Açores,2021,1,9257.0
Ponta Delgada,Região Autónoma dos Açores,2021,2,7979.0
Ponta Delgada,Região Autónoma dos Açores,2021,3,17347.0
Ponta Delgada,Região Autónoma dos Açores,2021,4,23081.0
Ponta Delgada,Região Autónoma dos Açores,2021,5,30130.0
Ponta Delgada,Região Autónoma dos Açores,2021,6,60591.0
Ponta Delgada,Região Autónoma dos Açores,2021,7,88153.0
Ponta Delgada,Região Autónoma dos Açores,2021,8,125615.0
Ponta Delgada,Região Autónoma dos Açores,2021,9,108906.0
Ponta Delgada,Região Autónoma dos Açores,2021,10,89287.0
Ponta Delgada,Região Autónoma dos Açores,2021,11,51270.0
Ponta Delgada,Região Autónoma dos Açores,2021,12,32992.0
Ponta Delgada,Região Autónoma dos Açores,2022,1,25837.0
Ponta Delgada,Região Autónoma dos Açores,2022,2,35971.0
Ponta Delgada,Região Autónoma dos Açores,2022,3,65764.0
Ponta Delgada,Região Autónoma dos Açores,2022,4,97359.0
Ponta Delgada,Região Autónoma dos Açores,2022,5,115975.0
Ponta Delgada,Região Autónoma dos Açores,2022,6,139176.0
Ponta Delgada,Região Autónoma dos Açores,2022,7,163732.0
Ponta Delgada,Região Autónoma dos Açores,2022,8,170150.0
Ponta Delgada,Região Autónoma dos Açores,2022,9,144605.0
Ponta Delgada,Região Autónoma dos Açores,2022,10,124885.0
Ponta Delgada,Região Autónoma dos Açores,2022,11,64154.0
Ponta Delgada,Região Autónoma dos Açores,2022,12,50740.0
Ponta Delgada,Região Autónoma dos Açores,2023,1,50206.0
Ponta Delgada,Região Autónoma dos Açores,2023,2,59707.0
Ponta Delgada,Região Autónoma dos Açores,2023,3,95833.0
Ponta Delgada,Região Autónoma dos Açores,2023,4,121425.0
Ponta Delgada,Região Autónoma dos Açores,2023,5,130673.0
Ponta Delgada,Região Autónoma dos Açores,2023,6,152091.0
Ponta Delgada,Região Autónoma dos Açores,2023,7,178932.0
Ponta Delgada,Região Autónoma dos Açores,2023,8,188263.0
Ponta Delgada,Região Autónoma dos Açores,2023,9,160632.0
Ponta Delgada,Região Autónoma dos Açores,2023,10,129770.0
Ponta Delgada,Região Autónoma dos Açores,2023,11,71105.0
Ponta Delgada,Região Autónoma dos Açores,2023,12,49649.0
Ponta Delgada,Região Autónoma dos Açores,2024,1,49889.0
Ponta Delgada,Região Autónoma dos Açores,2024,2,67980.0
Ponta Delgada,Região Autónoma dos Açores,2024,3,101339.0
Ponta Delgada,Região Autónoma dos Açores,2024,4,129039.0
Ponta Delgada,Região Autónoma dos Açores,2024,5,156606.0
Ponta Delgada,Região Autónoma dos Açores,2024,6,168251.0
Ponta Delgada,Região Autónoma dos Açores,2024,7,192594.0
Ponta Delgada,Região Autónoma dos Açores,2024,8,204214.0
Ponta Delgada,Região Autónoma dos Açores,2024,9,175618.0
Ponta Delgada,Região Autónoma dos Açores,2024,10,140051.0
Ponta Delgada,Região Autónoma dos Açores,2024,11,82360.0
Ponta Delgada,Região Autónoma dos Açores,2024,12,55743.0
Ponta Delgada,Região Autónoma dos Açores,2025,1,55485.0
Ponta Delgada,Região Autónoma dos Açores,2025,2,69905.0
Ponta Delgada,Região Autónoma dos Açores,2025,3,104382.0
Ponta Delgada,Região Autónoma dos Açores,2025,4,143325.0
Ponta Delgada,Região Autónoma dos Açores,2025,5,161273.0
Ponta Delgada,Região Autónoma dos Açores,2025,6,166607.0
Ponta Delgada,Região Autónoma dos Açores,2025,7,199924.0
Ponta Delgada,Região Autónoma dos Açores,2025,8,209233.0
Ponta Delgada,Região Autónoma dos Açores,2025,9,174316.0
Ponta Delgada,Região Autónoma dos Açores,2025,10,138832.0
Ponta Delgada,Região Autónoma dos Açores,2025,11,82290.0
Ponta Delgada,Região Autónoma dos Açores,2025,12,54633.0
Ponta Delgada,Região Autónoma dos Açores,2026,1,51636.0
Ponta Delgada,Região Autónoma dos Açores,2026,2,67975.0
Ponta Delgada,Região Autónoma dos Açores,2026,3,103883.0
Ponta Delgada,Região Autónoma dos Açores,2026,4,132833.0
Ponta Delgada,Região Autónoma dos Açores,2026,5,160155.0
Ponta Delgada,Região Autónoma dos Açores,2026,6,164950.0
Ponta Delgada,Região Autónoma dos Açores,2026,7,192138.0
Ponta do Sol,Região Autónoma da Madeira,2020,1,6020.0
Ponta do Sol,Região Autónoma da Madeira,2020,2,6781.0
Ponta do Sol,Região Autónoma da Madeira,2020,3,3788.0
Ponta do Sol,Região Autónoma da Madeira,2020,4,
Ponta do Sol,Região Autónoma da Madeira,2020,5,
Ponta do Sol,Região Autónoma da Madeira,2020,6,
Ponta do Sol,Região Autónoma da Madeira,2020,7,
Ponta do Sol,Região Autónoma da Madeira,2020,8,2654.0
Ponta do Sol,Região Autónoma da Madeira,2020,9,2442.0
Ponta do Sol,Região Autónoma da Madeira,2020,10,2329.0
Ponta do Sol,Região Autónoma da Madeira,2020,11,1826.0
Ponta do Sol,Região Autónoma da Madeira,2020,12,2035.0
Ponta do Sol,Região Autónoma da Madeira,2021,1,1641.0
Ponta do Sol,Região Autónoma da Madeira,2021,2,1519.0
Ponta do Sol,Região Autónoma da Madeira,2021,3,1626.0
Ponta do Sol,Região Autónoma da Madeira,2021,4,2225.0
Ponta do Sol,Região Autónoma da Madeira,2021,5,2774.0
Ponta do Sol,Região Autónoma da Madeira,2021,6,3333.0
Ponta do Sol,Região Autónoma da Madeira,2021,7,4752.0
Ponta do Sol,Região Autónoma da Madeira,2021,8,8614.0
Ponta do Sol,Região Autónoma da Madeira,2021,9,7334.0
Ponta do Sol,Região Autónoma da Madeira,2021,10,7308.0
Ponta do Sol,Região Autónoma da Madeira,2021,11,6436.0
Ponta do Sol,Região Autónoma da Madeira,2021,12,5561.0
Ponta do Sol,Região Autónoma da Madeira,2022,1,5143.0
Ponta do Sol,Região Autónoma da Madeira,2022,2,5788.0
Ponta do Sol,Região Autónoma da Madeira,2022,3,7809.0
Ponta do Sol,Região Autónoma da Madeira,2022,4,8573.0
Ponta do Sol,Região Autónoma da Madeira,2022,5,8675.0
Ponta do Sol,Região Autónoma da Madeira,2022,6,8004.0
Ponta do Sol,Região Autónoma da Madeira,2022,7,9139.0
Ponta do Sol,Região Autónoma da Madeira,2022,8,9339.0
Ponta do Sol,Região Autónoma da Madeira,2022,9,7786.0
Ponta do Sol,Região Autónoma da Madeira,2022,10,8269.0
Ponta do Sol,Região Autónoma da Madeira,2022,11,7518.0
Ponta do Sol,Região Autónoma da Madeira,2022,12,7034.0
Ponta do Sol,Região Autónoma da Madeira,2023,1,7940.0
Ponta do Sol,Região Autónoma da Madeira,2023,2,7569.0
Ponta do Sol,Região Autónoma da Madeira,2023,3,9031.0
Ponta do Sol,Região Autónoma da Madeira,2023,4,8806.0
Ponta do Sol,Região Autónoma da Madeira,2023,5,8987.0
Ponta do Sol,Região Autónoma da Madeira,2023,6,8548.0
Ponta do Sol,Região Autónoma da Madeira,2023,7,9539.0
Ponta do Sol,Região Autónoma da Madeira,2023,8,9753.0
Ponta do Sol,Região Autónoma da Madeira,2023,9,8979.0
Ponta do Sol,Região Autónoma da Madeira,2023,10,8877.0
Ponta do Sol,Região Autónoma da Madeira,2023,11,7992.0
Ponta do Sol,Região Autónoma da Madeira,2023,12,7384.0
Ponta do Sol,Região Autónoma da Madeira,2024,1,7923.0
Ponta do Sol,Região Autónoma da Madeira,2024,2,7861.0
Ponta do Sol,Região Autónoma da Madeira,2024,3,9597.0
Ponta do Sol,Região Autónoma da Madeira,2024,4,9281.0
Ponta do Sol,Região Autónoma da Madeira,2024,5,10142.0
Ponta do Sol,Região Autónoma da Madeira,2024,6,10053.0
Ponta do Sol,Região Autónoma da Madeira,2024,7,10712.0
Ponta do Sol,Região Autónoma da Madeira,2024,8,10883.0
Ponta do Sol,Região Autónoma da Madeira,2024,9,10073.0
Ponta do Sol,Região Autónoma da Madeira,2024,10,10030.0
Ponta do Sol,Região Autónoma da Madeira,2024,11,8723.0
Ponta do Sol,Região Autónoma da Madeira,2024,12,8261.0
Ponta do Sol,Região Autónoma da Madeira,2025,1,7720.0
Ponta do Sol,Região Autónoma da Madeira,2025,2,6935.0
Ponta do Sol,Região Autónoma da Madeira,2025,3,8788.0
Ponta do Sol,Região Autónoma da Madeira,2025,4,9263.0
Ponta do Sol,Região Autónoma da Madeira,2025,5,9705.0
Ponta do Sol,Região Autónoma da Madeira,2025,6,9916.0
Ponta do Sol,Região Autónoma da Madeira,2025,7,10999.0
Ponta do Sol,Região Autónoma da Madeira,2025,8,11048.0
Ponta do Sol,Região Autónoma da Madeira,2025,9,9829.0
Ponta do Sol,Região Autónoma da Madeira,2025,10,9788.0
Ponta do Sol,Região Autónoma da Madeira,2025,11,8762.0
Ponta do Sol,Região Autónoma da Madeira,2025,12,7108.0
Ponta do Sol,Região Autónoma da Madeira,2026,1,7482.0
Ponta do Sol,Região Autónoma da Madeira,2026,2,7377.0
Ponta do Sol,Região Autónoma da Madeira,2026,3,9008.0
Ponta do Sol,Região Autónoma da Madeira,2026,4,9385.0
Ponta do Sol,Região Autónoma da Madeira,2026,5,10020.0
Ponta do Sol,Região Autónoma da Madeira,2026,6,9699.0
Ponta do Sol,Região Autónoma da Madeira,2026,7,10819.0
Ponte da Barca,Viana do Castelo,2020,1,1272.0
Ponte da Barca,Viana do Castelo,2020,2,1489.0
Ponte da Barca,Viana do Castelo,2020,3,725.0
Ponte da Barca,Viana do Castelo,2020,4,
Ponte da Barca,Viana do Castelo,2020,5,
Ponte da Barca,Viana do Castelo,2020,6,2316.0
Ponte da Barca,Viana do Castelo,2020,7,3974.0
Ponte da Barca,Viana do Castelo,2020,8,5831.0
Ponte da Barca,Viana do Castelo,2020,9,3231.0
Ponte da Barca,Viana do Castelo,2020,10,1677.0
Ponte da Barca,Viana do Castelo,2020,11,668.0
Ponte da Barca,Viana do Castelo,2020,12,1030.0
Ponte da Barca,Viana do Castelo,2021,1,518.0
Ponte da Barca,Viana do Castelo,2021,2,113.0
Ponte da Barca,Viana do Castelo,2021,3,179.0
Ponte da Barca,Viana do Castelo,2021,4,692.0
Ponte da Barca,Viana do Castelo,2021,5,1648.0
Ponte da Barca,Viana do Castelo,2021,6,2850.0
Ponte da Barca,Viana do Castelo,2021,7,4164.0
Ponte da Barca,Viana do Castelo,2021,8,6107.0
Ponte da Barca,Viana do Castelo,2021,9,3192.0
Ponte da Barca,Viana do Castelo,2021,10,2315.0
Ponte da Barca,Viana do Castelo,2021,11,1369.0
Ponte da Barca,Viana do Castelo,2021,12,1870.0
Ponte da Barca,Viana do Castelo,2022,1,1362.0
Ponte da Barca,Viana do Castelo,2022,2,1669.0
Ponte da Barca,Viana do Castelo,2022,3,1716.0
Ponte da Barca,Viana do Castelo,2022,4,3026.0
Ponte da Barca,Viana do Castelo,2022,5,2875.0
Ponte da Barca,Viana do Castelo,2022,6,3827.0
Ponte da Barca,Viana do Castelo,2022,7,5102.0
Ponte da Barca,Viana do Castelo,2022,8,8022.0
Ponte da Barca,Viana do Castelo,2022,9,4132.0
Ponte da Barca,Viana do Castelo,2022,10,2862.0
Ponte da Barca,Viana do Castelo,2022,11,1823.0
Ponte da Barca,Viana do Castelo,2022,12,2171.0
Ponte da Barca,Viana do Castelo,2023,1,1513.0
Ponte da Barca,Viana do Castelo,2023,2,1827.0
Ponte da Barca,Viana do Castelo,2023,3,1930.0
Ponte da Barca,Viana do Castelo,2023,4,3628.0
Ponte da Barca,Viana do Castelo,2023,5,2953.0
Ponte da Barca,Viana do Castelo,2023,6,3446.0
Ponte da Barca,Viana do Castelo,2023,7,5423.0
Ponte da Barca,Viana do Castelo,2023,8,8490.0
Ponte da Barca,Viana do Castelo,2023,9,3802.0
Ponte da Barca,Viana do Castelo,2023,10,2806.0
Ponte da Barca,Viana do Castelo,2023,11,1554.0
Ponte da Barca,Viana do Castelo,2023,12,2245.0
Ponte da Barca,Viana do Castelo,2024,1,1168.0
Ponte da Barca,Viana do Castelo,2024,2,1596.0
Ponte da Barca,Viana do Castelo,2024,3,2304.0
Ponte da Barca,Viana do Castelo,2024,4,2205.0
Ponte da Barca,Viana do Castelo,2024,5,2444.0
Ponte da Barca,Viana do Castelo,2024,6,3073.0
Ponte da Barca,Viana do Castelo,2024,7,4723.0
Ponte da Barca,Viana do Castelo,2024,8,9554.0
Ponte da Barca,Viana do Castelo,2024,9,4091.0
Ponte da Barca,Viana do Castelo,2024,10,2218.0
Ponte da Barca,Viana do Castelo,2024,11,1668.0
Ponte da Barca,Viana do Castelo,2024,12,2189.0
Ponte da Barca,Viana do Castelo,2025,1,1234.0
Ponte da Barca,Viana do Castelo,2025,2,1271.0
Ponte da Barca,Viana do Castelo,2025,3,1848.0
Ponte da Barca,Viana do Castelo,2025,4,3151.0
Ponte da Barca,Viana do Castelo,2025,5,3122.0
Ponte da Barca,Viana do Castelo,2025,6,3862.0
Ponte da Barca,Viana do Castelo,2025,7,5884.0
Ponte da Barca,Viana do Castelo,2025,8,8738.0
Ponte da Barca,Viana do Castelo,2025,9,4549.0
Ponte da Barca,Viana do Castelo,2025,10,2466.0
Ponte da Barca,Viana do Castelo,2025,11,1602.0
Ponte da Barca,Viana do Castelo,2025,12,2356.0
Ponte da Barca,Viana do Castelo,2026,1,1259.0
Ponte da Barca,Viana do Castelo,2026,2,1359.0
Ponte da Barca,Viana do Castelo,2026,3,1774.0
Ponte da Barca,Viana do Castelo,2026,4,2657.0
Ponte da Barca,Viana do Castelo,2026,5,3252.0
Ponte da Barca,Viana do Castelo,2026,6,4153.0
Ponte da Barca,Viana do Castelo,2026,7,5732.0
Ponte de Lima,Viana do Castelo,2020,1,3032.0
Ponte de Lima,Viana do Castelo,2020,2,4068.0
Ponte de Lima,Viana do Castelo,2020,3,1616.0
Ponte de Lima,Viana do Castelo,2020,4,80.0
Ponte de Lima,Viana do Castelo,2020,5,1078.0
Ponte de Lima,Viana do Castelo,2020,6,2885.0
Ponte de Lima,Viana do Castelo,2020,7,9144.0
Ponte de Lima,Viana do Castelo,2020,8,16265.0
Ponte de Lima,Viana do Castelo,2020,9,7244.0
Ponte de Lima,Viana do Castelo,2020,10,3807.0
Ponte de Lima,Viana do Castelo,2020,11,1399.0
Ponte de Lima,Viana do Castelo,2020,12,1184.0
Ponte de Lima,Viana do Castelo,2021,1,723.0
Ponte de Lima,Viana do Castelo,2021,2,
Ponte de Lima,Viana do Castelo,2021,3,
Ponte de Lima,Viana do Castelo,2021,4,1576.0
Ponte de Lima,Viana do Castelo,2021,5,4098.0
Ponte de Lima,Viana do Castelo,2021,6,7623.0
Ponte de Lima,Viana do Castelo,2021,7,10733.0
Ponte de Lima,Viana do Castelo,2021,8,19895.0
Ponte de Lima,Viana do Castelo,2021,9,9445.0
Ponte de Lima,Viana do Castelo,2021,10,8657.0
Ponte de Lima,Viana do Castelo,2021,11,4583.0
Ponte de Lima,Viana do Castelo,2021,12,4149.0
Ponte de Lima,Viana do Castelo,2022,1,2833.0
Ponte de Lima,Viana do Castelo,2022,2,4717.0
Ponte de Lima,Viana do Castelo,2022,3,4518.0
Ponte de Lima,Viana do Castelo,2022,4,8612.0
Ponte de Lima,Viana do Castelo,2022,5,8496.0
Ponte de Lima,Viana do Castelo,2022,6,9810.0
Ponte de Lima,Viana do Castelo,2022,7,14968.0
Ponte de Lima,Viana do Castelo,2022,8,21112.0
Ponte de Lima,Viana do Castelo,2022,9,12021.0
Ponte de Lima,Viana do Castelo,2022,10,8384.0
Ponte de Lima,Viana do Castelo,2022,11,4041.0
Ponte de Lima,Viana do Castelo,2022,12,5677.0
Ponte de Lima,Viana do Castelo,2023,1,4221.0
Ponte de Lima,Viana do Castelo,2023,2,4583.0
Ponte de Lima,Viana do Castelo,2023,3,5206.0
Ponte de Lima,Viana do Castelo,2023,4,10213.0
Ponte de Lima,Viana do Castelo,2023,5,9873.0
Ponte de Lima,Viana do Castelo,2023,6,10946.0
Ponte de Lima,Viana do Castelo,2023,7,17930.0
Ponte de Lima,Viana do Castelo,2023,8,23771.0
Ponte de Lima,Viana do Castelo,2023,9,13257.0
Ponte de Lima,Viana do Castelo,2023,10,9320.0
Ponte de Lima,Viana do Castelo,2023,11,4531.0
Ponte de Lima,Viana do Castelo,2023,12,7483.0
Ponte de Lima,Viana do Castelo,2024,1,3944.0
Ponte de Lima,Viana do Castelo,2024,2,4814.0
Ponte de Lima,Viana do Castelo,2024,3,7210.0
Ponte de Lima,Viana do Castelo,2024,4,8330.0
Ponte de Lima,Viana do Castelo,2024,5,11004.0
Ponte de Lima,Viana do Castelo,2024,6,10024.0
Ponte de Lima,Viana do Castelo,2024,7,16366.0
Ponte de Lima,Viana do Castelo,2024,8,24544.0
Ponte de Lima,Viana do Castelo,2024,9,12888.0
Ponte de Lima,Viana do Castelo,2024,10,8533.0
Ponte de Lima,Viana do Castelo,2024,11,6040.0
Ponte de Lima,Viana do Castelo,2024,12,7116.0
Ponte de Lima,Viana do Castelo,2025,1,4666.0
Ponte de Lima,Viana do Castelo,2025,2,4908.0
Ponte de Lima,Viana do Castelo,2025,3,6918.0
Ponte de Lima,Viana do Castelo,2025,4,10522.0
Ponte de Lima,Viana do Castelo,2025,5,11559.0
Ponte de Lima,Viana do Castelo,2025,6,12145.0
Ponte de Lima,Viana do Castelo,2025,7,18881.0
Ponte de Lima,Viana do Castelo,2025,8,24194.0
Ponte de Lima,Viana do Castelo,2025,9,15216.0
Ponte de Lima,Viana do Castelo,2025,10,10391.0
Ponte de Lima,Viana do Castelo,2025,11,8142.0
Ponte de Lima,Viana do Castelo,2025,12,9733.0
Ponte de Lima,Viana do Castelo,2026,1,6252.0
Ponte de Lima,Viana do Castelo,2026,2,6526.0
Ponte de Lima,Viana do Castelo,2026,3,7848.0
Ponte de Lima,Viana do Castelo,2026,4,12536.0
Ponte de Lima,Viana do Castelo,2026,5,14296.0
Ponte de Lima,Viana do Castelo,2026,6,14600.0
Ponte de Lima,Viana do Castelo,2026,7,21321.0
Ponte de Sor,Portalegre,2020,1,5064.0
Ponte de Sor,Portalegre,2020,2,7235.0
Ponte de Sor,Portalegre,2020,3,4871.0
Ponte de Sor,Portalegre,2020,4,
Ponte de Sor,Portalegre,2020,5,
Ponte de Sor,Portalegre,2020,6,6684.0
Ponte de Sor,Portalegre,2020,7,8069.0
Ponte de Sor,Portalegre,2020,8,8963.0
Ponte de Sor,Portalegre,2020,9,7334.0
Ponte de Sor,Portalegre,2020,10,5400.0
Ponte de Sor,Portalegre,2020,11,2484.0
Ponte de Sor,Portalegre,2020,12,3854.0
Ponte de Sor,Portalegre,2021,1,2032.0
Ponte de Sor,Portalegre,2021,2,1366.0
Ponte de Sor,Portalegre,2021,3,1325.0
Ponte de Sor,Portalegre,2021,4,1061.0
Ponte de Sor,Portalegre,2021,5,6235.0
Ponte de Sor,Portalegre,2021,6,7795.0
Ponte de Sor,Portalegre,2021,7,8909.0
Ponte de Sor,Portalegre,2021,8,9849.0
Ponte de Sor,Portalegre,2021,9,7846.0
Ponte de Sor,Portalegre,2021,10,6883.0
Ponte de Sor,Portalegre,2021,11,4043.0
Ponte de Sor,Portalegre,2021,12,3423.0
Ponte de Sor,Portalegre,2022,1,3559.0
Ponte de Sor,Portalegre,2022,2,4188.0
Ponte de Sor,Portalegre,2022,3,4509.0
Ponte de Sor,Portalegre,2022,4,6838.0
Ponte de Sor,Portalegre,2022,5,7282.0
Ponte de Sor,Portalegre,2022,6,8216.0
Ponte de Sor,Portalegre,2022,7,8796.0
Ponte de Sor,Portalegre,2022,8,10866.0
Ponte de Sor,Portalegre,2022,9,8040.0
Ponte de Sor,Portalegre,2022,10,5985.0
Ponte de Sor,Portalegre,2022,11,2967.0
Ponte de Sor,Portalegre,2022,12,4449.0
Ponte de Sor,Portalegre,2023,1,2910.0
Ponte de Sor,Portalegre,2023,2,4161.0
Ponte de Sor,Portalegre,2023,3,4071.0
Ponte de Sor,Portalegre,2023,4,7324.0
Ponte de Sor,Portalegre,2023,5,5533.0
Ponte de Sor,Portalegre,2023,6,6889.0
Ponte de Sor,Portalegre,2023,7,8373.0
Ponte de Sor,Portalegre,2023,8,11248.0
Ponte de Sor,Portalegre,2023,9,8155.0
Ponte de Sor,Portalegre,2023,10,5498.0
Ponte de Sor,Portalegre,2023,11,3352.0
Ponte de Sor,Portalegre,2023,12,3904.0
Ponte de Sor,Portalegre,2024,1,2836.0
Ponte de Sor,Portalegre,2024,2,3414.0
Ponte de Sor,Portalegre,2024,3,4215.0
Ponte de Sor,Portalegre,2024,4,5456.0
Ponte de Sor,Portalegre,2024,5,6353.0
Ponte de Sor,Portalegre,2024,6,8309.0
Ponte de Sor,Portalegre,2024,7,10040.0
Ponte de Sor,Portalegre,2024,8,12543.0
Ponte de Sor,Portalegre,2024,9,9433.0
Ponte de Sor,Portalegre,2024,10,6148.0
Ponte de Sor,Portalegre,2024,11,4852.0
Ponte de Sor,Portalegre,2024,12,3641.0
Ponte de Sor,Portalegre,2025,1,2786.0
Ponte de Sor,Portalegre,2025,2,3131.0
Ponte de Sor,Portalegre,2025,3,3985.0
Ponte de Sor,Portalegre,2025,4,5576.0
Ponte de Sor,Portalegre,2025,5,7048.0
Ponte de Sor,Portalegre,2025,6,8449.0
Ponte de Sor,Portalegre,2025,7,10243.0
Ponte de Sor,Portalegre,2025,8,13238.0
Ponte de Sor,Portalegre,2025,9,9410.0
Ponte de Sor,Portalegre,2025,10,6030.0
Ponte de Sor,Portalegre,2025,11,2625.0
Ponte de Sor,Portalegre,2025,12,3319.0
Ponte de Sor,Portalegre,2026,1,3428.0
Ponte de Sor,Portalegre,2026,2,3572.0
Ponte de Sor,Portalegre,2026,3,4065.0
Ponte de Sor,Portalegre,2026,4,6956.0
Ponte de Sor,Portalegre,2026,5,8192.0
Ponte de Sor,Portalegre,2026,6,9041.0
Ponte de Sor,Portalegre,2026,7,11603.0
Portalegre,Portalegre,2020,1,2207.0
Portalegre,Portalegre,2020,2,2830.0
Portalegre,Portalegre,2020,3,1126.0
Portalegre,Portalegre,2020,4,218.0
Portalegre,Portalegre,2020,5,475.0
Portalegre,Portalegre,2020,6,2242.0
Portalegre,Portalegre,2020,7,2872.0
Portalegre,Portalegre,2020,8,4599.0
Portalegre,Portalegre,2020,9,3279.0
Portalegre,Portalegre,2020,10,3060.0
Portalegre,Portalegre,2020,11,2060.0
Portalegre,Portalegre,2020,12,1322.0
Portalegre,Portalegre,2021,1,1347.0
Portalegre,Portalegre,2021,2,1172.0
Portalegre,Portalegre,2021,3,1612.0
Portalegre,Portalegre,2021,4,2511.0
Portalegre,Portalegre,2021,5,3658.0
Portalegre,Portalegre,2021,6,3824.0
Portalegre,Portalegre,2021,7,3591.0
Portalegre,Portalegre,2021,8,5662.0
Portalegre,Portalegre,2021,9,3945.0
Portalegre,Portalegre,2021,10,4474.0
Portalegre,Portalegre,2021,11,3416.0
Portalegre,Portalegre,2021,12,2268.0
Portalegre,Portalegre,2022,1,1974.0
Portalegre,Portalegre,2022,2,2645.0
Portalegre,Portalegre,2022,3,2972.0
Portalegre,Portalegre,2022,4,4265.0
Portalegre,Portalegre,2022,5,3826.0
Portalegre,Portalegre,2022,6,3693.0
Portalegre,Portalegre,2022,7,4463.0
Portalegre,Portalegre,2022,8,6668.0
Portalegre,Portalegre,2022,9,4178.0
Portalegre,Portalegre,2022,10,4907.0
Portalegre,Portalegre,2022,11,3585.0
Portalegre,Portalegre,2022,12,2893.0
Portalegre,Portalegre,2023,1,2799.0
Portalegre,Portalegre,2023,2,3332.0
Portalegre,Portalegre,2023,3,3870.0
Portalegre,Portalegre,2023,4,5505.0
Portalegre,Portalegre,2023,5,4486.0
Portalegre,Portalegre,2023,6,4977.0
Portalegre,Portalegre,2023,7,6115.0
Portalegre,Portalegre,2023,8,6573.0
Portalegre,Portalegre,2023,9,4847.0
Portalegre,Portalegre,2023,10,4529.0
Portalegre,Portalegre,2023,11,3399.0
Portalegre,Portalegre,2023,12,3025.0
Portalegre,Portalegre,2024,1,2869.0
Portalegre,Portalegre,2024,2,2968.0
Portalegre,Portalegre,2024,3,3387.0
Portalegre,Portalegre,2024,4,3837.0
Portalegre,Portalegre,2024,5,3595.0
Portalegre,Portalegre,2024,6,4465.0
Portalegre,Portalegre,2024,7,4695.0
Portalegre,Portalegre,2024,8,6836.0
Portalegre,Portalegre,2024,9,4818.0
Portalegre,Portalegre,2024,10,4243.0
Portalegre,Portalegre,2024,11,3736.0
Portalegre,Portalegre,2024,12,3058.0
Portalegre,Portalegre,2025,1,2503.0
Portalegre,Portalegre,2025,2,2758.0
Portalegre,Portalegre,2025,3,2870.0
Portalegre,Portalegre,2025,4,3723.0
Portalegre,Portalegre,2025,5,4255.0
Portalegre,Portalegre,2025,6,3686.0
Portalegre,Portalegre,2025,7,5066.0
Portalegre,Portalegre,2025,8,6972.0
Portalegre,Portalegre,2025,9,4865.0
Portalegre,Portalegre,2025,10,4377.0
Portalegre,Portalegre,2025,11,3118.0
Portalegre,Portalegre,2025,12,3390.0
Portalegre,Portalegre,2026,1,2731.0
Portalegre,Portalegre,2026,2,2382.0
Portalegre,Portalegre,2026,3,3393.0
Portalegre,Portalegre,2026,4,4121.0
Portalegre,Portalegre,2026,5,4228.0
Portalegre,Portalegre,2026,6,4409.0
Portalegre,Portalegre,2026,7,5104.0
Portel,Évora,2020,1,223.0
Portel,Évora,2020,2,190.0
Portel,Évora,2020,3,
Portel,Évora,2020,4,
Portel,Évora,2020,5,
Portel,Évora,2020,6,337.0
Portel,Évora,2020,7,1078.0
Portel,Évora,2020,8,1062.0
Portel,Évora,2020,9,721.0
Portel,Évora,2020,10,534.0
Portel,Évora,2020,11,275.0
Portel,Évora,2020,12,144.0
Portel,Évora,2021,1,
Portel,Évora,2021,2,
Portel,Évora,2021,3,168.0
Portel,Évora,2021,4,297.0
Portel,Évora,2021,5,278.0
Portel,Évora,2021,6,381.0
Portel,Évora,2021,7,765.0
Portel,Évora,2021,8,1121.0
Portel,Évora,2021,9,455.0
Portel,Évora,2021,10,343.0
Portel,Évora,2021,11,211.0
Portel,Évora,2021,12,243.0
Portel,Évora,2022,1,330.0
Portel,Évora,2022,2,397.0
Portel,Évora,2022,3,386.0
Portel,Évora,2022,4,648.0
Portel,Évora,2022,5,560.0
Portel,Évora,2022,6,689.0
Portel,Évora,2022,7,833.0
Portel,Évora,2022,8,1180.0
Portel,Évora,2022,9,892.0
Portel,Évora,2022,10,553.0
Portel,Évora,2022,11,342.0
Portel,Évora,2022,12,393.0
Portel,Évora,2023,1,
Portel,Évora,2023,2,
Portel,Évora,2023,3,392.0
Portel,Évora,2023,4,572.0
Portel,Évora,2023,5,570.0
Portel,Évora,2023,6,732.0
Portel,Évora,2023,7,741.0
Portel,Évora,2023,8,938.0
Portel,Évora,2023,9,547.0
Portel,Évora,2023,10,466.0
Portel,Évora,2023,11,399.0
Portel,Évora,2023,12,388.0
Portel,Évora,2024,1,
Portel,Évora,2024,2,
Portel,Évora,2024,3,
Portel,Évora,2024,4,495.0
Portel,Évora,2024,5,589.0
Portel,Évora,2024,6,590.0
Portel,Évora,2024,7,736.0
Portel,Évora,2024,8,1654.0
Portel,Évora,2024,9,849.0
Portel,Évora,2024,10,525.0
Portel,Évora,2024,11,
Portel,Évora,2024,12,
Portel,Évora,2025,1,
Portel,Évora,2025,2,
Portel,Évora,2025,3,
Portel,Évora,2025,4,405.0
Portel,Évora,2025,5,304.0
Portel,Évora,2025,6,684.0
Portel,Évora,2025,7,721.0
Portel,Évora,2025,8,1338.0
Portel,Évora,2025,9,665.0
Portel,Évora,2025,10,391.0
Portel,Évora,2025,11,254.0
Portel,Évora,2025,12,249.0
Portel,Évora,2026,1,
Portel,Évora,2026,2,
Portel,Évora,2026,3,
Portel,Évora,2026,4,
Portel,Évora,2026,5,419.0
Portel,Évora,2026,6,244.0
Portel,Évora,2026,7,615.0
Portimão,Faro,2020,1,51598.0
Portimão,Faro,2020,2,80611.0
Portimão,Faro,2020,3,46150.0
Portimão,Faro,2020,4,7716.0
Portimão,Faro,2020,5,9862.0
Portimão,Faro,2020,6,44232.0
Portimão,Faro,2020,7,127878.0
Portimão,Faro,2020,8,266248.0
Portimão,Faro,2020,9,185262.0
Portimão,Faro,2020,10,100663.0
Portimão,Faro,2020,11,31579.0
Portimão,Faro,2020,12,22407.0
Portimão,Faro,2021,1,13955.0
Portimão,Faro,2021,2,10046.0
Portimão,Faro,2021,3,12747.0
Portimão,Faro,2021,4,22678.0
Portimão,Faro,2021,5,47566.0
Portimão,Faro,2021,6,143661.0
Portimão,Faro,2021,7,193605.0
Portimão,Faro,2021,8,360756.0
Portimão,Faro,2021,9,243286.0
Portimão,Faro,2021,10,192234.0
Portimão,Faro,2021,11,76059.0
Portimão,Faro,2021,12,40168.0
Portimão,Faro,2022,1,34114.0
Portimão,Faro,2022,2,57497.0
Portimão,Faro,2022,3,88970.0
Portimão,Faro,2022,4,153239.0
Portimão,Faro,2022,5,224062.0
Portimão,Faro,2022,6,289636.0
Portimão,Faro,2022,7,401168.0
Portimão,Faro,2022,8,456373.0
Portimão,Faro,2022,9,328594.0
Portimão,Faro,2022,10,246696.0
Portimão,Faro,2022,11,92183.0
Portimão,Faro,2022,12,58274.0
Portimão,Faro,2023,1,54649.0
Portimão,Faro,2023,2,78244.0
Portimão,Faro,2023,3,115836.0
Portimão,Faro,2023,4,209622.0
Portimão,Faro,2023,5,231973.0
Portimão,Faro,2023,6,269172.0
Portimão,Faro,2023,7,366057.0
Portimão,Faro,2023,8,452908.0
Portimão,Faro,2023,9,327288.0
Portimão,Faro,2023,10,263402.0
Portimão,Faro,2023,11,89722.0
Portimão,Faro,2023,12,63216.0
Portimão,Faro,2024,1,63840.0
Portimão,Faro,2024,2,85263.0
Portimão,Faro,2024,3,143053.0
Portimão,Faro,2024,4,193167.0
Portimão,Faro,2024,5,261546.0
Portimão,Faro,2024,6,304744.0
Portimão,Faro,2024,7,405719.0
Portimão,Faro,2024,8,465364.0
Portimão,Faro,2024,9,334439.0
Portimão,Faro,2024,10,288740.0
Portimão,Faro,2024,11,100282.0
Portimão,Faro,2024,12,63728.0
Portimão,Faro,2025,1,59248.0
Portimão,Faro,2025,2,80664.0
Portimão,Faro,2025,3,133012.0
Portimão,Faro,2025,4,240147.0
Portimão,Faro,2025,5,264657.0
Portimão,Faro,2025,6,329687.0
Portimão,Faro,2025,7,409472.0
Portimão,Faro,2025,8,473677.0
Portimão,Faro,2025,9,331283.0
Portimão,Faro,2025,10,289458.0
Portimão,Faro,2025,11,118348.0
Portimão,Faro,2025,12,66969.0
Portimão,Faro,2026,1,62715.0
Portimão,Faro,2026,2,82775.0
Portimão,Faro,2026,3,131273.0
Portimão,Faro,2026,4,219868.0
Portimão,Faro,2026,5,266263.0
Portimão,Faro,2026,6,308299.0
Portimão,Faro,2026,7,402150.0
Porto,Porto,2020,1,269248.0
Porto,Porto,2020,2,275704.0
Porto,Porto,2020,3,114352.0
Porto,Porto,2020,4,3750.0
Porto,Porto,2020,5,7966.0
Porto,Porto,2020,6,20032.0
Porto,Porto,2020,7,73415.0
Porto,Porto,2020,8,162589.0
Porto,Porto,2020,9,139797.0
Porto,Porto,2020,10,108636.0
Porto,Porto,2020,11,32309.0
Porto,Porto,2020,12,36154.0
Porto,Porto,2021,1,26077.0
Porto,Porto,2021,2,15160.0
Porto,Porto,2021,3,19529.0
Porto,Porto,2021,4,34567.0
Porto,Porto,2021,5,96711.0
Porto,Porto,2021,6,127028.0
Porto,Porto,2021,7,167698.0
Porto,Porto,2021,8,303419.0
Porto,Porto,2021,9,283037.0
Porto,Porto,2021,10,350189.0
Porto,Porto,2021,11,261466.0
Porto,Porto,2021,12,189756.0
Porto,Porto,2022,1,124970.0
Porto,Porto,2022,2,208755.0
Porto,Porto,2022,3,298131.0
Porto,Porto,2022,4,430589.0
Porto,Porto,2022,5,464179.0
Porto,Porto,2022,6,464101.0
Porto,Porto,2022,7,531700.0
Porto,Porto,2022,8,597001.0
Porto,Porto,2022,9,526988.0
Porto,Porto,2022,10,507945.0
Porto,Porto,2022,11,341948.0
Porto,Porto,2022,12,322861.0
Porto,Porto,2023,1,284247.0
Porto,Porto,2023,2,323711.0
Porto,Porto,2023,3,423009.0
Porto,Porto,2023,4,536004.0
Porto,Porto,2023,5,571474.0
Porto,Porto,2023,6,541758.0
Porto,Porto,2023,7,573895.0
Porto,Porto,2023,8,656969.0
Porto,Porto,2023,9,626068.0
Porto,Porto,2023,10,595891.0
Porto,Porto,2023,11,384194.0
Porto,Porto,2023,12,352286.0
Porto,Porto,2024,1,298953.0
Porto,Porto,2024,2,356548.0
Porto,Porto,2024,3,487194.0
Porto,Porto,2024,4,533562.0
Porto,Porto,2024,5,621794.0
Porto,Porto,2024,6,576709.0
Porto,Porto,2024,7,623302.0
Porto,Porto,2024,8,703833.0
Porto,Porto,2024,9,639733.0
Porto,Porto,2024,10,623573.0
Porto,Porto,2024,11,445151.0
Porto,Porto,2024,12,369147.0
Porto,Porto,2025,1,317358.0
Porto,Porto,2025,2,361022.0
Porto,Porto,2025,3,486888.0
Porto,Porto,2025,4,595088.0
Porto,Porto,2025,5,657035.0
Porto,Porto,2025,6,618488.0
Porto,Porto,2025,7,654740.0
Porto,Porto,2025,8,735123.0
Porto,Porto,2025,9,676768.0
Porto,Porto,2025,10,656624.0
Porto,Porto,2025,11,465069.0
Porto,Porto,2025,12,386971.0
Porto,Porto,2026,1,347555.0
Porto,Porto,2026,2,366019.0
Porto,Porto,2026,3,529218.0
Porto,Porto,2026,4,612240.0
Porto,Porto,2026,5,685529.0
Porto,Porto,2026,6,631264.0
Porto,Porto,2026,7,690589.0
Porto Moniz,Região Autónoma da Madeira,2020,1,3188.0
Porto Moniz,Região Autónoma da Madeira,2020,2,3829.0
Porto Moniz,Região Autónoma da Madeira,2020,3,2600.0
Porto Moniz,Região Autónoma da Madeira,2020,4,
Porto Moniz,Região Autónoma da Madeira,2020,5,
Porto Moniz,Região Autónoma da Madeira,2020,6,
Porto Moniz,Região Autónoma da Madeira,2020,7,
Porto Moniz,Região Autónoma da Madeira,2020,8,3047.0
Porto Moniz,Região Autónoma da Madeira,2020,9,2542.0
Porto Moniz,Região Autónoma da Madeira,2020,10,2267.0
Porto Moniz,Região Autónoma da Madeira,2020,11,1810.0
Porto Moniz,Região Autónoma da Madeira,2020,12,1141.0
Porto Moniz,Região Autónoma da Madeira,2021,1,792.0
Porto Moniz,Região Autónoma da Madeira,2021,2,57.0
Porto Moniz,Região Autónoma da Madeira,2021,3,978.0
Porto Moniz,Região Autónoma da Madeira,2021,4,1423.0
Porto Moniz,Região Autónoma da Madeira,2021,5,2135.0
Porto Moniz,Região Autónoma da Madeira,2021,6,3497.0
Porto Moniz,Região Autónoma da Madeira,2021,7,6575.0
Porto Moniz,Região Autónoma da Madeira,2021,8,7089.0
Porto Moniz,Região Autónoma da Madeira,2021,9,6418.0
Porto Moniz,Região Autónoma da Madeira,2021,10,6154.0
Porto Moniz,Região Autónoma da Madeira,2021,11,5253.0
Porto Moniz,Região Autónoma da Madeira,2021,12,3608.0
Porto Moniz,Região Autónoma da Madeira,2022,1,4496.0
Porto Moniz,Região Autónoma da Madeira,2022,2,4377.0
Porto Moniz,Região Autónoma da Madeira,2022,3,5481.0
Porto Moniz,Região Autónoma da Madeira,2022,4,7333.0
Porto Moniz,Região Autónoma da Madeira,2022,5,7640.0
Porto Moniz,Região Autónoma da Madeira,2022,6,7386.0
Porto Moniz,Região Autónoma da Madeira,2022,7,8156.0
Porto Moniz,Região Autónoma da Madeira,2022,8,8794.0
Porto Moniz,Região Autónoma da Madeira,2022,9,7833.0
Porto Moniz,Região Autónoma da Madeira,2022,10,7346.0
Porto Moniz,Região Autónoma da Madeira,2022,11,6206.0
Porto Moniz,Região Autónoma da Madeira,2022,12,5908.0
Porto Moniz,Região Autónoma da Madeira,2023,1,6492.0
Porto Moniz,Região Autónoma da Madeira,2023,2,6786.0
Porto Moniz,Região Autónoma da Madeira,2023,3,7599.0
Porto Moniz,Região Autónoma da Madeira,2023,4,7999.0
Porto Moniz,Região Autónoma da Madeira,2023,5,7651.0
Porto Moniz,Região Autónoma da Madeira,2023,6,7372.0
Porto Moniz,Região Autónoma da Madeira,2023,7,9641.0
Porto Moniz,Região Autónoma da Madeira,2023,8,9561.0
Porto Moniz,Região Autónoma da Madeira,2023,9,9370.0
Porto Moniz,Região Autónoma da Madeira,2023,10,8869.0
Porto Moniz,Região Autónoma da Madeira,2023,11,7750.0
Porto Moniz,Região Autónoma da Madeira,2023,12,7416.0
Porto Moniz,Região Autónoma da Madeira,2024,1,7372.0
Porto Moniz,Região Autónoma da Madeira,2024,2,6511.0
Porto Moniz,Região Autónoma da Madeira,2024,3,7886.0
Porto Moniz,Região Autónoma da Madeira,2024,4,8970.0
Porto Moniz,Região Autónoma da Madeira,2024,5,9871.0
Porto Moniz,Região Autónoma da Madeira,2024,6,9152.0
Porto Moniz,Região Autónoma da Madeira,2024,7,10601.0
Porto Moniz,Região Autónoma da Madeira,2024,8,11149.0
Porto Moniz,Região Autónoma da Madeira,2024,9,10325.0
Porto Moniz,Região Autónoma da Madeira,2024,10,10011.0
Porto Moniz,Região Autónoma da Madeira,2024,11,8552.0
Porto Moniz,Região Autónoma da Madeira,2024,12,7578.0
Porto Moniz,Região Autónoma da Madeira,2025,1,7519.0
Porto Moniz,Região Autónoma da Madeira,2025,2,6643.0
Porto Moniz,Região Autónoma da Madeira,2025,3,9843.0
Porto Moniz,Região Autónoma da Madeira,2025,4,11359.0
Porto Moniz,Região Autónoma da Madeira,2025,5,11738.0
Porto Moniz,Região Autónoma da Madeira,2025,6,10842.0
Porto Moniz,Região Autónoma da Madeira,2025,7,12628.0
Porto Moniz,Região Autónoma da Madeira,2025,8,13113.0
Porto Moniz,Região Autónoma da Madeira,2025,9,12221.0
Porto Moniz,Região Autónoma da Madeira,2025,10,12094.0
Porto Moniz,Região Autónoma da Madeira,2025,11,9909.0
Porto Moniz,Região Autónoma da Madeira,2025,12,7299.0
Porto Moniz,Região Autónoma da Madeira,2026,1,7572.0
Porto Moniz,Região Autónoma da Madeira,2026,2,9422.0
Porto Moniz,Região Autónoma da Madeira,2026,3,10491.0
Porto Moniz,Região Autónoma da Madeira,2026,4,12040.0
Porto Moniz,Região Autónoma da Madeira,2026,5,12982.0
Porto Moniz,Região Autónoma da Madeira,2026,6,11613.0
Porto Moniz,Região Autónoma da Madeira,2026,7,14352.0
Porto Santo,Região Autónoma da Madeira,2020,1,8713.0
Porto Santo,Região Autónoma da Madeira,2020,2,11708.0
Porto Santo,Região Autónoma da Madeira,2020,3,8453.0
Porto Santo,Região Autónoma da Madeira,2020,4,
Porto Santo,Região Autónoma da Madeira,2020,5,
Porto Santo,Região Autónoma da Madeira,2020,6,7373.0
Porto Santo,Região Autónoma da Madeira,2020,7,19322.0
Porto Santo,Região Autónoma da Madeira,2020,8,45092.0
Porto Santo,Região Autónoma da Madeira,2020,9,35243.0
Porto Santo,Região Autónoma da Madeira,2020,10,17856.0
Porto Santo,Região Autónoma da Madeira,2020,11,2497.0
Porto Santo,Região Autónoma da Madeira,2020,12,1502.0
Porto Santo,Região Autónoma da Madeira,2021,1,1074.0
Porto Santo,Região Autónoma da Madeira,2021,2,868.0
Porto Santo,Região Autónoma da Madeira,2021,3,2731.0
Porto Santo,Região Autónoma da Madeira,2021,4,3991.0
Porto Santo,Região Autónoma da Madeira,2021,5,12454.0
Porto Santo,Região Autónoma da Madeira,2021,6,55080.0
Porto Santo,Região Autónoma da Madeira,2021,7,72841.0
Porto Santo,Região Autónoma da Madeira,2021,8,84854.0
Porto Santo,Região Autónoma da Madeira,2021,9,69733.0
Porto Santo,Região Autónoma da Madeira,2021,10,43648.0
Porto Santo,Região Autónoma da Madeira,2021,11,15530.0
Porto Santo,Região Autónoma da Madeira,2021,12,8253.0
Porto Santo,Região Autónoma da Madeira,2022,1,7454.0
Porto Santo,Região Autónoma da Madeira,2022,2,8926.0
Porto Santo,Região Autónoma da Madeira,2022,3,18703.0
Porto Santo,Região Autónoma da Madeira,2022,4,26056.0
Porto Santo,Região Autónoma da Madeira,2022,5,36199.0
Porto Santo,Região Autónoma da Madeira,2022,6,73119.0
Porto Santo,Região Autónoma da Madeira,2022,7,83075.0
Porto Santo,Região Autónoma da Madeira,2022,8,90372.0
Porto Santo,Região Autónoma da Madeira,2022,9,68333.0
Porto Santo,Região Autónoma da Madeira,2022,10,50787.0
Porto Santo,Região Autónoma da Madeira,2022,11,19665.0
Porto Santo,Região Autónoma da Madeira,2022,12,10335.0
Porto Santo,Região Autónoma da Madeira,2023,1,9363.0
Porto Santo,Região Autónoma da Madeira,2023,2,11902.0
Porto Santo,Região Autónoma da Madeira,2023,3,23079.0
Porto Santo,Região Autónoma da Madeira,2023,4,38269.0
Porto Santo,Região Autónoma da Madeira,2023,5,44123.0
Porto Santo,Região Autónoma da Madeira,2023,6,67490.0
Porto Santo,Região Autónoma da Madeira,2023,7,76101.0
Porto Santo,Região Autónoma da Madeira,2023,8,85222.0
Porto Santo,Região Autónoma da Madeira,2023,9,70469.0
Porto Santo,Região Autónoma da Madeira,2023,10,53292.0
Porto Santo,Região Autónoma da Madeira,2023,11,20950.0
Porto Santo,Região Autónoma da Madeira,2023,12,14684.0
Porto Santo,Região Autónoma da Madeira,2024,1,11551.0
Porto Santo,Região Autónoma da Madeira,2024,2,16565.0
Porto Santo,Região Autónoma da Madeira,2024,3,24936.0
Porto Santo,Região Autónoma da Madeira,2024,4,27462.0
Porto Santo,Região Autónoma da Madeira,2024,5,48553.0
Porto Santo,Região Autónoma da Madeira,2024,6,65404.0
Porto Santo,Região Autónoma da Madeira,2024,7,70294.0
Porto Santo,Região Autónoma da Madeira,2024,8,76724.0
Porto Santo,Região Autónoma da Madeira,2024,9,64470.0
Porto Santo,Região Autónoma da Madeira,2024,10,54971.0
Porto Santo,Região Autónoma da Madeira,2024,11,25770.0
Porto Santo,Região Autónoma da Madeira,2024,12,13190.0
Porto Santo,Região Autónoma da Madeira,2025,1,13178.0
Porto Santo,Região Autónoma da Madeira,2025,2,14604.0
Porto Santo,Região Autónoma da Madeira,2025,3,21597.0
Porto Santo,Região Autónoma da Madeira,2025,4,29179.0
Porto Santo,Região Autónoma da Madeira,2025,5,48725.0
Porto Santo,Região Autónoma da Madeira,2025,6,66387.0
Porto Santo,Região Autónoma da Madeira,2025,7,72760.0
Porto Santo,Região Autónoma da Madeira,2025,8,76714.0
Porto Santo,Região Autónoma da Madeira,2025,9,63531.0
Porto Santo,Região Autónoma da Madeira,2025,10,54712.0
Porto Santo,Região Autónoma da Madeira,2025,11,23755.0
Porto Santo,Região Autónoma da Madeira,2025,12,10122.0
Porto Santo,Região Autónoma da Madeira,2026,1,7557.0
Porto Santo,Região Autónoma da Madeira,2026,2,12661.0
Porto Santo,Região Autónoma da Madeira,2026,3,22071.0
Porto Santo,Região Autónoma da Madeira,2026,4,45038.0
Porto Santo,Região Autónoma da Madeira,2026,5,46156.0
Porto Santo,Região Autónoma da Madeira,2026,6,67869.0
Porto Santo,Região Autónoma da Madeira,2026,7,82259.0
Porto de Mós,Leiria,2020,1,816.0
Porto de Mós,Leiria,2020,2,999.0
Porto de Mós,Leiria,2020,3,614.0
Porto de Mós,Leiria,2020,4,
Porto de Mós,Leiria,2020,5,
Porto de Mós,Leiria,2020,6,676.0
Porto de Mós,Leiria,2020,7,1662.0
Porto de Mós,Leiria,2020,8,2137.0
Porto de Mós,Leiria,2020,9,1442.0
Porto de Mós,Leiria,2020,10,1458.0
Porto de Mós,Leiria,2020,11,881.0
Porto de Mós,Leiria,2020,12,823.0
Porto de Mós,Leiria,2021,1,356.0
Porto de Mós,Leiria,2021,2,143.0
Porto de Mós,Leiria,2021,3,306.0
Porto de Mós,Leiria,2021,4,490.0
Porto de Mós,Leiria,2021,5,839.0
Porto de Mós,Leiria,2021,6,1391.0
Porto de Mós,Leiria,2021,7,1579.0
Porto de Mós,Leiria,2021,8,2187.0
Porto de Mós,Leiria,2021,9,1182.0
Porto de Mós,Leiria,2021,10,1194.0
Porto de Mós,Leiria,2021,11,1079.0
Porto de Mós,Leiria,2021,12,989.0
Porto de Mós,Leiria,2022,1,737.0
Porto de Mós,Leiria,2022,2,883.0
Porto de Mós,Leiria,2022,3,876.0
Porto de Mós,Leiria,2022,4,1458.0
Porto de Mós,Leiria,2022,5,1546.0
Porto de Mós,Leiria,2022,6,1355.0
Porto de Mós,Leiria,2022,7,1667.0
Porto de Mós,Leiria,2022,8,3455.0
Porto de Mós,Leiria,2022,9,1709.0
Porto de Mós,Leiria,2022,10,1511.0
Porto de Mós,Leiria,2022,11,1161.0
Porto de Mós,Leiria,2022,12,1559.0
Porto de Mós,Leiria,2023,1,1112.0
Porto de Mós,Leiria,2023,2,1215.0
Porto de Mós,Leiria,2023,3,1650.0
Porto de Mós,Leiria,2023,4,2231.0
Porto de Mós,Leiria,2023,5,1684.0
Porto de Mós,Leiria,2023,6,1930.0
Porto de Mós,Leiria,2023,7,2329.0
Porto de Mós,Leiria,2023,8,3116.0
Porto de Mós,Leiria,2023,9,2262.0
Porto de Mós,Leiria,2023,10,1455.0
Porto de Mós,Leiria,2023,11,962.0
Porto de Mós,Leiria,2023,12,1460.0
Porto de Mós,Leiria,2024,1,995.0
Porto de Mós,Leiria,2024,2,1063.0
Porto de Mós,Leiria,2024,3,1408.0
Porto de Mós,Leiria,2024,4,1592.0
Porto de Mós,Leiria,2024,5,1985.0
Porto de Mós,Leiria,2024,6,1969.0
Porto de Mós,Leiria,2024,7,2415.0
Porto de Mós,Leiria,2024,8,3026.0
Porto de Mós,Leiria,2024,9,2299.0
Porto de Mós,Leiria,2024,10,2307.0
Porto de Mós,Leiria,2024,11,2011.0
Porto de Mós,Leiria,2024,12,2202.0
Porto de Mós,Leiria,2025,1,1904.0
Porto de Mós,Leiria,2025,2,2353.0
Porto de Mós,Leiria,2025,3,2451.0
Porto de Mós,Leiria,2025,4,2732.0
Porto de Mós,Leiria,2025,5,3029.0
Porto de Mós,Leiria,2025,6,2773.0
Porto de Mós,Leiria,2025,7,2994.0
Porto de Mós,Leiria,2025,8,5817.0
Porto de Mós,Leiria,2025,9,3719.0
Porto de Mós,Leiria,2025,10,3712.0
Porto de Mós,Leiria,2025,11,2970.0
Porto de Mós,Leiria,2025,12,2551.0
Porto de Mós,Leiria,2026,1,1882.0
Porto de Mós,Leiria,2026,2,1711.0
Porto de Mós,Leiria,2026,3,2210.0
Porto de Mós,Leiria,2026,4,2906.0
Porto de Mós,Leiria,2026,5,3131.0
Porto de Mós,Leiria,2026,6,2056.0
Porto de Mós,Leiria,2026,7,3373.0
Povoação,Região Autónoma dos Açores,2020,1,4606.0
Povoação,Região Autónoma dos Açores,2020,2,5679.0
Povoação,Região Autónoma dos Açores,2020,3,2014.0
Povoação,Região Autónoma dos Açores,2020,4,
Povoação,Região Autónoma dos Açores,2020,5,
Povoação,Região Autónoma dos Açores,2020,6,216.0
Povoação,Região Autónoma dos Açores,2020,7,961.0
Povoação,Região Autónoma dos Açores,2020,8,5482.0
Povoação,Região Autónoma dos Açores,2020,9,4245.0
Povoação,Região Autónoma dos Açores,2020,10,3950.0
Povoação,Região Autónoma dos Açores,2020,11,3226.0
Povoação,Região Autónoma dos Açores,2020,12,2934.0
Povoação,Região Autónoma dos Açores,2021,1,1846.0
Povoação,Região Autónoma dos Açores,2021,2,2303.0
Povoação,Região Autónoma dos Açores,2021,3,3866.0
Povoação,Região Autónoma dos Açores,2021,4,4066.0
Povoação,Região Autónoma dos Açores,2021,5,3282.0
Povoação,Região Autónoma dos Açores,2021,6,5075.0
Povoação,Região Autónoma dos Açores,2021,7,8208.0
Povoação,Região Autónoma dos Açores,2021,8,11734.0
Povoação,Região Autónoma dos Açores,2021,9,8915.0
Povoação,Região Autónoma dos Açores,2021,10,8825.0
Povoação,Região Autónoma dos Açores,2021,11,5973.0
Povoação,Região Autónoma dos Açores,2021,12,5078.0
Povoação,Região Autónoma dos Açores,2022,1,3729.0
Povoação,Região Autónoma dos Açores,2022,2,4899.0
Povoação,Região Autónoma dos Açores,2022,3,5755.0
Povoação,Região Autónoma dos Açores,2022,4,8169.0
Povoação,Região Autónoma dos Açores,2022,5,10451.0
Povoação,Região Autónoma dos Açores,2022,6,12450.0
Povoação,Região Autónoma dos Açores,2022,7,13763.0
Povoação,Região Autónoma dos Açores,2022,8,14201.0
Povoação,Região Autónoma dos Açores,2022,9,12352.0
Povoação,Região Autónoma dos Açores,2022,10,10873.0
Povoação,Região Autónoma dos Açores,2022,11,6182.0
Povoação,Região Autónoma dos Açores,2022,12,5330.0
Povoação,Região Autónoma dos Açores,2023,1,4641.0
Povoação,Região Autónoma dos Açores,2023,2,5136.0
Povoação,Região Autónoma dos Açores,2023,3,6764.0
Povoação,Região Autónoma dos Açores,2023,4,8726.0
Povoação,Região Autónoma dos Açores,2023,5,10469.0
Povoação,Região Autónoma dos Açores,2023,6,11962.0
Povoação,Região Autónoma dos Açores,2023,7,14447.0
Povoação,Região Autónoma dos Açores,2023,8,14794.0
Povoação,Região Autónoma dos Açores,2023,9,12750.0
Povoação,Região Autónoma dos Açores,2023,10,10053.0
Povoação,Região Autónoma dos Açores,2023,11,5747.0
Povoação,Região Autónoma dos Açores,2023,12,4675.0
Povoação,Região Autónoma dos Açores,2024,1,3253.0
Povoação,Região Autónoma dos Açores,2024,2,4616.0
Povoação,Região Autónoma dos Açores,2024,3,6519.0
Povoação,Região Autónoma dos Açores,2024,4,8899.0
Povoação,Região Autónoma dos Açores,2024,5,11731.0
Povoação,Região Autónoma dos Açores,2024,6,11672.0
Povoação,Região Autónoma dos Açores,2024,7,13772.0
Povoação,Região Autónoma dos Açores,2024,8,14645.0
Povoação,Região Autónoma dos Açores,2024,9,13890.0
Povoação,Região Autónoma dos Açores,2024,10,11181.0
Povoação,Região Autónoma dos Açores,2024,11,7283.0
Povoação,Região Autónoma dos Açores,2024,12,4412.0
Povoação,Região Autónoma dos Açores,2025,1,4749.0
Povoação,Região Autónoma dos Açores,2025,2,5028.0
Povoação,Região Autónoma dos Açores,2025,3,7880.0
Povoação,Região Autónoma dos Açores,2025,4,11057.0
Povoação,Região Autónoma dos Açores,2025,5,12680.0
Povoação,Região Autónoma dos Açores,2025,6,13880.0
Povoação,Região Autónoma dos Açores,2025,7,15285.0
Povoação,Região Autónoma dos Açores,2025,8,15737.0
Povoação,Região Autónoma dos Açores,2025,9,13860.0
Povoação,Região Autónoma dos Açores,2025,10,11838.0
Povoação,Região Autónoma dos Açores,2025,11,6971.0
Povoação,Região Autónoma dos Açores,2025,12,4518.0
Povoação,Região Autónoma dos Açores,2026,1,4607.0
Povoação,Região Autónoma dos Açores,2026,2,5349.0
Povoação,Região Autónoma dos Açores,2026,3,8018.0
Povoação,Região Autónoma dos Açores,2026,4,11700.0
Povoação,Região Autónoma dos Açores,2026,5,13075.0
Povoação,Região Autónoma dos Açores,2026,6,13779.0
Povoação,Região Autónoma dos Açores,2026,7,16399.0
Proença-a-Nova,Castelo Branco,2020,1,274.0
Proença-a-Nova,Castelo Branco,2020,2,492.0
Proença-a-Nova,Castelo Branco,2020,3,125.0
Proença-a-Nova,Castelo Branco,2020,4,
Proença-a-Nova,Castelo Branco,2020,5,
Proença-a-Nova,Castelo Branco,2020,6,404.0
Proença-a-Nova,Castelo Branco,2020,7,703.0
Proença-a-Nova,Castelo Branco,2020,8,1399.0
Proença-a-Nova,Castelo Branco,2020,9,624.0
Proença-a-Nova,Castelo Branco,2020,10,339.0
Proença-a-Nova,Castelo Branco,2020,11,
Proença-a-Nova,Castelo Branco,2020,12,
Proença-a-Nova,Castelo Branco,2021,1,
Proença-a-Nova,Castelo Branco,2021,2,
Proença-a-Nova,Castelo Branco,2021,3,146.0
Proença-a-Nova,Castelo Branco,2021,4,201.0
Proença-a-Nova,Castelo Branco,2021,5,397.0
Proença-a-Nova,Castelo Branco,2021,6,494.0
Proença-a-Nova,Castelo Branco,2021,7,688.0
Proença-a-Nova,Castelo Branco,2021,8,1320.0
Proença-a-Nova,Castelo Branco,2021,9,494.0
Proença-a-Nova,Castelo Branco,2021,10,
Proença-a-Nova,Castelo Branco,2021,11,
Proença-a-Nova,Castelo Branco,2021,12,279.0
Proença-a-Nova,Castelo Branco,2022,1,
Proença-a-Nova,Castelo Branco,2022,2,
Proença-a-Nova,Castelo Branco,2022,3,
Proença-a-Nova,Castelo Branco,2022,4,
Proença-a-Nova,Castelo Branco,2022,5,
Proença-a-Nova,Castelo Branco,2022,6,441.0
Proença-a-Nova,Castelo Branco,2022,7,495.0
Proença-a-Nova,Castelo Branco,2022,8,744.0
Proença-a-Nova,Castelo Branco,2022,9,449.0
Proença-a-Nova,Castelo Branco,2022,10,455.0
Proença-a-Nova,Castelo Branco,2022,11,
Proença-a-Nova,Castelo Branco,2022,12,
Proença-a-Nova,Castelo Branco,2023,1,
Proença-a-Nova,Castelo Branco,2023,2,
Proença-a-Nova,Castelo Branco,2023,3,
Proença-a-Nova,Castelo Branco,2023,4,546.0
Proença-a-Nova,Castelo Branco,2023,5,377.0
Proença-a-Nova,Castelo Branco,2023,6,707.0
Proença-a-Nova,Castelo Branco,2023,7,799.0
Proença-a-Nova,Castelo Branco,2023,8,1353.0
Proença-a-Nova,Castelo Branco,2023,9,713.0
Proença-a-Nova,Castelo Branco,2023,10,619.0
Proença-a-Nova,Castelo Branco,2023,11,144.0
Proença-a-Nova,Castelo Branco,2023,12,172.0
Proença-a-Nova,Castelo Branco,2024,1,105.0
Proença-a-Nova,Castelo Branco,2024,2,176.0
Proença-a-Nova,Castelo Branco,2024,3,445.0
Proença-a-Nova,Castelo Branco,2024,4,434.0
Proença-a-Nova,Castelo Branco,2024,5,548.0
Proença-a-Nova,Castelo Branco,2024,6,555.0
Proença-a-Nova,Castelo Branco,2024,7,842.0
Proença-a-Nova,Castelo Branco,2024,8,999.0
Proença-a-Nova,Castelo Branco,2024,9,494.0
Proença-a-Nova,Castelo Branco,2024,10,420.0
Proença-a-Nova,Castelo Branco,2024,11,320.0
Proença-a-Nova,Castelo Branco,2024,12,266.0
Proença-a-Nova,Castelo Branco,2025,1,
Proença-a-Nova,Castelo Branco,2025,2,
Proença-a-Nova,Castelo Branco,2025,3,194.0
Proença-a-Nova,Castelo Branco,2025,4,627.0
Proença-a-Nova,Castelo Branco,2025,5,835.0
Proença-a-Nova,Castelo Branco,2025,6,797.0
Proença-a-Nova,Castelo Branco,2025,7,834.0
Proença-a-Nova,Castelo Branco,2025,8,1139.0
Proença-a-Nova,Castelo Branco,2025,9,551.0
Proença-a-Nova,Castelo Branco,2025,10,494.0
Proença-a-Nova,Castelo Branco,2025,11,192.0
Proença-a-Nova,Castelo Branco,2025,12,261.0
Proença-a-Nova,Castelo Branco,2026,1,
Proença-a-Nova,Castelo Branco,2026,2,251.0
Proença-a-Nova,Castelo Branco,2026,3,290.0
Proença-a-Nova,Castelo Branco,2026,4,476.0
Proença-a-Nova,Castelo Branco,2026,5,722.0
Proença-a-Nova,Castelo Branco,2026,6,777.0
Proença-a-Nova,Castelo Branco,2026,7,892.0
Póvoa de Lanhoso,Braga,2020,1,341.0
Póvoa de Lanhoso,Braga,2020,2,
Póvoa de Lanhoso,Braga,2020,3,
Póvoa de Lanhoso,Braga,2020,4,
Póvoa de Lanhoso,Braga,2020,5,138.0
Póvoa de Lanhoso,Braga,2020,6,992.0
Póvoa de Lanhoso,Braga,2020,7,1646.0
Póvoa de Lanhoso,Braga,2020,8,2801.0
Póvoa de Lanhoso,Braga,2020,9,1592.0
Póvoa de Lanhoso,Braga,2020,10,160.0
Póvoa de Lanhoso,Braga,2020,11,204.0
Póvoa de Lanhoso,Braga,2020,12,226.0
Póvoa de Lanhoso,Braga,2021,1,129.0
Póvoa de Lanhoso,Braga,2021,2,
Póvoa de Lanhoso,Braga,2021,3,
Póvoa de Lanhoso,Braga,2021,4,237.0
Póvoa de Lanhoso,Braga,2021,5,735.0
Póvoa de Lanhoso,Braga,2021,6,1274.0
Póvoa de Lanhoso,Braga,2021,7,1744.0
Póvoa de Lanhoso,Braga,2021,8,3180.0
Póvoa de Lanhoso,Braga,2021,9,1741.0
Póvoa de Lanhoso,Braga,2021,10,1135.0
Póvoa de Lanhoso,Braga,2021,11,279.0
Póvoa de Lanhoso,Braga,2021,12,648.0
Póvoa de Lanhoso,Braga,2022,1,356.0
Póvoa de Lanhoso,Braga,2022,2,1594.0
Póvoa de Lanhoso,Braga,2022,3,1943.0
Póvoa de Lanhoso,Braga,2022,4,3047.0
Póvoa de Lanhoso,Braga,2022,5,1432.0
Póvoa de Lanhoso,Braga,2022,6,2602.0
Póvoa de Lanhoso,Braga,2022,7,2625.0
Póvoa de Lanhoso,Braga,2022,8,4756.0
Póvoa de Lanhoso,Braga,2022,9,1683.0
Póvoa de Lanhoso,Braga,2022,10,1415.0
Póvoa de Lanhoso,Braga,2022,11,1576.0
Póvoa de Lanhoso,Braga,2022,12,1524.0
Póvoa de Lanhoso,Braga,2023,1,712.0
Póvoa de Lanhoso,Braga,2023,2,1191.0
Póvoa de Lanhoso,Braga,2023,3,1177.0
Póvoa de Lanhoso,Braga,2023,4,1951.0
Póvoa de Lanhoso,Braga,2023,5,1227.0
Póvoa de Lanhoso,Braga,2023,6,1828.0
Póvoa de Lanhoso,Braga,2023,7,2384.0
Póvoa de Lanhoso,Braga,2023,8,4086.0
Póvoa de Lanhoso,Braga,2023,9,2317.0
Póvoa de Lanhoso,Braga,2023,10,1701.0
Póvoa de Lanhoso,Braga,2023,11,995.0
Póvoa de Lanhoso,Braga,2023,12,1609.0
Póvoa de Lanhoso,Braga,2024,1,967.0
Póvoa de Lanhoso,Braga,2024,2,1087.0
Póvoa de Lanhoso,Braga,2024,3,1276.0
Póvoa de Lanhoso,Braga,2024,4,1297.0
Póvoa de Lanhoso,Braga,2024,5,478.0
Póvoa de Lanhoso,Braga,2024,6,1638.0
Póvoa de Lanhoso,Braga,2024,7,2083.0
Póvoa de Lanhoso,Braga,2024,8,4298.0
Póvoa de Lanhoso,Braga,2024,9,2326.0
Póvoa de Lanhoso,Braga,2024,10,1395.0
Póvoa de Lanhoso,Braga,2024,11,1390.0
Póvoa de Lanhoso,Braga,2024,12,1491.0
Póvoa de Lanhoso,Braga,2025,1,838.0
Póvoa de Lanhoso,Braga,2025,2,915.0
Póvoa de Lanhoso,Braga,2025,3,1686.0
Póvoa de Lanhoso,Braga,2025,4,2121.0
Póvoa de Lanhoso,Braga,2025,5,2126.0
Póvoa de Lanhoso,Braga,2025,6,2902.0
Póvoa de Lanhoso,Braga,2025,7,3731.0
Póvoa de Lanhoso,Braga,2025,8,5779.0
Póvoa de Lanhoso,Braga,2025,9,3398.0
Póvoa de Lanhoso,Braga,2025,10,1659.0
Póvoa de Lanhoso,Braga,2025,11,1237.0
Póvoa de Lanhoso,Braga,2025,12,1624.0
Póvoa de Lanhoso,Braga,2026,1,1220.0
Póvoa de Lanhoso,Braga,2026,2,946.0
Póvoa de Lanhoso,Braga,2026,3,1293.0
Póvoa de Lanhoso,Braga,2026,4,2626.0
Póvoa de Lanhoso,Braga,2026,5,2674.0
Póvoa de Lanhoso,Braga,2026,6,3303.0
Póvoa de Lanhoso,Braga,2026,7,4014.0
Póvoa de Varzim,Porto,2020,1,11080.0
Póvoa de Varzim,Porto,2020,2,12809.0
Póvoa de Varzim,Porto,2020,3,5602.0
Póvoa de Varzim,Porto,2020,4,375.0
Póvoa de Varzim,Porto,2020,5,809.0
Póvoa de Varzim,Porto,2020,6,4907.0
Póvoa de Varzim,Porto,2020,7,17463.0
Póvoa de Varzim,Porto,2020,8,29738.0
Póvoa de Varzim,Porto,2020,9,16173.0
Póvoa de Varzim,Porto,2020,10,9421.0
Póvoa de Varzim,Porto,2020,11,3302.0
Póvoa de Varzim,Porto,2020,12,2863.0
Póvoa de Varzim,Porto,2021,1,2229.0
Póvoa de Varzim,Porto,2021,2,1530.0
Póvoa de Varzim,Porto,2021,3,2103.0
Póvoa de Varzim,Porto,2021,4,3257.0
Póvoa de Varzim,Porto,2021,5,9991.0
Póvoa de Varzim,Porto,2021,6,16869.0
Póvoa de Varzim,Porto,2021,7,25474.0
Póvoa de Varzim,Porto,2021,8,37750.0
Póvoa de Varzim,Porto,2021,9,25043.0
Póvoa de Varzim,Porto,2021,10,18914.0
Póvoa de Varzim,Porto,2021,11,10068.0
Póvoa de Varzim,Porto,2021,12,8644.0
Póvoa de Varzim,Porto,2022,1,6412.0
Póvoa de Varzim,Porto,2022,2,10160.0
Póvoa de Varzim,Porto,2022,3,12439.0
Póvoa de Varzim,Porto,2022,4,21718.0
Póvoa de Varzim,Porto,2022,5,28405.0
Póvoa de Varzim,Porto,2022,6,28001.0
Póvoa de Varzim,Porto,2022,7,34736.0
Póvoa de Varzim,Porto,2022,8,40833.0
Póvoa de Varzim,Porto,2022,9,29751.0
Póvoa de Varzim,Porto,2022,10,24943.0
Póvoa de Varzim,Porto,2022,11,13353.0
Póvoa de Varzim,Porto,2022,12,12077.0
Póvoa de Varzim,Porto,2023,1,8926.0
Póvoa de Varzim,Porto,2023,2,12737.0
Póvoa de Varzim,Porto,2023,3,18915.0
Póvoa de Varzim,Porto,2023,4,27371.0
Póvoa de Varzim,Porto,2023,5,29977.0
Póvoa de Varzim,Porto,2023,6,30237.0
Póvoa de Varzim,Porto,2023,7,36338.0
Póvoa de Varzim,Porto,2023,8,43534.0
Póvoa de Varzim,Porto,2023,9,32213.0
Póvoa de Varzim,Porto,2023,10,25112.0
Póvoa de Varzim,Porto,2023,11,11572.0
Póvoa de Varzim,Porto,2023,12,12954.0
Póvoa de Varzim,Porto,2024,1,10536.0
Póvoa de Varzim,Porto,2024,2,13625.0
Póvoa de Varzim,Porto,2024,3,19109.0
Póvoa de Varzim,Porto,2024,4,23271.0
Póvoa de Varzim,Porto,2024,5,28370.0
Póvoa de Varzim,Porto,2024,6,28235.0
Póvoa de Varzim,Porto,2024,7,35792.0
Póvoa de Varzim,Porto,2024,8,42582.0
Póvoa de Varzim,Porto,2024,9,32801.0
Póvoa de Varzim,Porto,2024,10,25241.0
Póvoa de Varzim,Porto,2024,11,14132.0
Póvoa de Varzim,Porto,2024,12,12418.0
Póvoa de Varzim,Porto,2025,1,8705.0
Póvoa de Varzim,Porto,2025,2,13927.0
Póvoa de Varzim,Porto,2025,3,19012.0
Póvoa de Varzim,Porto,2025,4,25757.0
Póvoa de Varzim,Porto,2025,5,30950.0
Póvoa de Varzim,Porto,2025,6,31720.0
Póvoa de Varzim,Porto,2025,7,35037.0
Póvoa de Varzim,Porto,2025,8,43167.0
Póvoa de Varzim,Porto,2025,9,31910.0
Póvoa de Varzim,Porto,2025,10,24454.0
Póvoa de Varzim,Porto,2025,11,14813.0
Póvoa de Varzim,Porto,2025,12,13777.0
Póvoa de Varzim,Porto,2026,1,9951.0
Póvoa de Varzim,Porto,2026,2,13035.0
Póvoa de Varzim,Porto,2026,3,20024.0
Póvoa de Varzim,Porto,2026,4,26647.0
Póvoa de Varzim,Porto,2026,5,30858.0
Póvoa de Varzim,Porto,2026,6,29110.0
Póvoa de Varzim,Porto,2026,7,35135.0
Redondo,Évora,2020,1,578.0
Redondo,Évora,2020,2,631.0
Redondo,Évora,2020,3,
Redondo,Évora,2020,4,
Redondo,Évora,2020,5,
Redondo,Évora,2020,6,758.0
Redondo,Évora,2020,7,1513.0
Redondo,Évora,2020,8,3598.0
Redondo,Évora,2020,9,1545.0
Redondo,Évora,2020,10,
Redondo,Évora,2020,11,670.0
Redondo,Évora,2020,12,729.0
Redondo,Évora,2021,1,415.0
Redondo,Évora,2021,2,
Redondo,Évora,2021,3,
Redondo,Évora,2021,4,689.0
Redondo,Évora,2021,5,1453.0
Redondo,Évora,2021,6,1476.0
Redondo,Évora,2021,7,2337.0
Redondo,Évora,2021,8,3295.0
Redondo,Évora,2021,9,2193.0
Redondo,Évora,2021,10,1775.0
Redondo,Évora,2021,11,840.0
Redondo,Évora,2021,12,1016.0
Redondo,Évora,2022,1,767.0
Redondo,Évora,2022,2,965.0
Redondo,Évora,2022,3,1022.0
Redondo,Évora,2022,4,2025.0
Redondo,Évora,2022,5,1858.0
Redondo,Évora,2022,6,2076.0
Redondo,Évora,2022,7,2613.0
Redondo,Évora,2022,8,3749.0
Redondo,Évora,2022,9,2131.0
Redondo,Évora,2022,10,1611.0
Redondo,Évora,2022,11,909.0
Redondo,Évora,2022,12,816.0
Redondo,Évora,2023,1,625.0
Redondo,Évora,2023,2,793.0
Redondo,Évora,2023,3,842.0
Redondo,Évora,2023,4,1511.0
Redondo,Évora,2023,5,1512.0
Redondo,Évora,2023,6,1800.0
Redondo,Évora,2023,7,2326.0
Redondo,Évora,2023,8,3477.0
Redondo,Évora,2023,9,1750.0
Redondo,Évora,2023,10,1313.0
Redondo,Évora,2023,11,521.0
Redondo,Évora,2023,12,1186.0
Redondo,Évora,2024,1,695.0
Redondo,Évora,2024,2,986.0
Redondo,Évora,2024,3,1134.0
Redondo,Évora,2024,4,1142.0
Redondo,Évora,2024,5,1565.0
Redondo,Évora,2024,6,1528.0
Redondo,Évora,2024,7,1621.0
Redondo,Évora,2024,8,2935.0
Redondo,Évora,2024,9,1871.0
Redondo,Évora,2024,10,1324.0
Redondo,Évora,2024,11,811.0
Redondo,Évora,2024,12,767.0
Redondo,Évora,2025,1,
Redondo,Évora,2025,2,
Redondo,Évora,2025,3,843.0
Redondo,Évora,2025,4,1315.0
Redondo,Évora,2025,5,1599.0
Redondo,Évora,2025,6,1377.0
Redondo,Évora,2025,7,1756.0
Redondo,Évora,2025,8,3103.0
Redondo,Évora,2025,9,1620.0
Redondo,Évora,2025,10,1384.0
Redondo,Évora,2025,11,735.0
Redondo,Évora,2025,12,789.0
Redondo,Évora,2026,1,
Redondo,Évora,2026,2,530.0
Redondo,Évora,2026,3,826.0
Redondo,Évora,2026,4,1112.0
Redondo,Évora,2026,5,1730.0
Redondo,Évora,2026,6,1667.0
Redondo,Évora,2026,7,2199.0
Reguengos de Monsaraz,Évora,2020,1,2388.0
Reguengos de Monsaraz,Évora,2020,2,3713.0
Reguengos de Monsaraz,Évora,2020,3,1404.0
Reguengos de Monsaraz,Évora,2020,4,416.0
Reguengos de Monsaraz,Évora,2020,5,888.0
Reguengos de Monsaraz,Évora,2020,6,3448.0
Reguengos de Monsaraz,Évora,2020,7,6195.0
Reguengos de Monsaraz,Évora,2020,8,10278.0
Reguengos de Monsaraz,Évora,2020,9,5851.0
Reguengos de Monsaraz,Évora,2020,10,4326.0
Reguengos de Monsaraz,Évora,2020,11,2061.0
Reguengos de Monsaraz,Évora,2020,12,2307.0
Reguengos de Monsaraz,Évora,2021,1,1051.0
Reguengos de Monsaraz,Évora,2021,2,1864.0
Reguengos de Monsaraz,Évora,2021,3,2631.0
Reguengos de Monsaraz,Évora,2021,4,2941.0
Reguengos de Monsaraz,Évora,2021,5,5242.0
Reguengos de Monsaraz,Évora,2021,6,6709.0
Reguengos de Monsaraz,Évora,2021,7,7805.0
Reguengos de Monsaraz,Évora,2021,8,10521.0
Reguengos de Monsaraz,Évora,2021,9,7438.0
Reguengos de Monsaraz,Évora,2021,10,6435.0
Reguengos de Monsaraz,Évora,2021,11,3571.0
Reguengos de Monsaraz,Évora,2021,12,2625.0
Reguengos de Monsaraz,Évora,2022,1,2086.0
Reguengos de Monsaraz,Évora,2022,2,3276.0
Reguengos de Monsaraz,Évora,2022,3,3990.0
Reguengos de Monsaraz,Évora,2022,4,6583.0
Reguengos de Monsaraz,Évora,2022,5,6252.0
Reguengos de Monsaraz,Évora,2022,6,7613.0
Reguengos de Monsaraz,Évora,2022,7,8859.0
Reguengos de Monsaraz,Évora,2022,8,11644.0
Reguengos de Monsaraz,Évora,2022,9,7978.0
Reguengos de Monsaraz,Évora,2022,10,5828.0
Reguengos de Monsaraz,Évora,2022,11,3013.0
Reguengos de Monsaraz,Évora,2022,12,3253.0
Reguengos de Monsaraz,Évora,2023,1,2271.0
Reguengos de Monsaraz,Évora,2023,2,3140.0
Reguengos de Monsaraz,Évora,2023,3,3980.0
Reguengos de Monsaraz,Évora,2023,4,6895.0
Reguengos de Monsaraz,Évora,2023,5,5735.0
Reguengos de Monsaraz,Évora,2023,6,7056.0
Reguengos de Monsaraz,Évora,2023,7,9268.0
Reguengos de Monsaraz,Évora,2023,8,11362.0
Reguengos de Monsaraz,Évora,2023,9,8110.0
Reguengos de Monsaraz,Évora,2023,10,6494.0
Reguengos de Monsaraz,Évora,2023,11,3823.0
Reguengos de Monsaraz,Évora,2023,12,4250.0
Reguengos de Monsaraz,Évora,2024,1,1888.0
Reguengos de Monsaraz,Évora,2024,2,3207.0
Reguengos de Monsaraz,Évora,2024,3,4939.0
Reguengos de Monsaraz,Évora,2024,4,6220.0
Reguengos de Monsaraz,Évora,2024,5,7693.0
Reguengos de Monsaraz,Évora,2024,6,8489.0
Reguengos de Monsaraz,Évora,2024,7,9761.0
Reguengos de Monsaraz,Évora,2024,8,12564.0
Reguengos de Monsaraz,Évora,2024,9,9556.0
Reguengos de Monsaraz,Évora,2024,10,7028.0
Reguengos de Monsaraz,Évora,2024,11,4671.0
Reguengos de Monsaraz,Évora,2024,12,3834.0
Reguengos de Monsaraz,Évora,2025,1,2483.0
Reguengos de Monsaraz,Évora,2025,2,2576.0
Reguengos de Monsaraz,Évora,2025,3,4753.0
Reguengos de Monsaraz,Évora,2025,4,6907.0
Reguengos de Monsaraz,Évora,2025,5,7386.0
Reguengos de Monsaraz,Évora,2025,6,8654.0
Reguengos de Monsaraz,Évora,2025,7,10851.0
Reguengos de Monsaraz,Évora,2025,8,15019.0
Reguengos de Monsaraz,Évora,2025,9,9780.0
Reguengos de Monsaraz,Évora,2025,10,7306.0
Reguengos de Monsaraz,Évora,2025,11,4124.0
Reguengos de Monsaraz,Évora,2025,12,3722.0
Reguengos de Monsaraz,Évora,2026,1,1553.0
Reguengos de Monsaraz,Évora,2026,2,2560.0
Reguengos de Monsaraz,Évora,2026,3,4273.0
Reguengos de Monsaraz,Évora,2026,4,6889.0
Reguengos de Monsaraz,Évora,2026,5,7811.0
Reguengos de Monsaraz,Évora,2026,6,8474.0
Reguengos de Monsaraz,Évora,2026,7,11301.0
Resende,Viseu,2020,1,521.0
Resende,Viseu,2020,2,773.0
Resende,Viseu,2020,3,
Resende,Viseu,2020,4,
Resende,Viseu,2020,5,
Resende,Viseu,2020,6,970.0
Resende,Viseu,2020,7,1909.0
Resende,Viseu,2020,8,3752.0
Resende,Viseu,2020,9,1736.0
Resende,Viseu,2020,10,1138.0
Resende,Viseu,2020,11,
Resende,Viseu,2020,12,293.0
Resende,Viseu,2021,1,
Resende,Viseu,2021,2,
Resende,Viseu,2021,3,
Resende,Viseu,2021,4,298.0
Resende,Viseu,2021,5,971.0
Resende,Viseu,2021,6,1620.0
Resende,Viseu,2021,7,2060.0
Resende,Viseu,2021,8,4147.0
Resende,Viseu,2021,9,2344.0
Resende,Viseu,2021,10,2105.0
Resende,Viseu,2021,11,1069.0
Resende,Viseu,2021,12,251.0
Resende,Viseu,2022,1,425.0
Resende,Viseu,2022,2,909.0
Resende,Viseu,2022,3,1030.0
Resende,Viseu,2022,4,1289.0
Resende,Viseu,2022,5,1330.0
Resende,Viseu,2022,6,1858.0
Resende,Viseu,2022,7,2594.0
Resende,Viseu,2022,8,4524.0
Resende,Viseu,2022,9,2138.0
Resende,Viseu,2022,10,1664.0
Resende,Viseu,2022,11,657.0
Resende,Viseu,2022,12,902.0
Resende,Viseu,2023,1,640.0
Resende,Viseu,2023,2,971.0
Resende,Viseu,2023,3,765.0
Resende,Viseu,2023,4,1769.0
Resende,Viseu,2023,5,1593.0
Resende,Viseu,2023,6,1751.0
Resende,Viseu,2023,7,2882.0
Resende,Viseu,2023,8,4477.0
Resende,Viseu,2023,9,3222.0
Resende,Viseu,2023,10,1688.0
Resende,Viseu,2023,11,849.0
Resende,Viseu,2023,12,910.0
Resende,Viseu,2024,1,535.0
Resende,Viseu,2024,2,850.0
Resende,Viseu,2024,3,1057.0
Resende,Viseu,2024,4,1555.0
Resende,Viseu,2024,5,2006.0
Resende,Viseu,2024,6,2095.0
Resende,Viseu,2024,7,2699.0
Resende,Viseu,2024,8,4715.0
Resende,Viseu,2024,9,2696.0
Resende,Viseu,2024,10,1601.0
Resende,Viseu,2024,11,945.0
Resende,Viseu,2024,12,853.0
Resende,Viseu,2025,1,829.0
Resende,Viseu,2025,2,1111.0
Resende,Viseu,2025,3,1097.0
Resende,Viseu,2025,4,1966.0
Resende,Viseu,2025,5,2106.0
Resende,Viseu,2025,6,2223.0
Resende,Viseu,2025,7,3766.0
Resende,Viseu,2025,8,5586.0
Resende,Viseu,2025,9,3023.0
Resende,Viseu,2025,10,1907.0
Resende,Viseu,2025,11,1232.0
Resende,Viseu,2025,12,753.0
Resende,Viseu,2026,1,419.0
Resende,Viseu,2026,2,602.0
Resende,Viseu,2026,3,624.0
Resende,Viseu,2026,4,1558.0
Resende,Viseu,2026,5,2486.0
Resende,Viseu,2026,6,2217.0
Resende,Viseu,2026,7,3589.0
Ribeira Brava,Região Autónoma da Madeira,2020,1,1624.0
Ribeira Brava,Região Autónoma da Madeira,2020,2,1731.0
Ribeira Brava,Região Autónoma da Madeira,2020,3,
Ribeira Brava,Região Autónoma da Madeira,2020,4,
Ribeira Brava,Região Autónoma da Madeira,2020,5,
Ribeira Brava,Região Autónoma da Madeira,2020,6,
Ribeira Brava,Região Autónoma da Madeira,2020,7,589.0
Ribeira Brava,Região Autónoma da Madeira,2020,8,1502.0
Ribeira Brava,Região Autónoma da Madeira,2020,9,1153.0
Ribeira Brava,Região Autónoma da Madeira,2020,10,1154.0
Ribeira Brava,Região Autónoma da Madeira,2020,11,303.0
Ribeira Brava,Região Autónoma da Madeira,2020,12,841.0
Ribeira Brava,Região Autónoma da Madeira,2021,1,615.0
Ribeira Brava,Região Autónoma da Madeira,2021,2,437.0
Ribeira Brava,Região Autónoma da Madeira,2021,3,679.0
Ribeira Brava,Região Autónoma da Madeira,2021,4,831.0
Ribeira Brava,Região Autónoma da Madeira,2021,5,1826.0
Ribeira Brava,Região Autónoma da Madeira,2021,6,1879.0
Ribeira Brava,Região Autónoma da Madeira,2021,7,4099.0
Ribeira Brava,Região Autónoma da Madeira,2021,8,3982.0
Ribeira Brava,Região Autónoma da Madeira,2021,9,3559.0
Ribeira Brava,Região Autónoma da Madeira,2021,10,4063.0
Ribeira Brava,Região Autónoma da Madeira,2021,11,2494.0
Ribeira Brava,Região Autónoma da Madeira,2021,12,2142.0
Ribeira Brava,Região Autónoma da Madeira,2022,1,1724.0
Ribeira Brava,Região Autónoma da Madeira,2022,2,1915.0
Ribeira Brava,Região Autónoma da Madeira,2022,3,3830.0
Ribeira Brava,Região Autónoma da Madeira,2022,4,6165.0
Ribeira Brava,Região Autónoma da Madeira,2022,5,6281.0
Ribeira Brava,Região Autónoma da Madeira,2022,6,6025.0
Ribeira Brava,Região Autónoma da Madeira,2022,7,6746.0
Ribeira Brava,Região Autónoma da Madeira,2022,8,6938.0
Ribeira Brava,Região Autónoma da Madeira,2022,9,6117.0
Ribeira Brava,Região Autónoma da Madeira,2022,10,5226.0
Ribeira Brava,Região Autónoma da Madeira,2022,11,4021.0
Ribeira Brava,Região Autónoma da Madeira,2022,12,4106.0
Ribeira Brava,Região Autónoma da Madeira,2023,1,4018.0
Ribeira Brava,Região Autónoma da Madeira,2023,2,5042.0
Ribeira Brava,Região Autónoma da Madeira,2023,3,6435.0
Ribeira Brava,Região Autónoma da Madeira,2023,4,6856.0
Ribeira Brava,Região Autónoma da Madeira,2023,5,7494.0
Ribeira Brava,Região Autónoma da Madeira,2023,6,8129.0
Ribeira Brava,Região Autónoma da Madeira,2023,7,9079.0
Ribeira Brava,Região Autónoma da Madeira,2023,8,10149.0
Ribeira Brava,Região Autónoma da Madeira,2023,9,10266.0
Ribeira Brava,Região Autónoma da Madeira,2023,10,8136.0
Ribeira Brava,Região Autónoma da Madeira,2023,11,5387.0
Ribeira Brava,Região Autónoma da Madeira,2023,12,5562.0
Ribeira Brava,Região Autónoma da Madeira,2024,1,4629.0
Ribeira Brava,Região Autónoma da Madeira,2024,2,5383.0
Ribeira Brava,Região Autónoma da Madeira,2024,3,7679.0
Ribeira Brava,Região Autónoma da Madeira,2024,4,9294.0
Ribeira Brava,Região Autónoma da Madeira,2024,5,10771.0
Ribeira Brava,Região Autónoma da Madeira,2024,6,9899.0
Ribeira Brava,Região Autónoma da Madeira,2024,7,9898.0
Ribeira Brava,Região Autónoma da Madeira,2024,8,10105.0
Ribeira Brava,Região Autónoma da Madeira,2024,9,10028.0
Ribeira Brava,Região Autónoma da Madeira,2024,10,8141.0
Ribeira Brava,Região Autónoma da Madeira,2024,11,6116.0
Ribeira Brava,Região Autónoma da Madeira,2024,12,5238.0
Ribeira Brava,Região Autónoma da Madeira,2025,1,4069.0
Ribeira Brava,Região Autónoma da Madeira,2025,2,5403.0
Ribeira Brava,Região Autónoma da Madeira,2025,3,8232.0
Ribeira Brava,Região Autónoma da Madeira,2025,4,9912.0
Ribeira Brava,Região Autónoma da Madeira,2025,5,11004.0
Ribeira Brava,Região Autónoma da Madeira,2025,6,9741.0
Ribeira Brava,Região Autónoma da Madeira,2025,7,10762.0
Ribeira Brava,Região Autónoma da Madeira,2025,8,11220.0
Ribeira Brava,Região Autónoma da Madeira,2025,9,10326.0
Ribeira Brava,Região Autónoma da Madeira,2025,10,9541.0
Ribeira Brava,Região Autónoma da Madeira,2025,11,6896.0
Ribeira Brava,Região Autónoma da Madeira,2025,12,5412.0
Ribeira Brava,Região Autónoma da Madeira,2026,1,5049.0
Ribeira Brava,Região Autónoma da Madeira,2026,2,5981.0
Ribeira Brava,Região Autónoma da Madeira,2026,3,8768.0
Ribeira Brava,Região Autónoma da Madeira,2026,4,10611.0
Ribeira Brava,Região Autónoma da Madeira,2026,5,11193.0
Ribeira Brava,Região Autónoma da Madeira,2026,6,10030.0
Ribeira Brava,Região Autónoma da Madeira,2026,7,10048.0
Ribeira Grande,Região Autónoma dos Açores,2020,1,3011.0
Ribeira Grande,Região Autónoma dos Açores,2020,2,4347.0
Ribeira Grande,Região Autónoma dos Açores,2020,3,2283.0
Ribeira Grande,Região Autónoma dos Açores,2020,4,
Ribeira Grande,Região Autónoma dos Açores,2020,5,
Ribeira Grande,Região Autónoma dos Açores,2020,6,257.0
Ribeira Grande,Região Autónoma dos Açores,2020,7,2588.0
Ribeira Grande,Região Autónoma dos Açores,2020,8,3208.0
Ribeira Grande,Região Autónoma dos Açores,2020,9,3367.0
Ribeira Grande,Região Autónoma dos Açores,2020,10,2645.0
Ribeira Grande,Região Autónoma dos Açores,2020,11,1740.0
Ribeira Grande,Região Autónoma dos Açores,2020,12,1370.0
Ribeira Grande,Região Autónoma dos Açores,2021,1,844.0
Ribeira Grande,Região Autónoma dos Açores,2021,2,668.0
Ribeira Grande,Região Autónoma dos Açores,2021,3,2150.0
Ribeira Grande,Região Autónoma dos Açores,2021,4,2494.0
Ribeira Grande,Região Autónoma dos Açores,2021,5,8297.0
Ribeira Grande,Região Autónoma dos Açores,2021,6,11375.0
Ribeira Grande,Região Autónoma dos Açores,2021,7,14858.0
Ribeira Grande,Região Autónoma dos Açores,2021,8,17086.0
Ribeira Grande,Região Autónoma dos Açores,2021,9,14209.0
Ribeira Grande,Região Autónoma dos Açores,2021,10,13509.0
Ribeira Grande,Região Autónoma dos Açores,2021,11,7928.0
Ribeira Grande,Região Autónoma dos Açores,2021,12,6102.0
Ribeira Grande,Região Autónoma dos Açores,2022,1,5339.0
Ribeira Grande,Região Autónoma dos Açores,2022,2,6709.0
Ribeira Grande,Região Autónoma dos Açores,2022,3,8626.0
Ribeira Grande,Região Autónoma dos Açores,2022,4,12001.0
Ribeira Grande,Região Autónoma dos Açores,2022,5,13461.0
Ribeira Grande,Região Autónoma dos Açores,2022,6,15511.0
Ribeira Grande,Região Autónoma dos Açores,2022,7,18677.0
Ribeira Grande,Região Autónoma dos Açores,2022,8,19283.0
Ribeira Grande,Região Autónoma dos Açores,2022,9,15690.0
Ribeira Grande,Região Autónoma dos Açores,2022,10,15038.0
Ribeira Grande,Região Autónoma dos Açores,2022,11,7498.0
Ribeira Grande,Região Autónoma dos Açores,2022,12,6363.0
Ribeira Grande,Região Autónoma dos Açores,2023,1,5656.0
Ribeira Grande,Região Autónoma dos Açores,2023,2,6039.0
Ribeira Grande,Região Autónoma dos Açores,2023,3,7559.0
Ribeira Grande,Região Autónoma dos Açores,2023,4,14355.0
Ribeira Grande,Região Autónoma dos Açores,2023,5,14978.0
Ribeira Grande,Região Autónoma dos Açores,2023,6,16679.0
Ribeira Grande,Região Autónoma dos Açores,2023,7,20202.0
Ribeira Grande,Região Autónoma dos Açores,2023,8,21215.0
Ribeira Grande,Região Autónoma dos Açores,2023,9,16682.0
Ribeira Grande,Região Autónoma dos Açores,2023,10,14106.0
Ribeira Grande,Região Autónoma dos Açores,2023,11,5782.0
Ribeira Grande,Região Autónoma dos Açores,2023,12,5000.0
Ribeira Grande,Região Autónoma dos Açores,2024,1,4120.0
Ribeira Grande,Região Autónoma dos Açores,2024,2,4679.0
Ribeira Grande,Região Autónoma dos Açores,2024,3,8349.0
Ribeira Grande,Região Autónoma dos Açores,2024,4,11587.0
Ribeira Grande,Região Autónoma dos Açores,2024,5,16366.0
Ribeira Grande,Região Autónoma dos Açores,2024,6,17130.0
Ribeira Grande,Região Autónoma dos Açores,2024,7,19775.0
Ribeira Grande,Região Autónoma dos Açores,2024,8,20318.0
Ribeira Grande,Região Autónoma dos Açores,2024,9,17240.0
Ribeira Grande,Região Autónoma dos Açores,2024,10,14024.0
Ribeira Grande,Região Autónoma dos Açores,2024,11,7224.0
Ribeira Grande,Região Autónoma dos Açores,2024,12,4095.0
Ribeira Grande,Região Autónoma dos Açores,2025,1,3941.0
Ribeira Grande,Região Autónoma dos Açores,2025,2,4704.0
Ribeira Grande,Região Autónoma dos Açores,2025,3,7890.0
Ribeira Grande,Região Autónoma dos Açores,2025,4,14743.0
Ribeira Grande,Região Autónoma dos Açores,2025,5,16521.0
Ribeira Grande,Região Autónoma dos Açores,2025,6,17112.0
Ribeira Grande,Região Autónoma dos Açores,2025,7,20395.0
Ribeira Grande,Região Autónoma dos Açores,2025,8,21218.0
Ribeira Grande,Região Autónoma dos Açores,2025,9,16344.0
Ribeira Grande,Região Autónoma dos Açores,2025,10,13590.0
Ribeira Grande,Região Autónoma dos Açores,2025,11,5100.0
Ribeira Grande,Região Autónoma dos Açores,2025,12,3653.0
Ribeira Grande,Região Autónoma dos Açores,2026,1,2898.0
Ribeira Grande,Região Autónoma dos Açores,2026,2,3800.0
Ribeira Grande,Região Autónoma dos Açores,2026,3,7355.0
Ribeira Grande,Região Autónoma dos Açores,2026,4,12475.0
Ribeira Grande,Região Autónoma dos Açores,2026,5,16168.0
Ribeira Grande,Região Autónoma dos Açores,2026,6,16815.0
Ribeira Grande,Região Autónoma dos Açores,2026,7,19675.0
Ribeira de Pena,Vila Real,2020,1,
Ribeira de Pena,Vila Real,2020,2,
Ribeira de Pena,Vila Real,2020,3,942.0
Ribeira de Pena,Vila Real,2020,4,400.0
Ribeira de Pena,Vila Real,2020,5,
Ribeira de Pena,Vila Real,2020,6,2037.0
Ribeira de Pena,Vila Real,2020,7,3616.0
Ribeira de Pena,Vila Real,2020,8,4826.0
Ribeira de Pena,Vila Real,2020,9,3164.0
Ribeira de Pena,Vila Real,2020,10,2189.0
Ribeira de Pena,Vila Real,2020,11,1068.0
Ribeira de Pena,Vila Real,2020,12,983.0
Ribeira de Pena,Vila Real,2021,1,
Ribeira de Pena,Vila Real,2021,2,
Ribeira de Pena,Vila Real,2021,3,684.0
Ribeira de Pena,Vila Real,2021,4,1339.0
Ribeira de Pena,Vila Real,2021,5,1827.0
Ribeira de Pena,Vila Real,2021,6,2857.0
Ribeira de Pena,Vila Real,2021,7,4390.0
Ribeira de Pena,Vila Real,2021,8,5312.0
Ribeira de Pena,Vila Real,2021,9,2707.0
Ribeira de Pena,Vila Real,2021,10,2381.0
Ribeira de Pena,Vila Real,2021,11,1725.0
Ribeira de Pena,Vila Real,2021,12,1962.0
Ribeira de Pena,Vila Real,2022,1,1674.0
Ribeira de Pena,Vila Real,2022,2,2084.0
Ribeira de Pena,Vila Real,2022,3,1852.0
Ribeira de Pena,Vila Real,2022,4,3947.0
Ribeira de Pena,Vila Real,2022,5,2906.0
Ribeira de Pena,Vila Real,2022,6,3957.0
Ribeira de Pena,Vila Real,2022,7,3669.0
Ribeira de Pena,Vila Real,2022,8,6067.0
Ribeira de Pena,Vila Real,2022,9,3101.0
Ribeira de Pena,Vila Real,2022,10,2825.0
Ribeira de Pena,Vila Real,2022,11,1866.0
Ribeira de Pena,Vila Real,2022,12,2397.0
Ribeira de Pena,Vila Real,2023,1,1721.0
Ribeira de Pena,Vila Real,2023,2,2286.0
Ribeira de Pena,Vila Real,2023,3,2552.0
Ribeira de Pena,Vila Real,2023,4,4684.0
Ribeira de Pena,Vila Real,2023,5,3122.0
Ribeira de Pena,Vila Real,2023,6,4312.0
Ribeira de Pena,Vila Real,2023,7,4648.0
Ribeira de Pena,Vila Real,2023,8,5960.0
Ribeira de Pena,Vila Real,2023,9,3667.0
Ribeira de Pena,Vila Real,2023,10,3489.0
Ribeira de Pena,Vila Real,2023,11,2405.0
Ribeira de Pena,Vila Real,2023,12,2813.0
Ribeira de Pena,Vila Real,2024,1,2168.0
Ribeira de Pena,Vila Real,2024,2,2730.0
Ribeira de Pena,Vila Real,2024,3,2995.0
Ribeira de Pena,Vila Real,2024,4,4292.0
Ribeira de Pena,Vila Real,2024,5,3843.0
Ribeira de Pena,Vila Real,2024,6,5031.0
Ribeira de Pena,Vila Real,2024,7,4651.0
Ribeira de Pena,Vila Real,2024,8,6565.0
Ribeira de Pena,Vila Real,2024,9,4154.0
Ribeira de Pena,Vila Real,2024,10,3426.0
Ribeira de Pena,Vila Real,2024,11,2912.0
Ribeira de Pena,Vila Real,2024,12,1502.0
Ribeira de Pena,Vila Real,2025,1,2636.0
Ribeira de Pena,Vila Real,2025,2,2481.0
Ribeira de Pena,Vila Real,2025,3,2853.0
Ribeira de Pena,Vila Real,2025,4,4276.0
Ribeira de Pena,Vila Real,2025,5,3823.0
Ribeira de Pena,Vila Real,2025,6,3559.0
Ribeira de Pena,Vila Real,2025,7,3660.0
Ribeira de Pena,Vila Real,2025,8,4708.0
Ribeira de Pena,Vila Real,2025,9,2770.0
Ribeira de Pena,Vila Real,2025,10,2031.0
Ribeira de Pena,Vila Real,2025,11,1652.0
Ribeira de Pena,Vila Real,2025,12,1598.0
Ribeira de Pena,Vila Real,2026,1,1676.0
Ribeira de Pena,Vila Real,2026,2,1826.0
Ribeira de Pena,Vila Real,2026,3,2184.0
Ribeira de Pena,Vila Real,2026,4,3109.0
Ribeira de Pena,Vila Real,2026,5,3845.0
Ribeira de Pena,Vila Real,2026,6,3753.0
Ribeira de Pena,Vila Real,2026,7,3733.0
Rio Maior,Santarém,2020,1,1217.0
Rio Maior,Santarém,2020,2,1079.0
Rio Maior,Santarém,2020,3,472.0
Rio Maior,Santarém,2020,4,
Rio Maior,Santarém,2020,5,
Rio Maior,Santarém,2020,6,
Rio Maior,Santarém,2020,7,1678.0
Rio Maior,Santarém,2020,8,2510.0
Rio Maior,Santarém,2020,9,1857.0
Rio Maior,Santarém,2020,10,1378.0
Rio Maior,Santarém,2020,11,1032.0
Rio Maior,Santarém,2020,12,968.0
Rio Maior,Santarém,2021,1,785.0
Rio Maior,Santarém,2021,2,699.0
Rio Maior,Santarém,2021,3,1048.0
Rio Maior,Santarém,2021,4,769.0
Rio Maior,Santarém,2021,5,1825.0
Rio Maior,Santarém,2021,6,1725.0
Rio Maior,Santarém,2021,7,1471.0
Rio Maior,Santarém,2021,8,2582.0
Rio Maior,Santarém,2021,9,1342.0
Rio Maior,Santarém,2021,10,1260.0
Rio Maior,Santarém,2021,11,1286.0
Rio Maior,Santarém,2021,12,728.0
Rio Maior,Santarém,2022,1,678.0
Rio Maior,Santarém,2022,2,970.0
Rio Maior,Santarém,2022,3,1534.0
Rio Maior,Santarém,2022,4,1339.0
Rio Maior,Santarém,2022,5,1493.0
Rio Maior,Santarém,2022,6,1589.0
Rio Maior,Santarém,2022,7,1900.0
Rio Maior,Santarém,2022,8,2398.0
Rio Maior,Santarém,2022,9,1671.0
Rio Maior,Santarém,2022,10,1461.0
Rio Maior,Santarém,2022,11,
Rio Maior,Santarém,2022,12,
Rio Maior,Santarém,2023,1,1426.0
Rio Maior,Santarém,2023,2,1207.0
Rio Maior,Santarém,2023,3,
Rio Maior,Santarém,2023,4,1873.0
Rio Maior,Santarém,2023,5,2232.0
Rio Maior,Santarém,2023,6,2213.0
Rio Maior,Santarém,2023,7,2684.0
Rio Maior,Santarém,2023,8,2774.0
Rio Maior,Santarém,2023,9,2132.0
Rio Maior,Santarém,2023,10,
Rio Maior,Santarém,2023,11,2052.0
Rio Maior,Santarém,2023,12,1739.0
Rio Maior,Santarém,2024,1,1690.0
Rio Maior,Santarém,2024,2,1568.0
Rio Maior,Santarém,2024,3,2544.0
Rio Maior,Santarém,2024,4,2143.0
Rio Maior,Santarém,2024,5,3151.0
Rio Maior,Santarém,2024,6,2837.0
Rio Maior,Santarém,2024,7,3809.0
Rio Maior,Santarém,2024,8,4006.0
Rio Maior,Santarém,2024,9,2851.0
Rio Maior,Santarém,2024,10,2841.0
Rio Maior,Santarém,2024,11,2176.0
Rio Maior,Santarém,2024,12,2035.0
Rio Maior,Santarém,2025,1,1617.0
Rio Maior,Santarém,2025,2,1462.0
Rio Maior,Santarém,2025,3,1273.0
Rio Maior,Santarém,2025,4,2537.0
Rio Maior,Santarém,2025,5,2798.0
Rio Maior,Santarém,2025,6,2596.0
Rio Maior,Santarém,2025,7,3562.0
Rio Maior,Santarém,2025,8,3954.0
Rio Maior,Santarém,2025,9,2918.0
Rio Maior,Santarém,2025,10,2380.0
Rio Maior,Santarém,2025,11,2279.0
Rio Maior,Santarém,2025,12,1331.0
Rio Maior,Santarém,2026,1,1430.0
Rio Maior,Santarém,2026,2,1826.0
Rio Maior,Santarém,2026,3,2001.0
Rio Maior,Santarém,2026,4,2522.0
Rio Maior,Santarém,2026,5,3314.0
Rio Maior,Santarém,2026,6,3423.0
Rio Maior,Santarém,2026,7,3949.0
Sabrosa,Vila Real,2020,1,493.0
Sabrosa,Vila Real,2020,2,710.0
Sabrosa,Vila Real,2020,3,340.0
Sabrosa,Vila Real,2020,4,
Sabrosa,Vila Real,2020,5,127.0
Sabrosa,Vila Real,2020,6,1215.0
Sabrosa,Vila Real,2020,7,2662.0
Sabrosa,Vila Real,2020,8,4419.0
Sabrosa,Vila Real,2020,9,2967.0
Sabrosa,Vila Real,2020,10,1334.0
Sabrosa,Vila Real,2020,11,83.0
Sabrosa,Vila Real,2020,12,221.0
Sabrosa,Vila Real,2021,1,44.0
Sabrosa,Vila Real,2021,2,19.0
Sabrosa,Vila Real,2021,3,130.0
Sabrosa,Vila Real,2021,4,354.0
Sabrosa,Vila Real,2021,5,1239.0
Sabrosa,Vila Real,2021,6,2159.0
Sabrosa,Vila Real,2021,7,3502.0
Sabrosa,Vila Real,2021,8,4242.0
Sabrosa,Vila Real,2021,9,3304.0
Sabrosa,Vila Real,2021,10,2794.0
Sabrosa,Vila Real,2021,11,1204.0
Sabrosa,Vila Real,2021,12,573.0
Sabrosa,Vila Real,2022,1,568.0
Sabrosa,Vila Real,2022,2,442.0
Sabrosa,Vila Real,2022,3,1268.0
Sabrosa,Vila Real,2022,4,2917.0
Sabrosa,Vila Real,2022,5,3797.0
Sabrosa,Vila Real,2022,6,3762.0
Sabrosa,Vila Real,2022,7,4379.0
Sabrosa,Vila Real,2022,8,4480.0
Sabrosa,Vila Real,2022,9,4334.0
Sabrosa,Vila Real,2022,10,3838.0
Sabrosa,Vila Real,2022,11,1265.0
Sabrosa,Vila Real,2022,12,549.0
Sabrosa,Vila Real,2023,1,583.0
Sabrosa,Vila Real,2023,2,829.0
Sabrosa,Vila Real,2023,3,1287.0
Sabrosa,Vila Real,2023,4,2951.0
Sabrosa,Vila Real,2023,5,4232.0
Sabrosa,Vila Real,2023,6,4641.0
Sabrosa,Vila Real,2023,7,4749.0
Sabrosa,Vila Real,2023,8,5208.0
Sabrosa,Vila Real,2023,9,5306.0
Sabrosa,Vila Real,2023,10,4684.0
Sabrosa,Vila Real,2023,11,958.0
Sabrosa,Vila Real,2023,12,683.0
Sabrosa,Vila Real,2024,1,589.0
Sabrosa,Vila Real,2024,2,740.0
Sabrosa,Vila Real,2024,3,1721.0
Sabrosa,Vila Real,2024,4,3087.0
Sabrosa,Vila Real,2024,5,4836.0
Sabrosa,Vila Real,2024,6,4373.0
Sabrosa,Vila Real,2024,7,4504.0
Sabrosa,Vila Real,2024,8,5340.0
Sabrosa,Vila Real,2024,9,4878.0
Sabrosa,Vila Real,2024,10,4099.0
Sabrosa,Vila Real,2024,11,1568.0
Sabrosa,Vila Real,2024,12,389.0
Sabrosa,Vila Real,2025,1,386.0
Sabrosa,Vila Real,2025,2,472.0
Sabrosa,Vila Real,2025,3,1372.0
Sabrosa,Vila Real,2025,4,3052.0
Sabrosa,Vila Real,2025,5,4497.0
Sabrosa,Vila Real,2025,6,4399.0
Sabrosa,Vila Real,2025,7,4384.0
Sabrosa,Vila Real,2025,8,5151.0
Sabrosa,Vila Real,2025,9,5124.0
Sabrosa,Vila Real,2025,10,3926.0
Sabrosa,Vila Real,2025,11,1425.0
Sabrosa,Vila Real,2025,12,643.0
Sabrosa,Vila Real,2026,1,520.0
Sabrosa,Vila Real,2026,2,678.0
Sabrosa,Vila Real,2026,3,1539.0
Sabrosa,Vila Real,2026,4,3241.0
Sabrosa,Vila Real,2026,5,4907.0
Sabrosa,Vila Real,2026,6,4656.0
Sabrosa,Vila Real,2026,7,4948.0
Sabugal,Guarda,2020,1,1499.0
Sabugal,Guarda,2020,2,1623.0
Sabugal,Guarda,2020,3,470.0
Sabugal,Guarda,2020,4,
Sabugal,Guarda,2020,5,95.0
Sabugal,Guarda,2020,6,1070.0
Sabugal,Guarda,2020,7,1474.0
Sabugal,Guarda,2020,8,2554.0
Sabugal,Guarda,2020,9,1949.0
Sabugal,Guarda,2020,10,2029.0
Sabugal,Guarda,2020,11,947.0
Sabugal,Guarda,2020,12,1306.0
Sabugal,Guarda,2021,1,565.0
Sabugal,Guarda,2021,2,
Sabugal,Guarda,2021,3,
Sabugal,Guarda,2021,4,768.0
Sabugal,Guarda,2021,5,1833.0
Sabugal,Guarda,2021,6,2078.0
Sabugal,Guarda,2021,7,2145.0
Sabugal,Guarda,2021,8,4325.0
Sabugal,Guarda,2021,9,2322.0
Sabugal,Guarda,2021,10,2409.0
Sabugal,Guarda,2021,11,2437.0
Sabugal,Guarda,2021,12,2360.0
Sabugal,Guarda,2022,1,1476.0
Sabugal,Guarda,2022,2,1622.0
Sabugal,Guarda,2022,3,1762.0
Sabugal,Guarda,2022,4,2903.0
Sabugal,Guarda,2022,5,1841.0
Sabugal,Guarda,2022,6,2034.0
Sabugal,Guarda,2022,7,2602.0
Sabugal,Guarda,2022,8,3803.0
Sabugal,Guarda,2022,9,1987.0
Sabugal,Guarda,2022,10,2009.0
Sabugal,Guarda,2022,11,1564.0
Sabugal,Guarda,2022,12,1995.0
Sabugal,Guarda,2023,1,1457.0
Sabugal,Guarda,2023,2,1530.0
Sabugal,Guarda,2023,3,1428.0
Sabugal,Guarda,2023,4,2209.0
Sabugal,Guarda,2023,5,1308.0
Sabugal,Guarda,2023,6,1715.0
Sabugal,Guarda,2023,7,2393.0
Sabugal,Guarda,2023,8,3244.0
Sabugal,Guarda,2023,9,1862.0
Sabugal,Guarda,2023,10,1962.0
Sabugal,Guarda,2023,11,1403.0
Sabugal,Guarda,2023,12,2341.0
Sabugal,Guarda,2024,1,1738.0
Sabugal,Guarda,2024,2,1936.0
Sabugal,Guarda,2024,3,1965.0
Sabugal,Guarda,2024,4,1976.0
Sabugal,Guarda,2024,5,1824.0
Sabugal,Guarda,2024,6,1966.0
Sabugal,Guarda,2024,7,2101.0
Sabugal,Guarda,2024,8,4007.0
Sabugal,Guarda,2024,9,2101.0
Sabugal,Guarda,2024,10,2043.0
Sabugal,Guarda,2024,11,1533.0
Sabugal,Guarda,2024,12,1833.0
Sabugal,Guarda,2025,1,1421.0
Sabugal,Guarda,2025,2,1784.0
Sabugal,Guarda,2025,3,1725.0
Sabugal,Guarda,2025,4,2209.0
Sabugal,Guarda,2025,5,1690.0
Sabugal,Guarda,2025,6,1921.0
Sabugal,Guarda,2025,7,2067.0
Sabugal,Guarda,2025,8,3276.0
Sabugal,Guarda,2025,9,2081.0
Sabugal,Guarda,2025,10,1969.0
Sabugal,Guarda,2025,11,1586.0
Sabugal,Guarda,2025,12,2065.0
Sabugal,Guarda,2026,1,1561.0
Sabugal,Guarda,2026,2,1596.0
Sabugal,Guarda,2026,3,1869.0
Sabugal,Guarda,2026,4,2404.0
Sabugal,Guarda,2026,5,1932.0
Sabugal,Guarda,2026,6,1747.0
Sabugal,Guarda,2026,7,2274.0
Salvaterra de Magos,Santarém,2020,1,
Salvaterra de Magos,Santarém,2020,2,
Salvaterra de Magos,Santarém,2020,3,
Salvaterra de Magos,Santarém,2020,4,
Salvaterra de Magos,Santarém,2020,5,
Salvaterra de Magos,Santarém,2020,6,
Salvaterra de Magos,Santarém,2020,7,
Salvaterra de Magos,Santarém,2020,8,282.0
Salvaterra de Magos,Santarém,2020,9,
Salvaterra de Magos,Santarém,2020,10,
Salvaterra de Magos,Santarém,2020,11,
Salvaterra de Magos,Santarém,2020,12,
Salvaterra de Magos,Santarém,2021,1,
Salvaterra de Magos,Santarém,2021,2,
Salvaterra de Magos,Santarém,2021,3,
Salvaterra de Magos,Santarém,2021,4,
Salvaterra de Magos,Santarém,2021,5,262.0
Salvaterra de Magos,Santarém,2021,6,194.0
Salvaterra de Magos,Santarém,2021,7,258.0
Salvaterra de Magos,Santarém,2021,8,
Salvaterra de Magos,Santarém,2021,9,
Salvaterra de Magos,Santarém,2021,10,
Salvaterra de Magos,Santarém,2021,11,290.0
Salvaterra de Magos,Santarém,2021,12,158.0
Salvaterra de Magos,Santarém,2022,1,
Salvaterra de Magos,Santarém,2022,2,252.0
Salvaterra de Magos,Santarém,2022,3,
Salvaterra de Magos,Santarém,2022,4,
Salvaterra de Magos,Santarém,2022,5,
Salvaterra de Magos,Santarém,2022,6,
Salvaterra de Magos,Santarém,2022,7,210.0
Salvaterra de Magos,Santarém,2022,8,269.0
Salvaterra de Magos,Santarém,2022,9,281.0
Salvaterra de Magos,Santarém,2022,10,124.0
Salvaterra de Magos,Santarém,2022,11,218.0
Salvaterra de Magos,Santarém,2022,12,285.0
Salvaterra de Magos,Santarém,2023,1,
Salvaterra de Magos,Santarém,2023,2,
Salvaterra de Magos,Santarém,2023,3,254.0
Salvaterra de Magos,Santarém,2023,4,
Salvaterra de Magos,Santarém,2023,5,
Salvaterra de Magos,Santarém,2023,6,212.0
Salvaterra de Magos,Santarém,2023,7,267.0
Salvaterra de Magos,Santarém,2023,8,358.0
Salvaterra de Magos,Santarém,2023,9,234.0
Salvaterra de Magos,Santarém,2023,10,
Salvaterra de Magos,Santarém,2023,11,140.0
Salvaterra de Magos,Santarém,2023,12,222.0
Salvaterra de Magos,Santarém,2024,1,
Salvaterra de Magos,Santarém,2024,2,
Salvaterra de Magos,Santarém,2024,3,
Salvaterra de Magos,Santarém,2024,4,
Salvaterra de Magos,Santarém,2024,5,382.0
Salvaterra de Magos,Santarém,2024,6,389.0
Salvaterra de Magos,Santarém,2024,7,487.0
Salvaterra de Magos,Santarém,2024,8,661.0
Salvaterra de Magos,Santarém,2024,9,297.0
Salvaterra de Magos,Santarém,2024,10,541.0
Salvaterra de Magos,Santarém,2024,11,
Salvaterra de Magos,Santarém,2024,12,237.0
Salvaterra de Magos,Santarém,2025,1,
Salvaterra de Magos,Santarém,2025,2,
Salvaterra de Magos,Santarém,2025,3,
Salvaterra de Magos,Santarém,2025,4,
Salvaterra de Magos,Santarém,2025,5,
Salvaterra de Magos,Santarém,2025,6,
Salvaterra de Magos,Santarém,2025,7,518.0
Salvaterra de Magos,Santarém,2025,8,598.0
Salvaterra de Magos,Santarém,2025,9,347.0
Salvaterra de Magos,Santarém,2025,10,403.0
Salvaterra de Magos,Santarém,2025,11,
Salvaterra de Magos,Santarém,2025,12,
Salvaterra de Magos,Santarém,2026,1,
Salvaterra de Magos,Santarém,2026,2,
Salvaterra de Magos,Santarém,2026,3,
Salvaterra de Magos,Santarém,2026,4,
Salvaterra de Magos,Santarém,2026,5,
Salvaterra de Magos,Santarém,2026,6,
Salvaterra de Magos,Santarém,2026,7,509.0
Santa Comba Dão,Viseu,2020,1,
Santa Comba Dão,Viseu,2020,2,
Santa Comba Dão,Viseu,2020,3,
Santa Comba Dão,Viseu,2020,4,
Santa Comba Dão,Viseu,2020,5,
Santa Comba Dão,Viseu,2020,6,161.0
Santa Comba Dão,Viseu,2020,7,219.0
Santa Comba Dão,Viseu,2020,8,590.0
Santa Comba Dão,Viseu,2020,9,265.0
Santa Comba Dão,Viseu,2020,10,197.0
Santa Comba Dão,Viseu,2020,11,158.0
Santa Comba Dão,Viseu,2020,12,126.0
Santa Comba Dão,Viseu,2021,1,
Santa Comba Dão,Viseu,2021,2,
Santa Comba Dão,Viseu,2021,3,
Santa Comba Dão,Viseu,2021,4,116.0
Santa Comba Dão,Viseu,2021,5,
Santa Comba Dão,Viseu,2021,6,218.0
Santa Comba Dão,Viseu,2021,7,
Santa Comba Dão,Viseu,2021,8,
Santa Comba Dão,Viseu,2021,9,
Santa Comba Dão,Viseu,2021,10,401.0
Santa Comba Dão,Viseu,2021,11,249.0
Santa Comba Dão,Viseu,2021,12,143.0
Santa Comba Dão,Viseu,2022,1,109.0
Santa Comba Dão,Viseu,2022,2,271.0
Santa Comba Dão,Viseu,2022,3,159.0
Santa Comba Dão,Viseu,2022,4,320.0
Santa Comba Dão,Viseu,2022,5,212.0
Santa Comba Dão,Viseu,2022,6,432.0
Santa Comba Dão,Viseu,2022,7,381.0
Santa Comba Dão,Viseu,2022,8,563.0
Santa Comba Dão,Viseu,2022,9,399.0
Santa Comba Dão,Viseu,2022,10,363.0
Santa Comba Dão,Viseu,2022,11,122.0
Santa Comba Dão,Viseu,2022,12,143.0
Santa Comba Dão,Viseu,2023,1,165.0
Santa Comba Dão,Viseu,2023,2,211.0
Santa Comba Dão,Viseu,2023,3,150.0
Santa Comba Dão,Viseu,2023,4,343.0
Santa Comba Dão,Viseu,2023,5,322.0
Santa Comba Dão,Viseu,2023,6,309.0
Santa Comba Dão,Viseu,2023,7,515.0
Santa Comba Dão,Viseu,2023,8,373.0
Santa Comba Dão,Viseu,2023,9,305.0
Santa Comba Dão,Viseu,2023,10,191.0
Santa Comba Dão,Viseu,2023,11,93.0
Santa Comba Dão,Viseu,2023,12,151.0
Santa Comba Dão,Viseu,2024,1,107.0
Santa Comba Dão,Viseu,2024,2,112.0
Santa Comba Dão,Viseu,2024,3,215.0
Santa Comba Dão,Viseu,2024,4,165.0
Santa Comba Dão,Viseu,2024,5,235.0
Santa Comba Dão,Viseu,2024,6,293.0
Santa Comba Dão,Viseu,2024,7,508.0
Santa Comba Dão,Viseu,2024,8,318.0
Santa Comba Dão,Viseu,2024,9,214.0
Santa Comba Dão,Viseu,2024,10,196.0
Santa Comba Dão,Viseu,2024,11,123.0
Santa Comba Dão,Viseu,2024,12,118.0
Santa Comba Dão,Viseu,2025,1,
Santa Comba Dão,Viseu,2025,2,
Santa Comba Dão,Viseu,2025,3,
Santa Comba Dão,Viseu,2025,4,
Santa Comba Dão,Viseu,2025,5,
Santa Comba Dão,Viseu,2025,6,
Santa Comba Dão,Viseu,2025,7,
Santa Comba Dão,Viseu,2025,8,
Santa Comba Dão,Viseu,2025,9,
Santa Comba Dão,Viseu,2025,10,
Santa Comba Dão,Viseu,2025,11,
Santa Comba Dão,Viseu,2025,12,
Santa Comba Dão,Viseu,2026,1,
Santa Comba Dão,Viseu,2026,2,
Santa Comba Dão,Viseu,2026,3,
Santa Comba Dão,Viseu,2026,4,
Santa Comba Dão,Viseu,2026,5,
Santa Comba Dão,Viseu,2026,6,
Santa Comba Dão,Viseu,2026,7,
Santa Cruz,Região Autónoma da Madeira,2020,1,52709.0
Santa Cruz,Região Autónoma da Madeira,2020,2,54629.0
Santa Cruz,Região Autónoma da Madeira,2020,3,35430.0
Santa Cruz,Região Autónoma da Madeira,2020,4,
Santa Cruz,Região Autónoma da Madeira,2020,5,
Santa Cruz,Região Autónoma da Madeira,2020,6,
Santa Cruz,Região Autónoma da Madeira,2020,7,14445.0
Santa Cruz,Região Autónoma da Madeira,2020,8,31222.0
Santa Cruz,Região Autónoma da Madeira,2020,9,34137.0
Santa Cruz,Região Autónoma da Madeira,2020,10,34041.0
Santa Cruz,Região Autónoma da Madeira,2020,11,
Santa Cruz,Região Autónoma da Madeira,2020,12,21107.0
Santa Cruz,Região Autónoma da Madeira,2021,1,16104.0
Santa Cruz,Região Autónoma da Madeira,2021,2,4866.0
Santa Cruz,Região Autónoma da Madeira,2021,3,5706.0
Santa Cruz,Região Autónoma da Madeira,2021,4,8869.0
Santa Cruz,Região Autónoma da Madeira,2021,5,17911.0
Santa Cruz,Região Autónoma da Madeira,2021,6,33246.0
Santa Cruz,Região Autónoma da Madeira,2021,7,60063.0
Santa Cruz,Região Autónoma da Madeira,2021,8,90819.0
Santa Cruz,Região Autónoma da Madeira,2021,9,74863.0
Santa Cruz,Região Autónoma da Madeira,2021,10,68099.0
Santa Cruz,Região Autónoma da Madeira,2021,11,56652.0
Santa Cruz,Região Autónoma da Madeira,2021,12,45983.0
Santa Cruz,Região Autónoma da Madeira,2022,1,29999.0
Santa Cruz,Região Autónoma da Madeira,2022,2,30070.0
Santa Cruz,Região Autónoma da Madeira,2022,3,50530.0
Santa Cruz,Região Autónoma da Madeira,2022,4,70458.0
Santa Cruz,Região Autónoma da Madeira,2022,5,93231.0
Santa Cruz,Região Autónoma da Madeira,2022,6,95124.0
Santa Cruz,Região Autónoma da Madeira,2022,7,106370.0
Santa Cruz,Região Autónoma da Madeira,2022,8,114822.0
Santa Cruz,Região Autónoma da Madeira,2022,9,96775.0
Santa Cruz,Região Autónoma da Madeira,2022,10,88347.0
Santa Cruz,Região Autónoma da Madeira,2022,11,73454.0
Santa Cruz,Região Autónoma da Madeira,2022,12,66752.0
Santa Cruz,Região Autónoma da Madeira,2023,1,69249.0
Santa Cruz,Região Autónoma da Madeira,2023,2,78828.0
Santa Cruz,Região Autónoma da Madeira,2023,3,94626.0
Santa Cruz,Região Autónoma da Madeira,2023,4,97447.0
Santa Cruz,Região Autónoma da Madeira,2023,5,102138.0
Santa Cruz,Região Autónoma da Madeira,2023,6,101451.0
Santa Cruz,Região Autónoma da Madeira,2023,7,116776.0
Santa Cruz,Região Autónoma da Madeira,2023,8,122010.0
Santa Cruz,Região Autónoma da Madeira,2023,9,105218.0
Santa Cruz,Região Autónoma da Madeira,2023,10,101198.0
Santa Cruz,Região Autónoma da Madeira,2023,11,84047.0
Santa Cruz,Região Autónoma da Madeira,2023,12,73312.0
Santa Cruz,Região Autónoma da Madeira,2024,1,63917.0
Santa Cruz,Região Autónoma da Madeira,2024,2,74069.0
Santa Cruz,Região Autónoma da Madeira,2024,3,94668.0
Santa Cruz,Região Autónoma da Madeira,2024,4,94731.0
Santa Cruz,Região Autónoma da Madeira,2024,5,101850.0
Santa Cruz,Região Autónoma da Madeira,2024,6,98822.0
Santa Cruz,Região Autónoma da Madeira,2024,7,111243.0
Santa Cruz,Região Autónoma da Madeira,2024,8,115075.0
Santa Cruz,Região Autónoma da Madeira,2024,9,101751.0
Santa Cruz,Região Autónoma da Madeira,2024,10,99562.0
Santa Cruz,Região Autónoma da Madeira,2024,11,89660.0
Santa Cruz,Região Autónoma da Madeira,2024,12,77375.0
Santa Cruz,Região Autónoma da Madeira,2025,1,74774.0
Santa Cruz,Região Autónoma da Madeira,2025,2,80461.0
Santa Cruz,Região Autónoma da Madeira,2025,3,99600.0
Santa Cruz,Região Autónoma da Madeira,2025,4,105638.0
Santa Cruz,Região Autónoma da Madeira,2025,5,105262.0
Santa Cruz,Região Autónoma da Madeira,2025,6,103443.0
Santa Cruz,Região Autónoma da Madeira,2025,7,117177.0
Santa Cruz,Região Autónoma da Madeira,2025,8,121702.0
Santa Cruz,Região Autónoma da Madeira,2025,9,105855.0
Santa Cruz,Região Autónoma da Madeira,2025,10,107014.0
Santa Cruz,Região Autónoma da Madeira,2025,11,89450.0
Santa Cruz,Região Autónoma da Madeira,2025,12,79037.0
Santa Cruz,Região Autónoma da Madeira,2026,1,73164.0
Santa Cruz,Região Autónoma da Madeira,2026,2,79776.0
Santa Cruz,Região Autónoma da Madeira,2026,3,93566.0
Santa Cruz,Região Autónoma da Madeira,2026,4,101187.0
Santa Cruz,Região Autónoma da Madeira,2026,5,106955.0
Santa Cruz,Região Autónoma da Madeira,2026,6,100310.0
Santa Cruz,Região Autónoma da Madeira,2026,7,115405.0
Santa Cruz da Graciosa,Região Autónoma dos Açores,2020,1,727.0
Santa Cruz da Graciosa,Região Autónoma dos Açores,2020,2,730.0
Santa Cruz da Graciosa,Região Autónoma dos Açores,2020,3,410.0
Santa Cruz da Graciosa,Região Autónoma dos Açores,2020,4,
Santa Cruz da Graciosa,Região Autónoma dos Açores,2020,5,
Santa Cruz da Graciosa,Região Autónoma dos Açores,2020,6,237.0
Santa Cruz da Graciosa,Região Autónoma dos Açores,2020,7,828.0
Santa Cruz da Graciosa,Região Autónoma dos Açores,2020,8,1799.0
Santa Cruz da Graciosa,Região Autónoma dos Açores,2020,9,1276.0
Santa Cruz da Graciosa,Região Autónoma dos Açores,2020,10,931.0
Santa Cruz da Graciosa,Região Autónoma dos Açores,2020,11,502.0
Santa Cruz da Graciosa,Região Autónoma dos Açores,2020,12,104.0
Santa Cruz da Graciosa,Região Autónoma dos Açores,2021,1,105.0
Santa Cruz da Graciosa,Região Autónoma dos Açores,2021,2,308.0
Santa Cruz da Graciosa,Região Autónoma dos Açores,2021,3,385.0
Santa Cruz da Graciosa,Região Autónoma dos Açores,2021,4,556.0
Santa Cruz da Graciosa,Região Autónoma dos Açores,2021,5,1183.0
Santa Cruz da Graciosa,Região Autónoma dos Açores,2021,6,1664.0
Santa Cruz da Graciosa,Região Autónoma dos Açores,2021,7,2314.0
Santa Cruz da Graciosa,Região Autónoma dos Açores,2021,8,3633.0
Santa Cruz da Graciosa,Região Autónoma dos Açores,2021,9,1909.0
Santa Cruz da Graciosa,Região Autónoma dos Açores,2021,10,1075.0
Santa Cruz da Graciosa,Região Autónoma dos Açores,2021,11,615.0
Santa Cruz da Graciosa,Região Autónoma dos Açores,2021,12,634.0
Santa Cruz da Graciosa,Região Autónoma dos Açores,2022,1,311.0
Santa Cruz da Graciosa,Região Autónoma dos Açores,2022,2,711.0
Santa Cruz da Graciosa,Região Autónoma dos Açores,2022,3,836.0
Santa Cruz da Graciosa,Região Autónoma dos Açores,2022,4,951.0
Santa Cruz da Graciosa,Região Autónoma dos Açores,2022,5,948.0
Santa Cruz da Graciosa,Região Autónoma dos Açores,2022,6,1663.0
Santa Cruz da Graciosa,Região Autónoma dos Açores,2022,7,2593.0
Santa Cruz da Graciosa,Região Autónoma dos Açores,2022,8,4035.0
Santa Cruz da Graciosa,Região Autónoma dos Açores,2022,9,2036.0
Santa Cruz da Graciosa,Região Autónoma dos Açores,2022,10,1273.0
Santa Cruz da Graciosa,Região Autónoma dos Açores,2022,11,632.0
Santa Cruz da Graciosa,Região Autónoma dos Açores,2022,12,392.0
Santa Cruz da Graciosa,Região Autónoma dos Açores,2023,1,543.0
Santa Cruz da Graciosa,Região Autónoma dos Açores,2023,2,641.0
Santa Cruz da Graciosa,Região Autónoma dos Açores,2023,3,583.0
Santa Cruz da Graciosa,Região Autónoma dos Açores,2023,4,992.0
Santa Cruz da Graciosa,Região Autónoma dos Açores,2023,5,1512.0
Santa Cruz da Graciosa,Região Autónoma dos Açores,2023,6,1655.0
Santa Cruz da Graciosa,Região Autónoma dos Açores,2023,7,2555.0
Santa Cruz da Graciosa,Região Autónoma dos Açores,2023,8,3679.0
Santa Cruz da Graciosa,Região Autónoma dos Açores,2023,9,2476.0
Santa Cruz da Graciosa,Região Autónoma dos Açores,2023,10,1190.0
Santa Cruz da Graciosa,Região Autónoma dos Açores,2023,11,973.0
Santa Cruz da Graciosa,Região Autónoma dos Açores,2023,12,709.0
Santa Cruz da Graciosa,Região Autónoma dos Açores,2024,1,602.0
Santa Cruz da Graciosa,Região Autónoma dos Açores,2024,2,689.0
Santa Cruz da Graciosa,Região Autónoma dos Açores,2024,3,1043.0
Santa Cruz da Graciosa,Região Autónoma dos Açores,2024,4,1232.0
Santa Cruz da Graciosa,Região Autónoma dos Açores,2024,5,1197.0
Santa Cruz da Graciosa,Região Autónoma dos Açores,2024,6,2085.0
Santa Cruz da Graciosa,Região Autónoma dos Açores,2024,7,3141.0
Santa Cruz da Graciosa,Região Autónoma dos Açores,2024,8,3795.0
Santa Cruz da Graciosa,Região Autónoma dos Açores,2024,9,2328.0
Santa Cruz da Graciosa,Região Autónoma dos Açores,2024,10,1333.0
Santa Cruz da Graciosa,Região Autónoma dos Açores,2024,11,837.0
Santa Cruz da Graciosa,Região Autónoma dos Açores,2024,12,266.0
Santa Cruz da Graciosa,Região Autónoma dos Açores,2025,1,555.0
Santa Cruz da Graciosa,Região Autónoma dos Açores,2025,2,546.0
Santa Cruz da Graciosa,Região Autónoma dos Açores,2025,3,926.0
Santa Cruz da Graciosa,Região Autónoma dos Açores,2025,4,802.0
Santa Cruz da Graciosa,Região Autónoma dos Açores,2025,5,1351.0
Santa Cruz da Graciosa,Região Autónoma dos Açores,2025,6,2243.0
Santa Cruz da Graciosa,Região Autónoma dos Açores,2025,7,3158.0
Santa Cruz da Graciosa,Região Autónoma dos Açores,2025,8,3932.0
Santa Cruz da Graciosa,Região Autónoma dos Açores,2025,9,2224.0
Santa Cruz da Graciosa,Região Autónoma dos Açores,2025,10,1228.0
Santa Cruz da Graciosa,Região Autónoma dos Açores,2025,11,924.0
Santa Cruz da Graciosa,Região Autónoma dos Açores,2025,12,546.0
Santa Cruz da Graciosa,Região Autónoma dos Açores,2026,1,
Santa Cruz da Graciosa,Região Autónoma dos Açores,2026,2,643.0
Santa Cruz da Graciosa,Região Autónoma dos Açores,2026,3,785.0
Santa Cruz da Graciosa,Região Autónoma dos Açores,2026,4,857.0
Santa Cruz da Graciosa,Região Autónoma dos Açores,2026,5,2302.0
Santa Cruz da Graciosa,Região Autónoma dos Açores,2026,6,2088.0
Santa Cruz da Graciosa,Região Autónoma dos Açores,2026,7,2957.0
Santa Cruz das Flores,Região Autónoma dos Açores,2020,1,
Santa Cruz das Flores,Região Autónoma dos Açores,2020,2,
Santa Cruz das Flores,Região Autónoma dos Açores,2020,3,635.0
Santa Cruz das Flores,Região Autónoma dos Açores,2020,4,
Santa Cruz das Flores,Região Autónoma dos Açores,2020,5,
Santa Cruz das Flores,Região Autónoma dos Açores,2020,6,422.0
Santa Cruz das Flores,Região Autónoma dos Açores,2020,7,2043.0
Santa Cruz das Flores,Região Autónoma dos Açores,2020,8,3691.0
Santa Cruz das Flores,Região Autónoma dos Açores,2020,9,2987.0
Santa Cruz das Flores,Região Autónoma dos Açores,2020,10,1668.0
Santa Cruz das Flores,Região Autónoma dos Açores,2020,11,525.0
Santa Cruz das Flores,Região Autónoma dos Açores,2020,12,254.0
Santa Cruz das Flores,Região Autónoma dos Açores,2021,1,419.0
Santa Cruz das Flores,Região Autónoma dos Açores,2021,2,357.0
Santa Cruz das Flores,Região Autónoma dos Açores,2021,3,591.0
Santa Cruz das Flores,Região Autónoma dos Açores,2021,4,1268.0
Santa Cruz das Flores,Região Autónoma dos Açores,2021,5,1602.0
Santa Cruz das Flores,Região Autónoma dos Açores,2021,6,3281.0
Santa Cruz das Flores,Região Autónoma dos Açores,2021,7,4330.0
Santa Cruz das Flores,Região Autónoma dos Açores,2021,8,4866.0
Santa Cruz das Flores,Região Autónoma dos Açores,2021,9,3930.0
Santa Cruz das Flores,Região Autónoma dos Açores,2021,10,2554.0
Santa Cruz das Flores,Região Autónoma dos Açores,2021,11,1144.0
Santa Cruz das Flores,Região Autónoma dos Açores,2021,12,968.0
Santa Cruz das Flores,Região Autónoma dos Açores,2022,1,467.0
Santa Cruz das Flores,Região Autónoma dos Açores,2022,2,572.0
Santa Cruz das Flores,Região Autónoma dos Açores,2022,3,1075.0
Santa Cruz das Flores,Região Autónoma dos Açores,2022,4,
Santa Cruz das Flores,Região Autónoma dos Açores,2022,5,
Santa Cruz das Flores,Região Autónoma dos Açores,2022,6,3730.0
Santa Cruz das Flores,Região Autónoma dos Açores,2022,7,4148.0
Santa Cruz das Flores,Região Autónoma dos Açores,2022,8,4468.0
Santa Cruz das Flores,Região Autónoma dos Açores,2022,9,3832.0
Santa Cruz das Flores,Região Autónoma dos Açores,2022,10,2156.0
Santa Cruz das Flores,Região Autónoma dos Açores,2022,11,796.0
Santa Cruz das Flores,Região Autónoma dos Açores,2022,12,731.0
Santa Cruz das Flores,Região Autónoma dos Açores,2023,1,448.0
Santa Cruz das Flores,Região Autónoma dos Açores,2023,2,508.0
Santa Cruz das Flores,Região Autónoma dos Açores,2023,3,1280.0
Santa Cruz das Flores,Região Autónoma dos Açores,2023,4,1757.0
Santa Cruz das Flores,Região Autónoma dos Açores,2023,5,3090.0
Santa Cruz das Flores,Região Autónoma dos Açores,2023,6,3648.0
Santa Cruz das Flores,Região Autónoma dos Açores,2023,7,3953.0
Santa Cruz das Flores,Região Autónoma dos Açores,2023,8,4427.0
Santa Cruz das Flores,Região Autónoma dos Açores,2023,9,3322.0
Santa Cruz das Flores,Região Autónoma dos Açores,2023,10,2253.0
Santa Cruz das Flores,Região Autónoma dos Açores,2023,11,1028.0
Santa Cruz das Flores,Região Autónoma dos Açores,2023,12,844.0
Santa Cruz das Flores,Região Autónoma dos Açores,2024,1,546.0
Santa Cruz das Flores,Região Autónoma dos Açores,2024,2,571.0
Santa Cruz das Flores,Região Autónoma dos Açores,2024,3,1313.0
Santa Cruz das Flores,Região Autónoma dos Açores,2024,4,1696.0
Santa Cruz das Flores,Região Autónoma dos Açores,2024,5,2822.0
Santa Cruz das Flores,Região Autónoma dos Açores,2024,6,3824.0
Santa Cruz das Flores,Região Autónoma dos Açores,2024,7,4186.0
Santa Cruz das Flores,Região Autónoma dos Açores,2024,8,4832.0
Santa Cruz das Flores,Região Autónoma dos Açores,2024,9,4126.0
Santa Cruz das Flores,Região Autónoma dos Açores,2024,10,2345.0
Santa Cruz das Flores,Região Autónoma dos Açores,2024,11,951.0
Santa Cruz das Flores,Região Autónoma dos Açores,2024,12,719.0
Santa Cruz das Flores,Região Autónoma dos Açores,2025,1,434.0
Santa Cruz das Flores,Região Autónoma dos Açores,2025,2,543.0
Santa Cruz das Flores,Região Autónoma dos Açores,2025,3,619.0
Santa Cruz das Flores,Região Autónoma dos Açores,2025,4,1180.0
Santa Cruz das Flores,Região Autónoma dos Açores,2025,5,2391.0
Santa Cruz das Flores,Região Autónoma dos Açores,2025,6,3075.0
Santa Cruz das Flores,Região Autónoma dos Açores,2025,7,3495.0
Santa Cruz das Flores,Região Autónoma dos Açores,2025,8,3334.0
Santa Cruz das Flores,Região Autónoma dos Açores,2025,9,3045.0
Santa Cruz das Flores,Região Autónoma dos Açores,2025,10,1769.0
Santa Cruz das Flores,Região Autónoma dos Açores,2025,11,728.0
Santa Cruz das Flores,Região Autónoma dos Açores,2025,12,382.0
Santa Cruz das Flores,Região Autónoma dos Açores,2026,1,317.0
Santa Cruz das Flores,Região Autónoma dos Açores,2026,2,452.0
Santa Cruz das Flores,Região Autónoma dos Açores,2026,3,896.0
Santa Cruz das Flores,Região Autónoma dos Açores,2026,4,1624.0
Santa Cruz das Flores,Região Autónoma dos Açores,2026,5,2876.0
Santa Cruz das Flores,Região Autónoma dos Açores,2026,6,3859.0
Santa Cruz das Flores,Região Autónoma dos Açores,2026,7,4065.0
Santa Maria da Feira,Aveiro,2020,1,5048.0
Santa Maria da Feira,Aveiro,2020,2,5194.0
Santa Maria da Feira,Aveiro,2020,3,2096.0
Santa Maria da Feira,Aveiro,2020,4,560.0
Santa Maria da Feira,Aveiro,2020,5,942.0
Santa Maria da Feira,Aveiro,2020,6,1871.0
Santa Maria da Feira,Aveiro,2020,7,4503.0
Santa Maria da Feira,Aveiro,2020,8,6527.0
Santa Maria da Feira,Aveiro,2020,9,4433.0
Santa Maria da Feira,Aveiro,2020,10,3063.0
Santa Maria da Feira,Aveiro,2020,11,2475.0
Santa Maria da Feira,Aveiro,2020,12,2001.0
Santa Maria da Feira,Aveiro,2021,1,1964.0
Santa Maria da Feira,Aveiro,2021,2,1777.0
Santa Maria da Feira,Aveiro,2021,3,2036.0
Santa Maria da Feira,Aveiro,2021,4,1936.0
Santa Maria da Feira,Aveiro,2021,5,6679.0
Santa Maria da Feira,Aveiro,2021,6,5742.0
Santa Maria da Feira,Aveiro,2021,7,7039.0
Santa Maria da Feira,Aveiro,2021,8,11478.0
Santa Maria da Feira,Aveiro,2021,9,8638.0
Santa Maria da Feira,Aveiro,2021,10,9024.0
Santa Maria da Feira,Aveiro,2021,11,7429.0
Santa Maria da Feira,Aveiro,2021,12,8266.0
Santa Maria da Feira,Aveiro,2022,1,5783.0
Santa Maria da Feira,Aveiro,2022,2,6446.0
Santa Maria da Feira,Aveiro,2022,3,7200.0
Santa Maria da Feira,Aveiro,2022,4,10198.0
Santa Maria da Feira,Aveiro,2022,5,8898.0
Santa Maria da Feira,Aveiro,2022,6,9050.0
Santa Maria da Feira,Aveiro,2022,7,11260.0
Santa Maria da Feira,Aveiro,2022,8,14173.0
Santa Maria da Feira,Aveiro,2022,9,10684.0
Santa Maria da Feira,Aveiro,2022,10,10206.0
Santa Maria da Feira,Aveiro,2022,11,8205.0
Santa Maria da Feira,Aveiro,2022,12,9289.0
Santa Maria da Feira,Aveiro,2023,1,7135.0
Santa Maria da Feira,Aveiro,2023,2,8204.0
Santa Maria da Feira,Aveiro,2023,3,8607.0
Santa Maria da Feira,Aveiro,2023,4,11526.0
Santa Maria da Feira,Aveiro,2023,5,11542.0
Santa Maria da Feira,Aveiro,2023,6,10889.0
Santa Maria da Feira,Aveiro,2023,7,13046.0
Santa Maria da Feira,Aveiro,2023,8,13829.0
Santa Maria da Feira,Aveiro,2023,9,12346.0
Santa Maria da Feira,Aveiro,2023,10,11299.0
Santa Maria da Feira,Aveiro,2023,11,8919.0
Santa Maria da Feira,Aveiro,2023,12,10969.0
Santa Maria da Feira,Aveiro,2024,1,7611.0
Santa Maria da Feira,Aveiro,2024,2,8002.0
Santa Maria da Feira,Aveiro,2024,3,9190.0
Santa Maria da Feira,Aveiro,2024,4,10893.0
Santa Maria da Feira,Aveiro,2024,5,11678.0
Santa Maria da Feira,Aveiro,2024,6,11136.0
Santa Maria da Feira,Aveiro,2024,7,12464.0
Santa Maria da Feira,Aveiro,2024,8,14698.0
Santa Maria da Feira,Aveiro,2024,9,11279.0
Santa Maria da Feira,Aveiro,2024,10,10274.0
Santa Maria da Feira,Aveiro,2024,11,8822.0
Santa Maria da Feira,Aveiro,2024,12,9206.0
Santa Maria da Feira,Aveiro,2025,1,7197.0
Santa Maria da Feira,Aveiro,2025,2,7190.0
Santa Maria da Feira,Aveiro,2025,3,7191.0
Santa Maria da Feira,Aveiro,2025,4,9594.0
Santa Maria da Feira,Aveiro,2025,5,11087.0
Santa Maria da Feira,Aveiro,2025,6,10049.0
Santa Maria da Feira,Aveiro,2025,7,11761.0
Santa Maria da Feira,Aveiro,2025,8,13287.0
Santa Maria da Feira,Aveiro,2025,9,10525.0
Santa Maria da Feira,Aveiro,2025,10,9881.0
Santa Maria da Feira,Aveiro,2025,11,8141.0
Santa Maria da Feira,Aveiro,2025,12,8523.0
Santa Maria da Feira,Aveiro,2026,1,6439.0
Santa Maria da Feira,Aveiro,2026,2,7174.0
Santa Maria da Feira,Aveiro,2026,3,8801.0
Santa Maria da Feira,Aveiro,2026,4,9713.0
Santa Maria da Feira,Aveiro,2026,5,11335.0
Santa Maria da Feira,Aveiro,2026,6,11919.0
Santa Maria da Feira,Aveiro,2026,7,13408.0
Santa Marta de Penaguião,Vila Real,2020,1,52.0
Santa Marta de Penaguião,Vila Real,2020,2,75.0
Santa Marta de Penaguião,Vila Real,2020,3,
Santa Marta de Penaguião,Vila Real,2020,4,
Santa Marta de Penaguião,Vila Real,2020,5,
Santa Marta de Penaguião,Vila Real,2020,6,317.0
Santa Marta de Penaguião,Vila Real,2020,7,
Santa Marta de Penaguião,Vila Real,2020,8,1993.0
Santa Marta de Penaguião,Vila Real,2020,9,619.0
Santa Marta de Penaguião,Vila Real,2020,10,
Santa Marta de Penaguião,Vila Real,2020,11,
Santa Marta de Penaguião,Vila Real,2020,12,
Santa Marta de Penaguião,Vila Real,2021,1,
Santa Marta de Penaguião,Vila Real,2021,2,
Santa Marta de Penaguião,Vila Real,2021,3,
Santa Marta de Penaguião,Vila Real,2021,4,62.0
Santa Marta de Penaguião,Vila Real,2021,5,
Santa Marta de Penaguião,Vila Real,2021,6,1447.0
Santa Marta de Penaguião,Vila Real,2021,7,1706.0
Santa Marta de Penaguião,Vila Real,2021,8,2599.0
Santa Marta de Penaguião,Vila Real,2021,9,1405.0
Santa Marta de Penaguião,Vila Real,2021,10,1704.0
Santa Marta de Penaguião,Vila Real,2021,11,67.0
Santa Marta de Penaguião,Vila Real,2021,12,76.0
Santa Marta de Penaguião,Vila Real,2022,1,52.0
Santa Marta de Penaguião,Vila Real,2022,2,366.0
Santa Marta de Penaguião,Vila Real,2022,3,384.0
Santa Marta de Penaguião,Vila Real,2022,4,1285.0
Santa Marta de Penaguião,Vila Real,2022,5,1401.0
Santa Marta de Penaguião,Vila Real,2022,6,1570.0
Santa Marta de Penaguião,Vila Real,2022,7,1987.0
Santa Marta de Penaguião,Vila Real,2022,8,3318.0
Santa Marta de Penaguião,Vila Real,2022,9,1579.0
Santa Marta de Penaguião,Vila Real,2022,10,1257.0
Santa Marta de Penaguião,Vila Real,2022,11,984.0
Santa Marta de Penaguião,Vila Real,2022,12,1447.0
Santa Marta de Penaguião,Vila Real,2023,1,916.0
Santa Marta de Penaguião,Vila Real,2023,2,72.0
Santa Marta de Penaguião,Vila Real,2023,3,120.0
Santa Marta de Penaguião,Vila Real,2023,4,552.0
Santa Marta de Penaguião,Vila Real,2023,5,639.0
Santa Marta de Penaguião,Vila Real,2023,6,794.0
Santa Marta de Penaguião,Vila Real,2023,7,1118.0
Santa Marta de Penaguião,Vila Real,2023,8,1952.0
Santa Marta de Penaguião,Vila Real,2023,9,1576.0
Santa Marta de Penaguião,Vila Real,2023,10,910.0
Santa Marta de Penaguião,Vila Real,2023,11,117.0
Santa Marta de Penaguião,Vila Real,2023,12,290.0
Santa Marta de Penaguião,Vila Real,2024,1,104.0
Santa Marta de Penaguião,Vila Real,2024,2,159.0
Santa Marta de Penaguião,Vila Real,2024,3,339.0
Santa Marta de Penaguião,Vila Real,2024,4,583.0
Santa Marta de Penaguião,Vila Real,2024,5,981.0
Santa Marta de Penaguião,Vila Real,2024,6,966.0
Santa Marta de Penaguião,Vila Real,2024,7,1484.0
Santa Marta de Penaguião,Vila Real,2024,8,1927.0
Santa Marta de Penaguião,Vila Real,2024,9,1265.0
Santa Marta de Penaguião,Vila Real,2024,10,792.0
Santa Marta de Penaguião,Vila Real,2024,11,217.0
Santa Marta de Penaguião,Vila Real,2024,12,318.0
Santa Marta de Penaguião,Vila Real,2025,1,142.0
Santa Marta de Penaguião,Vila Real,2025,2,125.0
Santa Marta de Penaguião,Vila Real,2025,3,204.0
Santa Marta de Penaguião,Vila Real,2025,4,668.0
Santa Marta de Penaguião,Vila Real,2025,5,964.0
Santa Marta de Penaguião,Vila Real,2025,6,1096.0
Santa Marta de Penaguião,Vila Real,2025,7,1476.0
Santa Marta de Penaguião,Vila Real,2025,8,1979.0
Santa Marta de Penaguião,Vila Real,2025,9,1726.0
Santa Marta de Penaguião,Vila Real,2025,10,830.0
Santa Marta de Penaguião,Vila Real,2025,11,198.0
Santa Marta de Penaguião,Vila Real,2025,12,129.0
Santa Marta de Penaguião,Vila Real,2026,1,76.0
Santa Marta de Penaguião,Vila Real,2026,2,104.0
Santa Marta de Penaguião,Vila Real,2026,3,182.0
Santa Marta de Penaguião,Vila Real,2026,4,659.0
Santa Marta de Penaguião,Vila Real,2026,5,1159.0
Santa Marta de Penaguião,Vila Real,2026,6,1143.0
Santa Marta de Penaguião,Vila Real,2026,7,1526.0
Santana,Região Autónoma da Madeira,2020,1,1464.0
Santana,Região Autónoma da Madeira,2020,2,3094.0
Santana,Região Autónoma da Madeira,2020,3,3260.0
Santana,Região Autónoma da Madeira,2020,4,
Santana,Região Autónoma da Madeira,2020,5,
Santana,Região Autónoma da Madeira,2020,6,
Santana,Região Autónoma da Madeira,2020,7,3188.0
Santana,Região Autónoma da Madeira,2020,8,6811.0
Santana,Região Autónoma da Madeira,2020,9,5026.0
Santana,Região Autónoma da Madeira,2020,10,4745.0
Santana,Região Autónoma da Madeira,2020,11,2737.0
Santana,Região Autónoma da Madeira,2020,12,2804.0
Santana,Região Autónoma da Madeira,2021,1,2007.0
Santana,Região Autónoma da Madeira,2021,2,1765.0
Santana,Região Autónoma da Madeira,2021,3,2585.0
Santana,Região Autónoma da Madeira,2021,4,3547.0
Santana,Região Autónoma da Madeira,2021,5,4033.0
Santana,Região Autónoma da Madeira,2021,6,6519.0
Santana,Região Autónoma da Madeira,2021,7,8065.0
Santana,Região Autónoma da Madeira,2021,8,11513.0
Santana,Região Autónoma da Madeira,2021,9,10096.0
Santana,Região Autónoma da Madeira,2021,10,9258.0
Santana,Região Autónoma da Madeira,2021,11,6988.0
Santana,Região Autónoma da Madeira,2021,12,5472.0
Santana,Região Autónoma da Madeira,2022,1,4747.0
Santana,Região Autónoma da Madeira,2022,2,5557.0
Santana,Região Autónoma da Madeira,2022,3,8701.0
Santana,Região Autónoma da Madeira,2022,4,13324.0
Santana,Região Autónoma da Madeira,2022,5,13422.0
Santana,Região Autónoma da Madeira,2022,6,12963.0
Santana,Região Autónoma da Madeira,2022,7,14131.0
Santana,Região Autónoma da Madeira,2022,8,14485.0
Santana,Região Autónoma da Madeira,2022,9,12987.0
Santana,Região Autónoma da Madeira,2022,10,11427.0
Santana,Região Autónoma da Madeira,2022,11,9092.0
Santana,Região Autónoma da Madeira,2022,12,8765.0
Santana,Região Autónoma da Madeira,2023,1,8385.0
Santana,Região Autónoma da Madeira,2023,2,11376.0
Santana,Região Autónoma da Madeira,2023,3,14466.0
Santana,Região Autónoma da Madeira,2023,4,14752.0
Santana,Região Autónoma da Madeira,2023,5,14933.0
Santana,Região Autónoma da Madeira,2023,6,13773.0
Santana,Região Autónoma da Madeira,2023,7,15372.0
Santana,Região Autónoma da Madeira,2023,8,15833.0
Santana,Região Autónoma da Madeira,2023,9,14421.0
Santana,Região Autónoma da Madeira,2023,10,13407.0
Santana,Região Autónoma da Madeira,2023,11,10605.0
Santana,Região Autónoma da Madeira,2023,12,8471.0
Santana,Região Autónoma da Madeira,2024,1,8327.0
Santana,Região Autónoma da Madeira,2024,2,10108.0
Santana,Região Autónoma da Madeira,2024,3,13823.0
Santana,Região Autónoma da Madeira,2024,4,15363.0
Santana,Região Autónoma da Madeira,2024,5,15883.0
Santana,Região Autónoma da Madeira,2024,6,14117.0
Santana,Região Autónoma da Madeira,2024,7,16575.0
Santana,Região Autónoma da Madeira,2024,8,16599.0
Santana,Região Autónoma da Madeira,2024,9,15199.0
Santana,Região Autónoma da Madeira,2024,10,14842.0
Santana,Região Autónoma da Madeira,2024,11,11764.0
Santana,Região Autónoma da Madeira,2024,12,9449.0
Santana,Região Autónoma da Madeira,2025,1,8675.0
Santana,Região Autónoma da Madeira,2025,2,10000.0
Santana,Região Autónoma da Madeira,2025,3,13605.0
Santana,Região Autónoma da Madeira,2025,4,15889.0
Santana,Região Autónoma da Madeira,2025,5,16554.0
Santana,Região Autónoma da Madeira,2025,6,15063.0
Santana,Região Autónoma da Madeira,2025,7,17075.0
Santana,Região Autónoma da Madeira,2025,8,17346.0
Santana,Região Autónoma da Madeira,2025,9,16221.0
Santana,Região Autónoma da Madeira,2025,10,15845.0
Santana,Região Autónoma da Madeira,2025,11,11865.0
Santana,Região Autónoma da Madeira,2025,12,8966.0
Santana,Região Autónoma da Madeira,2026,1,8355.0
Santana,Região Autónoma da Madeira,2026,2,10331.0
Santana,Região Autónoma da Madeira,2026,3,12762.0
Santana,Região Autónoma da Madeira,2026,4,15845.0
Santana,Região Autónoma da Madeira,2026,5,16298.0
Santana,Região Autónoma da Madeira,2026,6,14854.0
Santana,Região Autónoma da Madeira,2026,7,16213.0
Santarém,Santarém,2020,1,4398.0
Santarém,Santarém,2020,2,4669.0
Santarém,Santarém,2020,3,2509.0
Santarém,Santarém,2020,4,276.0
Santarém,Santarém,2020,5,353.0
Santarém,Santarém,2020,6,1618.0
Santarém,Santarém,2020,7,3340.0
Santarém,Santarém,2020,8,5496.0
Santarém,Santarém,2020,9,4402.0
Santarém,Santarém,2020,10,3910.0
Santarém,Santarém,2020,11,3260.0
Santarém,Santarém,2020,12,2747.0
Santarém,Santarém,2021,1,2099.0
Santarém,Santarém,2021,2,1134.0
Santarém,Santarém,2021,3,1698.0
Santarém,Santarém,2021,4,2915.0
Santarém,Santarém,2021,5,3567.0
Santarém,Santarém,2021,6,5574.0
Santarém,Santarém,2021,7,6628.0
Santarém,Santarém,2021,8,8296.0
Santarém,Santarém,2021,9,7806.0
Santarém,Santarém,2021,10,6814.0
Santarém,Santarém,2021,11,6758.0
Santarém,Santarém,2021,12,4235.0
Santarém,Santarém,2022,1,3573.0
Santarém,Santarém,2022,2,3999.0
Santarém,Santarém,2022,3,5905.0
Santarém,Santarém,2022,4,8819.0
Santarém,Santarém,2022,5,8727.0
Santarém,Santarém,2022,6,10027.0
Santarém,Santarém,2022,7,11256.0
Santarém,Santarém,2022,8,13427.0
Santarém,Santarém,2022,9,10491.0
Santarém,Santarém,2022,10,10701.0
Santarém,Santarém,2022,11,8940.0
Santarém,Santarém,2022,12,6436.0
Santarém,Santarém,2023,1,5877.0
Santarém,Santarém,2023,2,5426.0
Santarém,Santarém,2023,3,8074.0
Santarém,Santarém,2023,4,9758.0
Santarém,Santarém,2023,5,10929.0
Santarém,Santarém,2023,6,11126.0
Santarém,Santarém,2023,7,12804.0
Santarém,Santarém,2023,8,14194.0
Santarém,Santarém,2023,9,10738.0
Santarém,Santarém,2023,10,10145.0
Santarém,Santarém,2023,11,9173.0
Santarém,Santarém,2023,12,6511.0
Santarém,Santarém,2024,1,7980.0
Santarém,Santarém,2024,2,6375.0
Santarém,Santarém,2024,3,9004.0
Santarém,Santarém,2024,4,10381.0
Santarém,Santarém,2024,5,11637.0
Santarém,Santarém,2024,6,10554.0
Santarém,Santarém,2024,7,11743.0
Santarém,Santarém,2024,8,14590.0
Santarém,Santarém,2024,9,10372.0
Santarém,Santarém,2024,10,10040.0
Santarém,Santarém,2024,11,9711.0
Santarém,Santarém,2024,12,6700.0
Santarém,Santarém,2025,1,5849.0
Santarém,Santarém,2025,2,7220.0
Santarém,Santarém,2025,3,7982.0
Santarém,Santarém,2025,4,10292.0
Santarém,Santarém,2025,5,12050.0
Santarém,Santarém,2025,6,10234.0
Santarém,Santarém,2025,7,13049.0
Santarém,Santarém,2025,8,13940.0
Santarém,Santarém,2025,9,11484.0
Santarém,Santarém,2025,10,10223.0
Santarém,Santarém,2025,11,8146.0
Santarém,Santarém,2025,12,6232.0
Santarém,Santarém,2026,1,5802.0
Santarém,Santarém,2026,2,6753.0
Santarém,Santarém,2026,3,8113.0
Santarém,Santarém,2026,4,10584.0
Santarém,Santarém,2026,5,12793.0
Santarém,Santarém,2026,6,10840.0
Santarém,Santarém,2026,7,12922.0
Santiago do Cacém,Setúbal,2020,1,3455.0
Santiago do Cacém,Setúbal,2020,2,9102.0
Santiago do Cacém,Setúbal,2020,3,2638.0
Santiago do Cacém,Setúbal,2020,4,
Santiago do Cacém,Setúbal,2020,5,
Santiago do Cacém,Setúbal,2020,6,9164.0
Santiago do Cacém,Setúbal,2020,7,15135.0
Santiago do Cacém,Setúbal,2020,8,22723.0
Santiago do Cacém,Setúbal,2020,9,12218.0
Santiago do Cacém,Setúbal,2020,10,7482.0
Santiago do Cacém,Setúbal,2020,11,3518.0
Santiago do Cacém,Setúbal,2020,12,3631.0
Santiago do Cacém,Setúbal,2021,1,2829.0
Santiago do Cacém,Setúbal,2021,2,2337.0
Santiago do Cacém,Setúbal,2021,3,4210.0
Santiago do Cacém,Setúbal,2021,4,5612.0
Santiago do Cacém,Setúbal,2021,5,9475.0
Santiago do Cacém,Setúbal,2021,6,14427.0
Santiago do Cacém,Setúbal,2021,7,17658.0
Santiago do Cacém,Setúbal,2021,8,26662.0
Santiago do Cacém,Setúbal,2021,9,15776.0
Santiago do Cacém,Setúbal,2021,10,11989.0
Santiago do Cacém,Setúbal,2021,11,6634.0
Santiago do Cacém,Setúbal,2021,12,4773.0
Santiago do Cacém,Setúbal,2022,1,4067.0
Santiago do Cacém,Setúbal,2022,2,6998.0
Santiago do Cacém,Setúbal,2022,3,7012.0
Santiago do Cacém,Setúbal,2022,4,11546.0
Santiago do Cacém,Setúbal,2022,5,13253.0
Santiago do Cacém,Setúbal,2022,6,16325.0
Santiago do Cacém,Setúbal,2022,7,21222.0
Santiago do Cacém,Setúbal,2022,8,26777.0
Santiago do Cacém,Setúbal,2022,9,16183.0
Santiago do Cacém,Setúbal,2022,10,11139.0
Santiago do Cacém,Setúbal,2022,11,6946.0
Santiago do Cacém,Setúbal,2022,12,5727.0
Santiago do Cacém,Setúbal,2023,1,5658.0
Santiago do Cacém,Setúbal,2023,2,9230.0
Santiago do Cacém,Setúbal,2023,3,7061.0
Santiago do Cacém,Setúbal,2023,4,13931.0
Santiago do Cacém,Setúbal,2023,5,13025.0
Santiago do Cacém,Setúbal,2023,6,16075.0
Santiago do Cacém,Setúbal,2023,7,20818.0
Santiago do Cacém,Setúbal,2023,8,26678.0
Santiago do Cacém,Setúbal,2023,9,17337.0
Santiago do Cacém,Setúbal,2023,10,17291.0
Santiago do Cacém,Setúbal,2023,11,9413.0
Santiago do Cacém,Setúbal,2023,12,6307.0
Santiago do Cacém,Setúbal,2024,1,5608.0
Santiago do Cacém,Setúbal,2024,2,7529.0
Santiago do Cacém,Setúbal,2024,3,9500.0
Santiago do Cacém,Setúbal,2024,4,13124.0
Santiago do Cacém,Setúbal,2024,5,13822.0
Santiago do Cacém,Setúbal,2024,6,16070.0
Santiago do Cacém,Setúbal,2024,7,20933.0
Santiago do Cacém,Setúbal,2024,8,30303.0
Santiago do Cacém,Setúbal,2024,9,15914.0
Santiago do Cacém,Setúbal,2024,10,10953.0
Santiago do Cacém,Setúbal,2024,11,10150.0
Santiago do Cacém,Setúbal,2024,12,8541.0
Santiago do Cacém,Setúbal,2025,1,6616.0
Santiago do Cacém,Setúbal,2025,2,7810.0
Santiago do Cacém,Setúbal,2025,3,9968.0
Santiago do Cacém,Setúbal,2025,4,15567.0
Santiago do Cacém,Setúbal,2025,5,15689.0
Santiago do Cacém,Setúbal,2025,6,19884.0
Santiago do Cacém,Setúbal,2025,7,25751.0
Santiago do Cacém,Setúbal,2025,8,32293.0
Santiago do Cacém,Setúbal,2025,9,20048.0
Santiago do Cacém,Setúbal,2025,10,17470.0
Santiago do Cacém,Setúbal,2025,11,11780.0
Santiago do Cacém,Setúbal,2025,12,8228.0
Santiago do Cacém,Setúbal,2026,1,8329.0
Santiago do Cacém,Setúbal,2026,2,8983.0
Santiago do Cacém,Setúbal,2026,3,13012.0
Santiago do Cacém,Setúbal,2026,4,15691.0
Santiago do Cacém,Setúbal,2026,5,16049.0
Santiago do Cacém,Setúbal,2026,6,18917.0
Santiago do Cacém,Setúbal,2026,7,23842.0
Santo Tirso,Porto,2020,1,4651.0
Santo Tirso,Porto,2020,2,4686.0
Santo Tirso,Porto,2020,3,2634.0
Santo Tirso,Porto,2020,4,1105.0
Santo Tirso,Porto,2020,5,2015.0
Santo Tirso,Porto,2020,6,
Santo Tirso,Porto,2020,7,
Santo Tirso,Porto,2020,8,5463.0
Santo Tirso,Porto,2020,9,3976.0
Santo Tirso,Porto,2020,10,3673.0
Santo Tirso,Porto,2020,11,2892.0
Santo Tirso,Porto,2020,12,2925.0
Santo Tirso,Porto,2021,1,2587.0
Santo Tirso,Porto,2021,2,2351.0
Santo Tirso,Porto,2021,3,2772.0
Santo Tirso,Porto,2021,4,2814.0
Santo Tirso,Porto,2021,5,3941.0
Santo Tirso,Porto,2021,6,3784.0
Santo Tirso,Porto,2021,7,4557.0
Santo Tirso,Porto,2021,8,5502.0
Santo Tirso,Porto,2021,9,4651.0
Santo Tirso,Porto,2021,10,4420.0
Santo Tirso,Porto,2021,11,4268.0
Santo Tirso,Porto,2021,12,4045.0
Santo Tirso,Porto,2022,1,3401.0
Santo Tirso,Porto,2022,2,3498.0
Santo Tirso,Porto,2022,3,4145.0
Santo Tirso,Porto,2022,4,4470.0
Santo Tirso,Porto,2022,5,4602.0
Santo Tirso,Porto,2022,6,4329.0
Santo Tirso,Porto,2022,7,6204.0
Santo Tirso,Porto,2022,8,10842.0
Santo Tirso,Porto,2022,9,7995.0
Santo Tirso,Porto,2022,10,8165.0
Santo Tirso,Porto,2022,11,7044.0
Santo Tirso,Porto,2022,12,6461.0
Santo Tirso,Porto,2023,1,6871.0
Santo Tirso,Porto,2023,2,6144.0
Santo Tirso,Porto,2023,3,7830.0
Santo Tirso,Porto,2023,4,7173.0
Santo Tirso,Porto,2023,5,8426.0
Santo Tirso,Porto,2023,6,7532.0
Santo Tirso,Porto,2023,7,8302.0
Santo Tirso,Porto,2023,8,9207.0
Santo Tirso,Porto,2023,9,7837.0
Santo Tirso,Porto,2023,10,7150.0
Santo Tirso,Porto,2023,11,6356.0
Santo Tirso,Porto,2023,12,6266.0
Santo Tirso,Porto,2024,1,6019.0
Santo Tirso,Porto,2024,2,6139.0
Santo Tirso,Porto,2024,3,6815.0
Santo Tirso,Porto,2024,4,6194.0
Santo Tirso,Porto,2024,5,8735.0
Santo Tirso,Porto,2024,6,7492.0
Santo Tirso,Porto,2024,7,8644.0
Santo Tirso,Porto,2024,8,10853.0
Santo Tirso,Porto,2024,9,8692.0
Santo Tirso,Porto,2024,10,8060.0
Santo Tirso,Porto,2024,11,6524.0
Santo Tirso,Porto,2024,12,6060.0
Santo Tirso,Porto,2025,1,5407.0
Santo Tirso,Porto,2025,2,5960.0
Santo Tirso,Porto,2025,3,6591.0
Santo Tirso,Porto,2025,4,7304.0
Santo Tirso,Porto,2025,5,7899.0
Santo Tirso,Porto,2025,6,8038.0
Santo Tirso,Porto,2025,7,9352.0
Santo Tirso,Porto,2025,8,10230.0
Santo Tirso,Porto,2025,9,8617.0
Santo Tirso,Porto,2025,10,7992.0
Santo Tirso,Porto,2025,11,6525.0
Santo Tirso,Porto,2025,12,6107.0
Santo Tirso,Porto,2026,1,5701.0
Santo Tirso,Porto,2026,2,5902.0
Santo Tirso,Porto,2026,3,6669.0
Santo Tirso,Porto,2026,4,7257.0
Santo Tirso,Porto,2026,5,8731.0
Santo Tirso,Porto,2026,6,8198.0
Santo Tirso,Porto,2026,7,10200.0
Sardoal,Santarém,2020,1,
Sardoal,Santarém,2020,2,
Sardoal,Santarém,2020,3,
Sardoal,Santarém,2020,4,
Sardoal,Santarém,2020,5,
Sardoal,Santarém,2020,6,
Sardoal,Santarém,2020,7,
Sardoal,Santarém,2020,8,
Sardoal,Santarém,2020,9,
Sardoal,Santarém,2020,10,
Sardoal,Santarém,2020,11,
Sardoal,Santarém,2020,12,
Sardoal,Santarém,2021,1,
Sardoal,Santarém,2021,2,
Sardoal,Santarém,2021,3,
Sardoal,Santarém,2021,4,
Sardoal,Santarém,2021,5,
Sardoal,Santarém,2021,6,258.0
Sardoal,Santarém,2021,7,168.0
Sardoal,Santarém,2021,8,317.0
Sardoal,Santarém,2021,9,210.0
Sardoal,Santarém,2021,10,157.0
Sardoal,Santarém,2021,11,229.0
Sardoal,Santarém,2021,12,138.0
Sardoal,Santarém,2022,1,
Sardoal,Santarém,2022,2,
Sardoal,Santarém,2022,3,
Sardoal,Santarém,2022,4,
Sardoal,Santarém,2022,5,
Sardoal,Santarém,2022,6,303.0
Sardoal,Santarém,2022,7,476.0
Sardoal,Santarém,2022,8,692.0
Sardoal,Santarém,2022,9,277.0
Sardoal,Santarém,2022,10,355.0
Sardoal,Santarém,2022,11,304.0
Sardoal,Santarém,2022,12,216.0
Sardoal,Santarém,2023,1,
Sardoal,Santarém,2023,2,277.0
Sardoal,Santarém,2023,3,214.0
Sardoal,Santarém,2023,4,262.0
Sardoal,Santarém,2023,5,193.0
Sardoal,Santarém,2023,6,379.0
Sardoal,Santarém,2023,7,436.0
Sardoal,Santarém,2023,8,468.0
Sardoal,Santarém,2023,9,349.0
Sardoal,Santarém,2023,10,335.0
Sardoal,Santarém,2023,11,180.0
Sardoal,Santarém,2023,12,
Sardoal,Santarém,2024,1,
Sardoal,Santarém,2024,2,
Sardoal,Santarém,2024,3,236.0
Sardoal,Santarém,2024,4,238.0
Sardoal,Santarém,2024,5,259.0
Sardoal,Santarém,2024,6,293.0
Sardoal,Santarém,2024,7,284.0
Sardoal,Santarém,2024,8,539.0
Sardoal,Santarém,2024,9,371.0
Sardoal,Santarém,2024,10,418.0
Sardoal,Santarém,2024,11,306.0
Sardoal,Santarém,2024,12,164.0
Sardoal,Santarém,2025,1,
Sardoal,Santarém,2025,2,
Sardoal,Santarém,2025,3,
Sardoal,Santarém,2025,4,
Sardoal,Santarém,2025,5,
Sardoal,Santarém,2025,6,
Sardoal,Santarém,2025,7,
Sardoal,Santarém,2025,8,
Sardoal,Santarém,2025,9,
Sardoal,Santarém,2025,10,
Sardoal,Santarém,2025,11,
Sardoal,Santarém,2025,12,
Sardoal,Santarém,2026,1,146.0
Sardoal,Santarém,2026,2,170.0
Sardoal,Santarém,2026,3,352.0
Sardoal,Santarém,2026,4,334.0
Sardoal,Santarém,2026,5,349.0
Sardoal,Santarém,2026,6,321.0
Sardoal,Santarém,2026,7,346.0
Seia,Guarda,2020,1,6096.0
Seia,Guarda,2020,2,7068.0
Seia,Guarda,2020,3,1773.0
Seia,Guarda,2020,4,
Seia,Guarda,2020,5,96.0
Seia,Guarda,2020,6,
Seia,Guarda,2020,7,6009.0
Seia,Guarda,2020,8,12583.0
Seia,Guarda,2020,9,5013.0
Seia,Guarda,2020,10,3657.0
Seia,Guarda,2020,11,1179.0
Seia,Guarda,2020,12,4072.0
Seia,Guarda,2021,1,2064.0
Seia,Guarda,2021,2,424.0
Seia,Guarda,2021,3,807.0
Seia,Guarda,2021,4,1787.0
Seia,Guarda,2021,5,3225.0
Seia,Guarda,2021,6,5375.0
Seia,Guarda,2021,7,7848.0
Seia,Guarda,2021,8,15080.0
Seia,Guarda,2021,9,5721.0
Seia,Guarda,2021,10,5307.0
Seia,Guarda,2021,11,4216.0
Seia,Guarda,2021,12,9397.0
Seia,Guarda,2022,1,7586.0
Seia,Guarda,2022,2,7545.0
Seia,Guarda,2022,3,5712.0
Seia,Guarda,2022,4,8114.0
Seia,Guarda,2022,5,3778.0
Seia,Guarda,2022,6,5903.0
Seia,Guarda,2022,7,7835.0
Seia,Guarda,2022,8,13556.0
Seia,Guarda,2022,9,5179.0
Seia,Guarda,2022,10,4601.0
Seia,Guarda,2022,11,4351.0
Seia,Guarda,2022,12,9016.0
Seia,Guarda,2023,1,8384.0
Seia,Guarda,2023,2,11322.0
Seia,Guarda,2023,3,6519.0
Seia,Guarda,2023,4,7178.0
Seia,Guarda,2023,5,4383.0
Seia,Guarda,2023,6,4874.0
Seia,Guarda,2023,7,8628.0
Seia,Guarda,2023,8,16182.0
Seia,Guarda,2023,9,6380.0
Seia,Guarda,2023,10,5033.0
Seia,Guarda,2023,11,3971.0
Seia,Guarda,2023,12,11311.0
Seia,Guarda,2024,1,8900.0
Seia,Guarda,2024,2,10303.0
Seia,Guarda,2024,3,11042.0
Seia,Guarda,2024,4,8306.0
Seia,Guarda,2024,5,6449.0
Seia,Guarda,2024,6,6842.0
Seia,Guarda,2024,7,10239.0
Seia,Guarda,2024,8,19609.0
Seia,Guarda,2024,9,6943.0
Seia,Guarda,2024,10,5189.0
Seia,Guarda,2024,11,7448.0
Seia,Guarda,2024,12,11344.0
Seia,Guarda,2025,1,9174.0
Seia,Guarda,2025,2,9761.0
Seia,Guarda,2025,3,10181.0
Seia,Guarda,2025,4,9284.0
Seia,Guarda,2025,5,5391.0
Seia,Guarda,2025,6,5403.0
Seia,Guarda,2025,7,7931.0
Seia,Guarda,2025,8,13821.0
Seia,Guarda,2025,9,5728.0
Seia,Guarda,2025,10,5026.0
Seia,Guarda,2025,11,5654.0
Seia,Guarda,2025,12,12776.0
Seia,Guarda,2026,1,10905.0
Seia,Guarda,2026,2,8619.0
Seia,Guarda,2026,3,5381.0
Seia,Guarda,2026,4,6522.0
Seia,Guarda,2026,5,6388.0
Seia,Guarda,2026,6,5770.0
Seia,Guarda,2026,7,9165.0
Seixal,Setúbal,2020,1,4020.0
Seixal,Setúbal,2020,2,5102.0
Seixal,Setúbal,2020,3,3041.0
Seixal,Setúbal,2020,4,
Seixal,Setúbal,2020,5,
Seixal,Setúbal,2020,6,3965.0
Seixal,Setúbal,2020,7,5008.0
Seixal,Setúbal,2020,8,7614.0
Seixal,Setúbal,2020,9,5431.0
Seixal,Setúbal,2020,10,4619.0
Seixal,Setúbal,2020,11,3542.0
Seixal,Setúbal,2020,12,3230.0
Seixal,Setúbal,2021,1,3588.0
Seixal,Setúbal,2021,2,3449.0
Seixal,Setúbal,2021,3,4559.0
Seixal,Setúbal,2021,4,4732.0
Seixal,Setúbal,2021,5,5020.0
Seixal,Setúbal,2021,6,5309.0
Seixal,Setúbal,2021,7,5401.0
Seixal,Setúbal,2021,8,7616.0
Seixal,Setúbal,2021,9,6350.0
Seixal,Setúbal,2021,10,6468.0
Seixal,Setúbal,2021,11,5541.0
Seixal,Setúbal,2021,12,4407.0
Seixal,Setúbal,2022,1,4275.0
Seixal,Setúbal,2022,2,4438.0
Seixal,Setúbal,2022,3,5033.0
Seixal,Setúbal,2022,4,5717.0
Seixal,Setúbal,2022,5,5821.0
Seixal,Setúbal,2022,6,6235.0
Seixal,Setúbal,2022,7,6913.0
Seixal,Setúbal,2022,8,8064.0
Seixal,Setúbal,2022,9,6226.0
Seixal,Setúbal,2022,10,5610.0
Seixal,Setúbal,2022,11,5025.0
Seixal,Setúbal,2022,12,4567.0
Seixal,Setúbal,2023,1,4593.0
Seixal,Setúbal,2023,2,4585.0
Seixal,Setúbal,2023,3,5299.0
Seixal,Setúbal,2023,4,5711.0
Seixal,Setúbal,2023,5,6016.0
Seixal,Setúbal,2023,6,6041.0
Seixal,Setúbal,2023,7,6818.0
Seixal,Setúbal,2023,8,6310.0
Seixal,Setúbal,2023,9,6171.0
Seixal,Setúbal,2023,10,5975.0
Seixal,Setúbal,2023,11,4571.0
Seixal,Setúbal,2023,12,4008.0
Seixal,Setúbal,2024,1,3915.0
Seixal,Setúbal,2024,2,4463.0
Seixal,Setúbal,2024,3,5141.0
Seixal,Setúbal,2024,4,5220.0
Seixal,Setúbal,2024,5,6010.0
Seixal,Setúbal,2024,6,6059.0
Seixal,Setúbal,2024,7,6474.0
Seixal,Setúbal,2024,8,7834.0
Seixal,Setúbal,2024,9,6350.0
Seixal,Setúbal,2024,10,6304.0
Seixal,Setúbal,2024,11,5217.0
Seixal,Setúbal,2024,12,4876.0
Seixal,Setúbal,2025,1,4311.0
Seixal,Setúbal,2025,2,4211.0
Seixal,Setúbal,2025,3,5037.0
Seixal,Setúbal,2025,4,5573.0
Seixal,Setúbal,2025,5,6812.0
Seixal,Setúbal,2025,6,7121.0
Seixal,Setúbal,2025,7,7221.0
Seixal,Setúbal,2025,8,9178.0
Seixal,Setúbal,2025,9,6542.0
Seixal,Setúbal,2025,10,5922.0
Seixal,Setúbal,2025,11,4570.0
Seixal,Setúbal,2025,12,4620.0
Seixal,Setúbal,2026,1,
Seixal,Setúbal,2026,2,4141.0
Seixal,Setúbal,2026,3,4679.0
Seixal,Setúbal,2026,4,5617.0
Seixal,Setúbal,2026,5,9866.0
Seixal,Setúbal,2026,6,9825.0
Seixal,Setúbal,2026,7,11279.0
Sernancelhe,Viseu,2020,1,210.0
Sernancelhe,Viseu,2020,2,473.0
Sernancelhe,Viseu,2020,3,147.0
Sernancelhe,Viseu,2020,4,
Sernancelhe,Viseu,2020,5,116.0
Sernancelhe,Viseu,2020,6,727.0
Sernancelhe,Viseu,2020,7,1494.0
Sernancelhe,Viseu,2020,8,
Sernancelhe,Viseu,2020,9,
Sernancelhe,Viseu,2020,10,621.0
Sernancelhe,Viseu,2020,11,151.0
Sernancelhe,Viseu,2020,12,270.0
Sernancelhe,Viseu,2021,1,228.0
Sernancelhe,Viseu,2021,2,98.0
Sernancelhe,Viseu,2021,3,136.0
Sernancelhe,Viseu,2021,4,249.0
Sernancelhe,Viseu,2021,5,545.0
Sernancelhe,Viseu,2021,6,767.0
Sernancelhe,Viseu,2021,7,1350.0
Sernancelhe,Viseu,2021,8,2534.0
Sernancelhe,Viseu,2021,9,1232.0
Sernancelhe,Viseu,2021,10,912.0
Sernancelhe,Viseu,2021,11,454.0
Sernancelhe,Viseu,2021,12,324.0
Sernancelhe,Viseu,2022,1,461.0
Sernancelhe,Viseu,2022,2,694.0
Sernancelhe,Viseu,2022,3,368.0
Sernancelhe,Viseu,2022,4,1113.0
Sernancelhe,Viseu,2022,5,756.0
Sernancelhe,Viseu,2022,6,1242.0
Sernancelhe,Viseu,2022,7,1734.0
Sernancelhe,Viseu,2022,8,2388.0
Sernancelhe,Viseu,2022,9,1301.0
Sernancelhe,Viseu,2022,10,993.0
Sernancelhe,Viseu,2022,11,559.0
Sernancelhe,Viseu,2022,12,597.0
Sernancelhe,Viseu,2023,1,614.0
Sernancelhe,Viseu,2023,2,842.0
Sernancelhe,Viseu,2023,3,648.0
Sernancelhe,Viseu,2023,4,1386.0
Sernancelhe,Viseu,2023,5,1346.0
Sernancelhe,Viseu,2023,6,1355.0
Sernancelhe,Viseu,2023,7,1656.0
Sernancelhe,Viseu,2023,8,2796.0
Sernancelhe,Viseu,2023,9,1872.0
Sernancelhe,Viseu,2023,10,1466.0
Sernancelhe,Viseu,2023,11,869.0
Sernancelhe,Viseu,2023,12,1240.0
Sernancelhe,Viseu,2024,1,605.0
Sernancelhe,Viseu,2024,2,587.0
Sernancelhe,Viseu,2024,3,1139.0
Sernancelhe,Viseu,2024,4,1385.0
Sernancelhe,Viseu,2024,5,1605.0
Sernancelhe,Viseu,2024,6,1631.0
Sernancelhe,Viseu,2024,7,1434.0
Sernancelhe,Viseu,2024,8,2370.0
Sernancelhe,Viseu,2024,9,1527.0
Sernancelhe,Viseu,2024,10,1504.0
Sernancelhe,Viseu,2024,11,1010.0
Sernancelhe,Viseu,2024,12,735.0
Sernancelhe,Viseu,2025,1,397.0
Sernancelhe,Viseu,2025,2,1035.0
Sernancelhe,Viseu,2025,3,956.0
Sernancelhe,Viseu,2025,4,909.0
Sernancelhe,Viseu,2025,5,1171.0
Sernancelhe,Viseu,2025,6,1179.0
Sernancelhe,Viseu,2025,7,1045.0
Sernancelhe,Viseu,2025,8,1851.0
Sernancelhe,Viseu,2025,9,1477.0
Sernancelhe,Viseu,2025,10,1480.0
Sernancelhe,Viseu,2025,11,615.0
Sernancelhe,Viseu,2025,12,650.0
Sernancelhe,Viseu,2026,1,1063.0
Sernancelhe,Viseu,2026,2,873.0
Sernancelhe,Viseu,2026,3,587.0
Sernancelhe,Viseu,2026,4,932.0
Sernancelhe,Viseu,2026,5,1047.0
Sernancelhe,Viseu,2026,6,810.0
Sernancelhe,Viseu,2026,7,889.0
Serpa,Beja,2020,1,1005.0
Serpa,Beja,2020,2,990.0
Serpa,Beja,2020,3,525.0
Serpa,Beja,2020,4,695.0
Serpa,Beja,2020,5,1301.0
Serpa,Beja,2020,6,1504.0
Serpa,Beja,2020,7,1851.0
Serpa,Beja,2020,8,2060.0
Serpa,Beja,2020,9,1235.0
Serpa,Beja,2020,10,1042.0
Serpa,Beja,2020,11,755.0
Serpa,Beja,2020,12,476.0
Serpa,Beja,2021,1,1101.0
Serpa,Beja,2021,2,989.0
Serpa,Beja,2021,3,980.0
Serpa,Beja,2021,4,1113.0
Serpa,Beja,2021,5,1463.0
Serpa,Beja,2021,6,1887.0
Serpa,Beja,2021,7,2071.0
Serpa,Beja,2021,8,2847.0
Serpa,Beja,2021,9,2219.0
Serpa,Beja,2021,10,1685.0
Serpa,Beja,2021,11,1710.0
Serpa,Beja,2021,12,1341.0
Serpa,Beja,2022,1,787.0
Serpa,Beja,2022,2,891.0
Serpa,Beja,2022,3,1134.0
Serpa,Beja,2022,4,1841.0
Serpa,Beja,2022,5,1769.0
Serpa,Beja,2022,6,1957.0
Serpa,Beja,2022,7,2544.0
Serpa,Beja,2022,8,3805.0
Serpa,Beja,2022,9,2539.0
Serpa,Beja,2022,10,2355.0
Serpa,Beja,2022,11,1468.0
Serpa,Beja,2022,12,1441.0
Serpa,Beja,2023,1,1103.0
Serpa,Beja,2023,2,1474.0
Serpa,Beja,2023,3,1662.0
Serpa,Beja,2023,4,2895.0
Serpa,Beja,2023,5,2221.0
Serpa,Beja,2023,6,2591.0
Serpa,Beja,2023,7,3752.0
Serpa,Beja,2023,8,5075.0
Serpa,Beja,2023,9,3199.0
Serpa,Beja,2023,10,2651.0
Serpa,Beja,2023,11,1928.0
Serpa,Beja,2023,12,1599.0
Serpa,Beja,2024,1,1149.0
Serpa,Beja,2024,2,1823.0
Serpa,Beja,2024,3,1594.0
Serpa,Beja,2024,4,2425.0
Serpa,Beja,2024,5,3000.0
Serpa,Beja,2024,6,3490.0
Serpa,Beja,2024,7,3759.0
Serpa,Beja,2024,8,5711.0
Serpa,Beja,2024,9,2948.0
Serpa,Beja,2024,10,2605.0
Serpa,Beja,2024,11,2928.0
Serpa,Beja,2024,12,1797.0
Serpa,Beja,2025,1,1166.0
Serpa,Beja,2025,2,1967.0
Serpa,Beja,2025,3,1494.0
Serpa,Beja,2025,4,2266.0
Serpa,Beja,2025,5,2983.0
Serpa,Beja,2025,6,3357.0
Serpa,Beja,2025,7,4037.0
Serpa,Beja,2025,8,5325.0
Serpa,Beja,2025,9,3390.0
Serpa,Beja,2025,10,3099.0
Serpa,Beja,2025,11,2213.0
Serpa,Beja,2025,12,1576.0
Serpa,Beja,2026,1,1071.0
Serpa,Beja,2026,2,1639.0
Serpa,Beja,2026,3,1649.0
Serpa,Beja,2026,4,2498.0
Serpa,Beja,2026,5,2664.0
Serpa,Beja,2026,6,2890.0
Serpa,Beja,2026,7,3721.0
Sertã,Castelo Branco,2020,1,2868.0
Sertã,Castelo Branco,2020,2,4089.0
Sertã,Castelo Branco,2020,3,1858.0
Sertã,Castelo Branco,2020,4,194.0
Sertã,Castelo Branco,2020,5,552.0
Sertã,Castelo Branco,2020,6,3553.0
Sertã,Castelo Branco,2020,7,7275.0
Sertã,Castelo Branco,2020,8,9756.0
Sertã,Castelo Branco,2020,9,6988.0
Sertã,Castelo Branco,2020,10,4793.0
Sertã,Castelo Branco,2020,11,1920.0
Sertã,Castelo Branco,2020,12,1971.0
Sertã,Castelo Branco,2021,1,784.0
Sertã,Castelo Branco,2021,2,408.0
Sertã,Castelo Branco,2021,3,618.0
Sertã,Castelo Branco,2021,4,1288.0
Sertã,Castelo Branco,2021,5,2943.0
Sertã,Castelo Branco,2021,6,5791.0
Sertã,Castelo Branco,2021,7,7643.0
Sertã,Castelo Branco,2021,8,11112.0
Sertã,Castelo Branco,2021,9,6408.0
Sertã,Castelo Branco,2021,10,6033.0
Sertã,Castelo Branco,2021,11,3935.0
Sertã,Castelo Branco,2021,12,2448.0
Sertã,Castelo Branco,2022,1,1631.0
Sertã,Castelo Branco,2022,2,1794.0
Sertã,Castelo Branco,2022,3,2824.0
Sertã,Castelo Branco,2022,4,5762.0
Sertã,Castelo Branco,2022,5,5327.0
Sertã,Castelo Branco,2022,6,6608.0
Sertã,Castelo Branco,2022,7,8975.0
Sertã,Castelo Branco,2022,8,12502.0
Sertã,Castelo Branco,2022,9,7245.0
Sertã,Castelo Branco,2022,10,5339.0
Sertã,Castelo Branco,2022,11,3371.0
Sertã,Castelo Branco,2022,12,2980.0
Sertã,Castelo Branco,2023,1,2249.0
Sertã,Castelo Branco,2023,2,3759.0
Sertã,Castelo Branco,2023,3,3966.0
Sertã,Castelo Branco,2023,4,6637.0
Sertã,Castelo Branco,2023,5,5659.0
Sertã,Castelo Branco,2023,6,5681.0
Sertã,Castelo Branco,2023,7,8924.0
Sertã,Castelo Branco,2023,8,11571.0
Sertã,Castelo Branco,2023,9,6744.0
Sertã,Castelo Branco,2023,10,5906.0
Sertã,Castelo Branco,2023,11,3410.0
Sertã,Castelo Branco,2023,12,3920.0
Sertã,Castelo Branco,2024,1,2023.0
Sertã,Castelo Branco,2024,2,3442.0
Sertã,Castelo Branco,2024,3,4492.0
Sertã,Castelo Branco,2024,4,5239.0
Sertã,Castelo Branco,2024,5,5739.0
Sertã,Castelo Branco,2024,6,6157.0
Sertã,Castelo Branco,2024,7,7738.0
Sertã,Castelo Branco,2024,8,11818.0
Sertã,Castelo Branco,2024,9,6373.0
Sertã,Castelo Branco,2024,10,5234.0
Sertã,Castelo Branco,2024,11,4033.0
Sertã,Castelo Branco,2024,12,3355.0
Sertã,Castelo Branco,2025,1,2198.0
Sertã,Castelo Branco,2025,2,3058.0
Sertã,Castelo Branco,2025,3,3983.0
Sertã,Castelo Branco,2025,4,5728.0
Sertã,Castelo Branco,2025,5,6304.0
Sertã,Castelo Branco,2025,6,6776.0
Sertã,Castelo Branco,2025,7,8561.0
Sertã,Castelo Branco,2025,8,10737.0
Sertã,Castelo Branco,2025,9,6569.0
Sertã,Castelo Branco,2025,10,5233.0
Sertã,Castelo Branco,2025,11,2816.0
Sertã,Castelo Branco,2025,12,3243.0
Sertã,Castelo Branco,2026,1,2351.0
Sertã,Castelo Branco,2026,2,2322.0
Sertã,Castelo Branco,2026,3,2735.0
Sertã,Castelo Branco,2026,4,3972.0
Sertã,Castelo Branco,2026,5,4902.0
Sertã,Castelo Branco,2026,6,5871.0
Sertã,Castelo Branco,2026,7,7560.0
Sesimbra,Setúbal,2020,1,7411.0
Sesimbra,Setúbal,2020,2,10478.0
Sesimbra,Setúbal,2020,3,3785.0
Sesimbra,Setúbal,2020,4,
Sesimbra,Setúbal,2020,5,
Sesimbra,Setúbal,2020,6,7684.0
Sesimbra,Setúbal,2020,7,15994.0
Sesimbra,Setúbal,2020,8,26343.0
Sesimbra,Setúbal,2020,9,17415.0
Sesimbra,Setúbal,2020,10,8660.0
Sesimbra,Setúbal,2020,11,2379.0
Sesimbra,Setúbal,2020,12,3705.0
Sesimbra,Setúbal,2021,1,1801.0
Sesimbra,Setúbal,2021,2,810.0
Sesimbra,Setúbal,2021,3,1074.0
Sesimbra,Setúbal,2021,4,3293.0
Sesimbra,Setúbal,2021,5,8806.0
Sesimbra,Setúbal,2021,6,14363.0
Sesimbra,Setúbal,2021,7,18133.0
Sesimbra,Setúbal,2021,8,33152.0
Sesimbra,Setúbal,2021,9,21944.0
Sesimbra,Setúbal,2021,10,17811.0
Sesimbra,Setúbal,2021,11,9045.0
Sesimbra,Setúbal,2021,12,6505.0
Sesimbra,Setúbal,2022,1,4660.0
Sesimbra,Setúbal,2022,2,8787.0
Sesimbra,Setúbal,2022,3,8578.0
Sesimbra,Setúbal,2022,4,17893.0
Sesimbra,Setúbal,2022,5,19489.0
Sesimbra,Setúbal,2022,6,26736.0
Sesimbra,Setúbal,2022,7,37245.0
Sesimbra,Setúbal,2022,8,41799.0
Sesimbra,Setúbal,2022,9,27723.0
Sesimbra,Setúbal,2022,10,20676.0
Sesimbra,Setúbal,2022,11,9243.0
Sesimbra,Setúbal,2022,12,9785.0
Sesimbra,Setúbal,2023,1,7298.0
Sesimbra,Setúbal,2023,2,10535.0
Sesimbra,Setúbal,2023,3,13193.0
Sesimbra,Setúbal,2023,4,22546.0
Sesimbra,Setúbal,2023,5,19831.0
Sesimbra,Setúbal,2023,6,25349.0
Sesimbra,Setúbal,2023,7,35108.0
Sesimbra,Setúbal,2023,8,39889.0
Sesimbra,Setúbal,2023,9,28557.0
Sesimbra,Setúbal,2023,10,21700.0
Sesimbra,Setúbal,2023,11,8858.0
Sesimbra,Setúbal,2023,12,9837.0
Sesimbra,Setúbal,2024,1,6917.0
Sesimbra,Setúbal,2024,2,11727.0
Sesimbra,Setúbal,2024,3,15112.0
Sesimbra,Setúbal,2024,4,18794.0
Sesimbra,Setúbal,2024,5,25353.0
Sesimbra,Setúbal,2024,6,29647.0
Sesimbra,Setúbal,2024,7,35044.0
Sesimbra,Setúbal,2024,8,41662.0
Sesimbra,Setúbal,2024,9,30467.0
Sesimbra,Setúbal,2024,10,24155.0
Sesimbra,Setúbal,2024,11,15013.0
Sesimbra,Setúbal,2024,12,12452.0
Sesimbra,Setúbal,2025,1,10703.0
Sesimbra,Setúbal,2025,2,11494.0
Sesimbra,Setúbal,2025,3,17674.0
Sesimbra,Setúbal,2025,4,19817.0
Sesimbra,Setúbal,2025,5,25376.0
Sesimbra,Setúbal,2025,6,31183.0
Sesimbra,Setúbal,2025,7,37513.0
Sesimbra,Setúbal,2025,8,42589.0
Sesimbra,Setúbal,2025,9,29874.0
Sesimbra,Setúbal,2025,10,23810.0
Sesimbra,Setúbal,2025,11,13079.0
Sesimbra,Setúbal,2025,12,10169.0
Sesimbra,Setúbal,2026,1,8848.0
Sesimbra,Setúbal,2026,2,11080.0
Sesimbra,Setúbal,2026,3,14647.0
Sesimbra,Setúbal,2026,4,18929.0
Sesimbra,Setúbal,2026,5,23505.0
Sesimbra,Setúbal,2026,6,28395.0
Sesimbra,Setúbal,2026,7,36793.0
Setúbal,Setúbal,2020,1,18593.0
Setúbal,Setúbal,2020,2,20683.0
Setúbal,Setúbal,2020,3,10418.0
Setúbal,Setúbal,2020,4,2401.0
Setúbal,Setúbal,2020,5,4351.0
Setúbal,Setúbal,2020,6,9428.0
Setúbal,Setúbal,2020,7,23712.0
Setúbal,Setúbal,2020,8,42486.0
Setúbal,Setúbal,2020,9,23329.0
Setúbal,Setúbal,2020,10,17254.0
Setúbal,Setúbal,2020,11,11843.0
Setúbal,Setúbal,2020,12,8734.0
Setúbal,Setúbal,2021,1,5956.0
Setúbal,Setúbal,2021,2,4772.0
Setúbal,Setúbal,2021,3,6338.0
Setúbal,Setúbal,2021,4,10976.0
Setúbal,Setúbal,2021,5,15955.0
Setúbal,Setúbal,2021,6,24735.0
Setúbal,Setúbal,2021,7,28396.0
Setúbal,Setúbal,2021,8,50940.0
Setúbal,Setúbal,2021,9,33255.0
Setúbal,Setúbal,2021,10,27015.0
Setúbal,Setúbal,2021,11,17415.0
Setúbal,Setúbal,2021,12,13648.0
Setúbal,Setúbal,2022,1,14256.0
Setúbal,Setúbal,2022,2,16629.0
Setúbal,Setúbal,2022,3,18347.0
Setúbal,Setúbal,2022,4,29155.0
Setúbal,Setúbal,2022,5,31777.0
Setúbal,Setúbal,2022,6,35253.0
Setúbal,Setúbal,2022,7,48070.0
Setúbal,Setúbal,2022,8,55778.0
Setúbal,Setúbal,2022,9,41428.0
Setúbal,Setúbal,2022,10,33812.0
Setúbal,Setúbal,2022,11,23590.0
Setúbal,Setúbal,2022,12,20375.0
Setúbal,Setúbal,2023,1,19952.0
Setúbal,Setúbal,2023,2,20247.0
Setúbal,Setúbal,2023,3,28710.0
Setúbal,Setúbal,2023,4,34457.0
Setúbal,Setúbal,2023,5,34999.0
Setúbal,Setúbal,2023,6,34516.0
Setúbal,Setúbal,2023,7,45906.0
Setúbal,Setúbal,2023,8,53188.0
Setúbal,Setúbal,2023,9,42214.0
Setúbal,Setúbal,2023,10,34103.0
Setúbal,Setúbal,2023,11,22534.0
Setúbal,Setúbal,2023,12,23859.0
Setúbal,Setúbal,2024,1,19337.0
Setúbal,Setúbal,2024,2,20644.0
Setúbal,Setúbal,2024,3,30119.0
Setúbal,Setúbal,2024,4,32272.0
Setúbal,Setúbal,2024,5,39335.0
Setúbal,Setúbal,2024,6,39108.0
Setúbal,Setúbal,2024,7,49055.0
Setúbal,Setúbal,2024,8,56319.0
Setúbal,Setúbal,2024,9,44022.0
Setúbal,Setúbal,2024,10,34932.0
Setúbal,Setúbal,2024,11,25568.0
Setúbal,Setúbal,2024,12,20290.0
Setúbal,Setúbal,2025,1,19882.0
Setúbal,Setúbal,2025,2,22239.0
Setúbal,Setúbal,2025,3,29550.0
Setúbal,Setúbal,2025,4,34606.0
Setúbal,Setúbal,2025,5,37604.0
Setúbal,Setúbal,2025,6,39868.0
Setúbal,Setúbal,2025,7,49586.0
Setúbal,Setúbal,2025,8,57024.0
Setúbal,Setúbal,2025,9,46066.0
Setúbal,Setúbal,2025,10,37672.0
Setúbal,Setúbal,2025,11,25657.0
Setúbal,Setúbal,2025,12,22389.0
Setúbal,Setúbal,2026,1,20094.0
Setúbal,Setúbal,2026,2,23480.0
Setúbal,Setúbal,2026,3,31687.0
Setúbal,Setúbal,2026,4,37550.0
Setúbal,Setúbal,2026,5,43191.0
Setúbal,Setúbal,2026,6,42272.0
Setúbal,Setúbal,2026,7,52496.0
Sever do Vouga,Aveiro,2020,1,
Sever do Vouga,Aveiro,2020,2,655.0
Sever do Vouga,Aveiro,2020,3,255.0
Sever do Vouga,Aveiro,2020,4,
Sever do Vouga,Aveiro,2020,5,201.0
Sever do Vouga,Aveiro,2020,6,791.0
Sever do Vouga,Aveiro,2020,7,1968.0
Sever do Vouga,Aveiro,2020,8,2445.0
Sever do Vouga,Aveiro,2020,9,1408.0
Sever do Vouga,Aveiro,2020,10,535.0
Sever do Vouga,Aveiro,2020,11,119.0
Sever do Vouga,Aveiro,2020,12,188.0
Sever do Vouga,Aveiro,2021,1,49.0
Sever do Vouga,Aveiro,2021,2,
Sever do Vouga,Aveiro,2021,3,
Sever do Vouga,Aveiro,2021,4,291.0
Sever do Vouga,Aveiro,2021,5,944.0
Sever do Vouga,Aveiro,2021,6,1321.0
Sever do Vouga,Aveiro,2021,7,2139.0
Sever do Vouga,Aveiro,2021,8,3279.0
Sever do Vouga,Aveiro,2021,9,1541.0
Sever do Vouga,Aveiro,2021,10,961.0
Sever do Vouga,Aveiro,2021,11,512.0
Sever do Vouga,Aveiro,2021,12,630.0
Sever do Vouga,Aveiro,2022,1,546.0
Sever do Vouga,Aveiro,2022,2,583.0
Sever do Vouga,Aveiro,2022,3,466.0
Sever do Vouga,Aveiro,2022,4,1291.0
Sever do Vouga,Aveiro,2022,5,1034.0
Sever do Vouga,Aveiro,2022,6,1531.0
Sever do Vouga,Aveiro,2022,7,2365.0
Sever do Vouga,Aveiro,2022,8,4266.0
Sever do Vouga,Aveiro,2022,9,1746.0
Sever do Vouga,Aveiro,2022,10,1037.0
Sever do Vouga,Aveiro,2022,11,603.0
Sever do Vouga,Aveiro,2022,12,770.0
Sever do Vouga,Aveiro,2023,1,538.0
Sever do Vouga,Aveiro,2023,2,396.0
Sever do Vouga,Aveiro,2023,3,673.0
Sever do Vouga,Aveiro,2023,4,1465.0
Sever do Vouga,Aveiro,2023,5,1005.0
Sever do Vouga,Aveiro,2023,6,1747.0
Sever do Vouga,Aveiro,2023,7,2237.0
Sever do Vouga,Aveiro,2023,8,3769.0
Sever do Vouga,Aveiro,2023,9,1446.0
Sever do Vouga,Aveiro,2023,10,1024.0
Sever do Vouga,Aveiro,2023,11,326.0
Sever do Vouga,Aveiro,2023,12,665.0
Sever do Vouga,Aveiro,2024,1,331.0
Sever do Vouga,Aveiro,2024,2,363.0
Sever do Vouga,Aveiro,2024,3,491.0
Sever do Vouga,Aveiro,2024,4,695.0
Sever do Vouga,Aveiro,2024,5,1132.0
Sever do Vouga,Aveiro,2024,6,1623.0
Sever do Vouga,Aveiro,2024,7,1841.0
Sever do Vouga,Aveiro,2024,8,4540.0
Sever do Vouga,Aveiro,2024,9,1330.0
Sever do Vouga,Aveiro,2024,10,735.0
Sever do Vouga,Aveiro,2024,11,729.0
Sever do Vouga,Aveiro,2024,12,714.0
Sever do Vouga,Aveiro,2025,1,773.0
Sever do Vouga,Aveiro,2025,2,372.0
Sever do Vouga,Aveiro,2025,3,601.0
Sever do Vouga,Aveiro,2025,4,1163.0
Sever do Vouga,Aveiro,2025,5,1195.0
Sever do Vouga,Aveiro,2025,6,1421.0
Sever do Vouga,Aveiro,2025,7,2521.0
Sever do Vouga,Aveiro,2025,8,4022.0
Sever do Vouga,Aveiro,2025,9,1689.0
Sever do Vouga,Aveiro,2025,10,899.0
Sever do Vouga,Aveiro,2025,11,518.0
Sever do Vouga,Aveiro,2025,12,969.0
Sever do Vouga,Aveiro,2026,1,709.0
Sever do Vouga,Aveiro,2026,2,499.0
Sever do Vouga,Aveiro,2026,3,612.0
Sever do Vouga,Aveiro,2026,4,1096.0
Sever do Vouga,Aveiro,2026,5,1314.0
Sever do Vouga,Aveiro,2026,6,1727.0
Sever do Vouga,Aveiro,2026,7,3099.0
Silves,Faro,2020,1,12770.0
Silves,Faro,2020,2,16562.0
Silves,Faro,2020,3,11731.0
Silves,Faro,2020,4,520.0
Silves,Faro,2020,5,871.0
Silves,Faro,2020,6,6053.0
Silves,Faro,2020,7,12865.0
Silves,Faro,2020,8,38657.0
Silves,Faro,2020,9,24855.0
Silves,Faro,2020,10,9031.0
Silves,Faro,2020,11,4262.0
Silves,Faro,2020,12,3651.0
Silves,Faro,2021,1,4481.0
Silves,Faro,2021,2,3194.0
Silves,Faro,2021,3,3752.0
Silves,Faro,2021,4,3279.0
Silves,Faro,2021,5,6831.0
Silves,Faro,2021,6,16774.0
Silves,Faro,2021,7,26176.0
Silves,Faro,2021,8,54251.0
Silves,Faro,2021,9,34050.0
Silves,Faro,2021,10,26795.0
Silves,Faro,2021,11,13775.0
Silves,Faro,2021,12,8867.0
Silves,Faro,2022,1,12809.0
Silves,Faro,2022,2,15167.0
Silves,Faro,2022,3,18130.0
Silves,Faro,2022,4,26446.0
Silves,Faro,2022,5,33515.0
Silves,Faro,2022,6,35442.0
Silves,Faro,2022,7,45402.0
Silves,Faro,2022,8,52469.0
Silves,Faro,2022,9,40360.0
Silves,Faro,2022,10,30265.0
Silves,Faro,2022,11,12223.0
Silves,Faro,2022,12,9397.0
Silves,Faro,2023,1,13221.0
Silves,Faro,2023,2,18147.0
Silves,Faro,2023,3,21954.0
Silves,Faro,2023,4,30210.0
Silves,Faro,2023,5,34375.0
Silves,Faro,2023,6,36359.0
Silves,Faro,2023,7,45733.0
Silves,Faro,2023,8,51168.0
Silves,Faro,2023,9,41354.0
Silves,Faro,2023,10,26501.0
Silves,Faro,2023,11,8066.0
Silves,Faro,2023,12,5835.0
Silves,Faro,2024,1,8086.0
Silves,Faro,2024,2,13702.0
Silves,Faro,2024,3,16566.0
Silves,Faro,2024,4,23507.0
Silves,Faro,2024,5,29073.0
Silves,Faro,2024,6,32372.0
Silves,Faro,2024,7,37115.0
Silves,Faro,2024,8,48810.0
Silves,Faro,2024,9,34452.0
Silves,Faro,2024,10,24070.0
Silves,Faro,2024,11,8310.0
Silves,Faro,2024,12,5974.0
Silves,Faro,2025,1,7833.0
Silves,Faro,2025,2,11940.0
Silves,Faro,2025,3,17253.0
Silves,Faro,2025,4,26227.0
Silves,Faro,2025,5,29553.0
Silves,Faro,2025,6,34403.0
Silves,Faro,2025,7,38847.0
Silves,Faro,2025,8,45900.0
Silves,Faro,2025,9,36246.0
Silves,Faro,2025,10,25260.0
Silves,Faro,2025,11,8735.0
Silves,Faro,2025,12,5049.0
Silves,Faro,2026,1,7966.0
Silves,Faro,2026,2,12219.0
Silves,Faro,2026,3,14298.0
Silves,Faro,2026,4,22795.0
Silves,Faro,2026,5,27536.0
Silves,Faro,2026,6,30322.0
Silves,Faro,2026,7,37596.0
Sines,Setúbal,2020,1,3258.0
Sines,Setúbal,2020,2,8266.0
Sines,Setúbal,2020,3,1987.0
Sines,Setúbal,2020,4,
Sines,Setúbal,2020,5,921.0
Sines,Setúbal,2020,6,
Sines,Setúbal,2020,7,5219.0
Sines,Setúbal,2020,8,13101.0
Sines,Setúbal,2020,9,7750.0
Sines,Setúbal,2020,10,4006.0
Sines,Setúbal,2020,11,2618.0
Sines,Setúbal,2020,12,1611.0
Sines,Setúbal,2021,1,1723.0
Sines,Setúbal,2021,2,1306.0
Sines,Setúbal,2021,3,2582.0
Sines,Setúbal,2021,4,2012.0
Sines,Setúbal,2021,5,4568.0
Sines,Setúbal,2021,6,6521.0
Sines,Setúbal,2021,7,6576.0
Sines,Setúbal,2021,8,12810.0
Sines,Setúbal,2021,9,7720.0
Sines,Setúbal,2021,10,6313.0
Sines,Setúbal,2021,11,5380.0
Sines,Setúbal,2021,12,2729.0
Sines,Setúbal,2022,1,3370.0
Sines,Setúbal,2022,2,3616.0
Sines,Setúbal,2022,3,5871.0
Sines,Setúbal,2022,4,7454.0
Sines,Setúbal,2022,5,7236.0
Sines,Setúbal,2022,6,8016.0
Sines,Setúbal,2022,7,12516.0
Sines,Setúbal,2022,8,19224.0
Sines,Setúbal,2022,9,12841.0
Sines,Setúbal,2022,10,9076.0
Sines,Setúbal,2022,11,4573.0
Sines,Setúbal,2022,12,4161.0
Sines,Setúbal,2023,1,4601.0
Sines,Setúbal,2023,2,10436.0
Sines,Setúbal,2023,3,7718.0
Sines,Setúbal,2023,4,12478.0
Sines,Setúbal,2023,5,11639.0
Sines,Setúbal,2023,6,13702.0
Sines,Setúbal,2023,7,18825.0
Sines,Setúbal,2023,8,27457.0
Sines,Setúbal,2023,9,18236.0
Sines,Setúbal,2023,10,19438.0
Sines,Setúbal,2023,11,11529.0
Sines,Setúbal,2023,12,6796.0
Sines,Setúbal,2024,1,5106.0
Sines,Setúbal,2024,2,7649.0
Sines,Setúbal,2024,3,9477.0
Sines,Setúbal,2024,4,12547.0
Sines,Setúbal,2024,5,14174.0
Sines,Setúbal,2024,6,14579.0
Sines,Setúbal,2024,7,19382.0
Sines,Setúbal,2024,8,28976.0
Sines,Setúbal,2024,9,20011.0
Sines,Setúbal,2024,10,14158.0
Sines,Setúbal,2024,11,9694.0
Sines,Setúbal,2024,12,6843.0
Sines,Setúbal,2025,1,6778.0
Sines,Setúbal,2025,2,6827.0
Sines,Setúbal,2025,3,9111.0
Sines,Setúbal,2025,4,15627.0
Sines,Setúbal,2025,5,17371.0
Sines,Setúbal,2025,6,20578.0
Sines,Setúbal,2025,7,24012.0
Sines,Setúbal,2025,8,30464.0
Sines,Setúbal,2025,9,24350.0
Sines,Setúbal,2025,10,21136.0
Sines,Setúbal,2025,11,15874.0
Sines,Setúbal,2025,12,9494.0
Sines,Setúbal,2026,1,12036.0
Sines,Setúbal,2026,2,11456.0
Sines,Setúbal,2026,3,13168.0
Sines,Setúbal,2026,4,23415.0
Sines,Setúbal,2026,5,24617.0
Sines,Setúbal,2026,6,26051.0
Sines,Setúbal,2026,7,31837.0
Sintra,Lisboa,2020,1,35693.0
Sintra,Lisboa,2020,2,37928.0
Sintra,Lisboa,2020,3,12530.0
Sintra,Lisboa,2020,4,2642.0
Sintra,Lisboa,2020,5,5824.0
Sintra,Lisboa,2020,6,10899.0
Sintra,Lisboa,2020,7,19502.0
Sintra,Lisboa,2020,8,36186.0
Sintra,Lisboa,2020,9,29920.0
Sintra,Lisboa,2020,10,25638.0
Sintra,Lisboa,2020,11,13476.0
Sintra,Lisboa,2020,12,17540.0
Sintra,Lisboa,2021,1,11341.0
Sintra,Lisboa,2021,2,8561.0
Sintra,Lisboa,2021,3,11063.0
Sintra,Lisboa,2021,4,16537.0
Sintra,Lisboa,2021,5,26898.0
Sintra,Lisboa,2021,6,33826.0
Sintra,Lisboa,2021,7,38257.0
Sintra,Lisboa,2021,8,67273.0
Sintra,Lisboa,2021,9,48818.0
Sintra,Lisboa,2021,10,53696.0
Sintra,Lisboa,2021,11,40671.0
Sintra,Lisboa,2021,12,33957.0
Sintra,Lisboa,2022,1,22468.0
Sintra,Lisboa,2022,2,32518.0
Sintra,Lisboa,2022,3,38561.0
Sintra,Lisboa,2022,4,58550.0
Sintra,Lisboa,2022,5,59521.0
Sintra,Lisboa,2022,6,65612.0
Sintra,Lisboa,2022,7,77425.0
Sintra,Lisboa,2022,8,82240.0
Sintra,Lisboa,2022,9,66688.0
Sintra,Lisboa,2022,10,65900.0
Sintra,Lisboa,2022,11,44659.0
Sintra,Lisboa,2022,12,41333.0
Sintra,Lisboa,2023,1,33865.0
Sintra,Lisboa,2023,2,37068.0
Sintra,Lisboa,2023,3,46108.0
Sintra,Lisboa,2023,4,62500.0
Sintra,Lisboa,2023,5,63373.0
Sintra,Lisboa,2023,6,64918.0
Sintra,Lisboa,2023,7,75216.0
Sintra,Lisboa,2023,8,84061.0
Sintra,Lisboa,2023,9,70800.0
Sintra,Lisboa,2023,10,65838.0
Sintra,Lisboa,2023,11,45660.0
Sintra,Lisboa,2023,12,44940.0
Sintra,Lisboa,2024,1,36197.0
Sintra,Lisboa,2024,2,39142.0
Sintra,Lisboa,2024,3,52403.0
Sintra,Lisboa,2024,4,60889.0
Sintra,Lisboa,2024,5,71687.0
Sintra,Lisboa,2024,6,70177.0
Sintra,Lisboa,2024,7,79729.0
Sintra,Lisboa,2024,8,86708.0
Sintra,Lisboa,2024,9,72708.0
Sintra,Lisboa,2024,10,70291.0
Sintra,Lisboa,2024,11,50076.0
Sintra,Lisboa,2024,12,45041.0
Sintra,Lisboa,2025,1,37726.0
Sintra,Lisboa,2025,2,40075.0
Sintra,Lisboa,2025,3,50799.0
Sintra,Lisboa,2025,4,66078.0
Sintra,Lisboa,2025,5,71920.0
Sintra,Lisboa,2025,6,67397.0
Sintra,Lisboa,2025,7,80538.0
Sintra,Lisboa,2025,8,89666.0
Sintra,Lisboa,2025,9,74496.0
Sintra,Lisboa,2025,10,69431.0
Sintra,Lisboa,2025,11,50578.0
Sintra,Lisboa,2025,12,45412.0
Sintra,Lisboa,2026,1,40963.0
Sintra,Lisboa,2026,2,41498.0
Sintra,Lisboa,2026,3,51397.0
Sintra,Lisboa,2026,4,65823.0
Sintra,Lisboa,2026,5,71016.0
Sintra,Lisboa,2026,6,70495.0
Sintra,Lisboa,2026,7,84027.0
Sobral de Monte Agraço,Lisboa,2020,1,
Sobral de Monte Agraço,Lisboa,2020,2,
Sobral de Monte Agraço,Lisboa,2020,3,
Sobral de Monte Agraço,Lisboa,2020,4,
Sobral de Monte Agraço,Lisboa,2020,5,
Sobral de Monte Agraço,Lisboa,2020,6,
Sobral de Monte Agraço,Lisboa,2020,7,
Sobral de Monte Agraço,Lisboa,2020,8,
Sobral de Monte Agraço,Lisboa,2020,9,
Sobral de Monte Agraço,Lisboa,2020,10,
Sobral de Monte Agraço,Lisboa,2020,11,
Sobral de Monte Agraço,Lisboa,2020,12,
Sobral de Monte Agraço,Lisboa,2021,1,
Sobral de Monte Agraço,Lisboa,2021,2,
Sobral de Monte Agraço,Lisboa,2021,3,
Sobral de Monte Agraço,Lisboa,2021,4,
Sobral de Monte Agraço,Lisboa,2021,5,
Sobral de Monte Agraço,Lisboa,2021,6,
Sobral de Monte Agraço,Lisboa,2021,7,
Sobral de Monte Agraço,Lisboa,2021,8,191.0
Sobral de Monte Agraço,Lisboa,2021,9,
Sobral de Monte Agraço,Lisboa,2021,10,
Sobral de Monte Agraço,Lisboa,2021,11,
Sobral de Monte Agraço,Lisboa,2021,12,
Sobral de Monte Agraço,Lisboa,2022,1,
Sobral de Monte Agraço,Lisboa,2022,2,
Sobral de Monte Agraço,Lisboa,2022,3,
Sobral de Monte Agraço,Lisboa,2022,4,
Sobral de Monte Agraço,Lisboa,2022,5,131.0
Sobral de Monte Agraço,Lisboa,2022,6,181.0
Sobral de Monte Agraço,Lisboa,2022,7,412.0
Sobral de Monte Agraço,Lisboa,2022,8,219.0
Sobral de Monte Agraço,Lisboa,2022,9,245.0
Sobral de Monte Agraço,Lisboa,2022,10,150.0
Sobral de Monte Agraço,Lisboa,2022,11,
Sobral de Monte Agraço,Lisboa,2022,12,
Sobral de Monte Agraço,Lisboa,2023,1,
Sobral de Monte Agraço,Lisboa,2023,2,
Sobral de Monte Agraço,Lisboa,2023,3,
Sobral de Monte Agraço,Lisboa,2023,4,160.0
Sobral de Monte Agraço,Lisboa,2023,5,149.0
Sobral de Monte Agraço,Lisboa,2023,6,125.0
Sobral de Monte Agraço,Lisboa,2023,7,210.0
Sobral de Monte Agraço,Lisboa,2023,8,248.0
Sobral de Monte Agraço,Lisboa,2023,9,241.0
Sobral de Monte Agraço,Lisboa,2023,10,
Sobral de Monte Agraço,Lisboa,2023,11,
Sobral de Monte Agraço,Lisboa,2023,12,
Sobral de Monte Agraço,Lisboa,2024,1,
Sobral de Monte Agraço,Lisboa,2024,2,
Sobral de Monte Agraço,Lisboa,2024,3,
Sobral de Monte Agraço,Lisboa,2024,4,
Sobral de Monte Agraço,Lisboa,2024,5,
Sobral de Monte Agraço,Lisboa,2024,6,197.0
Sobral de Monte Agraço,Lisboa,2024,7,223.0
Sobral de Monte Agraço,Lisboa,2024,8,240.0
Sobral de Monte Agraço,Lisboa,2024,9,320.0
Sobral de Monte Agraço,Lisboa,2024,10,242.0
Sobral de Monte Agraço,Lisboa,2024,11,
Sobral de Monte Agraço,Lisboa,2024,12,
Sobral de Monte Agraço,Lisboa,2025,1,
Sobral de Monte Agraço,Lisboa,2025,2,
Sobral de Monte Agraço,Lisboa,2025,3,
Sobral de Monte Agraço,Lisboa,2025,4,
Sobral de Monte Agraço,Lisboa,2025,5,
Sobral de Monte Agraço,Lisboa,2025,6,
Sobral de Monte Agraço,Lisboa,2025,7,
Sobral de Monte Agraço,Lisboa,2025,8,
Sobral de Monte Agraço,Lisboa,2025,9,
Sobral de Monte Agraço,Lisboa,2025,10,
Sobral de Monte Agraço,Lisboa,2025,11,
Sobral de Monte Agraço,Lisboa,2025,12,
Sobral de Monte Agraço,Lisboa,2026,1,
Sobral de Monte Agraço,Lisboa,2026,2,
Sobral de Monte Agraço,Lisboa,2026,3,
Sobral de Monte Agraço,Lisboa,2026,4,
Sobral de Monte Agraço,Lisboa,2026,5,
Sobral de Monte Agraço,Lisboa,2026,6,
Sobral de Monte Agraço,Lisboa,2026,7,
Soure,Coimbra,2020,1,846.0
Soure,Coimbra,2020,2,1320.0
Soure,Coimbra,2020,3,89.0
Soure,Coimbra,2020,4,
Soure,Coimbra,2020,5,
Soure,Coimbra,2020,6,376.0
Soure,Coimbra,2020,7,732.0
Soure,Coimbra,2020,8,1477.0
Soure,Coimbra,2020,9,1103.0
Soure,Coimbra,2020,10,716.0
Soure,Coimbra,2020,11,171.0
Soure,Coimbra,2020,12,
Soure,Coimbra,2021,1,
Soure,Coimbra,2021,2,
Soure,Coimbra,2021,3,
Soure,Coimbra,2021,4,346.0
Soure,Coimbra,2021,5,701.0
Soure,Coimbra,2021,6,634.0
Soure,Coimbra,2021,7,851.0
Soure,Coimbra,2021,8,2082.0
Soure,Coimbra,2021,9,2432.0
Soure,Coimbra,2021,10,1974.0
Soure,Coimbra,2021,11,605.0
Soure,Coimbra,2021,12,574.0
Soure,Coimbra,2022,1,
Soure,Coimbra,2022,2,
Soure,Coimbra,2022,3,907.0
Soure,Coimbra,2022,4,3726.0
Soure,Coimbra,2022,5,1357.0
Soure,Coimbra,2022,6,2504.0
Soure,Coimbra,2022,7,2140.0
Soure,Coimbra,2022,8,3742.0
Soure,Coimbra,2022,9,992.0
Soure,Coimbra,2022,10,1371.0
Soure,Coimbra,2022,11,1367.0
Soure,Coimbra,2022,12,1327.0
Soure,Coimbra,2023,1,861.0
Soure,Coimbra,2023,2,1190.0
Soure,Coimbra,2023,3,1538.0
Soure,Coimbra,2023,4,1918.0
Soure,Coimbra,2023,5,2336.0
Soure,Coimbra,2023,6,3038.0
Soure,Coimbra,2023,7,3953.0
Soure,Coimbra,2023,8,4800.0
Soure,Coimbra,2023,9,1955.0
Soure,Coimbra,2023,10,1603.0
Soure,Coimbra,2023,11,1263.0
Soure,Coimbra,2023,12,1720.0
Soure,Coimbra,2024,1,1181.0
Soure,Coimbra,2024,2,907.0
Soure,Coimbra,2024,3,1310.0
Soure,Coimbra,2024,4,1958.0
Soure,Coimbra,2024,5,2595.0
Soure,Coimbra,2024,6,1998.0
Soure,Coimbra,2024,7,2784.0
Soure,Coimbra,2024,8,4223.0
Soure,Coimbra,2024,9,2406.0
Soure,Coimbra,2024,10,2192.0
Soure,Coimbra,2024,11,1722.0
Soure,Coimbra,2024,12,1057.0
Soure,Coimbra,2025,1,940.0
Soure,Coimbra,2025,2,981.0
Soure,Coimbra,2025,3,1023.0
Soure,Coimbra,2025,4,1519.0
Soure,Coimbra,2025,5,1692.0
Soure,Coimbra,2025,6,1316.0
Soure,Coimbra,2025,7,4015.0
Soure,Coimbra,2025,8,3084.0
Soure,Coimbra,2025,9,1956.0
Soure,Coimbra,2025,10,1128.0
Soure,Coimbra,2025,11,702.0
Soure,Coimbra,2025,12,656.0
Soure,Coimbra,2026,1,
Soure,Coimbra,2026,2,1071.0
Soure,Coimbra,2026,3,1236.0
Soure,Coimbra,2026,4,1416.0
Soure,Coimbra,2026,5,2105.0
Soure,Coimbra,2026,6,2295.0
Soure,Coimbra,2026,7,2308.0
Sousel,Portalegre,2020,1,67.0
Sousel,Portalegre,2020,2,80.0
Sousel,Portalegre,2020,3,72.0
Sousel,Portalegre,2020,4,
Sousel,Portalegre,2020,5,
Sousel,Portalegre,2020,6,374.0
Sousel,Portalegre,2020,7,412.0
Sousel,Portalegre,2020,8,1038.0
Sousel,Portalegre,2020,9,411.0
Sousel,Portalegre,2020,10,315.0
Sousel,Portalegre,2020,11,107.0
Sousel,Portalegre,2020,12,199.0
Sousel,Portalegre,2021,1,100.0
Sousel,Portalegre,2021,2,
Sousel,Portalegre,2021,3,175.0
Sousel,Portalegre,2021,4,170.0
Sousel,Portalegre,2021,5,378.0
Sousel,Portalegre,2021,6,419.0
Sousel,Portalegre,2021,7,416.0
Sousel,Portalegre,2021,8,673.0
Sousel,Portalegre,2021,9,485.0
Sousel,Portalegre,2021,10,389.0
Sousel,Portalegre,2021,11,
Sousel,Portalegre,2021,12,304.0
Sousel,Portalegre,2022,1,
Sousel,Portalegre,2022,2,
Sousel,Portalegre,2022,3,113.0
Sousel,Portalegre,2022,4,245.0
Sousel,Portalegre,2022,5,147.0
Sousel,Portalegre,2022,6,281.0
Sousel,Portalegre,2022,7,418.0
Sousel,Portalegre,2022,8,520.0
Sousel,Portalegre,2022,9,355.0
Sousel,Portalegre,2022,10,176.0
Sousel,Portalegre,2022,11,160.0
Sousel,Portalegre,2022,12,182.0
Sousel,Portalegre,2023,1,44.0
Sousel,Portalegre,2023,2,136.0
Sousel,Portalegre,2023,3,265.0
Sousel,Portalegre,2023,4,258.0
Sousel,Portalegre,2023,5,161.0
Sousel,Portalegre,2023,6,330.0
Sousel,Portalegre,2023,7,294.0
Sousel,Portalegre,2023,8,807.0
Sousel,Portalegre,2023,9,429.0
Sousel,Portalegre,2023,10,312.0
Sousel,Portalegre,2023,11,149.0
Sousel,Portalegre,2023,12,424.0
Sousel,Portalegre,2024,1,76.0
Sousel,Portalegre,2024,2,91.0
Sousel,Portalegre,2024,3,270.0
Sousel,Portalegre,2024,4,235.0
Sousel,Portalegre,2024,5,564.0
Sousel,Portalegre,2024,6,364.0
Sousel,Portalegre,2024,7,588.0
Sousel,Portalegre,2024,8,675.0
Sousel,Portalegre,2024,9,305.0
Sousel,Portalegre,2024,10,273.0
Sousel,Portalegre,2024,11,209.0
Sousel,Portalegre,2024,12,427.0
Sousel,Portalegre,2025,1,145.0
Sousel,Portalegre,2025,2,265.0
Sousel,Portalegre,2025,3,226.0
Sousel,Portalegre,2025,4,293.0
Sousel,Portalegre,2025,5,329.0
Sousel,Portalegre,2025,6,305.0
Sousel,Portalegre,2025,7,397.0
Sousel,Portalegre,2025,8,961.0
Sousel,Portalegre,2025,9,533.0
Sousel,Portalegre,2025,10,451.0
Sousel,Portalegre,2025,11,226.0
Sousel,Portalegre,2025,12,254.0
Sousel,Portalegre,2026,1,93.0
Sousel,Portalegre,2026,2,114.0
Sousel,Portalegre,2026,3,177.0
Sousel,Portalegre,2026,4,347.0
Sousel,Portalegre,2026,5,482.0
Sousel,Portalegre,2026,6,386.0
Sousel,Portalegre,2026,7,583.0
Sátão,Viseu,2020,1,158.0
Sátão,Viseu,2020,2,159.0
Sátão,Viseu,2020,3,
Sátão,Viseu,2020,4,
Sátão,Viseu,2020,5,
Sátão,Viseu,2020,6,153.0
Sátão,Viseu,2020,7,
Sátão,Viseu,2020,8,195.0
Sátão,Viseu,2020,9,
Sátão,Viseu,2020,10,122.0
Sátão,Viseu,2020,11,
Sátão,Viseu,2020,12,
Sátão,Viseu,2021,1,
Sátão,Viseu,2021,2,
Sátão,Viseu,2021,3,
Sátão,Viseu,2021,4,
Sátão,Viseu,2021,5,
Sátão,Viseu,2021,6,
Sátão,Viseu,2021,7,214.0
Sátão,Viseu,2021,8,605.0
Sátão,Viseu,2021,9,189.0
Sátão,Viseu,2021,10,148.0
Sátão,Viseu,2021,11,
Sátão,Viseu,2021,12,
Sátão,Viseu,2022,1,
Sátão,Viseu,2022,2,111.0
Sátão,Viseu,2022,3,
Sátão,Viseu,2022,4,182.0
Sátão,Viseu,2022,5,335.0
Sátão,Viseu,2022,6,210.0
Sátão,Viseu,2022,7,397.0
Sátão,Viseu,2022,8,667.0
Sátão,Viseu,2022,9,278.0
Sátão,Viseu,2022,10,309.0
Sátão,Viseu,2022,11,
Sátão,Viseu,2022,12,180.0
Sátão,Viseu,2023,1,258.0
Sátão,Viseu,2023,2,
Sátão,Viseu,2023,3,154.0
Sátão,Viseu,2023,4,223.0
Sátão,Viseu,2023,5,250.0
Sátão,Viseu,2023,6,
Sátão,Viseu,2023,7,282.0
Sátão,Viseu,2023,8,703.0
Sátão,Viseu,2023,9,227.0
Sátão,Viseu,2023,10,204.0
Sátão,Viseu,2023,11,174.0
Sátão,Viseu,2023,12,174.0
Sátão,Viseu,2024,1,
Sátão,Viseu,2024,2,
Sátão,Viseu,2024,3,232.0
Sátão,Viseu,2024,4,
Sátão,Viseu,2024,5,297.0
Sátão,Viseu,2024,6,370.0
Sátão,Viseu,2024,7,355.0
Sátão,Viseu,2024,8,738.0
Sátão,Viseu,2024,9,229.0
Sátão,Viseu,2024,10,476.0
Sátão,Viseu,2024,11,293.0
Sátão,Viseu,2024,12,
Sátão,Viseu,2025,1,170.0
Sátão,Viseu,2025,2,251.0
Sátão,Viseu,2025,3,177.0
Sátão,Viseu,2025,4,353.0
Sátão,Viseu,2025,5,541.0
Sátão,Viseu,2025,6,349.0
Sátão,Viseu,2025,7,401.0
Sátão,Viseu,2025,8,845.0
Sátão,Viseu,2025,9,322.0
Sátão,Viseu,2025,10,411.0
Sátão,Viseu,2025,11,201.0
Sátão,Viseu,2025,12,194.0
Sátão,Viseu,2026,1,295.0
Sátão,Viseu,2026,2,231.0
Sátão,Viseu,2026,3,182.0
Sátão,Viseu,2026,4,509.0
Sátão,Viseu,2026,5,197.0
Sátão,Viseu,2026,6,417.0
Sátão,Viseu,2026,7,598.0
São Brás de Alportel,Faro,2020,1,
São Brás de Alportel,Faro,2020,2,
São Brás de Alportel,Faro,2020,3,
São Brás de Alportel,Faro,2020,4,
São Brás de Alportel,Faro,2020,5,
São Brás de Alportel,Faro,2020,6,568.0
São Brás de Alportel,Faro,2020,7,717.0
São Brás de Alportel,Faro,2020,8,1617.0
São Brás de Alportel,Faro,2020,9,959.0
São Brás de Alportel,Faro,2020,10,835.0
São Brás de Alportel,Faro,2020,11,
São Brás de Alportel,Faro,2020,12,
São Brás de Alportel,Faro,2021,1,
São Brás de Alportel,Faro,2021,2,
São Brás de Alportel,Faro,2021,3,
São Brás de Alportel,Faro,2021,4,
São Brás de Alportel,Faro,2021,5,610.0
São Brás de Alportel,Faro,2021,6,1074.0
São Brás de Alportel,Faro,2021,7,944.0
São Brás de Alportel,Faro,2021,8,2861.0
São Brás de Alportel,Faro,2021,9,2261.0
São Brás de Alportel,Faro,2021,10,1446.0
São Brás de Alportel,Faro,2021,11,446.0
São Brás de Alportel,Faro,2021,12,276.0
São Brás de Alportel,Faro,2022,1,163.0
São Brás de Alportel,Faro,2022,2,
São Brás de Alportel,Faro,2022,3,632.0
São Brás de Alportel,Faro,2022,4,1090.0
São Brás de Alportel,Faro,2022,5,1716.0
São Brás de Alportel,Faro,2022,6,2169.0
São Brás de Alportel,Faro,2022,7,3008.0
São Brás de Alportel,Faro,2022,8,4063.0
São Brás de Alportel,Faro,2022,9,3012.0
São Brás de Alportel,Faro,2022,10,1555.0
São Brás de Alportel,Faro,2022,11,
São Brás de Alportel,Faro,2022,12,594.0
São Brás de Alportel,Faro,2023,1,291.0
São Brás de Alportel,Faro,2023,2,474.0
São Brás de Alportel,Faro,2023,3,874.0
São Brás de Alportel,Faro,2023,4,1145.0
São Brás de Alportel,Faro,2023,5,1277.0
São Brás de Alportel,Faro,2023,6,1628.0
São Brás de Alportel,Faro,2023,7,1676.0
São Brás de Alportel,Faro,2023,8,3137.0
São Brás de Alportel,Faro,2023,9,2415.0
São Brás de Alportel,Faro,2023,10,1721.0
São Brás de Alportel,Faro,2023,11,
São Brás de Alportel,Faro,2023,12,
São Brás de Alportel,Faro,2024,1,
São Brás de Alportel,Faro,2024,2,
São Brás de Alportel,Faro,2024,3,
São Brás de Alportel,Faro,2024,4,972.0
São Brás de Alportel,Faro,2024,5,1235.0
São Brás de Alportel,Faro,2024,6,1935.0
São Brás de Alportel,Faro,2024,7,2134.0
São Brás de Alportel,Faro,2024,8,3039.0
São Brás de Alportel,Faro,2024,9,2220.0
São Brás de Alportel,Faro,2024,10,1496.0
São Brás de Alportel,Faro,2024,11,
São Brás de Alportel,Faro,2024,12,
São Brás de Alportel,Faro,2025,1,
São Brás de Alportel,Faro,2025,2,
São Brás de Alportel,Faro,2025,3,665.0
São Brás de Alportel,Faro,2025,4,942.0
São Brás de Alportel,Faro,2025,5,1524.0
São Brás de Alportel,Faro,2025,6,1926.0
São Brás de Alportel,Faro,2025,7,2270.0
São Brás de Alportel,Faro,2025,8,2688.0
São Brás de Alportel,Faro,2025,9,2236.0
São Brás de Alportel,Faro,2025,10,1761.0
São Brás de Alportel,Faro,2025,11,
São Brás de Alportel,Faro,2025,12,470.0
São Brás de Alportel,Faro,2026,1,
São Brás de Alportel,Faro,2026,2,
São Brás de Alportel,Faro,2026,3,1014.0
São Brás de Alportel,Faro,2026,4,1130.0
São Brás de Alportel,Faro,2026,5,1264.0
São Brás de Alportel,Faro,2026,6,1431.0
São Brás de Alportel,Faro,2026,7,1829.0
São João da Madeira,Aveiro,2020,1,2774.0
São João da Madeira,Aveiro,2020,2,3064.0
São João da Madeira,Aveiro,2020,3,1108.0
São João da Madeira,Aveiro,2020,4,
São João da Madeira,Aveiro,2020,5,
São João da Madeira,Aveiro,2020,6,643.0
São João da Madeira,Aveiro,2020,7,1307.0
São João da Madeira,Aveiro,2020,8,2314.0
São João da Madeira,Aveiro,2020,9,2090.0
São João da Madeira,Aveiro,2020,10,2183.0
São João da Madeira,Aveiro,2020,11,1173.0
São João da Madeira,Aveiro,2020,12,
São João da Madeira,Aveiro,2021,1,995.0
São João da Madeira,Aveiro,2021,2,791.0
São João da Madeira,Aveiro,2021,3,1287.0
São João da Madeira,Aveiro,2021,4,1633.0
São João da Madeira,Aveiro,2021,5,2476.0
São João da Madeira,Aveiro,2021,6,2831.0
São João da Madeira,Aveiro,2021,7,2883.0
São João da Madeira,Aveiro,2021,8,4278.0
São João da Madeira,Aveiro,2021,9,2933.0
São João da Madeira,Aveiro,2021,10,4104.0
São João da Madeira,Aveiro,2021,11,3116.0
São João da Madeira,Aveiro,2021,12,2871.0
São João da Madeira,Aveiro,2022,1,2059.0
São João da Madeira,Aveiro,2022,2,2728.0
São João da Madeira,Aveiro,2022,3,3042.0
São João da Madeira,Aveiro,2022,4,4414.0
São João da Madeira,Aveiro,2022,5,4321.0
São João da Madeira,Aveiro,2022,6,4519.0
São João da Madeira,Aveiro,2022,7,
São João da Madeira,Aveiro,2022,8,5693.0
São João da Madeira,Aveiro,2022,9,4143.0
São João da Madeira,Aveiro,2022,10,4319.0
São João da Madeira,Aveiro,2022,11,3115.0
São João da Madeira,Aveiro,2022,12,
São João da Madeira,Aveiro,2023,1,2471.0
São João da Madeira,Aveiro,2023,2,2585.0
São João da Madeira,Aveiro,2023,3,2510.0
São João da Madeira,Aveiro,2023,4,4133.0
São João da Madeira,Aveiro,2023,5,4474.0
São João da Madeira,Aveiro,2023,6,4683.0
São João da Madeira,Aveiro,2023,7,4780.0
São João da Madeira,Aveiro,2023,8,5487.0
São João da Madeira,Aveiro,2023,9,4693.0
São João da Madeira,Aveiro,2023,10,3880.0
São João da Madeira,Aveiro,2023,11,2781.0
São João da Madeira,Aveiro,2023,12,3397.0
São João da Madeira,Aveiro,2024,1,2509.0
São João da Madeira,Aveiro,2024,2,2663.0
São João da Madeira,Aveiro,2024,3,3905.0
São João da Madeira,Aveiro,2024,4,3433.0
São João da Madeira,Aveiro,2024,5,4526.0
São João da Madeira,Aveiro,2024,6,4036.0
São João da Madeira,Aveiro,2024,7,4354.0
São João da Madeira,Aveiro,2024,8,5181.0
São João da Madeira,Aveiro,2024,9,4503.0
São João da Madeira,Aveiro,2024,10,4305.0
São João da Madeira,Aveiro,2024,11,3372.0
São João da Madeira,Aveiro,2024,12,3500.0
São João da Madeira,Aveiro,2025,1,3024.0
São João da Madeira,Aveiro,2025,2,2859.0
São João da Madeira,Aveiro,2025,3,2238.0
São João da Madeira,Aveiro,2025,4,3611.0
São João da Madeira,Aveiro,2025,5,4779.0
São João da Madeira,Aveiro,2025,6,3275.0
São João da Madeira,Aveiro,2025,7,4459.0
São João da Madeira,Aveiro,2025,8,6340.0
São João da Madeira,Aveiro,2025,9,6179.0
São João da Madeira,Aveiro,2025,10,5111.0
São João da Madeira,Aveiro,2025,11,5311.0
São João da Madeira,Aveiro,2025,12,5302.0
São João da Madeira,Aveiro,2026,1,4105.0
São João da Madeira,Aveiro,2026,2,4084.0
São João da Madeira,Aveiro,2026,3,4762.0
São João da Madeira,Aveiro,2026,4,6018.0
São João da Madeira,Aveiro,2026,5,7921.0
São João da Madeira,Aveiro,2026,6,8147.0
São João da Madeira,Aveiro,2026,7,8818.0
São João da Pesqueira,Viseu,2020,1,429.0
São João da Pesqueira,Viseu,2020,2,511.0
São João da Pesqueira,Viseu,2020,3,227.0
São João da Pesqueira,Viseu,2020,4,
São João da Pesqueira,Viseu,2020,5,
São João da Pesqueira,Viseu,2020,6,
São João da Pesqueira,Viseu,2020,7,1627.0
São João da Pesqueira,Viseu,2020,8,2378.0
São João da Pesqueira,Viseu,2020,9,1837.0
São João da Pesqueira,Viseu,2020,10,1142.0
São João da Pesqueira,Viseu,2020,11,321.0
São João da Pesqueira,Viseu,2020,12,381.0
São João da Pesqueira,Viseu,2021,1,182.0
São João da Pesqueira,Viseu,2021,2,
São João da Pesqueira,Viseu,2021,3,
São João da Pesqueira,Viseu,2021,4,347.0
São João da Pesqueira,Viseu,2021,5,1309.0
São João da Pesqueira,Viseu,2021,6,1544.0
São João da Pesqueira,Viseu,2021,7,2079.0
São João da Pesqueira,Viseu,2021,8,2432.0
São João da Pesqueira,Viseu,2021,9,2010.0
São João da Pesqueira,Viseu,2021,10,1831.0
São João da Pesqueira,Viseu,2021,11,1016.0
São João da Pesqueira,Viseu,2021,12,726.0
São João da Pesqueira,Viseu,2022,1,237.0
São João da Pesqueira,Viseu,2022,2,688.0
São João da Pesqueira,Viseu,2022,3,799.0
São João da Pesqueira,Viseu,2022,4,1452.0
São João da Pesqueira,Viseu,2022,5,1733.0
São João da Pesqueira,Viseu,2022,6,1962.0
São João da Pesqueira,Viseu,2022,7,2237.0
São João da Pesqueira,Viseu,2022,8,2714.0
São João da Pesqueira,Viseu,2022,9,2313.0
São João da Pesqueira,Viseu,2022,10,1766.0
São João da Pesqueira,Viseu,2022,11,927.0
São João da Pesqueira,Viseu,2022,12,604.0
São João da Pesqueira,Viseu,2023,1,
São João da Pesqueira,Viseu,2023,2,
São João da Pesqueira,Viseu,2023,3,
São João da Pesqueira,Viseu,2023,4,1323.0
São João da Pesqueira,Viseu,2023,5,1444.0
São João da Pesqueira,Viseu,2023,6,1763.0
São João da Pesqueira,Viseu,2023,7,1649.0
São João da Pesqueira,Viseu,2023,8,2204.0
São João da Pesqueira,Viseu,2023,9,2028.0
São João da Pesqueira,Viseu,2023,10,1630.0
São João da Pesqueira,Viseu,2023,11,828.0
São João da Pesqueira,Viseu,2023,12,603.0
São João da Pesqueira,Viseu,2024,1,342.0
São João da Pesqueira,Viseu,2024,2,455.0
São João da Pesqueira,Viseu,2024,3,1092.0
São João da Pesqueira,Viseu,2024,4,1399.0
São João da Pesqueira,Viseu,2024,5,1776.0
São João da Pesqueira,Viseu,2024,6,1719.0
São João da Pesqueira,Viseu,2024,7,2196.0
São João da Pesqueira,Viseu,2024,8,2228.0
São João da Pesqueira,Viseu,2024,9,1743.0
São João da Pesqueira,Viseu,2024,10,1719.0
São João da Pesqueira,Viseu,2024,11,951.0
São João da Pesqueira,Viseu,2024,12,837.0
São João da Pesqueira,Viseu,2025,1,355.0
São João da Pesqueira,Viseu,2025,2,480.0
São João da Pesqueira,Viseu,2025,3,671.0
São João da Pesqueira,Viseu,2025,4,1273.0
São João da Pesqueira,Viseu,2025,5,1858.0
São João da Pesqueira,Viseu,2025,6,1634.0
São João da Pesqueira,Viseu,2025,7,1878.0
São João da Pesqueira,Viseu,2025,8,2442.0
São João da Pesqueira,Viseu,2025,9,1800.0
São João da Pesqueira,Viseu,2025,10,1633.0
São João da Pesqueira,Viseu,2025,11,814.0
São João da Pesqueira,Viseu,2025,12,616.0
São João da Pesqueira,Viseu,2026,1,76.0
São João da Pesqueira,Viseu,2026,2,242.0
São João da Pesqueira,Viseu,2026,3,610.0
São João da Pesqueira,Viseu,2026,4,1148.0
São João da Pesqueira,Viseu,2026,5,1548.0
São João da Pesqueira,Viseu,2026,6,1656.0
São João da Pesqueira,Viseu,2026,7,2048.0
São Pedro do Sul,Viseu,2020,1,3344.0
São Pedro do Sul,Viseu,2020,2,6926.0
São Pedro do Sul,Viseu,2020,3,3367.0
São Pedro do Sul,Viseu,2020,4,
São Pedro do Sul,Viseu,2020,5,
São Pedro do Sul,Viseu,2020,6,3047.0
São Pedro do Sul,Viseu,2020,7,6357.0
São Pedro do Sul,Viseu,2020,8,17019.0
São Pedro do Sul,Viseu,2020,9,11749.0
São Pedro do Sul,Viseu,2020,10,7684.0
São Pedro do Sul,Viseu,2020,11,2330.0
São Pedro do Sul,Viseu,2020,12,1254.0
São Pedro do Sul,Viseu,2021,1,543.0
São Pedro do Sul,Viseu,2021,2,333.0
São Pedro do Sul,Viseu,2021,3,340.0
São Pedro do Sul,Viseu,2021,4,962.0
São Pedro do Sul,Viseu,2021,5,6781.0
São Pedro do Sul,Viseu,2021,6,10253.0
São Pedro do Sul,Viseu,2021,7,10226.0
São Pedro do Sul,Viseu,2021,8,21545.0
São Pedro do Sul,Viseu,2021,9,15565.0
São Pedro do Sul,Viseu,2021,10,15500.0
São Pedro do Sul,Viseu,2021,11,9141.0
São Pedro do Sul,Viseu,2021,12,4106.0
São Pedro do Sul,Viseu,2022,1,1965.0
São Pedro do Sul,Viseu,2022,2,5666.0
São Pedro do Sul,Viseu,2022,3,6394.0
São Pedro do Sul,Viseu,2022,4,10012.0
São Pedro do Sul,Viseu,2022,5,10860.0
São Pedro do Sul,Viseu,2022,6,11434.0
São Pedro do Sul,Viseu,2022,7,14323.0
São Pedro do Sul,Viseu,2022,8,24349.0
São Pedro do Sul,Viseu,2022,9,16176.0
São Pedro do Sul,Viseu,2022,10,14876.0
São Pedro do Sul,Viseu,2022,11,9588.0
São Pedro do Sul,Viseu,2022,12,6430.0
São Pedro do Sul,Viseu,2023,1,3302.0
São Pedro do Sul,Viseu,2023,2,5270.0
São Pedro do Sul,Viseu,2023,3,6376.0
São Pedro do Sul,Viseu,2023,4,11879.0
São Pedro do Sul,Viseu,2023,5,10743.0
São Pedro do Sul,Viseu,2023,6,13308.0
São Pedro do Sul,Viseu,2023,7,14621.0
São Pedro do Sul,Viseu,2023,8,24121.0
São Pedro do Sul,Viseu,2023,9,18764.0
São Pedro do Sul,Viseu,2023,10,14126.0
São Pedro do Sul,Viseu,2023,11,11298.0
São Pedro do Sul,Viseu,2023,12,7483.0
São Pedro do Sul,Viseu,2024,1,3805.0
São Pedro do Sul,Viseu,2024,2,6297.0
São Pedro do Sul,Viseu,2024,3,10878.0
São Pedro do Sul,Viseu,2024,4,11769.0
São Pedro do Sul,Viseu,2024,5,10882.0
São Pedro do Sul,Viseu,2024,6,12109.0
São Pedro do Sul,Viseu,2024,7,13311.0
São Pedro do Sul,Viseu,2024,8,22762.0
São Pedro do Sul,Viseu,2024,9,16671.0
São Pedro do Sul,Viseu,2024,10,15075.0
São Pedro do Sul,Viseu,2024,11,12207.0
São Pedro do Sul,Viseu,2024,12,7198.0
São Pedro do Sul,Viseu,2025,1,4457.0
São Pedro do Sul,Viseu,2025,2,7085.0
São Pedro do Sul,Viseu,2025,3,12500.0
São Pedro do Sul,Viseu,2025,4,12618.0
São Pedro do Sul,Viseu,2025,5,12154.0
São Pedro do Sul,Viseu,2025,6,12366.0
São Pedro do Sul,Viseu,2025,7,14824.0
São Pedro do Sul,Viseu,2025,8,20822.0
São Pedro do Sul,Viseu,2025,9,17723.0
São Pedro do Sul,Viseu,2025,10,15303.0
São Pedro do Sul,Viseu,2025,11,14215.0
São Pedro do Sul,Viseu,2025,12,8473.0
São Pedro do Sul,Viseu,2026,1,6606.0
São Pedro do Sul,Viseu,2026,2,7332.0
São Pedro do Sul,Viseu,2026,3,11571.0
São Pedro do Sul,Viseu,2026,4,13735.0
São Pedro do Sul,Viseu,2026,5,14311.0
São Pedro do Sul,Viseu,2026,6,17307.0
São Pedro do Sul,Viseu,2026,7,16968.0
São Roque do Pico,Região Autónoma dos Açores,2020,1,529.0
São Roque do Pico,Região Autónoma dos Açores,2020,2,388.0
São Roque do Pico,Região Autónoma dos Açores,2020,3,207.0
São Roque do Pico,Região Autónoma dos Açores,2020,4,
São Roque do Pico,Região Autónoma dos Açores,2020,5,
São Roque do Pico,Região Autónoma dos Açores,2020,6,
São Roque do Pico,Região Autónoma dos Açores,2020,7,1391.0
São Roque do Pico,Região Autónoma dos Açores,2020,8,3397.0
São Roque do Pico,Região Autónoma dos Açores,2020,9,1116.0
São Roque do Pico,Região Autónoma dos Açores,2020,10,696.0
São Roque do Pico,Região Autónoma dos Açores,2020,11,328.0
São Roque do Pico,Região Autónoma dos Açores,2020,12,
São Roque do Pico,Região Autónoma dos Açores,2021,1,258.0
São Roque do Pico,Região Autónoma dos Açores,2021,2,339.0
São Roque do Pico,Região Autónoma dos Açores,2021,3,486.0
São Roque do Pico,Região Autónoma dos Açores,2021,4,1037.0
São Roque do Pico,Região Autónoma dos Açores,2021,5,769.0
São Roque do Pico,Região Autónoma dos Açores,2021,6,1846.0
São Roque do Pico,Região Autónoma dos Açores,2021,7,3810.0
São Roque do Pico,Região Autónoma dos Açores,2021,8,5029.0
São Roque do Pico,Região Autónoma dos Açores,2021,9,2363.0
São Roque do Pico,Região Autónoma dos Açores,2021,10,1378.0
São Roque do Pico,Região Autónoma dos Açores,2021,11,363.0
São Roque do Pico,Região Autónoma dos Açores,2021,12,166.0
São Roque do Pico,Região Autónoma dos Açores,2022,1,258.0
São Roque do Pico,Região Autónoma dos Açores,2022,2,449.0
São Roque do Pico,Região Autónoma dos Açores,2022,3,363.0
São Roque do Pico,Região Autónoma dos Açores,2022,4,1226.0
São Roque do Pico,Região Autónoma dos Açores,2022,5,1365.0
São Roque do Pico,Região Autónoma dos Açores,2022,6,2727.0
São Roque do Pico,Região Autónoma dos Açores,2022,7,4827.0
São Roque do Pico,Região Autónoma dos Açores,2022,8,5204.0
São Roque do Pico,Região Autónoma dos Açores,2022,9,2993.0
São Roque do Pico,Região Autónoma dos Açores,2022,10,1053.0
São Roque do Pico,Região Autónoma dos Açores,2022,11,423.0
São Roque do Pico,Região Autónoma dos Açores,2022,12,165.0
São Roque do Pico,Região Autónoma dos Açores,2023,1,253.0
São Roque do Pico,Região Autónoma dos Açores,2023,2,367.0
São Roque do Pico,Região Autónoma dos Açores,2023,3,370.0
São Roque do Pico,Região Autónoma dos Açores,2023,4,1639.0
São Roque do Pico,Região Autónoma dos Açores,2023,5,2317.0
São Roque do Pico,Região Autónoma dos Açores,2023,6,3476.0
São Roque do Pico,Região Autónoma dos Açores,2023,7,5150.0
São Roque do Pico,Região Autónoma dos Açores,2023,8,6469.0
São Roque do Pico,Região Autónoma dos Açores,2023,9,4215.0
São Roque do Pico,Região Autónoma dos Açores,2023,10,2128.0
São Roque do Pico,Região Autónoma dos Açores,2023,11,775.0
São Roque do Pico,Região Autónoma dos Açores,2023,12,156.0
São Roque do Pico,Região Autónoma dos Açores,2024,1,353.0
São Roque do Pico,Região Autónoma dos Açores,2024,2,477.0
São Roque do Pico,Região Autónoma dos Açores,2024,3,982.0
São Roque do Pico,Região Autónoma dos Açores,2024,4,1881.0
São Roque do Pico,Região Autónoma dos Açores,2024,5,3028.0
São Roque do Pico,Região Autónoma dos Açores,2024,6,4347.0
São Roque do Pico,Região Autónoma dos Açores,2024,7,6443.0
São Roque do Pico,Região Autónoma dos Açores,2024,8,7152.0
São Roque do Pico,Região Autónoma dos Açores,2024,9,4984.0
São Roque do Pico,Região Autónoma dos Açores,2024,10,2269.0
São Roque do Pico,Região Autónoma dos Açores,2024,11,1139.0
São Roque do Pico,Região Autónoma dos Açores,2024,12,459.0
São Roque do Pico,Região Autónoma dos Açores,2025,1,391.0
São Roque do Pico,Região Autónoma dos Açores,2025,2,496.0
São Roque do Pico,Região Autónoma dos Açores,2025,3,973.0
São Roque do Pico,Região Autónoma dos Açores,2025,4,2497.0
São Roque do Pico,Região Autónoma dos Açores,2025,5,2970.0
São Roque do Pico,Região Autónoma dos Açores,2025,6,4148.0
São Roque do Pico,Região Autónoma dos Açores,2025,7,7268.0
São Roque do Pico,Região Autónoma dos Açores,2025,8,8377.0
São Roque do Pico,Região Autónoma dos Açores,2025,9,4563.0
São Roque do Pico,Região Autónoma dos Açores,2025,10,2049.0
São Roque do Pico,Região Autónoma dos Açores,2025,11,680.0
São Roque do Pico,Região Autónoma dos Açores,2025,12,171.0
São Roque do Pico,Região Autónoma dos Açores,2026,1,227.0
São Roque do Pico,Região Autónoma dos Açores,2026,2,381.0
São Roque do Pico,Região Autónoma dos Açores,2026,3,494.0
São Roque do Pico,Região Autónoma dos Açores,2026,4,2004.0
São Roque do Pico,Região Autónoma dos Açores,2026,5,2534.0
São Roque do Pico,Região Autónoma dos Açores,2026,6,3323.0
São Roque do Pico,Região Autónoma dos Açores,2026,7,6109.0
São Vicente,Região Autónoma da Madeira,2020,1,5930.0
São Vicente,Região Autónoma da Madeira,2020,2,8989.0
São Vicente,Região Autónoma da Madeira,2020,3,5820.0
São Vicente,Região Autónoma da Madeira,2020,4,
São Vicente,Região Autónoma da Madeira,2020,5,
São Vicente,Região Autónoma da Madeira,2020,6,152.0
São Vicente,Região Autónoma da Madeira,2020,7,4202.0
São Vicente,Região Autónoma da Madeira,2020,8,8564.0
São Vicente,Região Autónoma da Madeira,2020,9,6046.0
São Vicente,Região Autónoma da Madeira,2020,10,5634.0
São Vicente,Região Autónoma da Madeira,2020,11,1830.0
São Vicente,Região Autónoma da Madeira,2020,12,2695.0
São Vicente,Região Autónoma da Madeira,2021,1,1898.0
São Vicente,Região Autónoma da Madeira,2021,2,1398.0
São Vicente,Região Autónoma da Madeira,2021,3,1847.0
São Vicente,Região Autónoma da Madeira,2021,4,7492.0
São Vicente,Região Autónoma da Madeira,2021,5,7903.0
São Vicente,Região Autónoma da Madeira,2021,6,10378.0
São Vicente,Região Autónoma da Madeira,2021,7,15419.0
São Vicente,Região Autónoma da Madeira,2021,8,18057.0
São Vicente,Região Autónoma da Madeira,2021,9,15059.0
São Vicente,Região Autónoma da Madeira,2021,10,13686.0
São Vicente,Região Autónoma da Madeira,2021,11,9749.0
São Vicente,Região Autónoma da Madeira,2021,12,7789.0
São Vicente,Região Autónoma da Madeira,2022,1,6829.0
São Vicente,Região Autónoma da Madeira,2022,2,7204.0
São Vicente,Região Autónoma da Madeira,2022,3,10994.0
São Vicente,Região Autónoma da Madeira,2022,4,15312.0
São Vicente,Região Autónoma da Madeira,2022,5,17709.0
São Vicente,Região Autónoma da Madeira,2022,6,16736.0
São Vicente,Região Autónoma da Madeira,2022,7,21375.0
São Vicente,Região Autónoma da Madeira,2022,8,21566.0
São Vicente,Região Autónoma da Madeira,2022,9,18536.0
São Vicente,Região Autónoma da Madeira,2022,10,17223.0
São Vicente,Região Autónoma da Madeira,2022,11,12254.0
São Vicente,Região Autónoma da Madeira,2022,12,10558.0
São Vicente,Região Autónoma da Madeira,2023,1,11679.0
São Vicente,Região Autónoma da Madeira,2023,2,13909.0
São Vicente,Região Autónoma da Madeira,2023,3,16673.0
São Vicente,Região Autónoma da Madeira,2023,4,17737.0
São Vicente,Região Autónoma da Madeira,2023,5,19716.0
São Vicente,Região Autónoma da Madeira,2023,6,18670.0
São Vicente,Região Autónoma da Madeira,2023,7,21896.0
São Vicente,Região Autónoma da Madeira,2023,8,22877.0
São Vicente,Região Autónoma da Madeira,2023,9,21354.0
São Vicente,Região Autónoma da Madeira,2023,10,18234.0
São Vicente,Região Autónoma da Madeira,2023,11,14413.0
São Vicente,Região Autónoma da Madeira,2023,12,12646.0
São Vicente,Região Autónoma da Madeira,2024,1,12682.0
São Vicente,Região Autónoma da Madeira,2024,2,15493.0
São Vicente,Região Autónoma da Madeira,2024,3,18503.0
São Vicente,Região Autónoma da Madeira,2024,4,18889.0
São Vicente,Região Autónoma da Madeira,2024,5,21036.0
São Vicente,Região Autónoma da Madeira,2024,6,21810.0
São Vicente,Região Autónoma da Madeira,2024,7,24474.0
São Vicente,Região Autónoma da Madeira,2024,8,23886.0
São Vicente,Região Autónoma da Madeira,2024,9,20934.0
São Vicente,Região Autónoma da Madeira,2024,10,19532.0
São Vicente,Região Autónoma da Madeira,2024,11,15653.0
São Vicente,Região Autónoma da Madeira,2024,12,14009.0
São Vicente,Região Autónoma da Madeira,2025,1,13812.0
São Vicente,Região Autónoma da Madeira,2025,2,14996.0
São Vicente,Região Autónoma da Madeira,2025,3,20086.0
São Vicente,Região Autónoma da Madeira,2025,4,21883.0
São Vicente,Região Autónoma da Madeira,2025,5,23490.0
São Vicente,Região Autónoma da Madeira,2025,6,21841.0
São Vicente,Região Autónoma da Madeira,2025,7,25034.0
São Vicente,Região Autónoma da Madeira,2025,8,25703.0
São Vicente,Região Autónoma da Madeira,2025,9,22304.0
São Vicente,Região Autónoma da Madeira,2025,10,21707.0
São Vicente,Região Autónoma da Madeira,2025,11,17174.0
São Vicente,Região Autónoma da Madeira,2025,12,14344.0
São Vicente,Região Autónoma da Madeira,2026,1,13455.0
São Vicente,Região Autónoma da Madeira,2026,2,14336.0
São Vicente,Região Autónoma da Madeira,2026,3,16749.0
São Vicente,Região Autónoma da Madeira,2026,4,18537.0
São Vicente,Região Autónoma da Madeira,2026,5,20802.0
São Vicente,Região Autónoma da Madeira,2026,6,18501.0
São Vicente,Região Autónoma da Madeira,2026,7,22559.0
Tabuaço,Viseu,2020,1,210.0
Tabuaço,Viseu,2020,2,742.0
Tabuaço,Viseu,2020,3,260.0
Tabuaço,Viseu,2020,4,
Tabuaço,Viseu,2020,5,128.0
Tabuaço,Viseu,2020,6,1257.0
Tabuaço,Viseu,2020,7,2030.0
Tabuaço,Viseu,2020,8,4177.0
Tabuaço,Viseu,2020,9,2422.0
Tabuaço,Viseu,2020,10,1883.0
Tabuaço,Viseu,2020,11,217.0
Tabuaço,Viseu,2020,12,180.0
Tabuaço,Viseu,2021,1,100.0
Tabuaço,Viseu,2021,2,
Tabuaço,Viseu,2021,3,
Tabuaço,Viseu,2021,4,212.0
Tabuaço,Viseu,2021,5,1657.0
Tabuaço,Viseu,2021,6,2005.0
Tabuaço,Viseu,2021,7,2486.0
Tabuaço,Viseu,2021,8,4004.0
Tabuaço,Viseu,2021,9,2958.0
Tabuaço,Viseu,2021,10,2865.0
Tabuaço,Viseu,2021,11,1019.0
Tabuaço,Viseu,2021,12,510.0
Tabuaço,Viseu,2022,1,284.0
Tabuaço,Viseu,2022,2,788.0
Tabuaço,Viseu,2022,3,761.0
Tabuaço,Viseu,2022,4,2796.0
Tabuaço,Viseu,2022,5,3215.0
Tabuaço,Viseu,2022,6,3247.0
Tabuaço,Viseu,2022,7,3290.0
Tabuaço,Viseu,2022,8,4839.0
Tabuaço,Viseu,2022,9,4117.0
Tabuaço,Viseu,2022,10,2993.0
Tabuaço,Viseu,2022,11,1087.0
Tabuaço,Viseu,2022,12,737.0
Tabuaço,Viseu,2023,1,519.0
Tabuaço,Viseu,2023,2,772.0
Tabuaço,Viseu,2023,3,1144.0
Tabuaço,Viseu,2023,4,2652.0
Tabuaço,Viseu,2023,5,3163.0
Tabuaço,Viseu,2023,6,2735.0
Tabuaço,Viseu,2023,7,2637.0
Tabuaço,Viseu,2023,8,3997.0
Tabuaço,Viseu,2023,9,4824.0
Tabuaço,Viseu,2023,10,2758.0
Tabuaço,Viseu,2023,11,893.0
Tabuaço,Viseu,2023,12,825.0
Tabuaço,Viseu,2024,1,488.0
Tabuaço,Viseu,2024,2,928.0
Tabuaço,Viseu,2024,3,1112.0
Tabuaço,Viseu,2024,4,1748.0
Tabuaço,Viseu,2024,5,3246.0
Tabuaço,Viseu,2024,6,3127.0
Tabuaço,Viseu,2024,7,2229.0
Tabuaço,Viseu,2024,8,3749.0
Tabuaço,Viseu,2024,9,4635.0
Tabuaço,Viseu,2024,10,2815.0
Tabuaço,Viseu,2024,11,1150.0
Tabuaço,Viseu,2024,12,552.0
Tabuaço,Viseu,2025,1,454.0
Tabuaço,Viseu,2025,2,712.0
Tabuaço,Viseu,2025,3,1352.0
Tabuaço,Viseu,2025,4,2546.0
Tabuaço,Viseu,2025,5,3658.0
Tabuaço,Viseu,2025,6,3572.0
Tabuaço,Viseu,2025,7,3640.0
Tabuaço,Viseu,2025,8,4603.0
Tabuaço,Viseu,2025,9,4124.0
Tabuaço,Viseu,2025,10,3477.0
Tabuaço,Viseu,2025,11,1695.0
Tabuaço,Viseu,2025,12,981.0
Tabuaço,Viseu,2026,1,598.0
Tabuaço,Viseu,2026,2,855.0
Tabuaço,Viseu,2026,3,1215.0
Tabuaço,Viseu,2026,4,2792.0
Tabuaço,Viseu,2026,5,4339.0
Tabuaço,Viseu,2026,6,3740.0
Tabuaço,Viseu,2026,7,4050.0
Tarouca,Viseu,2020,1,344.0
Tarouca,Viseu,2020,2,250.0
Tarouca,Viseu,2020,3,
Tarouca,Viseu,2020,4,
Tarouca,Viseu,2020,5,
Tarouca,Viseu,2020,6,549.0
Tarouca,Viseu,2020,7,793.0
Tarouca,Viseu,2020,8,2814.0
Tarouca,Viseu,2020,9,1219.0
Tarouca,Viseu,2020,10,613.0
Tarouca,Viseu,2020,11,221.0
Tarouca,Viseu,2020,12,231.0
Tarouca,Viseu,2021,1,
Tarouca,Viseu,2021,2,
Tarouca,Viseu,2021,3,175.0
Tarouca,Viseu,2021,4,526.0
Tarouca,Viseu,2021,5,749.0
Tarouca,Viseu,2021,6,1220.0
Tarouca,Viseu,2021,7,1248.0
Tarouca,Viseu,2021,8,2305.0
Tarouca,Viseu,2021,9,1263.0
Tarouca,Viseu,2021,10,1332.0
Tarouca,Viseu,2021,11,493.0
Tarouca,Viseu,2021,12,639.0
Tarouca,Viseu,2022,1,423.0
Tarouca,Viseu,2022,2,687.0
Tarouca,Viseu,2022,3,765.0
Tarouca,Viseu,2022,4,1177.0
Tarouca,Viseu,2022,5,992.0
Tarouca,Viseu,2022,6,1296.0
Tarouca,Viseu,2022,7,1621.0
Tarouca,Viseu,2022,8,2902.0
Tarouca,Viseu,2022,9,2034.0
Tarouca,Viseu,2022,10,1473.0
Tarouca,Viseu,2022,11,
Tarouca,Viseu,2022,12,
Tarouca,Viseu,2023,1,657.0
Tarouca,Viseu,2023,2,1023.0
Tarouca,Viseu,2023,3,915.0
Tarouca,Viseu,2023,4,1522.0
Tarouca,Viseu,2023,5,1211.0
Tarouca,Viseu,2023,6,1597.0
Tarouca,Viseu,2023,7,2242.0
Tarouca,Viseu,2023,8,3547.0
Tarouca,Viseu,2023,9,2077.0
Tarouca,Viseu,2023,10,1485.0
Tarouca,Viseu,2023,11,753.0
Tarouca,Viseu,2023,12,1355.0
Tarouca,Viseu,2024,1,742.0
Tarouca,Viseu,2024,2,1044.0
Tarouca,Viseu,2024,3,1106.0
Tarouca,Viseu,2024,4,1432.0
Tarouca,Viseu,2024,5,1782.0
Tarouca,Viseu,2024,6,842.0
Tarouca,Viseu,2024,7,2308.0
Tarouca,Viseu,2024,8,3803.0
Tarouca,Viseu,2024,9,2108.0
Tarouca,Viseu,2024,10,1461.0
Tarouca,Viseu,2024,11,972.0
Tarouca,Viseu,2024,12,881.0
Tarouca,Viseu,2025,1,852.0
Tarouca,Viseu,2025,2,978.0
Tarouca,Viseu,2025,3,1176.0
Tarouca,Viseu,2025,4,1423.0
Tarouca,Viseu,2025,5,1549.0
Tarouca,Viseu,2025,6,1822.0
Tarouca,Viseu,2025,7,2078.0
Tarouca,Viseu,2025,8,3303.0
Tarouca,Viseu,2025,9,1876.0
Tarouca,Viseu,2025,10,1469.0
Tarouca,Viseu,2025,11,928.0
Tarouca,Viseu,2025,12,999.0
Tarouca,Viseu,2026,1,532.0
Tarouca,Viseu,2026,2,727.0
Tarouca,Viseu,2026,3,640.0
Tarouca,Viseu,2026,4,1273.0
Tarouca,Viseu,2026,5,2462.0
Tarouca,Viseu,2026,6,1823.0
Tarouca,Viseu,2026,7,1912.0
Tavira,Faro,2020,1,19306.0
Tavira,Faro,2020,2,35359.0
Tavira,Faro,2020,3,21870.0
Tavira,Faro,2020,4,5019.0
Tavira,Faro,2020,5,5343.0
Tavira,Faro,2020,6,17514.0
Tavira,Faro,2020,7,46782.0
Tavira,Faro,2020,8,79198.0
Tavira,Faro,2020,9,59259.0
Tavira,Faro,2020,10,27396.0
Tavira,Faro,2020,11,4780.0
Tavira,Faro,2020,12,4605.0
Tavira,Faro,2021,1,2916.0
Tavira,Faro,2021,2,1590.0
Tavira,Faro,2021,3,3261.0
Tavira,Faro,2021,4,6814.0
Tavira,Faro,2021,5,21308.0
Tavira,Faro,2021,6,42662.0
Tavira,Faro,2021,7,74866.0
Tavira,Faro,2021,8,111894.0
Tavira,Faro,2021,9,71214.0
Tavira,Faro,2021,10,54496.0
Tavira,Faro,2021,11,20355.0
Tavira,Faro,2021,12,13711.0
Tavira,Faro,2022,1,12588.0
Tavira,Faro,2022,2,21490.0
Tavira,Faro,2022,3,33190.0
Tavira,Faro,2022,4,53101.0
Tavira,Faro,2022,5,56763.0
Tavira,Faro,2022,6,65496.0
Tavira,Faro,2022,7,83769.0
Tavira,Faro,2022,8,100725.0
Tavira,Faro,2022,9,84504.0
Tavira,Faro,2022,10,63606.0
Tavira,Faro,2022,11,25574.0
Tavira,Faro,2022,12,20829.0
Tavira,Faro,2023,1,19811.0
Tavira,Faro,2023,2,33488.0
Tavira,Faro,2023,3,45621.0
Tavira,Faro,2023,4,67782.0
Tavira,Faro,2023,5,68079.0
Tavira,Faro,2023,6,75154.0
Tavira,Faro,2023,7,92812.0
Tavira,Faro,2023,8,100090.0
Tavira,Faro,2023,9,88169.0
Tavira,Faro,2023,10,75677.0
Tavira,Faro,2023,11,31114.0
Tavira,Faro,2023,12,24356.0
Tavira,Faro,2024,1,19610.0
Tavira,Faro,2024,2,40118.0
Tavira,Faro,2024,3,52765.0
Tavira,Faro,2024,4,58980.0
Tavira,Faro,2024,5,74075.0
Tavira,Faro,2024,6,79293.0
Tavira,Faro,2024,7,95656.0
Tavira,Faro,2024,8,104774.0
Tavira,Faro,2024,9,89189.0
Tavira,Faro,2024,10,73655.0
Tavira,Faro,2024,11,40675.0
Tavira,Faro,2024,12,30034.0
Tavira,Faro,2025,1,27470.0
Tavira,Faro,2025,2,41528.0
Tavira,Faro,2025,3,51582.0
Tavira,Faro,2025,4,67897.0
Tavira,Faro,2025,5,78022.0
Tavira,Faro,2025,6,86786.0
Tavira,Faro,2025,7,104150.0
Tavira,Faro,2025,8,106512.0
Tavira,Faro,2025,9,88548.0
Tavira,Faro,2025,10,77102.0
Tavira,Faro,2025,11,35942.0
Tavira,Faro,2025,12,29424.0
Tavira,Faro,2026,1,25924.0
Tavira,Faro,2026,2,35319.0
Tavira,Faro,2026,3,46309.0
Tavira,Faro,2026,4,62382.0
Tavira,Faro,2026,5,74716.0
Tavira,Faro,2026,6,85512.0
Tavira,Faro,2026,7,112576.0
Terras de Bouro,Braga,2020,1,1902.0
Terras de Bouro,Braga,2020,2,4682.0
Terras de Bouro,Braga,2020,3,1319.0
Terras de Bouro,Braga,2020,4,
Terras de Bouro,Braga,2020,5,
Terras de Bouro,Braga,2020,6,8661.0
Terras de Bouro,Braga,2020,7,25544.0
Terras de Bouro,Braga,2020,8,33318.0
Terras de Bouro,Braga,2020,9,21329.0
Terras de Bouro,Braga,2020,10,9364.0
Terras de Bouro,Braga,2020,11,1271.0
Terras de Bouro,Braga,2020,12,1719.0
Terras de Bouro,Braga,2021,1,589.0
Terras de Bouro,Braga,2021,2,365.0
Terras de Bouro,Braga,2021,3,832.0
Terras de Bouro,Braga,2021,4,2842.0
Terras de Bouro,Braga,2021,5,8553.0
Terras de Bouro,Braga,2021,6,16531.0
Terras de Bouro,Braga,2021,7,25784.0
Terras de Bouro,Braga,2021,8,35342.0
Terras de Bouro,Braga,2021,9,20198.0
Terras de Bouro,Braga,2021,10,13330.0
Terras de Bouro,Braga,2021,11,4462.0
Terras de Bouro,Braga,2021,12,3890.0
Terras de Bouro,Braga,2022,1,2586.0
Terras de Bouro,Braga,2022,2,3854.0
Terras de Bouro,Braga,2022,3,3970.0
Terras de Bouro,Braga,2022,4,10318.0
Terras de Bouro,Braga,2022,5,9907.0
Terras de Bouro,Braga,2022,6,16099.0
Terras de Bouro,Braga,2022,7,26679.0
Terras de Bouro,Braga,2022,8,37499.0
Terras de Bouro,Braga,2022,9,18911.0
Terras de Bouro,Braga,2022,10,11543.0
Terras de Bouro,Braga,2022,11,3266.0
Terras de Bouro,Braga,2022,12,5075.0
Terras de Bouro,Braga,2023,1,2427.0
Terras de Bouro,Braga,2023,2,3924.0
Terras de Bouro,Braga,2023,3,3757.0
Terras de Bouro,Braga,2023,4,12610.0
Terras de Bouro,Braga,2023,5,10772.0
Terras de Bouro,Braga,2023,6,15744.0
Terras de Bouro,Braga,2023,7,29437.0
Terras de Bouro,Braga,2023,8,38093.0
Terras de Bouro,Braga,2023,9,20045.0
Terras de Bouro,Braga,2023,10,10365.0
Terras de Bouro,Braga,2023,11,3584.0
Terras de Bouro,Braga,2023,12,5804.0
Terras de Bouro,Braga,2024,1,2318.0
Terras de Bouro,Braga,2024,2,2858.0
Terras de Bouro,Braga,2024,3,4834.0
Terras de Bouro,Braga,2024,4,8653.0
Terras de Bouro,Braga,2024,5,12752.0
Terras de Bouro,Braga,2024,6,15982.0
Terras de Bouro,Braga,2024,7,26958.0
Terras de Bouro,Braga,2024,8,37640.0
Terras de Bouro,Braga,2024,9,19974.0
Terras de Bouro,Braga,2024,10,10577.0
Terras de Bouro,Braga,2024,11,4686.0
Terras de Bouro,Braga,2024,12,4166.0
Terras de Bouro,Braga,2025,1,2546.0
Terras de Bouro,Braga,2025,2,3133.0
Terras de Bouro,Braga,2025,3,4515.0
Terras de Bouro,Braga,2025,4,9625.0
Terras de Bouro,Braga,2025,5,11737.0
Terras de Bouro,Braga,2025,6,16570.0
Terras de Bouro,Braga,2025,7,24079.0
Terras de Bouro,Braga,2025,8,32272.0
Terras de Bouro,Braga,2025,9,17454.0
Terras de Bouro,Braga,2025,10,10315.0
Terras de Bouro,Braga,2025,11,3505.0
Terras de Bouro,Braga,2025,12,4231.0
Terras de Bouro,Braga,2026,1,2317.0
Terras de Bouro,Braga,2026,2,2464.0
Terras de Bouro,Braga,2026,3,3338.0
Terras de Bouro,Braga,2026,4,7639.0
Terras de Bouro,Braga,2026,5,11623.0
Terras de Bouro,Braga,2026,6,15777.0
Terras de Bouro,Braga,2026,7,25498.0
Tomar,Santarém,2020,1,5086.0
Tomar,Santarém,2020,2,6732.0
Tomar,Santarém,2020,3,3014.0
Tomar,Santarém,2020,4,407.0
Tomar,Santarém,2020,5,607.0
Tomar,Santarém,2020,6,2808.0
Tomar,Santarém,2020,7,4664.0
Tomar,Santarém,2020,8,10294.0
Tomar,Santarém,2020,9,7024.0
Tomar,Santarém,2020,10,5014.0
Tomar,Santarém,2020,11,1755.0
Tomar,Santarém,2020,12,1810.0
Tomar,Santarém,2021,1,887.0
Tomar,Santarém,2021,2,844.0
Tomar,Santarém,2021,3,955.0
Tomar,Santarém,2021,4,2504.0
Tomar,Santarém,2021,5,5655.0
Tomar,Santarém,2021,6,8308.0
Tomar,Santarém,2021,7,8831.0
Tomar,Santarém,2021,8,13852.0
Tomar,Santarém,2021,9,10393.0
Tomar,Santarém,2021,10,9462.0
Tomar,Santarém,2021,11,6928.0
Tomar,Santarém,2021,12,4982.0
Tomar,Santarém,2022,1,3252.0
Tomar,Santarém,2022,2,5434.0
Tomar,Santarém,2022,3,6088.0
Tomar,Santarém,2022,4,10404.0
Tomar,Santarém,2022,5,13197.0
Tomar,Santarém,2022,6,12105.0
Tomar,Santarém,2022,7,14861.0
Tomar,Santarém,2022,8,18015.0
Tomar,Santarém,2022,9,13494.0
Tomar,Santarém,2022,10,11141.0
Tomar,Santarém,2022,11,8804.0
Tomar,Santarém,2022,12,6858.0
Tomar,Santarém,2023,1,5220.0
Tomar,Santarém,2023,2,6476.0
Tomar,Santarém,2023,3,8531.0
Tomar,Santarém,2023,4,11878.0
Tomar,Santarém,2023,5,15211.0
Tomar,Santarém,2023,6,10896.0
Tomar,Santarém,2023,7,13773.0
Tomar,Santarém,2023,8,16415.0
Tomar,Santarém,2023,9,15020.0
Tomar,Santarém,2023,10,12898.0
Tomar,Santarém,2023,11,9981.0
Tomar,Santarém,2023,12,7381.0
Tomar,Santarém,2024,1,7268.0
Tomar,Santarém,2024,2,8992.0
Tomar,Santarém,2024,3,12258.0
Tomar,Santarém,2024,4,12297.0
Tomar,Santarém,2024,5,16920.0
Tomar,Santarém,2024,6,13752.0
Tomar,Santarém,2024,7,16996.0
Tomar,Santarém,2024,8,22139.0
Tomar,Santarém,2024,9,18504.0
Tomar,Santarém,2024,10,15620.0
Tomar,Santarém,2024,11,14017.0
Tomar,Santarém,2024,12,11878.0
Tomar,Santarém,2025,1,7228.0
Tomar,Santarém,2025,2,8118.0
Tomar,Santarém,2025,3,10392.0
Tomar,Santarém,2025,4,15134.0
Tomar,Santarém,2025,5,18566.0
Tomar,Santarém,2025,6,15193.0
Tomar,Santarém,2025,7,18912.0
Tomar,Santarém,2025,8,21302.0
Tomar,Santarém,2025,9,17894.0
Tomar,Santarém,2025,10,15749.0
Tomar,Santarém,2025,11,13382.0
Tomar,Santarém,2025,12,9776.0
Tomar,Santarém,2026,1,7916.0
Tomar,Santarém,2026,2,8710.0
Tomar,Santarém,2026,3,11074.0
Tomar,Santarém,2026,4,14061.0
Tomar,Santarém,2026,5,18208.0
Tomar,Santarém,2026,6,15707.0
Tomar,Santarém,2026,7,19228.0
Tondela,Viseu,2020,1,1783.0
Tondela,Viseu,2020,2,2149.0
Tondela,Viseu,2020,3,654.0
Tondela,Viseu,2020,4,
Tondela,Viseu,2020,5,
Tondela,Viseu,2020,6,371.0
Tondela,Viseu,2020,7,2873.0
Tondela,Viseu,2020,8,4768.0
Tondela,Viseu,2020,9,2338.0
Tondela,Viseu,2020,10,1843.0
Tondela,Viseu,2020,11,765.0
Tondela,Viseu,2020,12,740.0
Tondela,Viseu,2021,1,575.0
Tondela,Viseu,2021,2,454.0
Tondela,Viseu,2021,3,519.0
Tondela,Viseu,2021,4,693.0
Tondela,Viseu,2021,5,1320.0
Tondela,Viseu,2021,6,2042.0
Tondela,Viseu,2021,7,2510.0
Tondela,Viseu,2021,8,4550.0
Tondela,Viseu,2021,9,2744.0
Tondela,Viseu,2021,10,2390.0
Tondela,Viseu,2021,11,1547.0
Tondela,Viseu,2021,12,1106.0
Tondela,Viseu,2022,1,721.0
Tondela,Viseu,2022,2,1308.0
Tondela,Viseu,2022,3,1469.0
Tondela,Viseu,2022,4,2172.0
Tondela,Viseu,2022,5,2479.0
Tondela,Viseu,2022,6,2684.0
Tondela,Viseu,2022,7,3271.0
Tondela,Viseu,2022,8,5837.0
Tondela,Viseu,2022,9,4320.0
Tondela,Viseu,2022,10,2607.0
Tondela,Viseu,2022,11,1981.0
Tondela,Viseu,2022,12,2216.0
Tondela,Viseu,2023,1,1851.0
Tondela,Viseu,2023,2,2207.0
Tondela,Viseu,2023,3,2069.0
Tondela,Viseu,2023,4,3324.0
Tondela,Viseu,2023,5,3237.0
Tondela,Viseu,2023,6,3448.0
Tondela,Viseu,2023,7,5183.0
Tondela,Viseu,2023,8,7765.0
Tondela,Viseu,2023,9,4493.0
Tondela,Viseu,2023,10,3486.0
Tondela,Viseu,2023,11,3292.0
Tondela,Viseu,2023,12,3476.0
Tondela,Viseu,2024,1,2197.0
Tondela,Viseu,2024,2,2351.0
Tondela,Viseu,2024,3,3256.0
Tondela,Viseu,2024,4,3232.0
Tondela,Viseu,2024,5,3202.0
Tondela,Viseu,2024,6,4072.0
Tondela,Viseu,2024,7,5193.0
Tondela,Viseu,2024,8,7607.0
Tondela,Viseu,2024,9,4579.0
Tondela,Viseu,2024,10,2625.0
Tondela,Viseu,2024,11,2446.0
Tondela,Viseu,2024,12,2453.0
Tondela,Viseu,2025,1,1814.0
Tondela,Viseu,2025,2,2192.0
Tondela,Viseu,2025,3,2364.0
Tondela,Viseu,2025,4,3670.0
Tondela,Viseu,2025,5,3104.0
Tondela,Viseu,2025,6,3754.0
Tondela,Viseu,2025,7,4381.0
Tondela,Viseu,2025,8,7326.0
Tondela,Viseu,2025,9,4171.0
Tondela,Viseu,2025,10,3001.0
Tondela,Viseu,2025,11,1870.0
Tondela,Viseu,2025,12,2237.0
Tondela,Viseu,2026,1,1351.0
Tondela,Viseu,2026,2,1561.0
Tondela,Viseu,2026,3,2048.0
Tondela,Viseu,2026,4,3325.0
Tondela,Viseu,2026,5,3595.0
Tondela,Viseu,2026,6,3928.0
Tondela,Viseu,2026,7,5216.0
Torre de Moncorvo,Bragança,2020,1,462.0
Torre de Moncorvo,Bragança,2020,2,1127.0
Torre de Moncorvo,Bragança,2020,3,263.0
Torre de Moncorvo,Bragança,2020,4,
Torre de Moncorvo,Bragança,2020,5,
Torre de Moncorvo,Bragança,2020,6,792.0
Torre de Moncorvo,Bragança,2020,7,1048.0
Torre de Moncorvo,Bragança,2020,8,2380.0
Torre de Moncorvo,Bragança,2020,9,1367.0
Torre de Moncorvo,Bragança,2020,10,819.0
Torre de Moncorvo,Bragança,2020,11,599.0
Torre de Moncorvo,Bragança,2020,12,595.0
Torre de Moncorvo,Bragança,2021,1,402.0
Torre de Moncorvo,Bragança,2021,2,503.0
Torre de Moncorvo,Bragança,2021,3,665.0
Torre de Moncorvo,Bragança,2021,4,843.0
Torre de Moncorvo,Bragança,2021,5,910.0
Torre de Moncorvo,Bragança,2021,6,1015.0
Torre de Moncorvo,Bragança,2021,7,1271.0
Torre de Moncorvo,Bragança,2021,8,2215.0
Torre de Moncorvo,Bragança,2021,9,1386.0
Torre de Moncorvo,Bragança,2021,10,1261.0
Torre de Moncorvo,Bragança,2021,11,612.0
Torre de Moncorvo,Bragança,2021,12,478.0
Torre de Moncorvo,Bragança,2022,1,399.0
Torre de Moncorvo,Bragança,2022,2,659.0
Torre de Moncorvo,Bragança,2022,3,805.0
Torre de Moncorvo,Bragança,2022,4,1421.0
Torre de Moncorvo,Bragança,2022,5,1086.0
Torre de Moncorvo,Bragança,2022,6,1092.0
Torre de Moncorvo,Bragança,2022,7,1556.0
Torre de Moncorvo,Bragança,2022,8,2212.0
Torre de Moncorvo,Bragança,2022,9,1418.0
Torre de Moncorvo,Bragança,2022,10,1067.0
Torre de Moncorvo,Bragança,2022,11,874.0
Torre de Moncorvo,Bragança,2022,12,464.0
Torre de Moncorvo,Bragança,2023,1,680.0
Torre de Moncorvo,Bragança,2023,2,671.0
Torre de Moncorvo,Bragança,2023,3,787.0
Torre de Moncorvo,Bragança,2023,4,1458.0
Torre de Moncorvo,Bragança,2023,5,1082.0
Torre de Moncorvo,Bragança,2023,6,898.0
Torre de Moncorvo,Bragança,2023,7,1320.0
Torre de Moncorvo,Bragança,2023,8,2146.0
Torre de Moncorvo,Bragança,2023,9,1205.0
Torre de Moncorvo,Bragança,2023,10,1676.0
Torre de Moncorvo,Bragança,2023,11,517.0
Torre de Moncorvo,Bragança,2023,12,520.0
Torre de Moncorvo,Bragança,2024,1,610.0
Torre de Moncorvo,Bragança,2024,2,802.0
Torre de Moncorvo,Bragança,2024,3,950.0
Torre de Moncorvo,Bragança,2024,4,1049.0
Torre de Moncorvo,Bragança,2024,5,1405.0
Torre de Moncorvo,Bragança,2024,6,1624.0
Torre de Moncorvo,Bragança,2024,7,1715.0
Torre de Moncorvo,Bragança,2024,8,2296.0
Torre de Moncorvo,Bragança,2024,9,1381.0
Torre de Moncorvo,Bragança,2024,10,1307.0
Torre de Moncorvo,Bragança,2024,11,1043.0
Torre de Moncorvo,Bragança,2024,12,751.0
Torre de Moncorvo,Bragança,2025,1,642.0
Torre de Moncorvo,Bragança,2025,2,756.0
Torre de Moncorvo,Bragança,2025,3,1087.0
Torre de Moncorvo,Bragança,2025,4,1267.0
Torre de Moncorvo,Bragança,2025,5,1625.0
Torre de Moncorvo,Bragança,2025,6,1642.0
Torre de Moncorvo,Bragança,2025,7,1912.0
Torre de Moncorvo,Bragança,2025,8,2324.0
Torre de Moncorvo,Bragança,2025,9,1579.0
Torre de Moncorvo,Bragança,2025,10,1392.0
Torre de Moncorvo,Bragança,2025,11,1072.0
Torre de Moncorvo,Bragança,2025,12,773.0
Torre de Moncorvo,Bragança,2026,1,761.0
Torre de Moncorvo,Bragança,2026,2,780.0
Torre de Moncorvo,Bragança,2026,3,1183.0
Torre de Moncorvo,Bragança,2026,4,1823.0
Torre de Moncorvo,Bragança,2026,5,2167.0
Torre de Moncorvo,Bragança,2026,6,1993.0
Torre de Moncorvo,Bragança,2026,7,2157.0
Torres Novas,Santarém,2020,1,1625.0
Torres Novas,Santarém,2020,2,1788.0
Torres Novas,Santarém,2020,3,1468.0
Torres Novas,Santarém,2020,4,
Torres Novas,Santarém,2020,5,
Torres Novas,Santarém,2020,6,1072.0
Torres Novas,Santarém,2020,7,1650.0
Torres Novas,Santarém,2020,8,2408.0
Torres Novas,Santarém,2020,9,1839.0
Torres Novas,Santarém,2020,10,1517.0
Torres Novas,Santarém,2020,11,1068.0
Torres Novas,Santarém,2020,12,954.0
Torres Novas,Santarém,2021,1,831.0
Torres Novas,Santarém,2021,2,646.0
Torres Novas,Santarém,2021,3,915.0
Torres Novas,Santarém,2021,4,1273.0
Torres Novas,Santarém,2021,5,1367.0
Torres Novas,Santarém,2021,6,1484.0
Torres Novas,Santarém,2021,7,1624.0
Torres Novas,Santarém,2021,8,2738.0
Torres Novas,Santarém,2021,9,1948.0
Torres Novas,Santarém,2021,10,2073.0
Torres Novas,Santarém,2021,11,1840.0
Torres Novas,Santarém,2021,12,1318.0
Torres Novas,Santarém,2022,1,1133.0
Torres Novas,Santarém,2022,2,1446.0
Torres Novas,Santarém,2022,3,1739.0
Torres Novas,Santarém,2022,4,1777.0
Torres Novas,Santarém,2022,5,1929.0
Torres Novas,Santarém,2022,6,2066.0
Torres Novas,Santarém,2022,7,2334.0
Torres Novas,Santarém,2022,8,3373.0
Torres Novas,Santarém,2022,9,1985.0
Torres Novas,Santarém,2022,10,2355.0
Torres Novas,Santarém,2022,11,1998.0
Torres Novas,Santarém,2022,12,1621.0
Torres Novas,Santarém,2023,1,2165.0
Torres Novas,Santarém,2023,2,1795.0
Torres Novas,Santarém,2023,3,2678.0
Torres Novas,Santarém,2023,4,3119.0
Torres Novas,Santarém,2023,5,3293.0
Torres Novas,Santarém,2023,6,3734.0
Torres Novas,Santarém,2023,7,3602.0
Torres Novas,Santarém,2023,8,5071.0
Torres Novas,Santarém,2023,9,4175.0
Torres Novas,Santarém,2023,10,4114.0
Torres Novas,Santarém,2023,11,3978.0
Torres Novas,Santarém,2023,12,2698.0
Torres Novas,Santarém,2024,1,2819.0
Torres Novas,Santarém,2024,2,2660.0
Torres Novas,Santarém,2024,3,3217.0
Torres Novas,Santarém,2024,4,3916.0
Torres Novas,Santarém,2024,5,4307.0
Torres Novas,Santarém,2024,6,4354.0
Torres Novas,Santarém,2024,7,4392.0
Torres Novas,Santarém,2024,8,4941.0
Torres Novas,Santarém,2024,9,4013.0
Torres Novas,Santarém,2024,10,3973.0
Torres Novas,Santarém,2024,11,4006.0
Torres Novas,Santarém,2024,12,3452.0
Torres Novas,Santarém,2025,1,2821.0
Torres Novas,Santarém,2025,2,2763.0
Torres Novas,Santarém,2025,3,3521.0
Torres Novas,Santarém,2025,4,3754.0
Torres Novas,Santarém,2025,5,4273.0
Torres Novas,Santarém,2025,6,3428.0
Torres Novas,Santarém,2025,7,4153.0
Torres Novas,Santarém,2025,8,4520.0
Torres Novas,Santarém,2025,9,3286.0
Torres Novas,Santarém,2025,10,3274.0
Torres Novas,Santarém,2025,11,3537.0
Torres Novas,Santarém,2025,12,2647.0
Torres Novas,Santarém,2026,1,2254.0
Torres Novas,Santarém,2026,2,1938.0
Torres Novas,Santarém,2026,3,2409.0
Torres Novas,Santarém,2026,4,3486.0
Torres Novas,Santarém,2026,5,3805.0
Torres Novas,Santarém,2026,6,3255.0
Torres Novas,Santarém,2026,7,3606.0
Torres Vedras,Lisboa,2020,1,8905.0
Torres Vedras,Lisboa,2020,2,13910.0
Torres Vedras,Lisboa,2020,3,4493.0
Torres Vedras,Lisboa,2020,4,
Torres Vedras,Lisboa,2020,5,
Torres Vedras,Lisboa,2020,6,6419.0
Torres Vedras,Lisboa,2020,7,16326.0
Torres Vedras,Lisboa,2020,8,30420.0
Torres Vedras,Lisboa,2020,9,17659.0
Torres Vedras,Lisboa,2020,10,10531.0
Torres Vedras,Lisboa,2020,11,3797.0
Torres Vedras,Lisboa,2020,12,3392.0
Torres Vedras,Lisboa,2021,1,2385.0
Torres Vedras,Lisboa,2021,2,1778.0
Torres Vedras,Lisboa,2021,3,2009.0
Torres Vedras,Lisboa,2021,4,5473.0
Torres Vedras,Lisboa,2021,5,12262.0
Torres Vedras,Lisboa,2021,6,14713.0
Torres Vedras,Lisboa,2021,7,23140.0
Torres Vedras,Lisboa,2021,8,36376.0
Torres Vedras,Lisboa,2021,9,20590.0
Torres Vedras,Lisboa,2021,10,20904.0
Torres Vedras,Lisboa,2021,11,11996.0
Torres Vedras,Lisboa,2021,12,8010.0
Torres Vedras,Lisboa,2022,1,6574.0
Torres Vedras,Lisboa,2022,2,9679.0
Torres Vedras,Lisboa,2022,3,16207.0
Torres Vedras,Lisboa,2022,4,24911.0
Torres Vedras,Lisboa,2022,5,22332.0
Torres Vedras,Lisboa,2022,6,28250.0
Torres Vedras,Lisboa,2022,7,34071.0
Torres Vedras,Lisboa,2022,8,43102.0
Torres Vedras,Lisboa,2022,9,31334.0
Torres Vedras,Lisboa,2022,10,23265.0
Torres Vedras,Lisboa,2022,11,15342.0
Torres Vedras,Lisboa,2022,12,15437.0
Torres Vedras,Lisboa,2023,1,10722.0
Torres Vedras,Lisboa,2023,2,16210.0
Torres Vedras,Lisboa,2023,3,18553.0
Torres Vedras,Lisboa,2023,4,25892.0
Torres Vedras,Lisboa,2023,5,23003.0
Torres Vedras,Lisboa,2023,6,30638.0
Torres Vedras,Lisboa,2023,7,31224.0
Torres Vedras,Lisboa,2023,8,40315.0
Torres Vedras,Lisboa,2023,9,32115.0
Torres Vedras,Lisboa,2023,10,27099.0
Torres Vedras,Lisboa,2023,11,16907.0
Torres Vedras,Lisboa,2023,12,15062.0
Torres Vedras,Lisboa,2024,1,9649.0
Torres Vedras,Lisboa,2024,2,16920.0
Torres Vedras,Lisboa,2024,3,20660.0
Torres Vedras,Lisboa,2024,4,24454.0
Torres Vedras,Lisboa,2024,5,25894.0
Torres Vedras,Lisboa,2024,6,28433.0
Torres Vedras,Lisboa,2024,7,35283.0
Torres Vedras,Lisboa,2024,8,44745.0
Torres Vedras,Lisboa,2024,9,31495.0
Torres Vedras,Lisboa,2024,10,25309.0
Torres Vedras,Lisboa,2024,11,18199.0
Torres Vedras,Lisboa,2024,12,12261.0
Torres Vedras,Lisboa,2025,1,10298.0
Torres Vedras,Lisboa,2025,2,12087.0
Torres Vedras,Lisboa,2025,3,20419.0
Torres Vedras,Lisboa,2025,4,24994.0
Torres Vedras,Lisboa,2025,5,25571.0
Torres Vedras,Lisboa,2025,6,29436.0
Torres Vedras,Lisboa,2025,7,36261.0
Torres Vedras,Lisboa,2025,8,45885.0
Torres Vedras,Lisboa,2025,9,31516.0
Torres Vedras,Lisboa,2025,10,24674.0
Torres Vedras,Lisboa,2025,11,17459.0
Torres Vedras,Lisboa,2025,12,12421.0
Torres Vedras,Lisboa,2026,1,11011.0
Torres Vedras,Lisboa,2026,2,11423.0
Torres Vedras,Lisboa,2026,3,19486.0
Torres Vedras,Lisboa,2026,4,21901.0
Torres Vedras,Lisboa,2026,5,25297.0
Torres Vedras,Lisboa,2026,6,26366.0
Torres Vedras,Lisboa,2026,7,37011.0
Trancoso,Guarda,2020,1,1099.0
Trancoso,Guarda,2020,2,1628.0
Trancoso,Guarda,2020,3,536.0
Trancoso,Guarda,2020,4,
Trancoso,Guarda,2020,5,
Trancoso,Guarda,2020,6,828.0
Trancoso,Guarda,2020,7,1387.0
Trancoso,Guarda,2020,8,3022.0
Trancoso,Guarda,2020,9,1709.0
Trancoso,Guarda,2020,10,1149.0
Trancoso,Guarda,2020,11,402.0
Trancoso,Guarda,2020,12,552.0
Trancoso,Guarda,2021,1,377.0
Trancoso,Guarda,2021,2,361.0
Trancoso,Guarda,2021,3,394.0
Trancoso,Guarda,2021,4,705.0
Trancoso,Guarda,2021,5,922.0
Trancoso,Guarda,2021,6,1679.0
Trancoso,Guarda,2021,7,1675.0
Trancoso,Guarda,2021,8,3350.0
Trancoso,Guarda,2021,9,1903.0
Trancoso,Guarda,2021,10,2010.0
Trancoso,Guarda,2021,11,1375.0
Trancoso,Guarda,2021,12,1218.0
Trancoso,Guarda,2022,1,666.0
Trancoso,Guarda,2022,2,1102.0
Trancoso,Guarda,2022,3,1161.0
Trancoso,Guarda,2022,4,1585.0
Trancoso,Guarda,2022,5,1887.0
Trancoso,Guarda,2022,6,1674.0
Trancoso,Guarda,2022,7,2607.0
Trancoso,Guarda,2022,8,3387.0
Trancoso,Guarda,2022,9,1558.0
Trancoso,Guarda,2022,10,1462.0
Trancoso,Guarda,2022,11,1264.0
Trancoso,Guarda,2022,12,984.0
Trancoso,Guarda,2023,1,669.0
Trancoso,Guarda,2023,2,885.0
Trancoso,Guarda,2023,3,738.0
Trancoso,Guarda,2023,4,1951.0
Trancoso,Guarda,2023,5,1691.0
Trancoso,Guarda,2023,6,1861.0
Trancoso,Guarda,2023,7,2119.0
Trancoso,Guarda,2023,8,2916.0
Trancoso,Guarda,2023,9,1499.0
Trancoso,Guarda,2023,10,1183.0
Trancoso,Guarda,2023,11,956.0
Trancoso,Guarda,2023,12,1127.0
Trancoso,Guarda,2024,1,423.0
Trancoso,Guarda,2024,2,1100.0
Trancoso,Guarda,2024,3,735.0
Trancoso,Guarda,2024,4,1263.0
Trancoso,Guarda,2024,5,1298.0
Trancoso,Guarda,2024,6,1623.0
Trancoso,Guarda,2024,7,1803.0
Trancoso,Guarda,2024,8,3230.0
Trancoso,Guarda,2024,9,1325.0
Trancoso,Guarda,2024,10,1070.0
Trancoso,Guarda,2024,11,902.0
Trancoso,Guarda,2024,12,646.0
Trancoso,Guarda,2025,1,457.0
Trancoso,Guarda,2025,2,975.0
Trancoso,Guarda,2025,3,973.0
Trancoso,Guarda,2025,4,1451.0
Trancoso,Guarda,2025,5,1633.0
Trancoso,Guarda,2025,6,1331.0
Trancoso,Guarda,2025,7,1801.0
Trancoso,Guarda,2025,8,3347.0
Trancoso,Guarda,2025,9,1849.0
Trancoso,Guarda,2025,10,1575.0
Trancoso,Guarda,2025,11,1197.0
Trancoso,Guarda,2025,12,1515.0
Trancoso,Guarda,2026,1,501.0
Trancoso,Guarda,2026,2,945.0
Trancoso,Guarda,2026,3,873.0
Trancoso,Guarda,2026,4,1360.0
Trancoso,Guarda,2026,5,2108.0
Trancoso,Guarda,2026,6,1716.0
Trancoso,Guarda,2026,7,1962.0
Trofa,Porto,2020,1,1435.0
Trofa,Porto,2020,2,1180.0
Trofa,Porto,2020,3,1150.0
Trofa,Porto,2020,4,652.0
Trofa,Porto,2020,5,698.0
Trofa,Porto,2020,6,742.0
Trofa,Porto,2020,7,1111.0
Trofa,Porto,2020,8,1077.0
Trofa,Porto,2020,9,817.0
Trofa,Porto,2020,10,1058.0
Trofa,Porto,2020,11,681.0
Trofa,Porto,2020,12,677.0
Trofa,Porto,2021,1,
Trofa,Porto,2021,2,
Trofa,Porto,2021,3,
Trofa,Porto,2021,4,
Trofa,Porto,2021,5,
Trofa,Porto,2021,6,
Trofa,Porto,2021,7,
Trofa,Porto,2021,8,1405.0
Trofa,Porto,2021,9,968.0
Trofa,Porto,2021,10,
Trofa,Porto,2021,11,
Trofa,Porto,2021,12,
Trofa,Porto,2022,1,737.0
Trofa,Porto,2022,2,1162.0
Trofa,Porto,2022,3,1287.0
Trofa,Porto,2022,4,1386.0
Trofa,Porto,2022,5,1456.0
Trofa,Porto,2022,6,1039.0
Trofa,Porto,2022,7,
Trofa,Porto,2022,8,1502.0
Trofa,Porto,2022,9,1174.0
Trofa,Porto,2022,10,
Trofa,Porto,2022,11,
Trofa,Porto,2022,12,
Trofa,Porto,2023,1,1196.0
Trofa,Porto,2023,2,1131.0
Trofa,Porto,2023,3,1280.0
Trofa,Porto,2023,4,
Trofa,Porto,2023,5,
Trofa,Porto,2023,6,1499.0
Trofa,Porto,2023,7,1519.0
Trofa,Porto,2023,8,1977.0
Trofa,Porto,2023,9,1722.0
Trofa,Porto,2023,10,1291.0
Trofa,Porto,2023,11,846.0
Trofa,Porto,2023,12,675.0
Trofa,Porto,2024,1,
Trofa,Porto,2024,2,
Trofa,Porto,2024,3,
Trofa,Porto,2024,4,
Trofa,Porto,2024,5,1491.0
Trofa,Porto,2024,6,1777.0
Trofa,Porto,2024,7,1948.0
Trofa,Porto,2024,8,2004.0
Trofa,Porto,2024,9,2138.0
Trofa,Porto,2024,10,1446.0
Trofa,Porto,2024,11,2249.0
Trofa,Porto,2024,12,
Trofa,Porto,2025,1,904.0
Trofa,Porto,2025,2,1027.0
Trofa,Porto,2025,3,1071.0
Trofa,Porto,2025,4,1039.0
Trofa,Porto,2025,5,1378.0
Trofa,Porto,2025,6,1208.0
Trofa,Porto,2025,7,948.0
Trofa,Porto,2025,8,1550.0
Trofa,Porto,2025,9,1432.0
Trofa,Porto,2025,10,1084.0
Trofa,Porto,2025,11,796.0
Trofa,Porto,2025,12,799.0
Trofa,Porto,2026,1,
Trofa,Porto,2026,2,
Trofa,Porto,2026,3,
Trofa,Porto,2026,4,
Trofa,Porto,2026,5,
Trofa,Porto,2026,6,
Trofa,Porto,2026,7,
Tábua,Coimbra,2020,1,448.0
Tábua,Coimbra,2020,2,
Tábua,Coimbra,2020,3,315.0
Tábua,Coimbra,2020,4,
Tábua,Coimbra,2020,5,167.0
Tábua,Coimbra,2020,6,482.0
Tábua,Coimbra,2020,7,1012.0
Tábua,Coimbra,2020,8,1788.0
Tábua,Coimbra,2020,9,1300.0
Tábua,Coimbra,2020,10,1406.0
Tábua,Coimbra,2020,11,570.0
Tábua,Coimbra,2020,12,639.0
Tábua,Coimbra,2021,1,534.0
Tábua,Coimbra,2021,2,
Tábua,Coimbra,2021,3,
Tábua,Coimbra,2021,4,597.0
Tábua,Coimbra,2021,5,1303.0
Tábua,Coimbra,2021,6,2163.0
Tábua,Coimbra,2021,7,2891.0
Tábua,Coimbra,2021,8,5132.0
Tábua,Coimbra,2021,9,2910.0
Tábua,Coimbra,2021,10,2805.0
Tábua,Coimbra,2021,11,1855.0
Tábua,Coimbra,2021,12,2084.0
Tábua,Coimbra,2022,1,1896.0
Tábua,Coimbra,2022,2,1954.0
Tábua,Coimbra,2022,3,1757.0
Tábua,Coimbra,2022,4,3300.0
Tábua,Coimbra,2022,5,2590.0
Tábua,Coimbra,2022,6,2636.0
Tábua,Coimbra,2022,7,5103.0
Tábua,Coimbra,2022,8,7002.0
Tábua,Coimbra,2022,9,3882.0
Tábua,Coimbra,2022,10,2841.0
Tábua,Coimbra,2022,11,1595.0
Tábua,Coimbra,2022,12,2352.0
Tábua,Coimbra,2023,1,1827.0
Tábua,Coimbra,2023,2,2017.0
Tábua,Coimbra,2023,3,1719.0
Tábua,Coimbra,2023,4,2732.0
Tábua,Coimbra,2023,5,2989.0
Tábua,Coimbra,2023,6,1761.0
Tábua,Coimbra,2023,7,4618.0
Tábua,Coimbra,2023,8,7211.0
Tábua,Coimbra,2023,9,4021.0
Tábua,Coimbra,2023,10,2778.0
Tábua,Coimbra,2023,11,2067.0
Tábua,Coimbra,2023,12,3156.0
Tábua,Coimbra,2024,1,2411.0
Tábua,Coimbra,2024,2,2349.0
Tábua,Coimbra,2024,3,2980.0
Tábua,Coimbra,2024,4,3192.0
Tábua,Coimbra,2024,5,3446.0
Tábua,Coimbra,2024,6,4196.0
Tábua,Coimbra,2024,7,5308.0
Tábua,Coimbra,2024,8,8260.0
Tábua,Coimbra,2024,9,4327.0
Tábua,Coimbra,2024,10,3549.0
Tábua,Coimbra,2024,11,2805.0
Tábua,Coimbra,2024,12,3238.0
Tábua,Coimbra,2025,1,2327.0
Tábua,Coimbra,2025,2,2441.0
Tábua,Coimbra,2025,3,2900.0
Tábua,Coimbra,2025,4,3954.0
Tábua,Coimbra,2025,5,3538.0
Tábua,Coimbra,2025,6,4517.0
Tábua,Coimbra,2025,7,5057.0
Tábua,Coimbra,2025,8,7652.0
Tábua,Coimbra,2025,9,4046.0
Tábua,Coimbra,2025,10,3469.0
Tábua,Coimbra,2025,11,2871.0
Tábua,Coimbra,2025,12,3338.0
Tábua,Coimbra,2026,1,3205.0
Tábua,Coimbra,2026,2,2392.0
Tábua,Coimbra,2026,3,2699.0
Tábua,Coimbra,2026,4,3230.0
Tábua,Coimbra,2026,5,3508.0
Tábua,Coimbra,2026,6,3457.0
Tábua,Coimbra,2026,7,4873.0
Vagos,Aveiro,2020,1,561.0
Vagos,Aveiro,2020,2,668.0
Vagos,Aveiro,2020,3,
Vagos,Aveiro,2020,4,
Vagos,Aveiro,2020,5,
Vagos,Aveiro,2020,6,
Vagos,Aveiro,2020,7,
Vagos,Aveiro,2020,8,2026.0
Vagos,Aveiro,2020,9,1027.0
Vagos,Aveiro,2020,10,514.0
Vagos,Aveiro,2020,11,
Vagos,Aveiro,2020,12,
Vagos,Aveiro,2021,1,262.0
Vagos,Aveiro,2021,2,301.0
Vagos,Aveiro,2021,3,
Vagos,Aveiro,2021,4,
Vagos,Aveiro,2021,5,584.0
Vagos,Aveiro,2021,6,1287.0
Vagos,Aveiro,2021,7,1903.0
Vagos,Aveiro,2021,8,2962.0
Vagos,Aveiro,2021,9,1815.0
Vagos,Aveiro,2021,10,1696.0
Vagos,Aveiro,2021,11,738.0
Vagos,Aveiro,2021,12,1237.0
Vagos,Aveiro,2022,1,1341.0
Vagos,Aveiro,2022,2,1452.0
Vagos,Aveiro,2022,3,1811.0
Vagos,Aveiro,2022,4,2332.0
Vagos,Aveiro,2022,5,1784.0
Vagos,Aveiro,2022,6,2045.0
Vagos,Aveiro,2022,7,3063.0
Vagos,Aveiro,2022,8,4152.0
Vagos,Aveiro,2022,9,2076.0
Vagos,Aveiro,2022,10,2355.0
Vagos,Aveiro,2022,11,1958.0
Vagos,Aveiro,2022,12,1850.0
Vagos,Aveiro,2023,1,2159.0
Vagos,Aveiro,2023,2,1844.0
Vagos,Aveiro,2023,3,2003.0
Vagos,Aveiro,2023,4,2702.0
Vagos,Aveiro,2023,5,2880.0
Vagos,Aveiro,2023,6,2369.0
Vagos,Aveiro,2023,7,3393.0
Vagos,Aveiro,2023,8,4561.0
Vagos,Aveiro,2023,9,2847.0
Vagos,Aveiro,2023,10,2176.0
Vagos,Aveiro,2023,11,1730.0
Vagos,Aveiro,2023,12,1204.0
Vagos,Aveiro,2024,1,1615.0
Vagos,Aveiro,2024,2,1874.0
Vagos,Aveiro,2024,3,2029.0
Vagos,Aveiro,2024,4,2115.0
Vagos,Aveiro,2024,5,2285.0
Vagos,Aveiro,2024,6,2469.0
Vagos,Aveiro,2024,7,3559.0
Vagos,Aveiro,2024,8,4466.0
Vagos,Aveiro,2024,9,2397.0
Vagos,Aveiro,2024,10,1589.0
Vagos,Aveiro,2024,11,919.0
Vagos,Aveiro,2024,12,772.0
Vagos,Aveiro,2025,1,431.0
Vagos,Aveiro,2025,2,723.0
Vagos,Aveiro,2025,3,661.0
Vagos,Aveiro,2025,4,1360.0
Vagos,Aveiro,2025,5,1533.0
Vagos,Aveiro,2025,6,1887.0
Vagos,Aveiro,2025,7,2808.0
Vagos,Aveiro,2025,8,3834.0
Vagos,Aveiro,2025,9,2277.0
Vagos,Aveiro,2025,10,1153.0
Vagos,Aveiro,2025,11,759.0
Vagos,Aveiro,2025,12,679.0
Vagos,Aveiro,2026,1,
Vagos,Aveiro,2026,2,853.0
Vagos,Aveiro,2026,3,782.0
Vagos,Aveiro,2026,4,1044.0
Vagos,Aveiro,2026,5,1434.0
Vagos,Aveiro,2026,6,1470.0
Vagos,Aveiro,2026,7,3009.0
Vale de Cambra,Aveiro,2020,1,499.0
Vale de Cambra,Aveiro,2020,2,966.0
Vale de Cambra,Aveiro,2020,3,148.0
Vale de Cambra,Aveiro,2020,4,
Vale de Cambra,Aveiro,2020,5,51.0
Vale de Cambra,Aveiro,2020,6,643.0
Vale de Cambra,Aveiro,2020,7,1279.0
Vale de Cambra,Aveiro,2020,8,1887.0
Vale de Cambra,Aveiro,2020,9,851.0
Vale de Cambra,Aveiro,2020,10,593.0
Vale de Cambra,Aveiro,2020,11,210.0
Vale de Cambra,Aveiro,2020,12,268.0
Vale de Cambra,Aveiro,2021,1,187.0
Vale de Cambra,Aveiro,2021,2,150.0
Vale de Cambra,Aveiro,2021,3,229.0
Vale de Cambra,Aveiro,2021,4,623.0
Vale de Cambra,Aveiro,2021,5,646.0
Vale de Cambra,Aveiro,2021,6,1091.0
Vale de Cambra,Aveiro,2021,7,1324.0
Vale de Cambra,Aveiro,2021,8,3010.0
Vale de Cambra,Aveiro,2021,9,1116.0
Vale de Cambra,Aveiro,2021,10,845.0
Vale de Cambra,Aveiro,2021,11,728.0
Vale de Cambra,Aveiro,2021,12,747.0
Vale de Cambra,Aveiro,2022,1,235.0
Vale de Cambra,Aveiro,2022,2,341.0
Vale de Cambra,Aveiro,2022,3,354.0
Vale de Cambra,Aveiro,2022,4,950.0
Vale de Cambra,Aveiro,2022,5,900.0
Vale de Cambra,Aveiro,2022,6,984.0
Vale de Cambra,Aveiro,2022,7,1688.0
Vale de Cambra,Aveiro,2022,8,2270.0
Vale de Cambra,Aveiro,2022,9,1299.0
Vale de Cambra,Aveiro,2022,10,674.0
Vale de Cambra,Aveiro,2022,11,371.0
Vale de Cambra,Aveiro,2022,12,828.0
Vale de Cambra,Aveiro,2023,1,331.0
Vale de Cambra,Aveiro,2023,2,402.0
Vale de Cambra,Aveiro,2023,3,633.0
Vale de Cambra,Aveiro,2023,4,1281.0
Vale de Cambra,Aveiro,2023,5,1286.0
Vale de Cambra,Aveiro,2023,6,1297.0
Vale de Cambra,Aveiro,2023,7,2083.0
Vale de Cambra,Aveiro,2023,8,2640.0
Vale de Cambra,Aveiro,2023,9,1292.0
Vale de Cambra,Aveiro,2023,10,1035.0
Vale de Cambra,Aveiro,2023,11,674.0
Vale de Cambra,Aveiro,2023,12,1076.0
Vale de Cambra,Aveiro,2024,1,557.0
Vale de Cambra,Aveiro,2024,2,583.0
Vale de Cambra,Aveiro,2024,3,783.0
Vale de Cambra,Aveiro,2024,4,915.0
Vale de Cambra,Aveiro,2024,5,1382.0
Vale de Cambra,Aveiro,2024,6,1409.0
Vale de Cambra,Aveiro,2024,7,1920.0
Vale de Cambra,Aveiro,2024,8,2959.0
Vale de Cambra,Aveiro,2024,9,1244.0
Vale de Cambra,Aveiro,2024,10,690.0
Vale de Cambra,Aveiro,2024,11,533.0
Vale de Cambra,Aveiro,2024,12,632.0
Vale de Cambra,Aveiro,2025,1,546.0
Vale de Cambra,Aveiro,2025,2,459.0
Vale de Cambra,Aveiro,2025,3,754.0
Vale de Cambra,Aveiro,2025,4,1118.0
Vale de Cambra,Aveiro,2025,5,1069.0
Vale de Cambra,Aveiro,2025,6,1047.0
Vale de Cambra,Aveiro,2025,7,1545.0
Vale de Cambra,Aveiro,2025,8,2451.0
Vale de Cambra,Aveiro,2025,9,1271.0
Vale de Cambra,Aveiro,2025,10,922.0
Vale de Cambra,Aveiro,2025,11,642.0
Vale de Cambra,Aveiro,2025,12,803.0
Vale de Cambra,Aveiro,2026,1,
Vale de Cambra,Aveiro,2026,2,
Vale de Cambra,Aveiro,2026,3,
Vale de Cambra,Aveiro,2026,4,
Vale de Cambra,Aveiro,2026,5,
Vale de Cambra,Aveiro,2026,6,
Vale de Cambra,Aveiro,2026,7,
Valença,Viana do Castelo,2020,1,1767.0
Valença,Viana do Castelo,2020,2,2112.0
Valença,Viana do Castelo,2020,3,1173.0
Valença,Viana do Castelo,2020,4,
Valença,Viana do Castelo,2020,5,
Valença,Viana do Castelo,2020,6,1944.0
Valença,Viana do Castelo,2020,7,3391.0
Valença,Viana do Castelo,2020,8,5763.0
Valença,Viana do Castelo,2020,9,3541.0
Valença,Viana do Castelo,2020,10,2381.0
Valença,Viana do Castelo,2020,11,1074.0
Valença,Viana do Castelo,2020,12,1559.0
Valença,Viana do Castelo,2021,1,1058.0
Valença,Viana do Castelo,2021,2,1064.0
Valença,Viana do Castelo,2021,3,1178.0
Valença,Viana do Castelo,2021,4,1113.0
Valença,Viana do Castelo,2021,5,2301.0
Valença,Viana do Castelo,2021,6,3306.0
Valença,Viana do Castelo,2021,7,4403.0
Valença,Viana do Castelo,2021,8,8043.0
Valença,Viana do Castelo,2021,9,5721.0
Valença,Viana do Castelo,2021,10,5117.0
Valença,Viana do Castelo,2021,11,2793.0
Valença,Viana do Castelo,2021,12,2461.0
Valença,Viana do Castelo,2022,1,1644.0
Valença,Viana do Castelo,2022,2,2556.0
Valença,Viana do Castelo,2022,3,3466.0
Valença,Viana do Castelo,2022,4,5263.0
Valença,Viana do Castelo,2022,5,5263.0
Valença,Viana do Castelo,2022,6,5916.0
Valença,Viana do Castelo,2022,7,6895.0
Valença,Viana do Castelo,2022,8,11156.0
Valença,Viana do Castelo,2022,9,6449.0
Valença,Viana do Castelo,2022,10,4929.0
Valença,Viana do Castelo,2022,11,2858.0
Valença,Viana do Castelo,2022,12,3688.0
Valença,Viana do Castelo,2023,1,2476.0
Valença,Viana do Castelo,2023,2,2393.0
Valença,Viana do Castelo,2023,3,2874.0
Valença,Viana do Castelo,2023,4,5954.0
Valença,Viana do Castelo,2023,5,5553.0
Valença,Viana do Castelo,2023,6,5571.0
Valença,Viana do Castelo,2023,7,6334.0
Valença,Viana do Castelo,2023,8,9676.0
Valença,Viana do Castelo,2023,9,6912.0
Valença,Viana do Castelo,2023,10,4777.0
Valença,Viana do Castelo,2023,11,2565.0
Valença,Viana do Castelo,2023,12,4086.0
Valença,Viana do Castelo,2024,1,1996.0
Valença,Viana do Castelo,2024,2,2549.0
Valença,Viana do Castelo,2024,3,3896.0
Valença,Viana do Castelo,2024,4,5506.0
Valença,Viana do Castelo,2024,5,7061.0
Valença,Viana do Castelo,2024,6,6137.0
Valença,Viana do Castelo,2024,7,7561.0
Valença,Viana do Castelo,2024,8,11270.0
Valença,Viana do Castelo,2024,9,9489.0
Valença,Viana do Castelo,2024,10,5527.0
Valença,Viana do Castelo,2024,11,3687.0
Valença,Viana do Castelo,2024,12,4140.0
Valença,Viana do Castelo,2025,1,2549.0
Valença,Viana do Castelo,2025,2,2998.0
Valença,Viana do Castelo,2025,3,3862.0
Valença,Viana do Castelo,2025,4,6872.0
Valença,Viana do Castelo,2025,5,7184.0
Valença,Viana do Castelo,2025,6,7212.0
Valença,Viana do Castelo,2025,7,7524.0
Valença,Viana do Castelo,2025,8,10835.0
Valença,Viana do Castelo,2025,9,8614.0
Valença,Viana do Castelo,2025,10,5609.0
Valença,Viana do Castelo,2025,11,3719.0
Valença,Viana do Castelo,2025,12,4174.0
Valença,Viana do Castelo,2026,1,2325.0
Valença,Viana do Castelo,2026,2,2734.0
Valença,Viana do Castelo,2026,3,4030.0
Valença,Viana do Castelo,2026,4,6688.0
Valença,Viana do Castelo,2026,5,7634.0
Valença,Viana do Castelo,2026,6,7157.0
Valença,Viana do Castelo,2026,7,8097.0
Valongo,Porto,2020,1,8678.0
Valongo,Porto,2020,2,7862.0
Valongo,Porto,2020,3,4993.0
Valongo,Porto,2020,4,2016.0
Valongo,Porto,2020,5,4032.0
Valongo,Porto,2020,6,5436.0
Valongo,Porto,2020,7,7042.0
Valongo,Porto,2020,8,8122.0
Valongo,Porto,2020,9,7210.0
Valongo,Porto,2020,10,7203.0
Valongo,Porto,2020,11,4713.0
Valongo,Porto,2020,12,6351.0
Valongo,Porto,2021,1,3719.0
Valongo,Porto,2021,2,4482.0
Valongo,Porto,2021,3,4918.0
Valongo,Porto,2021,4,5416.0
Valongo,Porto,2021,5,7205.0
Valongo,Porto,2021,6,7292.0
Valongo,Porto,2021,7,7054.0
Valongo,Porto,2021,8,8997.0
Valongo,Porto,2021,9,7492.0
Valongo,Porto,2021,10,9304.0
Valongo,Porto,2021,11,6991.0
Valongo,Porto,2021,12,6496.0
Valongo,Porto,2022,1,6613.0
Valongo,Porto,2022,2,7554.0
Valongo,Porto,2022,3,6896.0
Valongo,Porto,2022,4,8523.0
Valongo,Porto,2022,5,8192.0
Valongo,Porto,2022,6,8816.0
Valongo,Porto,2022,7,10353.0
Valongo,Porto,2022,8,11669.0
Valongo,Porto,2022,9,9997.0
Valongo,Porto,2022,10,10215.0
Valongo,Porto,2022,11,6577.0
Valongo,Porto,2022,12,8164.0
Valongo,Porto,2023,1,6850.0
Valongo,Porto,2023,2,6630.0
Valongo,Porto,2023,3,8328.0
Valongo,Porto,2023,4,9232.0
Valongo,Porto,2023,5,8824.0
Valongo,Porto,2023,6,9116.0
Valongo,Porto,2023,7,8608.0
Valongo,Porto,2023,8,11188.0
Valongo,Porto,2023,9,9282.0
Valongo,Porto,2023,10,9138.0
Valongo,Porto,2023,11,7333.0
Valongo,Porto,2023,12,7717.0
Valongo,Porto,2024,1,6435.0
Valongo,Porto,2024,2,6654.0
Valongo,Porto,2024,3,7896.0
Valongo,Porto,2024,4,7400.0
Valongo,Porto,2024,5,8720.0
Valongo,Porto,2024,6,8252.0
Valongo,Porto,2024,7,7788.0
Valongo,Porto,2024,8,10340.0
Valongo,Porto,2024,9,8619.0
Valongo,Porto,2024,10,8013.0
Valongo,Porto,2024,11,6286.0
Valongo,Porto,2024,12,7164.0
Valongo,Porto,2025,1,6297.0
Valongo,Porto,2025,2,6535.0
Valongo,Porto,2025,3,7493.0
Valongo,Porto,2025,4,7906.0
Valongo,Porto,2025,5,8784.0
Valongo,Porto,2025,6,7951.0
Valongo,Porto,2025,7,8222.0
Valongo,Porto,2025,8,9646.0
Valongo,Porto,2025,9,8601.0
Valongo,Porto,2025,10,8325.0
Valongo,Porto,2025,11,6878.0
Valongo,Porto,2025,12,7157.0
Valongo,Porto,2026,1,6412.0
Valongo,Porto,2026,2,6181.0
Valongo,Porto,2026,3,7966.0
Valongo,Porto,2026,4,7510.0
Valongo,Porto,2026,5,8610.0
Valongo,Porto,2026,6,7872.0
Valongo,Porto,2026,7,8939.0
Valpaços,Vila Real,2020,1,
Valpaços,Vila Real,2020,2,
Valpaços,Vila Real,2020,3,93.0
Valpaços,Vila Real,2020,4,
Valpaços,Vila Real,2020,5,
Valpaços,Vila Real,2020,6,
Valpaços,Vila Real,2020,7,122.0
Valpaços,Vila Real,2020,8,303.0
Valpaços,Vila Real,2020,9,88.0
Valpaços,Vila Real,2020,10,
Valpaços,Vila Real,2020,11,
Valpaços,Vila Real,2020,12,
Valpaços,Vila Real,2021,1,
Valpaços,Vila Real,2021,2,
Valpaços,Vila Real,2021,3,
Valpaços,Vila Real,2021,4,
Valpaços,Vila Real,2021,5,
Valpaços,Vila Real,2021,6,
Valpaços,Vila Real,2021,7,476.0
Valpaços,Vila Real,2021,8,1378.0
Valpaços,Vila Real,2021,9,584.0
Valpaços,Vila Real,2021,10,503.0
Valpaços,Vila Real,2021,11,313.0
Valpaços,Vila Real,2021,12,
Valpaços,Vila Real,2022,1,
Valpaços,Vila Real,2022,2,
Valpaços,Vila Real,2022,3,
Valpaços,Vila Real,2022,4,651.0
Valpaços,Vila Real,2022,5,
Valpaços,Vila Real,2022,6,660.0
Valpaços,Vila Real,2022,7,638.0
Valpaços,Vila Real,2022,8,1585.0
Valpaços,Vila Real,2022,9,639.0
Valpaços,Vila Real,2022,10,630.0
Valpaços,Vila Real,2022,11,288.0
Valpaços,Vila Real,2022,12,
Valpaços,Vila Real,2023,1,
Valpaços,Vila Real,2023,2,
Valpaços,Vila Real,2023,3,
Valpaços,Vila Real,2023,4,312.0
Valpaços,Vila Real,2023,5,475.0
Valpaços,Vila Real,2023,6,
Valpaços,Vila Real,2023,7,655.0
Valpaços,Vila Real,2023,8,1841.0
Valpaços,Vila Real,2023,9,1022.0
Valpaços,Vila Real,2023,10,649.0
Valpaços,Vila Real,2023,11,565.0
Valpaços,Vila Real,2023,12,477.0
Valpaços,Vila Real,2024,1,353.0
Valpaços,Vila Real,2024,2,727.0
Valpaços,Vila Real,2024,3,627.0
Valpaços,Vila Real,2024,4,658.0
Valpaços,Vila Real,2024,5,556.0
Valpaços,Vila Real,2024,6,577.0
Valpaços,Vila Real,2024,7,1105.0
Valpaços,Vila Real,2024,8,1987.0
Valpaços,Vila Real,2024,9,1097.0
Valpaços,Vila Real,2024,10,450.0
Valpaços,Vila Real,2024,11,570.0
Valpaços,Vila Real,2024,12,558.0
Valpaços,Vila Real,2025,1,876.0
Valpaços,Vila Real,2025,2,684.0
Valpaços,Vila Real,2025,3,574.0
Valpaços,Vila Real,2025,4,1174.0
Valpaços,Vila Real,2025,5,995.0
Valpaços,Vila Real,2025,6,1404.0
Valpaços,Vila Real,2025,7,1264.0
Valpaços,Vila Real,2025,8,2125.0
Valpaços,Vila Real,2025,9,1316.0
Valpaços,Vila Real,2025,10,1051.0
Valpaços,Vila Real,2025,11,705.0
Valpaços,Vila Real,2025,12,674.0
Valpaços,Vila Real,2026,1,664.0
Valpaços,Vila Real,2026,2,654.0
Valpaços,Vila Real,2026,3,818.0
Valpaços,Vila Real,2026,4,898.0
Valpaços,Vila Real,2026,5,1084.0
Valpaços,Vila Real,2026,6,1279.0
Valpaços,Vila Real,2026,7,1141.0
Velas,Região Autónoma dos Açores,2020,1,740.0
Velas,Região Autónoma dos Açores,2020,2,997.0
Velas,Região Autónoma dos Açores,2020,3,
Velas,Região Autónoma dos Açores,2020,4,
Velas,Região Autónoma dos Açores,2020,5,
Velas,Região Autónoma dos Açores,2020,6,324.0
Velas,Região Autónoma dos Açores,2020,7,1885.0
Velas,Região Autónoma dos Açores,2020,8,4705.0
Velas,Região Autónoma dos Açores,2020,9,2938.0
Velas,Região Autónoma dos Açores,2020,10,1411.0
Velas,Região Autónoma dos Açores,2020,11,653.0
Velas,Região Autónoma dos Açores,2020,12,392.0
Velas,Região Autónoma dos Açores,2021,1,400.0
Velas,Região Autónoma dos Açores,2021,2,344.0
Velas,Região Autónoma dos Açores,2021,3,626.0
Velas,Região Autónoma dos Açores,2021,4,1323.0
Velas,Região Autónoma dos Açores,2021,5,1543.0
Velas,Região Autónoma dos Açores,2021,6,3576.0
Velas,Região Autónoma dos Açores,2021,7,7012.0
Velas,Região Autónoma dos Açores,2021,8,8719.0
Velas,Região Autónoma dos Açores,2021,9,6226.0
Velas,Região Autónoma dos Açores,2021,10,3027.0
Velas,Região Autónoma dos Açores,2021,11,1164.0
Velas,Região Autónoma dos Açores,2021,12,480.0
Velas,Região Autónoma dos Açores,2022,1,628.0
Velas,Região Autónoma dos Açores,2022,2,824.0
Velas,Região Autónoma dos Açores,2022,3,1271.0
Velas,Região Autónoma dos Açores,2022,4,1385.0
Velas,Região Autónoma dos Açores,2022,5,3248.0
Velas,Região Autónoma dos Açores,2022,6,5602.0
Velas,Região Autónoma dos Açores,2022,7,8373.0
Velas,Região Autónoma dos Açores,2022,8,9057.0
Velas,Região Autónoma dos Açores,2022,9,6056.0
Velas,Região Autónoma dos Açores,2022,10,3193.0
Velas,Região Autónoma dos Açores,2022,11,2145.0
Velas,Região Autónoma dos Açores,2022,12,988.0
Velas,Região Autónoma dos Açores,2023,1,929.0
Velas,Região Autónoma dos Açores,2023,2,1052.0
Velas,Região Autónoma dos Açores,2023,3,1332.0
Velas,Região Autónoma dos Açores,2023,4,2484.0
Velas,Região Autónoma dos Açores,2023,5,4487.0
Velas,Região Autónoma dos Açores,2023,6,6692.0
Velas,Região Autónoma dos Açores,2023,7,9283.0
Velas,Região Autónoma dos Açores,2023,8,10773.0
Velas,Região Autónoma dos Açores,2023,9,6974.0
Velas,Região Autónoma dos Açores,2023,10,3794.0
Velas,Região Autónoma dos Açores,2023,11,1590.0
Velas,Região Autónoma dos Açores,2023,12,776.0
Velas,Região Autónoma dos Açores,2024,1,1196.0
Velas,Região Autónoma dos Açores,2024,2,1118.0
Velas,Região Autónoma dos Açores,2024,3,2004.0
Velas,Região Autónoma dos Açores,2024,4,3570.0
Velas,Região Autónoma dos Açores,2024,5,5907.0
Velas,Região Autónoma dos Açores,2024,6,7677.0
Velas,Região Autónoma dos Açores,2024,7,10249.0
Velas,Região Autónoma dos Açores,2024,8,11538.0
Velas,Região Autónoma dos Açores,2024,9,7838.0
Velas,Região Autónoma dos Açores,2024,10,4374.0
Velas,Região Autónoma dos Açores,2024,11,2023.0
Velas,Região Autónoma dos Açores,2024,12,973.0
Velas,Região Autónoma dos Açores,2025,1,1291.0
Velas,Região Autónoma dos Açores,2025,2,1535.0
Velas,Região Autónoma dos Açores,2025,3,2472.0
Velas,Região Autónoma dos Açores,2025,4,4458.0
Velas,Região Autónoma dos Açores,2025,5,6473.0
Velas,Região Autónoma dos Açores,2025,6,7884.0
Velas,Região Autónoma dos Açores,2025,7,10605.0
Velas,Região Autónoma dos Açores,2025,8,11150.0
Velas,Região Autónoma dos Açores,2025,9,7882.0
Velas,Região Autónoma dos Açores,2025,10,3892.0
Velas,Região Autónoma dos Açores,2025,11,2015.0
Velas,Região Autónoma dos Açores,2025,12,975.0
Velas,Região Autónoma dos Açores,2026,1,1310.0
Velas,Região Autónoma dos Açores,2026,2,1183.0
Velas,Região Autónoma dos Açores,2026,3,2469.0
Velas,Região Autónoma dos Açores,2026,4,3333.0
Velas,Região Autónoma dos Açores,2026,5,5992.0
Velas,Região Autónoma dos Açores,2026,6,7189.0
Velas,Região Autónoma dos Açores,2026,7,9778.0
Vendas Novas,Évora,2020,1,1201.0
Vendas Novas,Évora,2020,2,1417.0
Vendas Novas,Évora,2020,3,
Vendas Novas,Évora,2020,4,
Vendas Novas,Évora,2020,5,356.0
Vendas Novas,Évora,2020,6,508.0
Vendas Novas,Évora,2020,7,818.0
Vendas Novas,Évora,2020,8,844.0
Vendas Novas,Évora,2020,9,882.0
Vendas Novas,Évora,2020,10,725.0
Vendas Novas,Évora,2020,11,470.0
Vendas Novas,Évora,2020,12,569.0
Vendas Novas,Évora,2021,1,571.0
Vendas Novas,Évora,2021,2,
Vendas Novas,Évora,2021,3,
Vendas Novas,Évora,2021,4,222.0
Vendas Novas,Évora,2021,5,418.0
Vendas Novas,Évora,2021,6,490.0
Vendas Novas,Évora,2021,7,574.0
Vendas Novas,Évora,2021,8,425.0
Vendas Novas,Évora,2021,9,661.0
Vendas Novas,Évora,2021,10,674.0
Vendas Novas,Évora,2021,11,402.0
Vendas Novas,Évora,2021,12,464.0
Vendas Novas,Évora,2022,1,478.0
Vendas Novas,Évora,2022,2,
Vendas Novas,Évora,2022,3,
Vendas Novas,Évora,2022,4,
Vendas Novas,Évora,2022,5,636.0
Vendas Novas,Évora,2022,6,918.0
Vendas Novas,Évora,2022,7,517.0
Vendas Novas,Évora,2022,8,805.0
Vendas Novas,Évora,2022,9,686.0
Vendas Novas,Évora,2022,10,867.0
Vendas Novas,Évora,2022,11,592.0
Vendas Novas,Évora,2022,12,407.0
Vendas Novas,Évora,2023,1,456.0
Vendas Novas,Évora,2023,2,
Vendas Novas,Évora,2023,3,
Vendas Novas,Évora,2023,4,305.0
Vendas Novas,Évora,2023,5,621.0
Vendas Novas,Évora,2023,6,835.0
Vendas Novas,Évora,2023,7,1067.0
Vendas Novas,Évora,2023,8,712.0
Vendas Novas,Évora,2023,9,387.0
Vendas Novas,Évora,2023,10,686.0
Vendas Novas,Évora,2023,11,
Vendas Novas,Évora,2023,12,336.0
Vendas Novas,Évora,2024,1,332.0
Vendas Novas,Évora,2024,2,410.0
Vendas Novas,Évora,2024,3,470.0
Vendas Novas,Évora,2024,4,443.0
Vendas Novas,Évora,2024,5,614.0
Vendas Novas,Évora,2024,6,549.0
Vendas Novas,Évora,2024,7,684.0
Vendas Novas,Évora,2024,8,639.0
Vendas Novas,Évora,2024,9,844.0
Vendas Novas,Évora,2024,10,852.0
Vendas Novas,Évora,2024,11,805.0
Vendas Novas,Évora,2024,12,483.0
Vendas Novas,Évora,2025,1,640.0
Vendas Novas,Évora,2025,2,659.0
Vendas Novas,Évora,2025,3,488.0
Vendas Novas,Évora,2025,4,305.0
Vendas Novas,Évora,2025,5,571.0
Vendas Novas,Évora,2025,6,291.0
Vendas Novas,Évora,2025,7,611.0
Vendas Novas,Évora,2025,8,625.0
Vendas Novas,Évora,2025,9,1025.0
Vendas Novas,Évora,2025,10,670.0
Vendas Novas,Évora,2025,11,714.0
Vendas Novas,Évora,2025,12,448.0
Vendas Novas,Évora,2026,1,
Vendas Novas,Évora,2026,2,442.0
Vendas Novas,Évora,2026,3,822.0
Vendas Novas,Évora,2026,4,595.0
Vendas Novas,Évora,2026,5,712.0
Vendas Novas,Évora,2026,6,700.0
Vendas Novas,Évora,2026,7,748.0
Viana do Alentejo,Évora,2020,1,341.0
Viana do Alentejo,Évora,2020,2,324.0
Viana do Alentejo,Évora,2020,3,
Viana do Alentejo,Évora,2020,4,
Viana do Alentejo,Évora,2020,5,
Viana do Alentejo,Évora,2020,6,615.0
Viana do Alentejo,Évora,2020,7,932.0
Viana do Alentejo,Évora,2020,8,1095.0
Viana do Alentejo,Évora,2020,9,525.0
Viana do Alentejo,Évora,2020,10,
Viana do Alentejo,Évora,2020,11,
Viana do Alentejo,Évora,2020,12,
Viana do Alentejo,Évora,2021,1,
Viana do Alentejo,Évora,2021,2,
Viana do Alentejo,Évora,2021,3,
Viana do Alentejo,Évora,2021,4,
Viana do Alentejo,Évora,2021,5,
Viana do Alentejo,Évora,2021,6,346.0
Viana do Alentejo,Évora,2021,7,478.0
Viana do Alentejo,Évora,2021,8,1155.0
Viana do Alentejo,Évora,2021,9,502.0
Viana do Alentejo,Évora,2021,10,418.0
Viana do Alentejo,Évora,2021,11,
Viana do Alentejo,Évora,2021,12,
Viana do Alentejo,Évora,2022,1,
Viana do Alentejo,Évora,2022,2,
Viana do Alentejo,Évora,2022,3,
Viana do Alentejo,Évora,2022,4,279.0
Viana do Alentejo,Évora,2022,5,441.0
Viana do Alentejo,Évora,2022,6,446.0
Viana do Alentejo,Évora,2022,7,516.0
Viana do Alentejo,Évora,2022,8,1211.0
Viana do Alentejo,Évora,2022,9,420.0
Viana do Alentejo,Évora,2022,10,246.0
Viana do Alentejo,Évora,2022,11,
Viana do Alentejo,Évora,2022,12,
Viana do Alentejo,Évora,2023,1,
Viana do Alentejo,Évora,2023,2,
Viana do Alentejo,Évora,2023,3,
Viana do Alentejo,Évora,2023,4,224.0
Viana do Alentejo,Évora,2023,5,243.0
Viana do Alentejo,Évora,2023,6,300.0
Viana do Alentejo,Évora,2023,7,643.0
Viana do Alentejo,Évora,2023,8,873.0
Viana do Alentejo,Évora,2023,9,265.0
Viana do Alentejo,Évora,2023,10,210.0
Viana do Alentejo,Évora,2023,11,
Viana do Alentejo,Évora,2023,12,102.0
Viana do Alentejo,Évora,2024,1,
Viana do Alentejo,Évora,2024,2,
Viana do Alentejo,Évora,2024,3,
Viana do Alentejo,Évora,2024,4,267.0
Viana do Alentejo,Évora,2024,5,657.0
Viana do Alentejo,Évora,2024,6,616.0
Viana do Alentejo,Évora,2024,7,865.0
Viana do Alentejo,Évora,2024,8,468.0
Viana do Alentejo,Évora,2024,9,275.0
Viana do Alentejo,Évora,2024,10,190.0
Viana do Alentejo,Évora,2024,11,
Viana do Alentejo,Évora,2024,12,
Viana do Alentejo,Évora,2025,1,
Viana do Alentejo,Évora,2025,2,
Viana do Alentejo,Évora,2025,3,
Viana do Alentejo,Évora,2025,4,356.0
Viana do Alentejo,Évora,2025,5,401.0
Viana do Alentejo,Évora,2025,6,654.0
Viana do Alentejo,Évora,2025,7,706.0
Viana do Alentejo,Évora,2025,8,1112.0
Viana do Alentejo,Évora,2025,9,634.0
Viana do Alentejo,Évora,2025,10,269.0
Viana do Alentejo,Évora,2025,11,
Viana do Alentejo,Évora,2025,12,
Viana do Alentejo,Évora,2026,1,
Viana do Alentejo,Évora,2026,2,190.0
Viana do Alentejo,Évora,2026,3,245.0
Viana do Alentejo,Évora,2026,4,578.0
Viana do Alentejo,Évora,2026,5,534.0
Viana do Alentejo,Évora,2026,6,592.0
Viana do Alentejo,Évora,2026,7,644.0
Viana do Castelo,Viana do Castelo,2020,1,11966.0
Viana do Castelo,Viana do Castelo,2020,2,13818.0
Viana do Castelo,Viana do Castelo,2020,3,6282.0
Viana do Castelo,Viana do Castelo,2020,4,775.0
Viana do Castelo,Viana do Castelo,2020,5,3276.0
Viana do Castelo,Viana do Castelo,2020,6,9802.0
Viana do Castelo,Viana do Castelo,2020,7,24120.0
Viana do Castelo,Viana do Castelo,2020,8,33240.0
Viana do Castelo,Viana do Castelo,2020,9,19895.0
Viana do Castelo,Viana do Castelo,2020,10,12509.0
Viana do Castelo,Viana do Castelo,2020,11,5762.0
Viana do Castelo,Viana do Castelo,2020,12,6533.0
Viana do Castelo,Viana do Castelo,2021,1,5198.0
Viana do Castelo,Viana do Castelo,2021,2,3872.0
Viana do Castelo,Viana do Castelo,2021,3,5208.0
Viana do Castelo,Viana do Castelo,2021,4,7903.0
Viana do Castelo,Viana do Castelo,2021,5,14214.0
Viana do Castelo,Viana do Castelo,2021,6,20600.0
Viana do Castelo,Viana do Castelo,2021,7,29493.0
Viana do Castelo,Viana do Castelo,2021,8,37883.0
Viana do Castelo,Viana do Castelo,2021,9,27125.0
Viana do Castelo,Viana do Castelo,2021,10,24198.0
Viana do Castelo,Viana do Castelo,2021,11,14854.0
Viana do Castelo,Viana do Castelo,2021,12,13437.0
Viana do Castelo,Viana do Castelo,2022,1,10428.0
Viana do Castelo,Viana do Castelo,2022,2,14257.0
Viana do Castelo,Viana do Castelo,2022,3,16466.0
Viana do Castelo,Viana do Castelo,2022,4,25108.0
Viana do Castelo,Viana do Castelo,2022,5,26811.0
Viana do Castelo,Viana do Castelo,2022,6,28697.0
Viana do Castelo,Viana do Castelo,2022,7,40005.0
Viana do Castelo,Viana do Castelo,2022,8,46066.0
Viana do Castelo,Viana do Castelo,2022,9,28248.0
Viana do Castelo,Viana do Castelo,2022,10,24370.0
Viana do Castelo,Viana do Castelo,2022,11,15437.0
Viana do Castelo,Viana do Castelo,2022,12,17857.0
Viana do Castelo,Viana do Castelo,2023,1,12765.0
Viana do Castelo,Viana do Castelo,2023,2,15550.0
Viana do Castelo,Viana do Castelo,2023,3,18182.0
Viana do Castelo,Viana do Castelo,2023,4,27053.0
Viana do Castelo,Viana do Castelo,2023,5,28486.0
Viana do Castelo,Viana do Castelo,2023,6,29764.0
Viana do Castelo,Viana do Castelo,2023,7,42493.0
Viana do Castelo,Viana do Castelo,2023,8,49018.0
Viana do Castelo,Viana do Castelo,2023,9,35900.0
Viana do Castelo,Viana do Castelo,2023,10,28370.0
Viana do Castelo,Viana do Castelo,2023,11,15680.0
Viana do Castelo,Viana do Castelo,2023,12,22113.0
Viana do Castelo,Viana do Castelo,2024,1,14067.0
Viana do Castelo,Viana do Castelo,2024,2,15678.0
Viana do Castelo,Viana do Castelo,2024,3,21003.0
Viana do Castelo,Viana do Castelo,2024,4,25190.0
Viana do Castelo,Viana do Castelo,2024,5,33021.0
Viana do Castelo,Viana do Castelo,2024,6,33914.0
Viana do Castelo,Viana do Castelo,2024,7,42814.0
Viana do Castelo,Viana do Castelo,2024,8,55319.0
Viana do Castelo,Viana do Castelo,2024,9,41254.0
Viana do Castelo,Viana do Castelo,2024,10,28826.0
Viana do Castelo,Viana do Castelo,2024,11,21952.0
Viana do Castelo,Viana do Castelo,2024,12,23073.0
Viana do Castelo,Viana do Castelo,2025,1,15149.0
Viana do Castelo,Viana do Castelo,2025,2,15973.0
Viana do Castelo,Viana do Castelo,2025,3,22634.0
Viana do Castelo,Viana do Castelo,2025,4,30575.0
Viana do Castelo,Viana do Castelo,2025,5,37273.0
Viana do Castelo,Viana do Castelo,2025,6,37514.0
Viana do Castelo,Viana do Castelo,2025,7,49091.0
Viana do Castelo,Viana do Castelo,2025,8,59791.0
Viana do Castelo,Viana do Castelo,2025,9,41012.0
Viana do Castelo,Viana do Castelo,2025,10,31440.0
Viana do Castelo,Viana do Castelo,2025,11,18515.0
Viana do Castelo,Viana do Castelo,2025,12,23577.0
Viana do Castelo,Viana do Castelo,2026,1,16806.0
Viana do Castelo,Viana do Castelo,2026,2,17459.0
Viana do Castelo,Viana do Castelo,2026,3,20496.0
Viana do Castelo,Viana do Castelo,2026,4,32483.0
Viana do Castelo,Viana do Castelo,2026,5,39823.0
Viana do Castelo,Viana do Castelo,2026,6,38358.0
Viana do Castelo,Viana do Castelo,2026,7,47658.0
Vidigueira,Beja,2020,1,413.0
Vidigueira,Beja,2020,2,406.0
Vidigueira,Beja,2020,3,
Vidigueira,Beja,2020,4,
Vidigueira,Beja,2020,5,
Vidigueira,Beja,2020,6,
Vidigueira,Beja,2020,7,1290.0
Vidigueira,Beja,2020,8,
Vidigueira,Beja,2020,9,1078.0
Vidigueira,Beja,2020,10,988.0
Vidigueira,Beja,2020,11,
Vidigueira,Beja,2020,12,446.0
Vidigueira,Beja,2021,1,
Vidigueira,Beja,2021,2,
Vidigueira,Beja,2021,3,503.0
Vidigueira,Beja,2021,4,732.0
Vidigueira,Beja,2021,5,1239.0
Vidigueira,Beja,2021,6,1138.0
Vidigueira,Beja,2021,7,1733.0
Vidigueira,Beja,2021,8,2067.0
Vidigueira,Beja,2021,9,1652.0
Vidigueira,Beja,2021,10,1557.0
Vidigueira,Beja,2021,11,1049.0
Vidigueira,Beja,2021,12,576.0
Vidigueira,Beja,2022,1,639.0
Vidigueira,Beja,2022,2,845.0
Vidigueira,Beja,2022,3,1125.0
Vidigueira,Beja,2022,4,1686.0
Vidigueira,Beja,2022,5,1708.0
Vidigueira,Beja,2022,6,1354.0
Vidigueira,Beja,2022,7,1768.0
Vidigueira,Beja,2022,8,2469.0
Vidigueira,Beja,2022,9,1680.0
Vidigueira,Beja,2022,10,1440.0
Vidigueira,Beja,2022,11,1516.0
Vidigueira,Beja,2022,12,1031.0
Vidigueira,Beja,2023,1,786.0
Vidigueira,Beja,2023,2,1161.0
Vidigueira,Beja,2023,3,1273.0
Vidigueira,Beja,2023,4,1826.0
Vidigueira,Beja,2023,5,1655.0
Vidigueira,Beja,2023,6,1935.0
Vidigueira,Beja,2023,7,1359.0
Vidigueira,Beja,2023,8,2466.0
Vidigueira,Beja,2023,9,1851.0
Vidigueira,Beja,2023,10,1562.0
Vidigueira,Beja,2023,11,1612.0
Vidigueira,Beja,2023,12,1259.0
Vidigueira,Beja,2024,1,1232.0
Vidigueira,Beja,2024,2,1002.0
Vidigueira,Beja,2024,3,1476.0
Vidigueira,Beja,2024,4,1374.0
Vidigueira,Beja,2024,5,1775.0
Vidigueira,Beja,2024,6,1663.0
Vidigueira,Beja,2024,7,1986.0
Vidigueira,Beja,2024,8,2614.0
Vidigueira,Beja,2024,9,2021.0
Vidigueira,Beja,2024,10,1783.0
Vidigueira,Beja,2024,11,1744.0
Vidigueira,Beja,2024,12,1108.0
Vidigueira,Beja,2025,1,801.0
Vidigueira,Beja,2025,2,1054.0
Vidigueira,Beja,2025,3,1244.0
Vidigueira,Beja,2025,4,1783.0
Vidigueira,Beja,2025,5,1944.0
Vidigueira,Beja,2025,6,1963.0
Vidigueira,Beja,2025,7,1858.0
Vidigueira,Beja,2025,8,2915.0
Vidigueira,Beja,2025,9,2416.0
Vidigueira,Beja,2025,10,1887.0
Vidigueira,Beja,2025,11,1538.0
Vidigueira,Beja,2025,12,1210.0
Vidigueira,Beja,2026,1,907.0
Vidigueira,Beja,2026,2,964.0
Vidigueira,Beja,2026,3,1219.0
Vidigueira,Beja,2026,4,1732.0
Vidigueira,Beja,2026,5,1893.0
Vidigueira,Beja,2026,6,1552.0
Vidigueira,Beja,2026,7,1903.0
Vieira do Minho,Braga,2020,1,2046.0
Vieira do Minho,Braga,2020,2,2133.0
Vieira do Minho,Braga,2020,3,942.0
Vieira do Minho,Braga,2020,4,201.0
Vieira do Minho,Braga,2020,5,892.0
Vieira do Minho,Braga,2020,6,2931.0
Vieira do Minho,Braga,2020,7,7453.0
Vieira do Minho,Braga,2020,8,10978.0
Vieira do Minho,Braga,2020,9,6292.0
Vieira do Minho,Braga,2020,10,3332.0
Vieira do Minho,Braga,2020,11,1037.0
Vieira do Minho,Braga,2020,12,1276.0
Vieira do Minho,Braga,2021,1,626.0
Vieira do Minho,Braga,2021,2,593.0
Vieira do Minho,Braga,2021,3,662.0
Vieira do Minho,Braga,2021,4,1699.0
Vieira do Minho,Braga,2021,5,3814.0
Vieira do Minho,Braga,2021,6,5617.0
Vieira do Minho,Braga,2021,7,8706.0
Vieira do Minho,Braga,2021,8,11152.0
Vieira do Minho,Braga,2021,9,5853.0
Vieira do Minho,Braga,2021,10,4131.0
Vieira do Minho,Braga,2021,11,2508.0
Vieira do Minho,Braga,2021,12,2837.0
Vieira do Minho,Braga,2022,1,1800.0
Vieira do Minho,Braga,2022,2,2180.0
Vieira do Minho,Braga,2022,3,2206.0
Vieira do Minho,Braga,2022,4,4506.0
Vieira do Minho,Braga,2022,5,4374.0
Vieira do Minho,Braga,2022,6,5687.0
Vieira do Minho,Braga,2022,7,9683.0
Vieira do Minho,Braga,2022,8,13800.0
Vieira do Minho,Braga,2022,9,5479.0
Vieira do Minho,Braga,2022,10,3487.0
Vieira do Minho,Braga,2022,11,1628.0
Vieira do Minho,Braga,2022,12,2445.0
Vieira do Minho,Braga,2023,1,1688.0
Vieira do Minho,Braga,2023,2,2131.0
Vieira do Minho,Braga,2023,3,2043.0
Vieira do Minho,Braga,2023,4,4165.0
Vieira do Minho,Braga,2023,5,3464.0
Vieira do Minho,Braga,2023,6,5939.0
Vieira do Minho,Braga,2023,7,9440.0
Vieira do Minho,Braga,2023,8,12398.0
Vieira do Minho,Braga,2023,9,6742.0
Vieira do Minho,Braga,2023,10,4107.0
Vieira do Minho,Braga,2023,11,1818.0
Vieira do Minho,Braga,2023,12,2866.0
Vieira do Minho,Braga,2024,1,1569.0
Vieira do Minho,Braga,2024,2,1476.0
Vieira do Minho,Braga,2024,3,2245.0
Vieira do Minho,Braga,2024,4,2949.0
Vieira do Minho,Braga,2024,5,3630.0
Vieira do Minho,Braga,2024,6,6540.0
Vieira do Minho,Braga,2024,7,10397.0
Vieira do Minho,Braga,2024,8,13758.0
Vieira do Minho,Braga,2024,9,6913.0
Vieira do Minho,Braga,2024,10,4211.0
Vieira do Minho,Braga,2024,11,3468.0
Vieira do Minho,Braga,2024,12,3469.0
Vieira do Minho,Braga,2025,1,2407.0
Vieira do Minho,Braga,2025,2,2744.0
Vieira do Minho,Braga,2025,3,3123.0
Vieira do Minho,Braga,2025,4,5778.0
Vieira do Minho,Braga,2025,5,5929.0
Vieira do Minho,Braga,2025,6,8053.0
Vieira do Minho,Braga,2025,7,11364.0
Vieira do Minho,Braga,2025,8,14653.0
Vieira do Minho,Braga,2025,9,6927.0
Vieira do Minho,Braga,2025,10,4587.0
Vieira do Minho,Braga,2025,11,3128.0
Vieira do Minho,Braga,2025,12,3563.0
Vieira do Minho,Braga,2026,1,2038.0
Vieira do Minho,Braga,2026,2,2587.0
Vieira do Minho,Braga,2026,3,3449.0
Vieira do Minho,Braga,2026,4,5208.0
Vieira do Minho,Braga,2026,5,5813.0
Vieira do Minho,Braga,2026,6,6822.0
Vieira do Minho,Braga,2026,7,11166.0
Vila Flor,Bragança,2020,1,145.0
Vila Flor,Bragança,2020,2,244.0
Vila Flor,Bragança,2020,3,119.0
Vila Flor,Bragança,2020,4,
Vila Flor,Bragança,2020,5,
Vila Flor,Bragança,2020,6,407.0
Vila Flor,Bragança,2020,7,776.0
Vila Flor,Bragança,2020,8,1213.0
Vila Flor,Bragança,2020,9,447.0
Vila Flor,Bragança,2020,10,264.0
Vila Flor,Bragança,2020,11,205.0
Vila Flor,Bragança,2020,12,111.0
Vila Flor,Bragança,2021,1,143.0
Vila Flor,Bragança,2021,2,92.0
Vila Flor,Bragança,2021,3,104.0
Vila Flor,Bragança,2021,4,237.0
Vila Flor,Bragança,2021,5,415.0
Vila Flor,Bragança,2021,6,680.0
Vila Flor,Bragança,2021,7,943.0
Vila Flor,Bragança,2021,8,2074.0
Vila Flor,Bragança,2021,9,594.0
Vila Flor,Bragança,2021,10,434.0
Vila Flor,Bragança,2021,11,215.0
Vila Flor,Bragança,2021,12,160.0
Vila Flor,Bragança,2022,1,
Vila Flor,Bragança,2022,2,
Vila Flor,Bragança,2022,3,311.0
Vila Flor,Bragança,2022,4,392.0
Vila Flor,Bragança,2022,5,425.0
Vila Flor,Bragança,2022,6,530.0
Vila Flor,Bragança,2022,7,945.0
Vila Flor,Bragança,2022,8,1861.0
Vila Flor,Bragança,2022,9,986.0
Vila Flor,Bragança,2022,10,577.0
Vila Flor,Bragança,2022,11,361.0
Vila Flor,Bragança,2022,12,885.0
Vila Flor,Bragança,2023,1,532.0
Vila Flor,Bragança,2023,2,550.0
Vila Flor,Bragança,2023,3,616.0
Vila Flor,Bragança,2023,4,685.0
Vila Flor,Bragança,2023,5,497.0
Vila Flor,Bragança,2023,6,705.0
Vila Flor,Bragança,2023,7,1329.0
Vila Flor,Bragança,2023,8,2339.0
Vila Flor,Bragança,2023,9,843.0
Vila Flor,Bragança,2023,10,776.0
Vila Flor,Bragança,2023,11,297.0
Vila Flor,Bragança,2023,12,288.0
Vila Flor,Bragança,2024,1,143.0
Vila Flor,Bragança,2024,2,418.0
Vila Flor,Bragança,2024,3,356.0
Vila Flor,Bragança,2024,4,304.0
Vila Flor,Bragança,2024,5,424.0
Vila Flor,Bragança,2024,6,587.0
Vila Flor,Bragança,2024,7,1067.0
Vila Flor,Bragança,2024,8,2134.0
Vila Flor,Bragança,2024,9,715.0
Vila Flor,Bragança,2024,10,356.0
Vila Flor,Bragança,2024,11,317.0
Vila Flor,Bragança,2024,12,209.0
Vila Flor,Bragança,2025,1,265.0
Vila Flor,Bragança,2025,2,369.0
Vila Flor,Bragança,2025,3,451.0
Vila Flor,Bragança,2025,4,432.0
Vila Flor,Bragança,2025,5,397.0
Vila Flor,Bragança,2025,6,411.0
Vila Flor,Bragança,2025,7,687.0
Vila Flor,Bragança,2025,8,1157.0
Vila Flor,Bragança,2025,9,555.0
Vila Flor,Bragança,2025,10,272.0
Vila Flor,Bragança,2025,11,256.0
Vila Flor,Bragança,2025,12,243.0
Vila Flor,Bragança,2026,1,158.0
Vila Flor,Bragança,2026,2,259.0
Vila Flor,Bragança,2026,3,330.0
Vila Flor,Bragança,2026,4,376.0
Vila Flor,Bragança,2026,5,532.0
Vila Flor,Bragança,2026,6,567.0
Vila Flor,Bragança,2026,7,1050.0
Vila Franca de Xira,Lisboa,2020,1,4889.0
Vila Franca de Xira,Lisboa,2020,2,3771.0
Vila Franca de Xira,Lisboa,2020,3,2013.0
Vila Franca de Xira,Lisboa,2020,4,804.0
Vila Franca de Xira,Lisboa,2020,5,729.0
Vila Franca de Xira,Lisboa,2020,6,1927.0
Vila Franca de Xira,Lisboa,2020,7,2877.0
Vila Franca de Xira,Lisboa,2020,8,
Vila Franca de Xira,Lisboa,2020,9,
Vila Franca de Xira,Lisboa,2020,10,3072.0
Vila Franca de Xira,Lisboa,2020,11,1878.0
Vila Franca de Xira,Lisboa,2020,12,1574.0
Vila Franca de Xira,Lisboa,2021,1,2370.0
Vila Franca de Xira,Lisboa,2021,2,
Vila Franca de Xira,Lisboa,2021,3,2455.0
Vila Franca de Xira,Lisboa,2021,4,2523.0
Vila Franca de Xira,Lisboa,2021,5,
Vila Franca de Xira,Lisboa,2021,6,2925.0
Vila Franca de Xira,Lisboa,2021,7,3402.0
Vila Franca de Xira,Lisboa,2021,8,3711.0
Vila Franca de Xira,Lisboa,2021,9,3435.0
Vila Franca de Xira,Lisboa,2021,10,4058.0
Vila Franca de Xira,Lisboa,2021,11,3616.0
Vila Franca de Xira,Lisboa,2021,12,2162.0
Vila Franca de Xira,Lisboa,2022,1,2260.0
Vila Franca de Xira,Lisboa,2022,2,3176.0
Vila Franca de Xira,Lisboa,2022,3,4197.0
Vila Franca de Xira,Lisboa,2022,4,4897.0
Vila Franca de Xira,Lisboa,2022,5,5487.0
Vila Franca de Xira,Lisboa,2022,6,5284.0
Vila Franca de Xira,Lisboa,2022,7,6121.0
Vila Franca de Xira,Lisboa,2022,8,7244.0
Vila Franca de Xira,Lisboa,2022,9,6717.0
Vila Franca de Xira,Lisboa,2022,10,6266.0
Vila Franca de Xira,Lisboa,2022,11,5865.0
Vila Franca de Xira,Lisboa,2022,12,4981.0
Vila Franca de Xira,Lisboa,2023,1,5357.0
Vila Franca de Xira,Lisboa,2023,2,5197.0
Vila Franca de Xira,Lisboa,2023,3,6213.0
Vila Franca de Xira,Lisboa,2023,4,5785.0
Vila Franca de Xira,Lisboa,2023,5,6814.0
Vila Franca de Xira,Lisboa,2023,6,6062.0
Vila Franca de Xira,Lisboa,2023,7,6625.0
Vila Franca de Xira,Lisboa,2023,8,7116.0
Vila Franca de Xira,Lisboa,2023,9,6781.0
Vila Franca de Xira,Lisboa,2023,10,6631.0
Vila Franca de Xira,Lisboa,2023,11,6166.0
Vila Franca de Xira,Lisboa,2023,12,4062.0
Vila Franca de Xira,Lisboa,2024,1,4744.0
Vila Franca de Xira,Lisboa,2024,2,4777.0
Vila Franca de Xira,Lisboa,2024,3,5252.0
Vila Franca de Xira,Lisboa,2024,4,5712.0
Vila Franca de Xira,Lisboa,2024,5,7302.0
Vila Franca de Xira,Lisboa,2024,6,6428.0
Vila Franca de Xira,Lisboa,2024,7,6396.0
Vila Franca de Xira,Lisboa,2024,8,5785.0
Vila Franca de Xira,Lisboa,2024,9,6287.0
Vila Franca de Xira,Lisboa,2024,10,6182.0
Vila Franca de Xira,Lisboa,2024,11,5267.0
Vila Franca de Xira,Lisboa,2024,12,3642.0
Vila Franca de Xira,Lisboa,2025,1,4524.0
Vila Franca de Xira,Lisboa,2025,2,4392.0
Vila Franca de Xira,Lisboa,2025,3,6382.0
Vila Franca de Xira,Lisboa,2025,4,5410.0
Vila Franca de Xira,Lisboa,2025,5,6636.0
Vila Franca de Xira,Lisboa,2025,6,5445.0
Vila Franca de Xira,Lisboa,2025,7,6712.0
Vila Franca de Xira,Lisboa,2025,8,5811.0
Vila Franca de Xira,Lisboa,2025,9,7454.0
Vila Franca de Xira,Lisboa,2025,10,7035.0
Vila Franca de Xira,Lisboa,2025,11,5149.0
Vila Franca de Xira,Lisboa,2025,12,4626.0
Vila Franca de Xira,Lisboa,2026,1,4877.0
Vila Franca de Xira,Lisboa,2026,2,4889.0
Vila Franca de Xira,Lisboa,2026,3,5728.0
Vila Franca de Xira,Lisboa,2026,4,6050.0
Vila Franca de Xira,Lisboa,2026,5,6350.0
Vila Franca de Xira,Lisboa,2026,6,6469.0
Vila Franca de Xira,Lisboa,2026,7,7022.0
Vila Franca do Campo,Região Autónoma dos Açores,2020,1,
Vila Franca do Campo,Região Autónoma dos Açores,2020,2,1782.0
Vila Franca do Campo,Região Autónoma dos Açores,2020,3,
Vila Franca do Campo,Região Autónoma dos Açores,2020,4,
Vila Franca do Campo,Região Autónoma dos Açores,2020,5,
Vila Franca do Campo,Região Autónoma dos Açores,2020,6,
Vila Franca do Campo,Região Autónoma dos Açores,2020,7,356.0
Vila Franca do Campo,Região Autónoma dos Açores,2020,8,3686.0
Vila Franca do Campo,Região Autónoma dos Açores,2020,9,3201.0
Vila Franca do Campo,Região Autónoma dos Açores,2020,10,2066.0
Vila Franca do Campo,Região Autónoma dos Açores,2020,11,468.0
Vila Franca do Campo,Região Autónoma dos Açores,2020,12,83.0
Vila Franca do Campo,Região Autónoma dos Açores,2021,1,
Vila Franca do Campo,Região Autónoma dos Açores,2021,2,
Vila Franca do Campo,Região Autónoma dos Açores,2021,3,
Vila Franca do Campo,Região Autónoma dos Açores,2021,4,
Vila Franca do Campo,Região Autónoma dos Açores,2021,5,468.0
Vila Franca do Campo,Região Autónoma dos Açores,2021,6,3499.0
Vila Franca do Campo,Região Autónoma dos Açores,2021,7,6289.0
Vila Franca do Campo,Região Autónoma dos Açores,2021,8,7859.0
Vila Franca do Campo,Região Autónoma dos Açores,2021,9,5832.0
Vila Franca do Campo,Região Autónoma dos Açores,2021,10,3962.0
Vila Franca do Campo,Região Autónoma dos Açores,2021,11,2564.0
Vila Franca do Campo,Região Autónoma dos Açores,2021,12,1784.0
Vila Franca do Campo,Região Autónoma dos Açores,2022,1,1270.0
Vila Franca do Campo,Região Autónoma dos Açores,2022,2,2440.0
Vila Franca do Campo,Região Autónoma dos Açores,2022,3,2807.0
Vila Franca do Campo,Região Autónoma dos Açores,2022,4,4466.0
Vila Franca do Campo,Região Autónoma dos Açores,2022,5,4972.0
Vila Franca do Campo,Região Autónoma dos Açores,2022,6,8155.0
Vila Franca do Campo,Região Autónoma dos Açores,2022,7,11133.0
Vila Franca do Campo,Região Autónoma dos Açores,2022,8,11482.0
Vila Franca do Campo,Região Autónoma dos Açores,2022,9,9536.0
Vila Franca do Campo,Região Autónoma dos Açores,2022,10,4337.0
Vila Franca do Campo,Região Autónoma dos Açores,2022,11,1849.0
Vila Franca do Campo,Região Autónoma dos Açores,2022,12,3933.0
Vila Franca do Campo,Região Autónoma dos Açores,2023,1,1608.0
Vila Franca do Campo,Região Autónoma dos Açores,2023,2,2161.0
Vila Franca do Campo,Região Autónoma dos Açores,2023,3,2499.0
Vila Franca do Campo,Região Autónoma dos Açores,2023,4,4671.0
Vila Franca do Campo,Região Autónoma dos Açores,2023,5,6801.0
Vila Franca do Campo,Região Autónoma dos Açores,2023,6,8813.0
Vila Franca do Campo,Região Autónoma dos Açores,2023,7,11689.0
Vila Franca do Campo,Região Autónoma dos Açores,2023,8,12272.0
Vila Franca do Campo,Região Autónoma dos Açores,2023,9,9509.0
Vila Franca do Campo,Região Autónoma dos Açores,2023,10,5367.0
Vila Franca do Campo,Região Autónoma dos Açores,2023,11,2271.0
Vila Franca do Campo,Região Autónoma dos Açores,2023,12,1969.0
Vila Franca do Campo,Região Autónoma dos Açores,2024,1,1318.0
Vila Franca do Campo,Região Autónoma dos Açores,2024,2,2210.0
Vila Franca do Campo,Região Autónoma dos Açores,2024,3,3897.0
Vila Franca do Campo,Região Autónoma dos Açores,2024,4,4583.0
Vila Franca do Campo,Região Autónoma dos Açores,2024,5,5440.0
Vila Franca do Campo,Região Autónoma dos Açores,2024,6,9408.0
Vila Franca do Campo,Região Autónoma dos Açores,2024,7,11459.0
Vila Franca do Campo,Região Autónoma dos Açores,2024,8,12215.0
Vila Franca do Campo,Região Autónoma dos Açores,2024,9,10271.0
Vila Franca do Campo,Região Autónoma dos Açores,2024,10,6837.0
Vila Franca do Campo,Região Autónoma dos Açores,2024,11,1579.0
Vila Franca do Campo,Região Autónoma dos Açores,2024,12,1314.0
Vila Franca do Campo,Região Autónoma dos Açores,2025,1,1342.0
Vila Franca do Campo,Região Autónoma dos Açores,2025,2,2106.0
Vila Franca do Campo,Região Autónoma dos Açores,2025,3,3819.0
Vila Franca do Campo,Região Autónoma dos Açores,2025,4,5750.0
Vila Franca do Campo,Região Autónoma dos Açores,2025,5,9571.0
Vila Franca do Campo,Região Autónoma dos Açores,2025,6,9794.0
Vila Franca do Campo,Região Autónoma dos Açores,2025,7,12497.0
Vila Franca do Campo,Região Autónoma dos Açores,2025,8,13117.0
Vila Franca do Campo,Região Autónoma dos Açores,2025,9,10251.0
Vila Franca do Campo,Região Autónoma dos Açores,2025,10,5718.0
Vila Franca do Campo,Região Autónoma dos Açores,2025,11,1998.0
Vila Franca do Campo,Região Autónoma dos Açores,2025,12,1458.0
Vila Franca do Campo,Região Autónoma dos Açores,2026,1,1276.0
Vila Franca do Campo,Região Autónoma dos Açores,2026,2,2266.0
Vila Franca do Campo,Região Autónoma dos Açores,2026,3,3861.0
Vila Franca do Campo,Região Autónoma dos Açores,2026,4,4207.0
Vila Franca do Campo,Região Autónoma dos Açores,2026,5,7968.0
Vila Franca do Campo,Região Autónoma dos Açores,2026,6,8841.0
Vila Franca do Campo,Região Autónoma dos Açores,2026,7,13205.0
Vila Nova da Barquinha,Santarém,2020,1,570.0
Vila Nova da Barquinha,Santarém,2020,2,494.0
Vila Nova da Barquinha,Santarém,2020,3,265.0
Vila Nova da Barquinha,Santarém,2020,4,
Vila Nova da Barquinha,Santarém,2020,5,
Vila Nova da Barquinha,Santarém,2020,6,296.0
Vila Nova da Barquinha,Santarém,2020,7,366.0
Vila Nova da Barquinha,Santarém,2020,8,631.0
Vila Nova da Barquinha,Santarém,2020,9,519.0
Vila Nova da Barquinha,Santarém,2020,10,410.0
Vila Nova da Barquinha,Santarém,2020,11,198.0
Vila Nova da Barquinha,Santarém,2020,12,209.0
Vila Nova da Barquinha,Santarém,2021,1,200.0
Vila Nova da Barquinha,Santarém,2021,2,178.0
Vila Nova da Barquinha,Santarém,2021,3,166.0
Vila Nova da Barquinha,Santarém,2021,4,247.0
Vila Nova da Barquinha,Santarém,2021,5,406.0
Vila Nova da Barquinha,Santarém,2021,6,496.0
Vila Nova da Barquinha,Santarém,2021,7,542.0
Vila Nova da Barquinha,Santarém,2021,8,675.0
Vila Nova da Barquinha,Santarém,2021,9,568.0
Vila Nova da Barquinha,Santarém,2021,10,530.0
Vila Nova da Barquinha,Santarém,2021,11,522.0
Vila Nova da Barquinha,Santarém,2021,12,221.0
Vila Nova da Barquinha,Santarém,2022,1,347.0
Vila Nova da Barquinha,Santarém,2022,2,450.0
Vila Nova da Barquinha,Santarém,2022,3,406.0
Vila Nova da Barquinha,Santarém,2022,4,448.0
Vila Nova da Barquinha,Santarém,2022,5,628.0
Vila Nova da Barquinha,Santarém,2022,6,564.0
Vila Nova da Barquinha,Santarém,2022,7,610.0
Vila Nova da Barquinha,Santarém,2022,8,968.0
Vila Nova da Barquinha,Santarém,2022,9,634.0
Vila Nova da Barquinha,Santarém,2022,10,543.0
Vila Nova da Barquinha,Santarém,2022,11,657.0
Vila Nova da Barquinha,Santarém,2022,12,511.0
Vila Nova da Barquinha,Santarém,2023,1,503.0
Vila Nova da Barquinha,Santarém,2023,2,578.0
Vila Nova da Barquinha,Santarém,2023,3,610.0
Vila Nova da Barquinha,Santarém,2023,4,817.0
Vila Nova da Barquinha,Santarém,2023,5,585.0
Vila Nova da Barquinha,Santarém,2023,6,744.0
Vila Nova da Barquinha,Santarém,2023,7,798.0
Vila Nova da Barquinha,Santarém,2023,8,930.0
Vila Nova da Barquinha,Santarém,2023,9,906.0
Vila Nova da Barquinha,Santarém,2023,10,708.0
Vila Nova da Barquinha,Santarém,2023,11,761.0
Vila Nova da Barquinha,Santarém,2023,12,433.0
Vila Nova da Barquinha,Santarém,2024,1,406.0
Vila Nova da Barquinha,Santarém,2024,2,426.0
Vila Nova da Barquinha,Santarém,2024,3,502.0
Vila Nova da Barquinha,Santarém,2024,4,689.0
Vila Nova da Barquinha,Santarém,2024,5,718.0
Vila Nova da Barquinha,Santarém,2024,6,641.0
Vila Nova da Barquinha,Santarém,2024,7,698.0
Vila Nova da Barquinha,Santarém,2024,8,772.0
Vila Nova da Barquinha,Santarém,2024,9,686.0
Vila Nova da Barquinha,Santarém,2024,10,717.0
Vila Nova da Barquinha,Santarém,2024,11,700.0
Vila Nova da Barquinha,Santarém,2024,12,441.0
Vila Nova da Barquinha,Santarém,2025,1,479.0
Vila Nova da Barquinha,Santarém,2025,2,390.0
Vila Nova da Barquinha,Santarém,2025,3,903.0
Vila Nova da Barquinha,Santarém,2025,4,974.0
Vila Nova da Barquinha,Santarém,2025,5,1023.0
Vila Nova da Barquinha,Santarém,2025,6,1095.0
Vila Nova da Barquinha,Santarém,2025,7,938.0
Vila Nova da Barquinha,Santarém,2025,8,967.0
Vila Nova da Barquinha,Santarém,2025,9,764.0
Vila Nova da Barquinha,Santarém,2025,10,689.0
Vila Nova da Barquinha,Santarém,2025,11,963.0
Vila Nova da Barquinha,Santarém,2025,12,445.0
Vila Nova da Barquinha,Santarém,2026,1,470.0
Vila Nova da Barquinha,Santarém,2026,2,467.0
Vila Nova da Barquinha,Santarém,2026,3,756.0
Vila Nova da Barquinha,Santarém,2026,4,813.0
Vila Nova da Barquinha,Santarém,2026,5,691.0
Vila Nova da Barquinha,Santarém,2026,6,680.0
Vila Nova da Barquinha,Santarém,2026,7,736.0
Vila Nova de Cerveira,Viana do Castelo,2020,1,3068.0
Vila Nova de Cerveira,Viana do Castelo,2020,2,3653.0
Vila Nova de Cerveira,Viana do Castelo,2020,3,803.0
Vila Nova de Cerveira,Viana do Castelo,2020,4,
Vila Nova de Cerveira,Viana do Castelo,2020,5,99.0
Vila Nova de Cerveira,Viana do Castelo,2020,6,3010.0
Vila Nova de Cerveira,Viana do Castelo,2020,7,6140.0
Vila Nova de Cerveira,Viana do Castelo,2020,8,11043.0
Vila Nova de Cerveira,Viana do Castelo,2020,9,5652.0
Vila Nova de Cerveira,Viana do Castelo,2020,10,3191.0
Vila Nova de Cerveira,Viana do Castelo,2020,11,587.0
Vila Nova de Cerveira,Viana do Castelo,2020,12,1158.0
Vila Nova de Cerveira,Viana do Castelo,2021,1,724.0
Vila Nova de Cerveira,Viana do Castelo,2021,2,593.0
Vila Nova de Cerveira,Viana do Castelo,2021,3,723.0
Vila Nova de Cerveira,Viana do Castelo,2021,4,1058.0
Vila Nova de Cerveira,Viana do Castelo,2021,5,3009.0
Vila Nova de Cerveira,Viana do Castelo,2021,6,5600.0
Vila Nova de Cerveira,Viana do Castelo,2021,7,8459.0
Vila Nova de Cerveira,Viana do Castelo,2021,8,13471.0
Vila Nova de Cerveira,Viana do Castelo,2021,9,6212.0
Vila Nova de Cerveira,Viana do Castelo,2021,10,5459.0
Vila Nova de Cerveira,Viana do Castelo,2021,11,3354.0
Vila Nova de Cerveira,Viana do Castelo,2021,12,3334.0
Vila Nova de Cerveira,Viana do Castelo,2022,1,2200.0
Vila Nova de Cerveira,Viana do Castelo,2022,2,2873.0
Vila Nova de Cerveira,Viana do Castelo,2022,3,2772.0
Vila Nova de Cerveira,Viana do Castelo,2022,4,5312.0
Vila Nova de Cerveira,Viana do Castelo,2022,5,4448.0
Vila Nova de Cerveira,Viana do Castelo,2022,6,6150.0
Vila Nova de Cerveira,Viana do Castelo,2022,7,9593.0
Vila Nova de Cerveira,Viana do Castelo,2022,8,13464.0
Vila Nova de Cerveira,Viana do Castelo,2022,9,7436.0
Vila Nova de Cerveira,Viana do Castelo,2022,10,5313.0
Vila Nova de Cerveira,Viana do Castelo,2022,11,3049.0
Vila Nova de Cerveira,Viana do Castelo,2022,12,4600.0
Vila Nova de Cerveira,Viana do Castelo,2023,1,2404.0
Vila Nova de Cerveira,Viana do Castelo,2023,2,3153.0
Vila Nova de Cerveira,Viana do Castelo,2023,3,3372.0
Vila Nova de Cerveira,Viana do Castelo,2023,4,6327.0
Vila Nova de Cerveira,Viana do Castelo,2023,5,4969.0
Vila Nova de Cerveira,Viana do Castelo,2023,6,6416.0
Vila Nova de Cerveira,Viana do Castelo,2023,7,9012.0
Vila Nova de Cerveira,Viana do Castelo,2023,8,12488.0
Vila Nova de Cerveira,Viana do Castelo,2023,9,7314.0
Vila Nova de Cerveira,Viana do Castelo,2023,10,5910.0
Vila Nova de Cerveira,Viana do Castelo,2023,11,3412.0
Vila Nova de Cerveira,Viana do Castelo,2023,12,5094.0
Vila Nova de Cerveira,Viana do Castelo,2024,1,2682.0
Vila Nova de Cerveira,Viana do Castelo,2024,2,3273.0
Vila Nova de Cerveira,Viana do Castelo,2024,3,4647.0
Vila Nova de Cerveira,Viana do Castelo,2024,4,4506.0
Vila Nova de Cerveira,Viana do Castelo,2024,5,5014.0
Vila Nova de Cerveira,Viana do Castelo,2024,6,6879.0
Vila Nova de Cerveira,Viana do Castelo,2024,7,7753.0
Vila Nova de Cerveira,Viana do Castelo,2024,8,13136.0
Vila Nova de Cerveira,Viana do Castelo,2024,9,7042.0
Vila Nova de Cerveira,Viana do Castelo,2024,10,6184.0
Vila Nova de Cerveira,Viana do Castelo,2024,11,4755.0
Vila Nova de Cerveira,Viana do Castelo,2024,12,4626.0
Vila Nova de Cerveira,Viana do Castelo,2025,1,2875.0
Vila Nova de Cerveira,Viana do Castelo,2025,2,3296.0
Vila Nova de Cerveira,Viana do Castelo,2025,3,3870.0
Vila Nova de Cerveira,Viana do Castelo,2025,4,5093.0
Vila Nova de Cerveira,Viana do Castelo,2025,5,6236.0
Vila Nova de Cerveira,Viana do Castelo,2025,6,7132.0
Vila Nova de Cerveira,Viana do Castelo,2025,7,7692.0
Vila Nova de Cerveira,Viana do Castelo,2025,8,13582.0
Vila Nova de Cerveira,Viana do Castelo,2025,9,7299.0
Vila Nova de Cerveira,Viana do Castelo,2025,10,5564.0
Vila Nova de Cerveira,Viana do Castelo,2025,11,3836.0
Vila Nova de Cerveira,Viana do Castelo,2025,12,5069.0
Vila Nova de Cerveira,Viana do Castelo,2026,1,2477.0
Vila Nova de Cerveira,Viana do Castelo,2026,2,2692.0
Vila Nova de Cerveira,Viana do Castelo,2026,3,3474.0
Vila Nova de Cerveira,Viana do Castelo,2026,4,5446.0
Vila Nova de Cerveira,Viana do Castelo,2026,5,6559.0
Vila Nova de Cerveira,Viana do Castelo,2026,6,8512.0
Vila Nova de Cerveira,Viana do Castelo,2026,7,8547.0
Vila Nova de Famalicão,Braga,2020,1,1893.0
Vila Nova de Famalicão,Braga,2020,2,2087.0
Vila Nova de Famalicão,Braga,2020,3,1227.0
Vila Nova de Famalicão,Braga,2020,4,543.0
Vila Nova de Famalicão,Braga,2020,5,1315.0
Vila Nova de Famalicão,Braga,2020,6,1341.0
Vila Nova de Famalicão,Braga,2020,7,1781.0
Vila Nova de Famalicão,Braga,2020,8,2352.0
Vila Nova de Famalicão,Braga,2020,9,2326.0
Vila Nova de Famalicão,Braga,2020,10,2338.0
Vila Nova de Famalicão,Braga,2020,11,1620.0
Vila Nova de Famalicão,Braga,2020,12,1190.0
Vila Nova de Famalicão,Braga,2021,1,1401.0
Vila Nova de Famalicão,Braga,2021,2,1295.0
Vila Nova de Famalicão,Braga,2021,3,1739.0
Vila Nova de Famalicão,Braga,2021,4,1644.0
Vila Nova de Famalicão,Braga,2021,5,1941.0
Vila Nova de Famalicão,Braga,2021,6,2118.0
Vila Nova de Famalicão,Braga,2021,7,3015.0
Vila Nova de Famalicão,Braga,2021,8,3480.0
Vila Nova de Famalicão,Braga,2021,9,2912.0
Vila Nova de Famalicão,Braga,2021,10,2860.0
Vila Nova de Famalicão,Braga,2021,11,2699.0
Vila Nova de Famalicão,Braga,2021,12,2088.0
Vila Nova de Famalicão,Braga,2022,1,1616.0
Vila Nova de Famalicão,Braga,2022,2,2228.0
Vila Nova de Famalicão,Braga,2022,3,2545.0
Vila Nova de Famalicão,Braga,2022,4,2652.0
Vila Nova de Famalicão,Braga,2022,5,2845.0
Vila Nova de Famalicão,Braga,2022,6,4167.0
Vila Nova de Famalicão,Braga,2022,7,6658.0
Vila Nova de Famalicão,Braga,2022,8,9099.0
Vila Nova de Famalicão,Braga,2022,9,5677.0
Vila Nova de Famalicão,Braga,2022,10,4892.0
Vila Nova de Famalicão,Braga,2022,11,5638.0
Vila Nova de Famalicão,Braga,2022,12,3918.0
Vila Nova de Famalicão,Braga,2023,1,3537.0
Vila Nova de Famalicão,Braga,2023,2,3922.0
Vila Nova de Famalicão,Braga,2023,3,4714.0
Vila Nova de Famalicão,Braga,2023,4,6073.0
Vila Nova de Famalicão,Braga,2023,5,6184.0
Vila Nova de Famalicão,Braga,2023,6,5846.0
Vila Nova de Famalicão,Braga,2023,7,7680.0
Vila Nova de Famalicão,Braga,2023,8,7693.0
Vila Nova de Famalicão,Braga,2023,9,6992.0
Vila Nova de Famalicão,Braga,2023,10,6174.0
Vila Nova de Famalicão,Braga,2023,11,5693.0
Vila Nova de Famalicão,Braga,2023,12,4632.0
Vila Nova de Famalicão,Braga,2024,1,3231.0
Vila Nova de Famalicão,Braga,2024,2,3471.0
Vila Nova de Famalicão,Braga,2024,3,4920.0
Vila Nova de Famalicão,Braga,2024,4,4786.0
Vila Nova de Famalicão,Braga,2024,5,5856.0
Vila Nova de Famalicão,Braga,2024,6,6228.0
Vila Nova de Famalicão,Braga,2024,7,7573.0
Vila Nova de Famalicão,Braga,2024,8,8127.0
Vila Nova de Famalicão,Braga,2024,9,6543.0
Vila Nova de Famalicão,Braga,2024,10,6268.0
Vila Nova de Famalicão,Braga,2024,11,5625.0
Vila Nova de Famalicão,Braga,2024,12,4936.0
Vila Nova de Famalicão,Braga,2025,1,4018.0
Vila Nova de Famalicão,Braga,2025,2,4312.0
Vila Nova de Famalicão,Braga,2025,3,5428.0
Vila Nova de Famalicão,Braga,2025,4,6233.0
Vila Nova de Famalicão,Braga,2025,5,6791.0
Vila Nova de Famalicão,Braga,2025,6,6002.0
Vila Nova de Famalicão,Braga,2025,7,7800.0
Vila Nova de Famalicão,Braga,2025,8,9378.0
Vila Nova de Famalicão,Braga,2025,9,6263.0
Vila Nova de Famalicão,Braga,2025,10,6174.0
Vila Nova de Famalicão,Braga,2025,11,4818.0
Vila Nova de Famalicão,Braga,2025,12,4573.0
Vila Nova de Famalicão,Braga,2026,1,3665.0
Vila Nova de Famalicão,Braga,2026,2,3982.0
Vila Nova de Famalicão,Braga,2026,3,5613.0
Vila Nova de Famalicão,Braga,2026,4,6256.0
Vila Nova de Famalicão,Braga,2026,5,7406.0
Vila Nova de Famalicão,Braga,2026,6,7134.0
Vila Nova de Famalicão,Braga,2026,7,8580.0
Vila Nova de Foz Côa,Guarda,2020,1,161.0
Vila Nova de Foz Côa,Guarda,2020,2,316.0
Vila Nova de Foz Côa,Guarda,2020,3,
Vila Nova de Foz Côa,Guarda,2020,4,
Vila Nova de Foz Côa,Guarda,2020,5,
Vila Nova de Foz Côa,Guarda,2020,6,431.0
Vila Nova de Foz Côa,Guarda,2020,7,724.0
Vila Nova de Foz Côa,Guarda,2020,8,1324.0
Vila Nova de Foz Côa,Guarda,2020,9,662.0
Vila Nova de Foz Côa,Guarda,2020,10,479.0
Vila Nova de Foz Côa,Guarda,2020,11,165.0
Vila Nova de Foz Côa,Guarda,2020,12,
Vila Nova de Foz Côa,Guarda,2021,1,263.0
Vila Nova de Foz Côa,Guarda,2021,2,110.0
Vila Nova de Foz Côa,Guarda,2021,3,117.0
Vila Nova de Foz Côa,Guarda,2021,4,216.0
Vila Nova de Foz Côa,Guarda,2021,5,403.0
Vila Nova de Foz Côa,Guarda,2021,6,492.0
Vila Nova de Foz Côa,Guarda,2021,7,629.0
Vila Nova de Foz Côa,Guarda,2021,8,1463.0
Vila Nova de Foz Côa,Guarda,2021,9,1273.0
Vila Nova de Foz Côa,Guarda,2021,10,1091.0
Vila Nova de Foz Côa,Guarda,2021,11,659.0
Vila Nova de Foz Côa,Guarda,2021,12,566.0
Vila Nova de Foz Côa,Guarda,2022,1,225.0
Vila Nova de Foz Côa,Guarda,2022,2,576.0
Vila Nova de Foz Côa,Guarda,2022,3,771.0
Vila Nova de Foz Côa,Guarda,2022,4,983.0
Vila Nova de Foz Côa,Guarda,2022,5,910.0
Vila Nova de Foz Côa,Guarda,2022,6,1283.0
Vila Nova de Foz Côa,Guarda,2022,7,1301.0
Vila Nova de Foz Côa,Guarda,2022,8,1995.0
Vila Nova de Foz Côa,Guarda,2022,9,1462.0
Vila Nova de Foz Côa,Guarda,2022,10,1122.0
Vila Nova de Foz Côa,Guarda,2022,11,628.0
Vila Nova de Foz Côa,Guarda,2022,12,742.0
Vila Nova de Foz Côa,Guarda,2023,1,500.0
Vila Nova de Foz Côa,Guarda,2023,2,1042.0
Vila Nova de Foz Côa,Guarda,2023,3,1041.0
Vila Nova de Foz Côa,Guarda,2023,4,1554.0
Vila Nova de Foz Côa,Guarda,2023,5,1593.0
Vila Nova de Foz Côa,Guarda,2023,6,1405.0
Vila Nova de Foz Côa,Guarda,2023,7,1585.0
Vila Nova de Foz Côa,Guarda,2023,8,2529.0
Vila Nova de Foz Côa,Guarda,2023,9,1985.0
Vila Nova de Foz Côa,Guarda,2023,10,1400.0
Vila Nova de Foz Côa,Guarda,2023,11,767.0
Vila Nova de Foz Côa,Guarda,2023,12,873.0
Vila Nova de Foz Côa,Guarda,2024,1,197.0
Vila Nova de Foz Côa,Guarda,2024,2,740.0
Vila Nova de Foz Côa,Guarda,2024,3,1009.0
Vila Nova de Foz Côa,Guarda,2024,4,1232.0
Vila Nova de Foz Côa,Guarda,2024,5,1287.0
Vila Nova de Foz Côa,Guarda,2024,6,1617.0
Vila Nova de Foz Côa,Guarda,2024,7,1844.0
Vila Nova de Foz Côa,Guarda,2024,8,2409.0
Vila Nova de Foz Côa,Guarda,2024,9,1753.0
Vila Nova de Foz Côa,Guarda,2024,10,1696.0
Vila Nova de Foz Côa,Guarda,2024,11,1067.0
Vila Nova de Foz Côa,Guarda,2024,12,633.0
Vila Nova de Foz Côa,Guarda,2025,1,382.0
Vila Nova de Foz Côa,Guarda,2025,2,658.0
Vila Nova de Foz Côa,Guarda,2025,3,831.0
Vila Nova de Foz Côa,Guarda,2025,4,1218.0
Vila Nova de Foz Côa,Guarda,2025,5,1432.0
Vila Nova de Foz Côa,Guarda,2025,6,1314.0
Vila Nova de Foz Côa,Guarda,2025,7,1395.0
Vila Nova de Foz Côa,Guarda,2025,8,2192.0
Vila Nova de Foz Côa,Guarda,2025,9,1591.0
Vila Nova de Foz Côa,Guarda,2025,10,1147.0
Vila Nova de Foz Côa,Guarda,2025,11,557.0
Vila Nova de Foz Côa,Guarda,2025,12,466.0
Vila Nova de Foz Côa,Guarda,2026,1,313.0
Vila Nova de Foz Côa,Guarda,2026,2,541.0
Vila Nova de Foz Côa,Guarda,2026,3,1097.0
Vila Nova de Foz Côa,Guarda,2026,4,1412.0
Vila Nova de Foz Côa,Guarda,2026,5,1808.0
Vila Nova de Foz Côa,Guarda,2026,6,1608.0
Vila Nova de Foz Côa,Guarda,2026,7,1973.0
Vila Nova de Gaia,Porto,2020,1,44954.0
Vila Nova de Gaia,Porto,2020,2,42082.0
Vila Nova de Gaia,Porto,2020,3,18613.0
Vila Nova de Gaia,Porto,2020,4,4615.0
Vila Nova de Gaia,Porto,2020,5,9346.0
Vila Nova de Gaia,Porto,2020,6,13534.0
Vila Nova de Gaia,Porto,2020,7,25471.0
Vila Nova de Gaia,Porto,2020,8,42079.0
Vila Nova de Gaia,Porto,2020,9,31703.0
Vila Nova de Gaia,Porto,2020,10,24605.0
Vila Nova de Gaia,Porto,2020,11,15105.0
Vila Nova de Gaia,Porto,2020,12,15738.0
Vila Nova de Gaia,Porto,2021,1,13677.0
Vila Nova de Gaia,Porto,2021,2,10451.0
Vila Nova de Gaia,Porto,2021,3,13179.0
Vila Nova de Gaia,Porto,2021,4,14758.0
Vila Nova de Gaia,Porto,2021,5,28216.0
Vila Nova de Gaia,Porto,2021,6,30628.0
Vila Nova de Gaia,Porto,2021,7,40460.0
Vila Nova de Gaia,Porto,2021,8,64112.0
Vila Nova de Gaia,Porto,2021,9,49970.0
Vila Nova de Gaia,Porto,2021,10,60610.0
Vila Nova de Gaia,Porto,2021,11,45793.0
Vila Nova de Gaia,Porto,2021,12,42654.0
Vila Nova de Gaia,Porto,2022,1,27758.0
Vila Nova de Gaia,Porto,2022,2,39134.0
Vila Nova de Gaia,Porto,2022,3,48979.0
Vila Nova de Gaia,Porto,2022,4,75573.0
Vila Nova de Gaia,Porto,2022,5,80913.0
Vila Nova de Gaia,Porto,2022,6,82393.0
Vila Nova de Gaia,Porto,2022,7,99727.0
Vila Nova de Gaia,Porto,2022,8,110491.0
Vila Nova de Gaia,Porto,2022,9,87418.0
Vila Nova de Gaia,Porto,2022,10,83850.0
Vila Nova de Gaia,Porto,2022,11,57190.0
Vila Nova de Gaia,Porto,2022,12,56559.0
Vila Nova de Gaia,Porto,2023,1,47613.0
Vila Nova de Gaia,Porto,2023,2,50477.0
Vila Nova de Gaia,Porto,2023,3,59615.0
Vila Nova de Gaia,Porto,2023,4,83527.0
Vila Nova de Gaia,Porto,2023,5,89851.0
Vila Nova de Gaia,Porto,2023,6,88660.0
Vila Nova de Gaia,Porto,2023,7,103570.0
Vila Nova de Gaia,Porto,2023,8,121418.0
Vila Nova de Gaia,Porto,2023,9,102005.0
Vila Nova de Gaia,Porto,2023,10,92088.0
Vila Nova de Gaia,Porto,2023,11,61618.0
Vila Nova de Gaia,Porto,2023,12,61893.0
Vila Nova de Gaia,Porto,2024,1,47981.0
Vila Nova de Gaia,Porto,2024,2,55012.0
Vila Nova de Gaia,Porto,2024,3,73516.0
Vila Nova de Gaia,Porto,2024,4,79129.0
Vila Nova de Gaia,Porto,2024,5,93512.0
Vila Nova de Gaia,Porto,2024,6,93762.0
Vila Nova de Gaia,Porto,2024,7,117873.0
Vila Nova de Gaia,Porto,2024,8,137555.0
Vila Nova de Gaia,Porto,2024,9,117025.0
Vila Nova de Gaia,Porto,2024,10,109246.0
Vila Nova de Gaia,Porto,2024,11,76438.0
Vila Nova de Gaia,Porto,2024,12,70669.0
Vila Nova de Gaia,Porto,2025,1,54478.0
Vila Nova de Gaia,Porto,2025,2,58733.0
Vila Nova de Gaia,Porto,2025,3,79695.0
Vila Nova de Gaia,Porto,2025,4,100324.0
Vila Nova de Gaia,Porto,2025,5,113646.0
Vila Nova de Gaia,Porto,2025,6,107404.0
Vila Nova de Gaia,Porto,2025,7,126772.0
Vila Nova de Gaia,Porto,2025,8,141327.0
Vila Nova de Gaia,Porto,2025,9,124887.0
Vila Nova de Gaia,Porto,2025,10,119250.0
Vila Nova de Gaia,Porto,2025,11,84287.0
Vila Nova de Gaia,Porto,2025,12,81904.0
Vila Nova de Gaia,Porto,2026,1,60569.0
Vila Nova de Gaia,Porto,2026,2,63441.0
Vila Nova de Gaia,Porto,2026,3,93628.0
Vila Nova de Gaia,Porto,2026,4,115888.0
Vila Nova de Gaia,Porto,2026,5,128558.0
Vila Nova de Gaia,Porto,2026,6,119693.0
Vila Nova de Gaia,Porto,2026,7,138323.0
Vila Nova de Paiva,Viseu,2020,1,127.0
Vila Nova de Paiva,Viseu,2020,2,202.0
Vila Nova de Paiva,Viseu,2020,3,135.0
Vila Nova de Paiva,Viseu,2020,4,
Vila Nova de Paiva,Viseu,2020,5,
Vila Nova de Paiva,Viseu,2020,6,109.0
Vila Nova de Paiva,Viseu,2020,7,245.0
Vila Nova de Paiva,Viseu,2020,8,356.0
Vila Nova de Paiva,Viseu,2020,9,224.0
Vila Nova de Paiva,Viseu,2020,10,129.0
Vila Nova de Paiva,Viseu,2020,11,109.0
Vila Nova de Paiva,Viseu,2020,12,146.0
Vila Nova de Paiva,Viseu,2021,1,
Vila Nova de Paiva,Viseu,2021,2,
Vila Nova de Paiva,Viseu,2021,3,
Vila Nova de Paiva,Viseu,2021,4,
Vila Nova de Paiva,Viseu,2021,5,
Vila Nova de Paiva,Viseu,2021,6,
Vila Nova de Paiva,Viseu,2021,7,
Vila Nova de Paiva,Viseu,2021,8,
Vila Nova de Paiva,Viseu,2021,9,
Vila Nova de Paiva,Viseu,2021,10,
Vila Nova de Paiva,Viseu,2021,11,
Vila Nova de Paiva,Viseu,2021,12,
Vila Nova de Paiva,Viseu,2022,1,
Vila Nova de Paiva,Viseu,2022,2,
Vila Nova de Paiva,Viseu,2022,3,
Vila Nova de Paiva,Viseu,2022,4,
Vila Nova de Paiva,Viseu,2022,5,
Vila Nova de Paiva,Viseu,2022,6,
Vila Nova de Paiva,Viseu,2022,7,
Vila Nova de Paiva,Viseu,2022,8,
Vila Nova de Paiva,Viseu,2022,9,
Vila Nova de Paiva,Viseu,2022,10,
Vila Nova de Paiva,Viseu,2022,11,
Vila Nova de Paiva,Viseu,2022,12,
Vila Nova de Paiva,Viseu,2023,1,
Vila Nova de Paiva,Viseu,2023,2,
Vila Nova de Paiva,Viseu,2023,3,
Vila Nova de Paiva,Viseu,2023,4,
Vila Nova de Paiva,Viseu,2023,5,
Vila Nova de Paiva,Viseu,2023,6,
Vila Nova de Paiva,Viseu,2023,7,
Vila Nova de Paiva,Viseu,2023,8,
Vila Nova de Paiva,Viseu,2023,9,
Vila Nova de Paiva,Viseu,2023,10,
Vila Nova de Paiva,Viseu,2023,11,
Vila Nova de Paiva,Viseu,2023,12,
Vila Nova de Paiva,Viseu,2024,1,162.0
Vila Nova de Paiva,Viseu,2024,2,91.0
Vila Nova de Paiva,Viseu,2024,3,162.0
Vila Nova de Paiva,Viseu,2024,4,268.0
Vila Nova de Paiva,Viseu,2024,5,131.0
Vila Nova de Paiva,Viseu,2024,6,100.0
Vila Nova de Paiva,Viseu,2024,7,184.0
Vila Nova de Paiva,Viseu,2024,8,841.0
Vila Nova de Paiva,Viseu,2024,9,181.0
Vila Nova de Paiva,Viseu,2024,10,144.0
Vila Nova de Paiva,Viseu,2024,11,193.0
Vila Nova de Paiva,Viseu,2024,12,115.0
Vila Nova de Paiva,Viseu,2025,1,
Vila Nova de Paiva,Viseu,2025,2,
Vila Nova de Paiva,Viseu,2025,3,
Vila Nova de Paiva,Viseu,2025,4,
Vila Nova de Paiva,Viseu,2025,5,
Vila Nova de Paiva,Viseu,2025,6,
Vila Nova de Paiva,Viseu,2025,7,
Vila Nova de Paiva,Viseu,2025,8,
Vila Nova de Paiva,Viseu,2025,9,
Vila Nova de Paiva,Viseu,2025,10,
Vila Nova de Paiva,Viseu,2025,11,
Vila Nova de Paiva,Viseu,2025,12,
Vila Nova de Paiva,Viseu,2026,1,
Vila Nova de Paiva,Viseu,2026,2,
Vila Nova de Paiva,Viseu,2026,3,
Vila Nova de Paiva,Viseu,2026,4,
Vila Nova de Paiva,Viseu,2026,5,
Vila Nova de Paiva,Viseu,2026,6,
Vila Nova de Paiva,Viseu,2026,7,
Vila Nova de Poiares,Coimbra,2020,1,
Vila Nova de Poiares,Coimbra,2020,2,
Vila Nova de Poiares,Coimbra,2020,3,
Vila Nova de Poiares,Coimbra,2020,4,
Vila Nova de Poiares,Coimbra,2020,5,106.0
Vila Nova de Poiares,Coimbra,2020,6,331.0
Vila Nova de Poiares,Coimbra,2020,7,606.0
Vila Nova de Poiares,Coimbra,2020,8,754.0
Vila Nova de Poiares,Coimbra,2020,9,631.0
Vila Nova de Poiares,Coimbra,2020,10,523.0
Vila Nova de Poiares,Coimbra,2020,11,
Vila Nova de Poiares,Coimbra,2020,12,
Vila Nova de Poiares,Coimbra,2021,1,
Vila Nova de Poiares,Coimbra,2021,2,
Vila Nova de Poiares,Coimbra,2021,3,
Vila Nova de Poiares,Coimbra,2021,4,
Vila Nova de Poiares,Coimbra,2021,5,212.0
Vila Nova de Poiares,Coimbra,2021,6,384.0
Vila Nova de Poiares,Coimbra,2021,7,447.0
Vila Nova de Poiares,Coimbra,2021,8,797.0
Vila Nova de Poiares,Coimbra,2021,9,391.0
Vila Nova de Poiares,Coimbra,2021,10,230.0
Vila Nova de Poiares,Coimbra,2021,11,219.0
Vila Nova de Poiares,Coimbra,2021,12,195.0
Vila Nova de Poiares,Coimbra,2022,1,
Vila Nova de Poiares,Coimbra,2022,2,145.0
Vila Nova de Poiares,Coimbra,2022,3,284.0
Vila Nova de Poiares,Coimbra,2022,4,291.0
Vila Nova de Poiares,Coimbra,2022,5,549.0
Vila Nova de Poiares,Coimbra,2022,6,745.0
Vila Nova de Poiares,Coimbra,2022,7,554.0
Vila Nova de Poiares,Coimbra,2022,8,969.0
Vila Nova de Poiares,Coimbra,2022,9,405.0
Vila Nova de Poiares,Coimbra,2022,10,273.0
Vila Nova de Poiares,Coimbra,2022,11,398.0
Vila Nova de Poiares,Coimbra,2022,12,
Vila Nova de Poiares,Coimbra,2023,1,
Vila Nova de Poiares,Coimbra,2023,2,
Vila Nova de Poiares,Coimbra,2023,3,407.0
Vila Nova de Poiares,Coimbra,2023,4,340.0
Vila Nova de Poiares,Coimbra,2023,5,339.0
Vila Nova de Poiares,Coimbra,2023,6,301.0
Vila Nova de Poiares,Coimbra,2023,7,580.0
Vila Nova de Poiares,Coimbra,2023,8,1101.0
Vila Nova de Poiares,Coimbra,2023,9,336.0
Vila Nova de Poiares,Coimbra,2023,10,278.0
Vila Nova de Poiares,Coimbra,2023,11,442.0
Vila Nova de Poiares,Coimbra,2023,12,
Vila Nova de Poiares,Coimbra,2024,1,
Vila Nova de Poiares,Coimbra,2024,2,
Vila Nova de Poiares,Coimbra,2024,3,
Vila Nova de Poiares,Coimbra,2024,4,
Vila Nova de Poiares,Coimbra,2024,5,
Vila Nova de Poiares,Coimbra,2024,6,399.0
Vila Nova de Poiares,Coimbra,2024,7,308.0
Vila Nova de Poiares,Coimbra,2024,8,
Vila Nova de Poiares,Coimbra,2024,9,452.0
Vila Nova de Poiares,Coimbra,2024,10,420.0
Vila Nova de Poiares,Coimbra,2024,11,310.0
Vila Nova de Poiares,Coimbra,2024,12,
Vila Nova de Poiares,Coimbra,2025,1,
Vila Nova de Poiares,Coimbra,2025,2,
Vila Nova de Poiares,Coimbra,2025,3,177.0
Vila Nova de Poiares,Coimbra,2025,4,312.0
Vila Nova de Poiares,Coimbra,2025,5,288.0
Vila Nova de Poiares,Coimbra,2025,6,356.0
Vila Nova de Poiares,Coimbra,2025,7,637.0
Vila Nova de Poiares,Coimbra,2025,8,394.0
Vila Nova de Poiares,Coimbra,2025,9,498.0
Vila Nova de Poiares,Coimbra,2025,10,360.0
Vila Nova de Poiares,Coimbra,2025,11,
Vila Nova de Poiares,Coimbra,2025,12,
Vila Nova de Poiares,Coimbra,2026,1,
Vila Nova de Poiares,Coimbra,2026,2,
Vila Nova de Poiares,Coimbra,2026,3,271.0
Vila Nova de Poiares,Coimbra,2026,4,256.0
Vila Nova de Poiares,Coimbra,2026,5,398.0
Vila Nova de Poiares,Coimbra,2026,6,395.0
Vila Nova de Poiares,Coimbra,2026,7,477.0
Vila Pouca de Aguiar,Vila Real,2020,1,994.0
Vila Pouca de Aguiar,Vila Real,2020,2,1374.0
Vila Pouca de Aguiar,Vila Real,2020,3,578.0
Vila Pouca de Aguiar,Vila Real,2020,4,
Vila Pouca de Aguiar,Vila Real,2020,5,447.0
Vila Pouca de Aguiar,Vila Real,2020,6,790.0
Vila Pouca de Aguiar,Vila Real,2020,7,
Vila Pouca de Aguiar,Vila Real,2020,8,3147.0
Vila Pouca de Aguiar,Vila Real,2020,9,2081.0
Vila Pouca de Aguiar,Vila Real,2020,10,1751.0
Vila Pouca de Aguiar,Vila Real,2020,11,1222.0
Vila Pouca de Aguiar,Vila Real,2020,12,843.0
Vila Pouca de Aguiar,Vila Real,2021,1,859.0
Vila Pouca de Aguiar,Vila Real,2021,2,684.0
Vila Pouca de Aguiar,Vila Real,2021,3,902.0
Vila Pouca de Aguiar,Vila Real,2021,4,832.0
Vila Pouca de Aguiar,Vila Real,2021,5,1724.0
Vila Pouca de Aguiar,Vila Real,2021,6,2026.0
Vila Pouca de Aguiar,Vila Real,2021,7,2498.0
Vila Pouca de Aguiar,Vila Real,2021,8,3628.0
Vila Pouca de Aguiar,Vila Real,2021,9,1833.0
Vila Pouca de Aguiar,Vila Real,2021,10,1619.0
Vila Pouca de Aguiar,Vila Real,2021,11,1420.0
Vila Pouca de Aguiar,Vila Real,2021,12,1376.0
Vila Pouca de Aguiar,Vila Real,2022,1,1117.0
Vila Pouca de Aguiar,Vila Real,2022,2,920.0
Vila Pouca de Aguiar,Vila Real,2022,3,1205.0
Vila Pouca de Aguiar,Vila Real,2022,4,1890.0
Vila Pouca de Aguiar,Vila Real,2022,5,1605.0
Vila Pouca de Aguiar,Vila Real,2022,6,1866.0
Vila Pouca de Aguiar,Vila Real,2022,7,2540.0
Vila Pouca de Aguiar,Vila Real,2022,8,3748.0
Vila Pouca de Aguiar,Vila Real,2022,9,1956.0
Vila Pouca de Aguiar,Vila Real,2022,10,1674.0
Vila Pouca de Aguiar,Vila Real,2022,11,1314.0
Vila Pouca de Aguiar,Vila Real,2022,12,1315.0
Vila Pouca de Aguiar,Vila Real,2023,1,1209.0
Vila Pouca de Aguiar,Vila Real,2023,2,1598.0
Vila Pouca de Aguiar,Vila Real,2023,3,1742.0
Vila Pouca de Aguiar,Vila Real,2023,4,2425.0
Vila Pouca de Aguiar,Vila Real,2023,5,1697.0
Vila Pouca de Aguiar,Vila Real,2023,6,1958.0
Vila Pouca de Aguiar,Vila Real,2023,7,2575.0
Vila Pouca de Aguiar,Vila Real,2023,8,4291.0
Vila Pouca de Aguiar,Vila Real,2023,9,2447.0
Vila Pouca de Aguiar,Vila Real,2023,10,2280.0
Vila Pouca de Aguiar,Vila Real,2023,11,2049.0
Vila Pouca de Aguiar,Vila Real,2023,12,2535.0
Vila Pouca de Aguiar,Vila Real,2024,1,1605.0
Vila Pouca de Aguiar,Vila Real,2024,2,2149.0
Vila Pouca de Aguiar,Vila Real,2024,3,1952.0
Vila Pouca de Aguiar,Vila Real,2024,4,2048.0
Vila Pouca de Aguiar,Vila Real,2024,5,2263.0
Vila Pouca de Aguiar,Vila Real,2024,6,2963.0
Vila Pouca de Aguiar,Vila Real,2024,7,2921.0
Vila Pouca de Aguiar,Vila Real,2024,8,5537.0
Vila Pouca de Aguiar,Vila Real,2024,9,2840.0
Vila Pouca de Aguiar,Vila Real,2024,10,2678.0
Vila Pouca de Aguiar,Vila Real,2024,11,2068.0
Vila Pouca de Aguiar,Vila Real,2024,12,1380.0
Vila Pouca de Aguiar,Vila Real,2025,1,1758.0
Vila Pouca de Aguiar,Vila Real,2025,2,2070.0
Vila Pouca de Aguiar,Vila Real,2025,3,2560.0
Vila Pouca de Aguiar,Vila Real,2025,4,2568.0
Vila Pouca de Aguiar,Vila Real,2025,5,2483.0
Vila Pouca de Aguiar,Vila Real,2025,6,3623.0
Vila Pouca de Aguiar,Vila Real,2025,7,4813.0
Vila Pouca de Aguiar,Vila Real,2025,8,6529.0
Vila Pouca de Aguiar,Vila Real,2025,9,2857.0
Vila Pouca de Aguiar,Vila Real,2025,10,2754.0
Vila Pouca de Aguiar,Vila Real,2025,11,2456.0
Vila Pouca de Aguiar,Vila Real,2025,12,1962.0
Vila Pouca de Aguiar,Vila Real,2026,1,1736.0
Vila Pouca de Aguiar,Vila Real,2026,2,1741.0
Vila Pouca de Aguiar,Vila Real,2026,3,2177.0
Vila Pouca de Aguiar,Vila Real,2026,4,3075.0
Vila Pouca de Aguiar,Vila Real,2026,5,2912.0
Vila Pouca de Aguiar,Vila Real,2026,6,3446.0
Vila Pouca de Aguiar,Vila Real,2026,7,2946.0
Vila Real,Vila Real,2020,1,3471.0
Vila Real,Vila Real,2020,2,3578.0
Vila Real,Vila Real,2020,3,
Vila Real,Vila Real,2020,4,
Vila Real,Vila Real,2020,5,360.0
Vila Real,Vila Real,2020,6,1336.0
Vila Real,Vila Real,2020,7,2864.0
Vila Real,Vila Real,2020,8,8388.0
Vila Real,Vila Real,2020,9,5542.0
Vila Real,Vila Real,2020,10,3769.0
Vila Real,Vila Real,2020,11,1682.0
Vila Real,Vila Real,2020,12,1587.0
Vila Real,Vila Real,2021,1,1176.0
Vila Real,Vila Real,2021,2,597.0
Vila Real,Vila Real,2021,3,650.0
Vila Real,Vila Real,2021,4,1404.0
Vila Real,Vila Real,2021,5,4204.0
Vila Real,Vila Real,2021,6,4367.0
Vila Real,Vila Real,2021,7,5359.0
Vila Real,Vila Real,2021,8,10967.0
Vila Real,Vila Real,2021,9,6799.0
Vila Real,Vila Real,2021,10,7160.0
Vila Real,Vila Real,2021,11,4481.0
Vila Real,Vila Real,2021,12,2924.0
Vila Real,Vila Real,2022,1,2182.0
Vila Real,Vila Real,2022,2,3862.0
Vila Real,Vila Real,2022,3,4435.0
Vila Real,Vila Real,2022,4,5463.0
Vila Real,Vila Real,2022,5,5986.0
Vila Real,Vila Real,2022,6,6925.0
Vila Real,Vila Real,2022,7,8367.0
Vila Real,Vila Real,2022,8,11566.0
Vila Real,Vila Real,2022,9,8111.0
Vila Real,Vila Real,2022,10,7105.0
Vila Real,Vila Real,2022,11,3842.0
Vila Real,Vila Real,2022,12,3789.0
Vila Real,Vila Real,2023,1,2999.0
Vila Real,Vila Real,2023,2,4022.0
Vila Real,Vila Real,2023,3,3968.0
Vila Real,Vila Real,2023,4,7220.0
Vila Real,Vila Real,2023,5,6680.0
Vila Real,Vila Real,2023,6,7224.0
Vila Real,Vila Real,2023,7,8388.0
Vila Real,Vila Real,2023,8,13457.0
Vila Real,Vila Real,2023,9,10297.0
Vila Real,Vila Real,2023,10,7286.0
Vila Real,Vila Real,2023,11,4722.0
Vila Real,Vila Real,2023,12,4545.0
Vila Real,Vila Real,2024,1,2805.0
Vila Real,Vila Real,2024,2,5135.0
Vila Real,Vila Real,2024,3,5025.0
Vila Real,Vila Real,2024,4,6143.0
Vila Real,Vila Real,2024,5,7336.0
Vila Real,Vila Real,2024,6,7723.0
Vila Real,Vila Real,2024,7,7706.0
Vila Real,Vila Real,2024,8,12061.0
Vila Real,Vila Real,2024,9,10078.0
Vila Real,Vila Real,2024,10,7772.0
Vila Real,Vila Real,2024,11,5413.0
Vila Real,Vila Real,2024,12,4504.0
Vila Real,Vila Real,2025,1,3239.0
Vila Real,Vila Real,2025,2,4743.0
Vila Real,Vila Real,2025,3,4851.0
Vila Real,Vila Real,2025,4,6769.0
Vila Real,Vila Real,2025,5,8845.0
Vila Real,Vila Real,2025,6,7945.0
Vila Real,Vila Real,2025,7,8289.0
Vila Real,Vila Real,2025,8,11018.0
Vila Real,Vila Real,2025,9,10108.0
Vila Real,Vila Real,2025,10,8143.0
Vila Real,Vila Real,2025,11,4475.0
Vila Real,Vila Real,2025,12,3686.0
Vila Real,Vila Real,2026,1,3294.0
Vila Real,Vila Real,2026,2,5240.0
Vila Real,Vila Real,2026,3,5333.0
Vila Real,Vila Real,2026,4,6546.0
Vila Real,Vila Real,2026,5,9531.0
Vila Real,Vila Real,2026,6,7942.0
Vila Real,Vila Real,2026,7,8133.0
Vila Real de Santo António,Faro,2020,1,54007.0
Vila Real de Santo António,Faro,2020,2,67055.0
Vila Real de Santo António,Faro,2020,3,40304.0
Vila Real de Santo António,Faro,2020,4,1022.0
Vila Real de Santo António,Faro,2020,5,1148.0
Vila Real de Santo António,Faro,2020,6,22692.0
Vila Real de Santo António,Faro,2020,7,71400.0
Vila Real de Santo António,Faro,2020,8,130026.0
Vila Real de Santo António,Faro,2020,9,96502.0
Vila Real de Santo António,Faro,2020,10,47193.0
Vila Real de Santo António,Faro,2020,11,12028.0
Vila Real de Santo António,Faro,2020,12,7747.0
Vila Real de Santo António,Faro,2021,1,7785.0
Vila Real de Santo António,Faro,2021,2,3682.0
Vila Real de Santo António,Faro,2021,3,5135.0
Vila Real de Santo António,Faro,2021,4,8503.0
Vila Real de Santo António,Faro,2021,5,32491.0
Vila Real de Santo António,Faro,2021,6,75935.0
Vila Real de Santo António,Faro,2021,7,112311.0
Vila Real de Santo António,Faro,2021,8,168129.0
Vila Real de Santo António,Faro,2021,9,105352.0
Vila Real de Santo António,Faro,2021,10,79424.0
Vila Real de Santo António,Faro,2021,11,48575.0
Vila Real de Santo António,Faro,2021,12,35393.0
Vila Real de Santo António,Faro,2022,1,37031.0
Vila Real de Santo António,Faro,2022,2,52062.0
Vila Real de Santo António,Faro,2022,3,56311.0
Vila Real de Santo António,Faro,2022,4,78341.0
Vila Real de Santo António,Faro,2022,5,83137.0
Vila Real de Santo António,Faro,2022,6,106607.0
Vila Real de Santo António,Faro,2022,7,156597.0
Vila Real de Santo António,Faro,2022,8,183559.0
Vila Real de Santo António,Faro,2022,9,113091.0
Vila Real de Santo António,Faro,2022,10,83041.0
Vila Real de Santo António,Faro,2022,11,59061.0
Vila Real de Santo António,Faro,2022,12,43750.0
Vila Real de Santo António,Faro,2023,1,52646.0
Vila Real de Santo António,Faro,2023,2,63937.0
Vila Real de Santo António,Faro,2023,3,63968.0
Vila Real de Santo António,Faro,2023,4,81898.0
Vila Real de Santo António,Faro,2023,5,83499.0
Vila Real de Santo António,Faro,2023,6,100383.0
Vila Real de Santo António,Faro,2023,7,123250.0
Vila Real de Santo António,Faro,2023,8,146678.0
Vila Real de Santo António,Faro,2023,9,109258.0
Vila Real de Santo António,Faro,2023,10,85416.0
Vila Real de Santo António,Faro,2023,11,53400.0
Vila Real de Santo António,Faro,2023,12,46098.0
Vila Real de Santo António,Faro,2024,1,54430.0
Vila Real de Santo António,Faro,2024,2,62855.0
Vila Real de Santo António,Faro,2024,3,68687.0
Vila Real de Santo António,Faro,2024,4,75631.0
Vila Real de Santo António,Faro,2024,5,82146.0
Vila Real de Santo António,Faro,2024,6,102496.0
Vila Real de Santo António,Faro,2024,7,120549.0
Vila Real de Santo António,Faro,2024,8,145383.0
Vila Real de Santo António,Faro,2024,9,110223.0
Vila Real de Santo António,Faro,2024,10,82632.0
Vila Real de Santo António,Faro,2024,11,54135.0
Vila Real de Santo António,Faro,2024,12,51670.0
Vila Real de Santo António,Faro,2025,1,57671.0
Vila Real de Santo António,Faro,2025,2,62344.0
Vila Real de Santo António,Faro,2025,3,67804.0
Vila Real de Santo António,Faro,2025,4,85284.0
Vila Real de Santo António,Faro,2025,5,87979.0
Vila Real de Santo António,Faro,2025,6,105988.0
Vila Real de Santo António,Faro,2025,7,132118.0
Vila Real de Santo António,Faro,2025,8,150278.0
Vila Real de Santo António,Faro,2025,9,112988.0
Vila Real de Santo António,Faro,2025,10,82791.0
Vila Real de Santo António,Faro,2025,11,51200.0
Vila Real de Santo António,Faro,2025,12,45155.0
Vila Real de Santo António,Faro,2026,1,51902.0
Vila Real de Santo António,Faro,2026,2,58289.0
Vila Real de Santo António,Faro,2026,3,62345.0
Vila Real de Santo António,Faro,2026,4,80896.0
Vila Real de Santo António,Faro,2026,5,80081.0
Vila Real de Santo António,Faro,2026,6,106464.0
Vila Real de Santo António,Faro,2026,7,126397.0
Vila Velha de Ródão,Castelo Branco,2020,1,
Vila Velha de Ródão,Castelo Branco,2020,2,384.0
Vila Velha de Ródão,Castelo Branco,2020,3,283.0
Vila Velha de Ródão,Castelo Branco,2020,4,
Vila Velha de Ródão,Castelo Branco,2020,5,248.0
Vila Velha de Ródão,Castelo Branco,2020,6,683.0
Vila Velha de Ródão,Castelo Branco,2020,7,818.0
Vila Velha de Ródão,Castelo Branco,2020,8,1446.0
Vila Velha de Ródão,Castelo Branco,2020,9,837.0
Vila Velha de Ródão,Castelo Branco,2020,10,935.0
Vila Velha de Ródão,Castelo Branco,2020,11,267.0
Vila Velha de Ródão,Castelo Branco,2020,12,296.0
Vila Velha de Ródão,Castelo Branco,2021,1,159.0
Vila Velha de Ródão,Castelo Branco,2021,2,326.0
Vila Velha de Ródão,Castelo Branco,2021,3,365.0
Vila Velha de Ródão,Castelo Branco,2021,4,614.0
Vila Velha de Ródão,Castelo Branco,2021,5,792.0
Vila Velha de Ródão,Castelo Branco,2021,6,1073.0
Vila Velha de Ródão,Castelo Branco,2021,7,1083.0
Vila Velha de Ródão,Castelo Branco,2021,8,1448.0
Vila Velha de Ródão,Castelo Branco,2021,9,1010.0
Vila Velha de Ródão,Castelo Branco,2021,10,970.0
Vila Velha de Ródão,Castelo Branco,2021,11,531.0
Vila Velha de Ródão,Castelo Branco,2021,12,1218.0
Vila Velha de Ródão,Castelo Branco,2022,1,610.0
Vila Velha de Ródão,Castelo Branco,2022,2,666.0
Vila Velha de Ródão,Castelo Branco,2022,3,428.0
Vila Velha de Ródão,Castelo Branco,2022,4,900.0
Vila Velha de Ródão,Castelo Branco,2022,5,1135.0
Vila Velha de Ródão,Castelo Branco,2022,6,993.0
Vila Velha de Ródão,Castelo Branco,2022,7,986.0
Vila Velha de Ródão,Castelo Branco,2022,8,1165.0
Vila Velha de Ródão,Castelo Branco,2022,9,1345.0
Vila Velha de Ródão,Castelo Branco,2022,10,781.0
Vila Velha de Ródão,Castelo Branco,2022,11,664.0
Vila Velha de Ródão,Castelo Branco,2022,12,559.0
Vila Velha de Ródão,Castelo Branco,2023,1,738.0
Vila Velha de Ródão,Castelo Branco,2023,2,543.0
Vila Velha de Ródão,Castelo Branco,2023,3,675.0
Vila Velha de Ródão,Castelo Branco,2023,4,679.0
Vila Velha de Ródão,Castelo Branco,2023,5,695.0
Vila Velha de Ródão,Castelo Branco,2023,6,1152.0
Vila Velha de Ródão,Castelo Branco,2023,7,1466.0
Vila Velha de Ródão,Castelo Branco,2023,8,2319.0
Vila Velha de Ródão,Castelo Branco,2023,9,1558.0
Vila Velha de Ródão,Castelo Branco,2023,10,2148.0
Vila Velha de Ródão,Castelo Branco,2023,11,930.0
Vila Velha de Ródão,Castelo Branco,2023,12,1261.0
Vila Velha de Ródão,Castelo Branco,2024,1,744.0
Vila Velha de Ródão,Castelo Branco,2024,2,880.0
Vila Velha de Ródão,Castelo Branco,2024,3,1144.0
Vila Velha de Ródão,Castelo Branco,2024,4,1140.0
Vila Velha de Ródão,Castelo Branco,2024,5,1218.0
Vila Velha de Ródão,Castelo Branco,2024,6,1502.0
Vila Velha de Ródão,Castelo Branco,2024,7,1509.0
Vila Velha de Ródão,Castelo Branco,2024,8,2205.0
Vila Velha de Ródão,Castelo Branco,2024,9,1679.0
Vila Velha de Ródão,Castelo Branco,2024,10,1301.0
Vila Velha de Ródão,Castelo Branco,2024,11,995.0
Vila Velha de Ródão,Castelo Branco,2024,12,1009.0
Vila Velha de Ródão,Castelo Branco,2025,1,902.0
Vila Velha de Ródão,Castelo Branco,2025,2,853.0
Vila Velha de Ródão,Castelo Branco,2025,3,993.0
Vila Velha de Ródão,Castelo Branco,2025,4,1585.0
Vila Velha de Ródão,Castelo Branco,2025,5,1315.0
Vila Velha de Ródão,Castelo Branco,2025,6,1527.0
Vila Velha de Ródão,Castelo Branco,2025,7,1679.0
Vila Velha de Ródão,Castelo Branco,2025,8,2301.0
Vila Velha de Ródão,Castelo Branco,2025,9,1740.0
Vila Velha de Ródão,Castelo Branco,2025,10,1319.0
Vila Velha de Ródão,Castelo Branco,2025,11,1117.0
Vila Velha de Ródão,Castelo Branco,2025,12,1190.0
Vila Velha de Ródão,Castelo Branco,2026,1,894.0
Vila Velha de Ródão,Castelo Branco,2026,2,939.0
Vila Velha de Ródão,Castelo Branco,2026,3,1284.0
Vila Velha de Ródão,Castelo Branco,2026,4,1385.0
Vila Velha de Ródão,Castelo Branco,2026,5,1297.0
Vila Velha de Ródão,Castelo Branco,2026,6,1776.0
Vila Velha de Ródão,Castelo Branco,2026,7,1737.0
Vila Verde,Braga,2020,1,1232.0
Vila Verde,Braga,2020,2,1212.0
Vila Verde,Braga,2020,3,563.0
Vila Verde,Braga,2020,4,
Vila Verde,Braga,2020,5,
Vila Verde,Braga,2020,6,949.0
Vila Verde,Braga,2020,7,2222.0
Vila Verde,Braga,2020,8,4151.0
Vila Verde,Braga,2020,9,1835.0
Vila Verde,Braga,2020,10,1000.0
Vila Verde,Braga,2020,11,339.0
Vila Verde,Braga,2020,12,468.0
Vila Verde,Braga,2021,1,
Vila Verde,Braga,2021,2,352.0
Vila Verde,Braga,2021,3,
Vila Verde,Braga,2021,4,768.0
Vila Verde,Braga,2021,5,1005.0
Vila Verde,Braga,2021,6,1772.0
Vila Verde,Braga,2021,7,2762.0
Vila Verde,Braga,2021,8,5468.0
Vila Verde,Braga,2021,9,2197.0
Vila Verde,Braga,2021,10,2138.0
Vila Verde,Braga,2021,11,1298.0
Vila Verde,Braga,2021,12,1353.0
Vila Verde,Braga,2022,1,883.0
Vila Verde,Braga,2022,2,1158.0
Vila Verde,Braga,2022,3,1005.0
Vila Verde,Braga,2022,4,2510.0
Vila Verde,Braga,2022,5,2103.0
Vila Verde,Braga,2022,6,2676.0
Vila Verde,Braga,2022,7,4138.0
Vila Verde,Braga,2022,8,5721.0
Vila Verde,Braga,2022,9,3108.0
Vila Verde,Braga,2022,10,2056.0
Vila Verde,Braga,2022,11,1661.0
Vila Verde,Braga,2022,12,2435.0
Vila Verde,Braga,2023,1,1236.0
Vila Verde,Braga,2023,2,1346.0
Vila Verde,Braga,2023,3,1645.0
Vila Verde,Braga,2023,4,2929.0
Vila Verde,Braga,2023,5,3022.0
Vila Verde,Braga,2023,6,3283.0
Vila Verde,Braga,2023,7,4139.0
Vila Verde,Braga,2023,8,5858.0
Vila Verde,Braga,2023,9,3421.0
Vila Verde,Braga,2023,10,2559.0
Vila Verde,Braga,2023,11,2065.0
Vila Verde,Braga,2023,12,2208.0
Vila Verde,Braga,2024,1,1463.0
Vila Verde,Braga,2024,2,1531.0
Vila Verde,Braga,2024,3,2183.0
Vila Verde,Braga,2024,4,2594.0
Vila Verde,Braga,2024,5,2919.0
Vila Verde,Braga,2024,6,3222.0
Vila Verde,Braga,2024,7,4130.0
Vila Verde,Braga,2024,8,6947.0
Vila Verde,Braga,2024,9,3991.0
Vila Verde,Braga,2024,10,3176.0
Vila Verde,Braga,2024,11,2243.0
Vila Verde,Braga,2024,12,2790.0
Vila Verde,Braga,2025,1,1697.0
Vila Verde,Braga,2025,2,1911.0
Vila Verde,Braga,2025,3,3253.0
Vila Verde,Braga,2025,4,3725.0
Vila Verde,Braga,2025,5,4239.0
Vila Verde,Braga,2025,6,3899.0
Vila Verde,Braga,2025,7,5630.0
Vila Verde,Braga,2025,8,7036.0
Vila Verde,Braga,2025,9,4098.0
Vila Verde,Braga,2025,10,3525.0
Vila Verde,Braga,2025,11,2378.0
Vila Verde,Braga,2025,12,2856.0
Vila Verde,Braga,2026,1,1829.0
Vila Verde,Braga,2026,2,1923.0
Vila Verde,Braga,2026,3,2971.0
Vila Verde,Braga,2026,4,3598.0
Vila Verde,Braga,2026,5,4111.0
Vila Verde,Braga,2026,6,4002.0
Vila Verde,Braga,2026,7,5515.0
Vila Viçosa,Évora,2020,1,1913.0
Vila Viçosa,Évora,2020,2,2713.0
Vila Viçosa,Évora,2020,3,542.0
Vila Viçosa,Évora,2020,4,289.0
Vila Viçosa,Évora,2020,5,608.0
Vila Viçosa,Évora,2020,6,1756.0
Vila Viçosa,Évora,2020,7,1891.0
Vila Viçosa,Évora,2020,8,4125.0
Vila Viçosa,Évora,2020,9,1836.0
Vila Viçosa,Évora,2020,10,2063.0
Vila Viçosa,Évora,2020,11,718.0
Vila Viçosa,Évora,2020,12,1161.0
Vila Viçosa,Évora,2021,1,551.0
Vila Viçosa,Évora,2021,2,374.0
Vila Viçosa,Évora,2021,3,543.0
Vila Viçosa,Évora,2021,4,1128.0
Vila Viçosa,Évora,2021,5,2306.0
Vila Viçosa,Évora,2021,6,3216.0
Vila Viçosa,Évora,2021,7,3600.0
Vila Viçosa,Évora,2021,8,6153.0
Vila Viçosa,Évora,2021,9,3992.0
Vila Viçosa,Évora,2021,10,4036.0
Vila Viçosa,Évora,2021,11,2667.0
Vila Viçosa,Évora,2021,12,2244.0
Vila Viçosa,Évora,2022,1,1548.0
Vila Viçosa,Évora,2022,2,2830.0
Vila Viçosa,Évora,2022,3,2385.0
Vila Viçosa,Évora,2022,4,3695.0
Vila Viçosa,Évora,2022,5,4002.0
Vila Viçosa,Évora,2022,6,3856.0
Vila Viçosa,Évora,2022,7,4602.0
Vila Viçosa,Évora,2022,8,6956.0
Vila Viçosa,Évora,2022,9,4817.0
Vila Viçosa,Évora,2022,10,3850.0
Vila Viçosa,Évora,2022,11,2559.0
Vila Viçosa,Évora,2022,12,2994.0
Vila Viçosa,Évora,2023,1,2021.0
Vila Viçosa,Évora,2023,2,2595.0
Vila Viçosa,Évora,2023,3,2480.0
Vila Viçosa,Évora,2023,4,4499.0
Vila Viçosa,Évora,2023,5,3632.0
Vila Viçosa,Évora,2023,6,3984.0
Vila Viçosa,Évora,2023,7,5017.0
Vila Viçosa,Évora,2023,8,7226.0
Vila Viçosa,Évora,2023,9,5047.0
Vila Viçosa,Évora,2023,10,4273.0
Vila Viçosa,Évora,2023,11,3290.0
Vila Viçosa,Évora,2023,12,3034.0
Vila Viçosa,Évora,2024,1,2076.0
Vila Viçosa,Évora,2024,2,2575.0
Vila Viçosa,Évora,2024,3,3414.0
Vila Viçosa,Évora,2024,4,3835.0
Vila Viçosa,Évora,2024,5,4512.0
Vila Viçosa,Évora,2024,6,3752.0
Vila Viçosa,Évora,2024,7,4377.0
Vila Viçosa,Évora,2024,8,7611.0
Vila Viçosa,Évora,2024,9,5179.0
Vila Viçosa,Évora,2024,10,4332.0
Vila Viçosa,Évora,2024,11,2781.0
Vila Viçosa,Évora,2024,12,2723.0
Vila Viçosa,Évora,2025,1,2024.0
Vila Viçosa,Évora,2025,2,1997.0
Vila Viçosa,Évora,2025,3,2510.0
Vila Viçosa,Évora,2025,4,3971.0
Vila Viçosa,Évora,2025,5,3974.0
Vila Viçosa,Évora,2025,6,3902.0
Vila Viçosa,Évora,2025,7,5082.0
Vila Viçosa,Évora,2025,8,7806.0
Vila Viçosa,Évora,2025,9,5728.0
Vila Viçosa,Évora,2025,10,5257.0
Vila Viçosa,Évora,2025,11,3058.0
Vila Viçosa,Évora,2025,12,3463.0
Vila Viçosa,Évora,2026,1,2394.0
Vila Viçosa,Évora,2026,2,2882.0
Vila Viçosa,Évora,2026,3,3371.0
Vila Viçosa,Évora,2026,4,5202.0
Vila Viçosa,Évora,2026,5,5218.0
Vila Viçosa,Évora,2026,6,4793.0
Vila Viçosa,Évora,2026,7,6066.0
Vila da Praia da Vitória,Região Autónoma dos Açores,2020,1,3979.0
Vila da Praia da Vitória,Região Autónoma dos Açores,2020,2,3877.0
Vila da Praia da Vitória,Região Autónoma dos Açores,2020,3,2146.0
Vila da Praia da Vitória,Região Autónoma dos Açores,2020,4,
Vila da Praia da Vitória,Região Autónoma dos Açores,2020,5,
Vila da Praia da Vitória,Região Autónoma dos Açores,2020,6,621.0
Vila da Praia da Vitória,Região Autónoma dos Açores,2020,7,2220.0
Vila da Praia da Vitória,Região Autónoma dos Açores,2020,8,
Vila da Praia da Vitória,Região Autónoma dos Açores,2020,9,3630.0
Vila da Praia da Vitória,Região Autónoma dos Açores,2020,10,4288.0
Vila da Praia da Vitória,Região Autónoma dos Açores,2020,11,2934.0
Vila da Praia da Vitória,Região Autónoma dos Açores,2020,12,1703.0
Vila da Praia da Vitória,Região Autónoma dos Açores,2021,1,2318.0
Vila da Praia da Vitória,Região Autónoma dos Açores,2021,2,1774.0
Vila da Praia da Vitória,Região Autónoma dos Açores,2021,3,2591.0
Vila da Praia da Vitória,Região Autónoma dos Açores,2021,4,3235.0
Vila da Praia da Vitória,Região Autónoma dos Açores,2021,5,5021.0
Vila da Praia da Vitória,Região Autónoma dos Açores,2021,6,4067.0
Vila da Praia da Vitória,Região Autónoma dos Açores,2021,7,6285.0
Vila da Praia da Vitória,Região Autónoma dos Açores,2021,8,7719.0
Vila da Praia da Vitória,Região Autónoma dos Açores,2021,9,6129.0
Vila da Praia da Vitória,Região Autónoma dos Açores,2021,10,5246.0
Vila da Praia da Vitória,Região Autónoma dos Açores,2021,11,4552.0
Vila da Praia da Vitória,Região Autónoma dos Açores,2021,12,2809.0
Vila da Praia da Vitória,Região Autónoma dos Açores,2022,1,3715.0
Vila da Praia da Vitória,Região Autónoma dos Açores,2022,2,3698.0
Vila da Praia da Vitória,Região Autónoma dos Açores,2022,3,5012.0
Vila da Praia da Vitória,Região Autónoma dos Açores,2022,4,5732.0
Vila da Praia da Vitória,Região Autónoma dos Açores,2022,5,6441.0
Vila da Praia da Vitória,Região Autónoma dos Açores,2022,6,9107.0
Vila da Praia da Vitória,Região Autónoma dos Açores,2022,7,12382.0
Vila da Praia da Vitória,Região Autónoma dos Açores,2022,8,13873.0
Vila da Praia da Vitória,Região Autónoma dos Açores,2022,9,8639.0
Vila da Praia da Vitória,Região Autónoma dos Açores,2022,10,6860.0
Vila da Praia da Vitória,Região Autónoma dos Açores,2022,11,3851.0
Vila da Praia da Vitória,Região Autónoma dos Açores,2022,12,3631.0
Vila da Praia da Vitória,Região Autónoma dos Açores,2023,1,4344.0
Vila da Praia da Vitória,Região Autónoma dos Açores,2023,2,4107.0
Vila da Praia da Vitória,Região Autónoma dos Açores,2023,3,5805.0
Vila da Praia da Vitória,Região Autónoma dos Açores,2023,4,7993.0
Vila da Praia da Vitória,Região Autónoma dos Açores,2023,5,8692.0
Vila da Praia da Vitória,Região Autónoma dos Açores,2023,6,11533.0
Vila da Praia da Vitória,Região Autónoma dos Açores,2023,7,13586.0
Vila da Praia da Vitória,Região Autónoma dos Açores,2023,8,14548.0
Vila da Praia da Vitória,Região Autónoma dos Açores,2023,9,10484.0
Vila da Praia da Vitória,Região Autónoma dos Açores,2023,10,7118.0
Vila da Praia da Vitória,Região Autónoma dos Açores,2023,11,4726.0
Vila da Praia da Vitória,Região Autónoma dos Açores,2023,12,3366.0
Vila da Praia da Vitória,Região Autónoma dos Açores,2024,1,3762.0
Vila da Praia da Vitória,Região Autónoma dos Açores,2024,2,4727.0
Vila da Praia da Vitória,Região Autónoma dos Açores,2024,3,6201.0
Vila da Praia da Vitória,Região Autónoma dos Açores,2024,4,6248.0
Vila da Praia da Vitória,Região Autónoma dos Açores,2024,5,8093.0
Vila da Praia da Vitória,Região Autónoma dos Açores,2024,6,10999.0
Vila da Praia da Vitória,Região Autónoma dos Açores,2024,7,13672.0
Vila da Praia da Vitória,Região Autónoma dos Açores,2024,8,15029.0
Vila da Praia da Vitória,Região Autónoma dos Açores,2024,9,10496.0
Vila da Praia da Vitória,Região Autónoma dos Açores,2024,10,7920.0
Vila da Praia da Vitória,Região Autónoma dos Açores,2024,11,6092.0
Vila da Praia da Vitória,Região Autónoma dos Açores,2024,12,3108.0
Vila da Praia da Vitória,Região Autónoma dos Açores,2025,1,3631.0
Vila da Praia da Vitória,Região Autónoma dos Açores,2025,2,4421.0
Vila da Praia da Vitória,Região Autónoma dos Açores,2025,3,6765.0
Vila da Praia da Vitória,Região Autónoma dos Açores,2025,4,7750.0
Vila da Praia da Vitória,Região Autónoma dos Açores,2025,5,8415.0
Vila da Praia da Vitória,Região Autónoma dos Açores,2025,6,10627.0
Vila da Praia da Vitória,Região Autónoma dos Açores,2025,7,12161.0
Vila da Praia da Vitória,Região Autónoma dos Açores,2025,8,13159.0
Vila da Praia da Vitória,Região Autónoma dos Açores,2025,9,9368.0
Vila da Praia da Vitória,Região Autónoma dos Açores,2025,10,8150.0
Vila da Praia da Vitória,Região Autónoma dos Açores,2025,11,5092.0
Vila da Praia da Vitória,Região Autónoma dos Açores,2025,12,3331.0
Vila da Praia da Vitória,Região Autónoma dos Açores,2026,1,3374.0
Vila da Praia da Vitória,Região Autónoma dos Açores,2026,2,4420.0
Vila da Praia da Vitória,Região Autónoma dos Açores,2026,3,6055.0
Vila da Praia da Vitória,Região Autónoma dos Açores,2026,4,6034.0
Vila da Praia da Vitória,Região Autónoma dos Açores,2026,5,7901.0
Vila da Praia da Vitória,Região Autónoma dos Açores,2026,6,9423.0
Vila da Praia da Vitória,Região Autónoma dos Açores,2026,7,11462.0
Vila de Rei,Castelo Branco,2020,1,102.0
Vila de Rei,Castelo Branco,2020,2,162.0
Vila de Rei,Castelo Branco,2020,3,
Vila de Rei,Castelo Branco,2020,4,
Vila de Rei,Castelo Branco,2020,5,
Vila de Rei,Castelo Branco,2020,6,
Vila de Rei,Castelo Branco,2020,7,
Vila de Rei,Castelo Branco,2020,8,639.0
Vila de Rei,Castelo Branco,2020,9,448.0
Vila de Rei,Castelo Branco,2020,10,213.0
Vila de Rei,Castelo Branco,2020,11,134.0
Vila de Rei,Castelo Branco,2020,12,133.0
Vila de Rei,Castelo Branco,2021,1,93.0
Vila de Rei,Castelo Branco,2021,2,25.0
Vila de Rei,Castelo Branco,2021,3,
Vila de Rei,Castelo Branco,2021,4,
Vila de Rei,Castelo Branco,2021,5,
Vila de Rei,Castelo Branco,2021,6,91.0
Vila de Rei,Castelo Branco,2021,7,231.0
Vila de Rei,Castelo Branco,2021,8,416.0
Vila de Rei,Castelo Branco,2021,9,225.0
Vila de Rei,Castelo Branco,2021,10,177.0
Vila de Rei,Castelo Branco,2021,11,177.0
Vila de Rei,Castelo Branco,2021,12,71.0
Vila de Rei,Castelo Branco,2022,1,126.0
Vila de Rei,Castelo Branco,2022,2,87.0
Vila de Rei,Castelo Branco,2022,3,137.0
Vila de Rei,Castelo Branco,2022,4,251.0
Vila de Rei,Castelo Branco,2022,5,152.0
Vila de Rei,Castelo Branco,2022,6,256.0
Vila de Rei,Castelo Branco,2022,7,470.0
Vila de Rei,Castelo Branco,2022,8,579.0
Vila de Rei,Castelo Branco,2022,9,503.0
Vila de Rei,Castelo Branco,2022,10,397.0
Vila de Rei,Castelo Branco,2022,11,214.0
Vila de Rei,Castelo Branco,2022,12,220.0
Vila de Rei,Castelo Branco,2023,1,161.0
Vila de Rei,Castelo Branco,2023,2,206.0
Vila de Rei,Castelo Branco,2023,3,205.0
Vila de Rei,Castelo Branco,2023,4,396.0
Vila de Rei,Castelo Branco,2023,5,361.0
Vila de Rei,Castelo Branco,2023,6,394.0
Vila de Rei,Castelo Branco,2023,7,1602.0
Vila de Rei,Castelo Branco,2023,8,1443.0
Vila de Rei,Castelo Branco,2023,9,842.0
Vila de Rei,Castelo Branco,2023,10,621.0
Vila de Rei,Castelo Branco,2023,11,492.0
Vila de Rei,Castelo Branco,2023,12,620.0
Vila de Rei,Castelo Branco,2024,1,321.0
Vila de Rei,Castelo Branco,2024,2,514.0
Vila de Rei,Castelo Branco,2024,3,181.0
Vila de Rei,Castelo Branco,2024,4,684.0
Vila de Rei,Castelo Branco,2024,5,575.0
Vila de Rei,Castelo Branco,2024,6,769.0
Vila de Rei,Castelo Branco,2024,7,1089.0
Vila de Rei,Castelo Branco,2024,8,2260.0
Vila de Rei,Castelo Branco,2024,9,967.0
Vila de Rei,Castelo Branco,2024,10,643.0
Vila de Rei,Castelo Branco,2024,11,581.0
Vila de Rei,Castelo Branco,2024,12,576.0
Vila de Rei,Castelo Branco,2025,1,442.0
Vila de Rei,Castelo Branco,2025,2,508.0
Vila de Rei,Castelo Branco,2025,3,552.0
Vila de Rei,Castelo Branco,2025,4,680.0
Vila de Rei,Castelo Branco,2025,5,506.0
Vila de Rei,Castelo Branco,2025,6,559.0
Vila de Rei,Castelo Branco,2025,7,992.0
Vila de Rei,Castelo Branco,2025,8,1462.0
Vila de Rei,Castelo Branco,2025,9,639.0
Vila de Rei,Castelo Branco,2025,10,319.0
Vila de Rei,Castelo Branco,2025,11,384.0
Vila de Rei,Castelo Branco,2025,12,519.0
Vila de Rei,Castelo Branco,2026,1,221.0
Vila de Rei,Castelo Branco,2026,2,211.0
Vila de Rei,Castelo Branco,2026,3,307.0
Vila de Rei,Castelo Branco,2026,4,414.0
Vila de Rei,Castelo Branco,2026,5,525.0
Vila de Rei,Castelo Branco,2026,6,554.0
Vila de Rei,Castelo Branco,2026,7,708.0
Vila do Bispo,Faro,2020,1,9518.0
Vila do Bispo,Faro,2020,2,13508.0
Vila do Bispo,Faro,2020,3,7774.0
Vila do Bispo,Faro,2020,4,
Vila do Bispo,Faro,2020,5,
Vila do Bispo,Faro,2020,6,10987.0
Vila do Bispo,Faro,2020,7,
Vila do Bispo,Faro,2020,8,51224.0
Vila do Bispo,Faro,2020,9,39481.0
Vila do Bispo,Faro,2020,10,23497.0
Vila do Bispo,Faro,2020,11,6775.0
Vila do Bispo,Faro,2020,12,7878.0
Vila do Bispo,Faro,2021,1,4436.0
Vila do Bispo,Faro,2021,2,2407.0
Vila do Bispo,Faro,2021,3,3276.0
Vila do Bispo,Faro,2021,4,4864.0
Vila do Bispo,Faro,2021,5,13737.0
Vila do Bispo,Faro,2021,6,30912.0
Vila do Bispo,Faro,2021,7,34991.0
Vila do Bispo,Faro,2021,8,57600.0
Vila do Bispo,Faro,2021,9,42335.0
Vila do Bispo,Faro,2021,10,46454.0
Vila do Bispo,Faro,2021,11,19428.0
Vila do Bispo,Faro,2021,12,14749.0
Vila do Bispo,Faro,2022,1,9625.0
Vila do Bispo,Faro,2022,2,15252.0
Vila do Bispo,Faro,2022,3,21240.0
Vila do Bispo,Faro,2022,4,42051.0
Vila do Bispo,Faro,2022,5,40696.0
Vila do Bispo,Faro,2022,6,50170.0
Vila do Bispo,Faro,2022,7,60746.0
Vila do Bispo,Faro,2022,8,71887.0
Vila do Bispo,Faro,2022,9,49392.0
Vila do Bispo,Faro,2022,10,49403.0
Vila do Bispo,Faro,2022,11,19379.0
Vila do Bispo,Faro,2022,12,15229.0
Vila do Bispo,Faro,2023,1,11534.0
Vila do Bispo,Faro,2023,2,16270.0
Vila do Bispo,Faro,2023,3,26821.0
Vila do Bispo,Faro,2023,4,41096.0
Vila do Bispo,Faro,2023,5,42381.0
Vila do Bispo,Faro,2023,6,49293.0
Vila do Bispo,Faro,2023,7,60934.0
Vila do Bispo,Faro,2023,8,69529.0
Vila do Bispo,Faro,2023,9,53357.0
Vila do Bispo,Faro,2023,10,52519.0
Vila do Bispo,Faro,2023,11,24035.0
Vila do Bispo,Faro,2023,12,20696.0
Vila do Bispo,Faro,2024,1,14900.0
Vila do Bispo,Faro,2024,2,20300.0
Vila do Bispo,Faro,2024,3,33796.0
Vila do Bispo,Faro,2024,4,41059.0
Vila do Bispo,Faro,2024,5,48109.0
Vila do Bispo,Faro,2024,6,46328.0
Vila do Bispo,Faro,2024,7,56761.0
Vila do Bispo,Faro,2024,8,67313.0
Vila do Bispo,Faro,2024,9,51823.0
Vila do Bispo,Faro,2024,10,52794.0
Vila do Bispo,Faro,2024,11,23334.0
Vila do Bispo,Faro,2024,12,20126.0
Vila do Bispo,Faro,2025,1,13781.0
Vila do Bispo,Faro,2025,2,19596.0
Vila do Bispo,Faro,2025,3,28863.0
Vila do Bispo,Faro,2025,4,46132.0
Vila do Bispo,Faro,2025,5,46419.0
Vila do Bispo,Faro,2025,6,49865.0
Vila do Bispo,Faro,2025,7,59877.0
Vila do Bispo,Faro,2025,8,67522.0
Vila do Bispo,Faro,2025,9,52282.0
Vila do Bispo,Faro,2025,10,47125.0
Vila do Bispo,Faro,2025,11,24308.0
Vila do Bispo,Faro,2025,12,21598.0
Vila do Bispo,Faro,2026,1,13874.0
Vila do Bispo,Faro,2026,2,22908.0
Vila do Bispo,Faro,2026,3,36041.0
Vila do Bispo,Faro,2026,4,51581.0
Vila do Bispo,Faro,2026,5,57624.0
Vila do Bispo,Faro,2026,6,58837.0
Vila do Bispo,Faro,2026,7,71080.0
Vila do Conde,Porto,2020,1,5586.0
Vila do Conde,Porto,2020,2,5618.0
Vila do Conde,Porto,2020,3,2551.0
Vila do Conde,Porto,2020,4,922.0
Vila do Conde,Porto,2020,5,1133.0
Vila do Conde,Porto,2020,6,1774.0
Vila do Conde,Porto,2020,7,3695.0
Vila do Conde,Porto,2020,8,7864.0
Vila do Conde,Porto,2020,9,4961.0
Vila do Conde,Porto,2020,10,3743.0
Vila do Conde,Porto,2020,11,1299.0
Vila do Conde,Porto,2020,12,1363.0
Vila do Conde,Porto,2021,1,919.0
Vila do Conde,Porto,2021,2,583.0
Vila do Conde,Porto,2021,3,739.0
Vila do Conde,Porto,2021,4,1437.0
Vila do Conde,Porto,2021,5,3103.0
Vila do Conde,Porto,2021,6,3578.0
Vila do Conde,Porto,2021,7,4860.0
Vila do Conde,Porto,2021,8,8776.0
Vila do Conde,Porto,2021,9,5189.0
Vila do Conde,Porto,2021,10,5373.0
Vila do Conde,Porto,2021,11,3516.0
Vila do Conde,Porto,2021,12,3201.0
Vila do Conde,Porto,2022,1,2700.0
Vila do Conde,Porto,2022,2,3337.0
Vila do Conde,Porto,2022,3,3829.0
Vila do Conde,Porto,2022,4,6283.0
Vila do Conde,Porto,2022,5,6553.0
Vila do Conde,Porto,2022,6,7178.0
Vila do Conde,Porto,2022,7,9117.0
Vila do Conde,Porto,2022,8,11387.0
Vila do Conde,Porto,2022,9,7847.0
Vila do Conde,Porto,2022,10,6806.0
Vila do Conde,Porto,2022,11,3916.0
Vila do Conde,Porto,2022,12,4359.0
Vila do Conde,Porto,2023,1,3630.0
Vila do Conde,Porto,2023,2,3885.0
Vila do Conde,Porto,2023,3,4933.0
Vila do Conde,Porto,2023,4,7607.0
Vila do Conde,Porto,2023,5,8377.0
Vila do Conde,Porto,2023,6,8033.0
Vila do Conde,Porto,2023,7,9495.0
Vila do Conde,Porto,2023,8,10728.0
Vila do Conde,Porto,2023,9,8898.0
Vila do Conde,Porto,2023,10,10072.0
Vila do Conde,Porto,2023,11,6232.0
Vila do Conde,Porto,2023,12,7102.0
Vila do Conde,Porto,2024,1,4838.0
Vila do Conde,Porto,2024,2,5696.0
Vila do Conde,Porto,2024,3,9918.0
Vila do Conde,Porto,2024,4,10831.0
Vila do Conde,Porto,2024,5,13339.0
Vila do Conde,Porto,2024,6,12480.0
Vila do Conde,Porto,2024,7,10564.0
Vila do Conde,Porto,2024,8,17931.0
Vila do Conde,Porto,2024,9,14695.0
Vila do Conde,Porto,2024,10,13258.0
Vila do Conde,Porto,2024,11,8153.0
Vila do Conde,Porto,2024,12,8268.0
Vila do Conde,Porto,2025,1,6340.0
Vila do Conde,Porto,2025,2,6944.0
Vila do Conde,Porto,2025,3,8383.0
Vila do Conde,Porto,2025,4,11735.0
Vila do Conde,Porto,2025,5,13819.0
Vila do Conde,Porto,2025,6,13500.0
Vila do Conde,Porto,2025,7,16170.0
Vila do Conde,Porto,2025,8,19480.0
Vila do Conde,Porto,2025,9,15302.0
Vila do Conde,Porto,2025,10,11396.0
Vila do Conde,Porto,2025,11,8201.0
Vila do Conde,Porto,2025,12,7766.0
Vila do Conde,Porto,2026,1,6173.0
Vila do Conde,Porto,2026,2,6354.0
Vila do Conde,Porto,2026,3,9516.0
Vila do Conde,Porto,2026,4,12216.0
Vila do Conde,Porto,2026,5,15951.0
Vila do Conde,Porto,2026,6,12702.0
Vila do Conde,Porto,2026,7,17428.0
Vila do Porto,Região Autónoma dos Açores,2020,1,1211.0
Vila do Porto,Região Autónoma dos Açores,2020,2,1651.0
Vila do Porto,Região Autónoma dos Açores,2020,3,1193.0
Vila do Porto,Região Autónoma dos Açores,2020,4,
Vila do Porto,Região Autónoma dos Açores,2020,5,
Vila do Porto,Região Autónoma dos Açores,2020,6,
Vila do Porto,Região Autónoma dos Açores,2020,7,1370.0
Vila do Porto,Região Autónoma dos Açores,2020,8,4236.0
Vila do Porto,Região Autónoma dos Açores,2020,9,2811.0
Vila do Porto,Região Autónoma dos Açores,2020,10,1515.0
Vila do Porto,Região Autónoma dos Açores,2020,11,548.0
Vila do Porto,Região Autónoma dos Açores,2020,12,
Vila do Porto,Região Autónoma dos Açores,2021,1,
Vila do Porto,Região Autónoma dos Açores,2021,2,
Vila do Porto,Região Autónoma dos Açores,2021,3,
Vila do Porto,Região Autónoma dos Açores,2021,4,
Vila do Porto,Região Autónoma dos Açores,2021,5,
Vila do Porto,Região Autónoma dos Açores,2021,6,1538.0
Vila do Porto,Região Autónoma dos Açores,2021,7,4497.0
Vila do Porto,Região Autónoma dos Açores,2021,8,6929.0
Vila do Porto,Região Autónoma dos Açores,2021,9,4387.0
Vila do Porto,Região Autónoma dos Açores,2021,10,2404.0
Vila do Porto,Região Autónoma dos Açores,2021,11,1293.0
Vila do Porto,Região Autónoma dos Açores,2021,12,
Vila do Porto,Região Autónoma dos Açores,2022,1,506.0
Vila do Porto,Região Autónoma dos Açores,2022,2,
Vila do Porto,Região Autónoma dos Açores,2022,3,926.0
Vila do Porto,Região Autónoma dos Açores,2022,4,1131.0
Vila do Porto,Região Autónoma dos Açores,2022,5,2419.0
Vila do Porto,Região Autónoma dos Açores,2022,6,3651.0
Vila do Porto,Região Autónoma dos Açores,2022,7,6470.0
Vila do Porto,Região Autónoma dos Açores,2022,8,7096.0
Vila do Porto,Região Autónoma dos Açores,2022,9,5824.0
Vila do Porto,Região Autónoma dos Açores,2022,10,2935.0
Vila do Porto,Região Autónoma dos Açores,2022,11,1556.0
Vila do Porto,Região Autónoma dos Açores,2022,12,
Vila do Porto,Região Autónoma dos Açores,2023,1,825.0
Vila do Porto,Região Autónoma dos Açores,2023,2,1229.0
Vila do Porto,Região Autónoma dos Açores,2023,3,1917.0
Vila do Porto,Região Autónoma dos Açores,2023,4,2100.0
Vila do Porto,Região Autónoma dos Açores,2023,5,3012.0
Vila do Porto,Região Autónoma dos Açores,2023,6,4393.0
Vila do Porto,Região Autónoma dos Açores,2023,7,7549.0
Vila do Porto,Região Autónoma dos Açores,2023,8,9280.0
Vila do Porto,Região Autónoma dos Açores,2023,9,6799.0
Vila do Porto,Região Autónoma dos Açores,2023,10,3198.0
Vila do Porto,Região Autónoma dos Açores,2023,11,1557.0
Vila do Porto,Região Autónoma dos Açores,2023,12,1028.0
Vila do Porto,Região Autónoma dos Açores,2024,1,1166.0
Vila do Porto,Região Autónoma dos Açores,2024,2,1603.0
Vila do Porto,Região Autónoma dos Açores,2024,3,2279.0
Vila do Porto,Região Autónoma dos Açores,2024,4,2510.0
Vila do Porto,Região Autónoma dos Açores,2024,5,4297.0
Vila do Porto,Região Autónoma dos Açores,2024,6,4409.0
Vila do Porto,Região Autónoma dos Açores,2024,7,8227.0
Vila do Porto,Região Autónoma dos Açores,2024,8,9542.0
Vila do Porto,Região Autónoma dos Açores,2024,9,7504.0
Vila do Porto,Região Autónoma dos Açores,2024,10,3388.0
Vila do Porto,Região Autónoma dos Açores,2024,11,1414.0
Vila do Porto,Região Autónoma dos Açores,2024,12,703.0
Vila do Porto,Região Autónoma dos Açores,2025,1,877.0
Vila do Porto,Região Autónoma dos Açores,2025,2,1240.0
Vila do Porto,Região Autónoma dos Açores,2025,3,1746.0
Vila do Porto,Região Autónoma dos Açores,2025,4,2494.0
Vila do Porto,Região Autónoma dos Açores,2025,5,4032.0
Vila do Porto,Região Autónoma dos Açores,2025,6,5254.0
Vila do Porto,Região Autónoma dos Açores,2025,7,7708.0
Vila do Porto,Região Autónoma dos Açores,2025,8,9109.0
Vila do Porto,Região Autónoma dos Açores,2025,9,6899.0
Vila do Porto,Região Autónoma dos Açores,2025,10,3737.0
Vila do Porto,Região Autónoma dos Açores,2025,11,1536.0
Vila do Porto,Região Autónoma dos Açores,2025,12,640.0
Vila do Porto,Região Autónoma dos Açores,2026,1,1114.0
Vila do Porto,Região Autónoma dos Açores,2026,2,1498.0
Vila do Porto,Região Autónoma dos Açores,2026,3,1628.0
Vila do Porto,Região Autónoma dos Açores,2026,4,2522.0
Vila do Porto,Região Autónoma dos Açores,2026,5,3410.0
Vila do Porto,Região Autónoma dos Açores,2026,6,4440.0
Vila do Porto,Região Autónoma dos Açores,2026,7,6943.0
Vimioso,Bragança,2020,1,144.0
Vimioso,Bragança,2020,2,289.0
Vimioso,Bragança,2020,3,60.0
Vimioso,Bragança,2020,4,
Vimioso,Bragança,2020,5,
Vimioso,Bragança,2020,6,164.0
Vimioso,Bragança,2020,7,232.0
Vimioso,Bragança,2020,8,597.0
Vimioso,Bragança,2020,9,184.0
Vimioso,Bragança,2020,10,175.0
Vimioso,Bragança,2020,11,71.0
Vimioso,Bragança,2020,12,
Vimioso,Bragança,2021,1,43.0
Vimioso,Bragança,2021,2,
Vimioso,Bragança,2021,3,
Vimioso,Bragança,2021,4,155.0
Vimioso,Bragança,2021,5,405.0
Vimioso,Bragança,2021,6,699.0
Vimioso,Bragança,2021,7,610.0
Vimioso,Bragança,2021,8,550.0
Vimioso,Bragança,2021,9,199.0
Vimioso,Bragança,2021,10,326.0
Vimioso,Bragança,2021,11,194.0
Vimioso,Bragança,2021,12,155.0
Vimioso,Bragança,2022,1,67.0
Vimioso,Bragança,2022,2,145.0
Vimioso,Bragança,2022,3,151.0
Vimioso,Bragança,2022,4,357.0
Vimioso,Bragança,2022,5,308.0
Vimioso,Bragança,2022,6,394.0
Vimioso,Bragança,2022,7,319.0
Vimioso,Bragança,2022,8,808.0
Vimioso,Bragança,2022,9,330.0
Vimioso,Bragança,2022,10,371.0
Vimioso,Bragança,2022,11,197.0
Vimioso,Bragança,2022,12,240.0
Vimioso,Bragança,2023,1,123.0
Vimioso,Bragança,2023,2,194.0
Vimioso,Bragança,2023,3,169.0
Vimioso,Bragança,2023,4,452.0
Vimioso,Bragança,2023,5,268.0
Vimioso,Bragança,2023,6,295.0
Vimioso,Bragança,2023,7,276.0
Vimioso,Bragança,2023,8,803.0
Vimioso,Bragança,2023,9,299.0
Vimioso,Bragança,2023,10,427.0
Vimioso,Bragança,2023,11,144.0
Vimioso,Bragança,2023,12,233.0
Vimioso,Bragança,2024,1,244.0
Vimioso,Bragança,2024,2,176.0
Vimioso,Bragança,2024,3,124.0
Vimioso,Bragança,2024,4,214.0
Vimioso,Bragança,2024,5,287.0
Vimioso,Bragança,2024,6,236.0
Vimioso,Bragança,2024,7,308.0
Vimioso,Bragança,2024,8,952.0
Vimioso,Bragança,2024,9,222.0
Vimioso,Bragança,2024,10,447.0
Vimioso,Bragança,2024,11,276.0
Vimioso,Bragança,2024,12,329.0
Vimioso,Bragança,2025,1,217.0
Vimioso,Bragança,2025,2,308.0
Vimioso,Bragança,2025,3,352.0
Vimioso,Bragança,2025,4,407.0
Vimioso,Bragança,2025,5,452.0
Vimioso,Bragança,2025,6,291.0
Vimioso,Bragança,2025,7,348.0
Vimioso,Bragança,2025,8,716.0
Vimioso,Bragança,2025,9,356.0
Vimioso,Bragança,2025,10,162.0
Vimioso,Bragança,2025,11,295.0
Vimioso,Bragança,2025,12,276.0
Vimioso,Bragança,2026,1,188.0
Vimioso,Bragança,2026,2,259.0
Vimioso,Bragança,2026,3,151.0
Vimioso,Bragança,2026,4,403.0
Vimioso,Bragança,2026,5,464.0
Vimioso,Bragança,2026,6,434.0
Vimioso,Bragança,2026,7,399.0
Vinhais,Bragança,2020,1,654.0
Vinhais,Bragança,2020,2,1180.0
Vinhais,Bragança,2020,3,94.0
Vinhais,Bragança,2020,4,
Vinhais,Bragança,2020,5,
Vinhais,Bragança,2020,6,
Vinhais,Bragança,2020,7,1379.0
Vinhais,Bragança,2020,8,1860.0
Vinhais,Bragança,2020,9,1132.0
Vinhais,Bragança,2020,10,636.0
Vinhais,Bragança,2020,11,
Vinhais,Bragança,2020,12,
Vinhais,Bragança,2021,1,
Vinhais,Bragança,2021,2,
Vinhais,Bragança,2021,3,
Vinhais,Bragança,2021,4,730.0
Vinhais,Bragança,2021,5,650.0
Vinhais,Bragança,2021,6,1057.0
Vinhais,Bragança,2021,7,1570.0
Vinhais,Bragança,2021,8,1957.0
Vinhais,Bragança,2021,9,1498.0
Vinhais,Bragança,2021,10,847.0
Vinhais,Bragança,2021,11,541.0
Vinhais,Bragança,2021,12,573.0
Vinhais,Bragança,2022,1,546.0
Vinhais,Bragança,2022,2,466.0
Vinhais,Bragança,2022,3,1083.0
Vinhais,Bragança,2022,4,1029.0
Vinhais,Bragança,2022,5,872.0
Vinhais,Bragança,2022,6,1089.0
Vinhais,Bragança,2022,7,1749.0
Vinhais,Bragança,2022,8,2117.0
Vinhais,Bragança,2022,9,924.0
Vinhais,Bragança,2022,10,782.0
Vinhais,Bragança,2022,11,337.0
Vinhais,Bragança,2022,12,535.0
Vinhais,Bragança,2023,1,343.0
Vinhais,Bragança,2023,2,829.0
Vinhais,Bragança,2023,3,440.0
Vinhais,Bragança,2023,4,792.0
Vinhais,Bragança,2023,5,550.0
Vinhais,Bragança,2023,6,663.0
Vinhais,Bragança,2023,7,1467.0
Vinhais,Bragança,2023,8,2038.0
Vinhais,Bragança,2023,9,631.0
Vinhais,Bragança,2023,10,554.0
Vinhais,Bragança,2023,11,337.0
Vinhais,Bragança,2023,12,587.0
Vinhais,Bragança,2024,1,479.0
Vinhais,Bragança,2024,2,486.0
Vinhais,Bragança,2024,3,489.0
Vinhais,Bragança,2024,4,655.0
Vinhais,Bragança,2024,5,1166.0
Vinhais,Bragança,2024,6,815.0
Vinhais,Bragança,2024,7,1578.0
Vinhais,Bragança,2024,8,1375.0
Vinhais,Bragança,2024,9,727.0
Vinhais,Bragança,2024,10,1078.0
Vinhais,Bragança,2024,11,814.0
Vinhais,Bragança,2024,12,1116.0
Vinhais,Bragança,2025,1,708.0
Vinhais,Bragança,2025,2,938.0
Vinhais,Bragança,2025,3,697.0
Vinhais,Bragança,2025,4,770.0
Vinhais,Bragança,2025,5,1021.0
Vinhais,Bragança,2025,6,1272.0
Vinhais,Bragança,2025,7,1628.0
Vinhais,Bragança,2025,8,2539.0
Vinhais,Bragança,2025,9,1238.0
Vinhais,Bragança,2025,10,1022.0
Vinhais,Bragança,2025,11,917.0
Vinhais,Bragança,2025,12,624.0
Vinhais,Bragança,2026,1,481.0
Vinhais,Bragança,2026,2,1283.0
Vinhais,Bragança,2026,3,668.0
Vinhais,Bragança,2026,4,1171.0
Vinhais,Bragança,2026,5,1526.0
Vinhais,Bragança,2026,6,1014.0
Vinhais,Bragança,2026,7,1949.0
Viseu,Viseu,2020,1,14313.0
Viseu,Viseu,2020,2,16584.0
Viseu,Viseu,2020,3,5832.0
Viseu,Viseu,2020,4,147.0
Viseu,Viseu,2020,5,1853.0
Viseu,Viseu,2020,6,6184.0
Viseu,Viseu,2020,7,9970.0
Viseu,Viseu,2020,8,26873.0
Viseu,Viseu,2020,9,14779.0
Viseu,Viseu,2020,10,11498.0
Viseu,Viseu,2020,11,5999.0
Viseu,Viseu,2020,12,5861.0
Viseu,Viseu,2021,1,4364.0
Viseu,Viseu,2021,2,3614.0
Viseu,Viseu,2021,3,4352.0
Viseu,Viseu,2021,4,5956.0
Viseu,Viseu,2021,5,9107.0
Viseu,Viseu,2021,6,13929.0
Viseu,Viseu,2021,7,14389.0
Viseu,Viseu,2021,8,24823.0
Viseu,Viseu,2021,9,19351.0
Viseu,Viseu,2021,10,19631.0
Viseu,Viseu,2021,11,13840.0
Viseu,Viseu,2021,12,11615.0
Viseu,Viseu,2022,1,9320.0
Viseu,Viseu,2022,2,12293.0
Viseu,Viseu,2022,3,16434.0
Viseu,Viseu,2022,4,19030.0
Viseu,Viseu,2022,5,17926.0
Viseu,Viseu,2022,6,19815.0
Viseu,Viseu,2022,7,21934.0
Viseu,Viseu,2022,8,34180.0
Viseu,Viseu,2022,9,23421.0
Viseu,Viseu,2022,10,18734.0
Viseu,Viseu,2022,11,14101.0
Viseu,Viseu,2022,12,15542.0
Viseu,Viseu,2023,1,13110.0
Viseu,Viseu,2023,2,15278.0
Viseu,Viseu,2023,3,15676.0
Viseu,Viseu,2023,4,19372.0
Viseu,Viseu,2023,5,18472.0
Viseu,Viseu,2023,6,17621.0
Viseu,Viseu,2023,7,19274.0
Viseu,Viseu,2023,8,30511.0
Viseu,Viseu,2023,9,23595.0
Viseu,Viseu,2023,10,20185.0
Viseu,Viseu,2023,11,15683.0
Viseu,Viseu,2023,12,17555.0
Viseu,Viseu,2024,1,14033.0
Viseu,Viseu,2024,2,15672.0
Viseu,Viseu,2024,3,21731.0
Viseu,Viseu,2024,4,22569.0
Viseu,Viseu,2024,5,22202.0
Viseu,Viseu,2024,6,21500.0
Viseu,Viseu,2024,7,24325.0
Viseu,Viseu,2024,8,39727.0
Viseu,Viseu,2024,9,27014.0
Viseu,Viseu,2024,10,23176.0
Viseu,Viseu,2024,11,22047.0
Viseu,Viseu,2024,12,19512.0
Viseu,Viseu,2025,1,16037.0
Viseu,Viseu,2025,2,17337.0
Viseu,Viseu,2025,3,20265.0
Viseu,Viseu,2025,4,25215.0
Viseu,Viseu,2025,5,24702.0
Viseu,Viseu,2025,6,21352.0
Viseu,Viseu,2025,7,24869.0
Viseu,Viseu,2025,8,38538.0
Viseu,Viseu,2025,9,27788.0
Viseu,Viseu,2025,10,24469.0
Viseu,Viseu,2025,11,20925.0
Viseu,Viseu,2025,12,21279.0
Viseu,Viseu,2026,1,18101.0
Viseu,Viseu,2026,2,18015.0
Viseu,Viseu,2026,3,21312.0
Viseu,Viseu,2026,4,25421.0
Viseu,Viseu,2026,5,24729.0
Viseu,Viseu,2026,6,24732.0
Viseu,Viseu,2026,7,25595.0
Vizela,Braga,2020,1,
Vizela,Braga,2020,2,
Vizela,Braga,2020,3,
Vizela,Braga,2020,4,
Vizela,Braga,2020,5,
Vizela,Braga,2020,6,384.0
Vizela,Braga,2020,7,1072.0
Vizela,Braga,2020,8,1800.0
Vizela,Braga,2020,9,920.0
Vizela,Braga,2020,10,1155.0
Vizela,Braga,2020,11,540.0
Vizela,Braga,2020,12,479.0
Vizela,Braga,2021,1,
Vizela,Braga,2021,2,
Vizela,Braga,2021,3,448.0
Vizela,Braga,2021,4,
Vizela,Braga,2021,5,820.0
Vizela,Braga,2021,6,589.0
Vizela,Braga,2021,7,1848.0
Vizela,Braga,2021,8,2807.0
Vizela,Braga,2021,9,1991.0
Vizela,Braga,2021,10,2095.0
Vizela,Braga,2021,11,2150.0
Vizela,Braga,2021,12,1868.0
Vizela,Braga,2022,1,1663.0
Vizela,Braga,2022,2,2101.0
Vizela,Braga,2022,3,1722.0
Vizela,Braga,2022,4,2565.0
Vizela,Braga,2022,5,1784.0
Vizela,Braga,2022,6,2589.0
Vizela,Braga,2022,7,2844.0
Vizela,Braga,2022,8,3166.0
Vizela,Braga,2022,9,3149.0
Vizela,Braga,2022,10,2539.0
Vizela,Braga,2022,11,1842.0
Vizela,Braga,2022,12,2231.0
Vizela,Braga,2023,1,
Vizela,Braga,2023,2,
Vizela,Braga,2023,3,2153.0
Vizela,Braga,2023,4,2553.0
Vizela,Braga,2023,5,2309.0
Vizela,Braga,2023,6,2477.0
Vizela,Braga,2023,7,2760.0
Vizela,Braga,2023,8,3559.0
Vizela,Braga,2023,9,2692.0
Vizela,Braga,2023,10,2738.0
Vizela,Braga,2023,11,1637.0
Vizela,Braga,2023,12,2281.0
Vizela,Braga,2024,1,
Vizela,Braga,2024,2,
Vizela,Braga,2024,3,
Vizela,Braga,2024,4,
Vizela,Braga,2024,5,
Vizela,Braga,2024,6,
Vizela,Braga,2024,7,
Vizela,Braga,2024,8,
Vizela,Braga,2024,9,
Vizela,Braga,2024,10,
Vizela,Braga,2024,11,
Vizela,Braga,2024,12,
Vizela,Braga,2025,1,1410.0
Vizela,Braga,2025,2,1443.0
Vizela,Braga,2025,3,1891.0
Vizela,Braga,2025,4,2490.0
Vizela,Braga,2025,5,2929.0
Vizela,Braga,2025,6,1934.0
Vizela,Braga,2025,7,2573.0
Vizela,Braga,2025,8,3308.0
Vizela,Braga,2025,9,2857.0
Vizela,Braga,2025,10,2397.0
Vizela,Braga,2025,11,1524.0
Vizela,Braga,2025,12,1985.0
Vizela,Braga,2026,1,1758.0
Vizela,Braga,2026,2,1617.0
Vizela,Braga,2026,3,1618.0
Vizela,Braga,2026,4,1789.0
Vizela,Braga,2026,5,1948.0
Vizela,Braga,2026,6,2872.0
Vizela,Braga,2026,7,2432.0
Vouzela,Viseu,2020,1,245.0
Vouzela,Viseu,2020,2,298.0
Vouzela,Viseu,2020,3,86.0
Vouzela,Viseu,2020,4,
Vouzela,Viseu,2020,5,169.0
Vouzela,Viseu,2020,6,698.0
Vouzela,Viseu,2020,7,1442.0
Vouzela,Viseu,2020,8,2254.0
Vouzela,Viseu,2020,9,965.0
Vouzela,Viseu,2020,10,267.0
Vouzela,Viseu,2020,11,162.0
Vouzela,Viseu,2020,12,123.0
Vouzela,Viseu,2021,1,33.0
Vouzela,Viseu,2021,2,22.0
Vouzela,Viseu,2021,3,186.0
Vouzela,Viseu,2021,4,237.0
Vouzela,Viseu,2021,5,601.0
Vouzela,Viseu,2021,6,1120.0
Vouzela,Viseu,2021,7,1380.0
Vouzela,Viseu,2021,8,2492.0
Vouzela,Viseu,2021,9,999.0
Vouzela,Viseu,2021,10,552.0
Vouzela,Viseu,2021,11,219.0
Vouzela,Viseu,2021,12,232.0
Vouzela,Viseu,2022,1,189.0
Vouzela,Viseu,2022,2,319.0
Vouzela,Viseu,2022,3,528.0
Vouzela,Viseu,2022,4,842.0
Vouzela,Viseu,2022,5,1349.0
Vouzela,Viseu,2022,6,1264.0
Vouzela,Viseu,2022,7,2377.0
Vouzela,Viseu,2022,8,2985.0
Vouzela,Viseu,2022,9,1678.0
Vouzela,Viseu,2022,10,956.0
Vouzela,Viseu,2022,11,413.0
Vouzela,Viseu,2022,12,423.0
Vouzela,Viseu,2023,1,269.0
Vouzela,Viseu,2023,2,460.0
Vouzela,Viseu,2023,3,445.0
Vouzela,Viseu,2023,4,1370.0
Vouzela,Viseu,2023,5,1092.0
Vouzela,Viseu,2023,6,1383.0
Vouzela,Viseu,2023,7,2380.0
Vouzela,Viseu,2023,8,3721.0
Vouzela,Viseu,2023,9,1741.0
Vouzela,Viseu,2023,10,1347.0
Vouzela,Viseu,2023,11,708.0
Vouzela,Viseu,2023,12,1000.0
Vouzela,Viseu,2024,1,382.0
Vouzela,Viseu,2024,2,481.0
Vouzela,Viseu,2024,3,742.0
Vouzela,Viseu,2024,4,1054.0
Vouzela,Viseu,2024,5,1084.0
Vouzela,Viseu,2024,6,1443.0
Vouzela,Viseu,2024,7,2461.0
Vouzela,Viseu,2024,8,3916.0
Vouzela,Viseu,2024,9,1763.0
Vouzela,Viseu,2024,10,957.0
Vouzela,Viseu,2024,11,535.0
Vouzela,Viseu,2024,12,829.0
Vouzela,Viseu,2025,1,310.0
Vouzela,Viseu,2025,2,327.0
Vouzela,Viseu,2025,3,521.0
Vouzela,Viseu,2025,4,1285.0
Vouzela,Viseu,2025,5,1091.0
Vouzela,Viseu,2025,6,1541.0
Vouzela,Viseu,2025,7,2458.0
Vouzela,Viseu,2025,8,4169.0
Vouzela,Viseu,2025,9,1845.0
Vouzela,Viseu,2025,10,966.0
Vouzela,Viseu,2025,11,576.0
Vouzela,Viseu,2025,12,815.0
Vouzela,Viseu,2026,1,455.0
Vouzela,Viseu,2026,2,512.0
Vouzela,Viseu,2026,3,647.0
Vouzela,Viseu,2026,4,1156.0
Vouzela,Viseu,2026,5,1424.0
Vouzela,Viseu,2026,6,1823.0
Vouzela,Viseu,2026,7,2690.0
Águeda,Aveiro,2020,1,2466.0
Águeda,Aveiro,2020,2,3020.0
Águeda,Aveiro,2020,3,795.0
Águeda,Aveiro,2020,4,48.0
Águeda,Aveiro,2020,5,215.0
Águeda,Aveiro,2020,6,776.0
Águeda,Aveiro,2020,7,2542.0
Águeda,Aveiro,2020,8,4665.0
Águeda,Aveiro,2020,9,3172.0
Águeda,Aveiro,2020,10,2858.0
Águeda,Aveiro,2020,11,1301.0
Águeda,Aveiro,2020,12,1369.0
Águeda,Aveiro,2021,1,853.0
Águeda,Aveiro,2021,2,670.0
Águeda,Aveiro,2021,3,755.0
Águeda,Aveiro,2021,4,1333.0
Águeda,Aveiro,2021,5,2312.0
Águeda,Aveiro,2021,6,4383.0
Águeda,Aveiro,2021,7,3666.0
Águeda,Aveiro,2021,8,7789.0
Águeda,Aveiro,2021,9,4636.0
Águeda,Aveiro,2021,10,5651.0
Águeda,Aveiro,2021,11,3947.0
Águeda,Aveiro,2021,12,4477.0
Águeda,Aveiro,2022,1,2878.0
Águeda,Aveiro,2022,2,3684.0
Águeda,Aveiro,2022,3,3586.0
Águeda,Aveiro,2022,4,3747.0
Águeda,Aveiro,2022,5,5850.0
Águeda,Aveiro,2022,6,5361.0
Águeda,Aveiro,2022,7,9859.0
Águeda,Aveiro,2022,8,11776.0
Águeda,Aveiro,2022,9,8910.0
Águeda,Aveiro,2022,10,8296.0
Águeda,Aveiro,2022,11,8046.0
Águeda,Aveiro,2022,12,8101.0
Águeda,Aveiro,2023,1,6281.0
Águeda,Aveiro,2023,2,5893.0
Águeda,Aveiro,2023,3,6596.0
Águeda,Aveiro,2023,4,7262.0
Águeda,Aveiro,2023,5,7017.0
Águeda,Aveiro,2023,6,6603.0
Águeda,Aveiro,2023,7,9881.0
Águeda,Aveiro,2023,8,11126.0
Águeda,Aveiro,2023,9,6504.0
Águeda,Aveiro,2023,10,7829.0
Águeda,Aveiro,2023,11,5650.0
Águeda,Aveiro,2023,12,7237.0
Águeda,Aveiro,2024,1,4718.0
Águeda,Aveiro,2024,2,3824.0
Águeda,Aveiro,2024,3,4516.0
Águeda,Aveiro,2024,4,4745.0
Águeda,Aveiro,2024,5,6641.0
Águeda,Aveiro,2024,6,7246.0
Águeda,Aveiro,2024,7,7393.0
Águeda,Aveiro,2024,8,9600.0
Águeda,Aveiro,2024,9,3776.0
Águeda,Aveiro,2024,10,4444.0
Águeda,Aveiro,2024,11,5361.0
Águeda,Aveiro,2024,12,6566.0
Águeda,Aveiro,2025,1,3831.0
Águeda,Aveiro,2025,2,3535.0
Águeda,Aveiro,2025,3,3807.0
Águeda,Aveiro,2025,4,4529.0
Águeda,Aveiro,2025,5,4255.0
Águeda,Aveiro,2025,6,4503.0
Águeda,Aveiro,2025,7,6134.0
Águeda,Aveiro,2025,8,9113.0
Águeda,Aveiro,2025,9,4840.0
Águeda,Aveiro,2025,10,3529.0
Águeda,Aveiro,2025,11,3810.0
Águeda,Aveiro,2025,12,5367.0
Águeda,Aveiro,2026,1,2829.0
Águeda,Aveiro,2026,2,2632.0
Águeda,Aveiro,2026,3,3029.0
Águeda,Aveiro,2026,4,3920.0
Águeda,Aveiro,2026,5,5366.0
Águeda,Aveiro,2026,6,5014.0
Águeda,Aveiro,2026,7,5274.0
Évora,Évora,2020,1,34488.0
Évora,Évora,2020,2,39077.0
Évora,Évora,2020,3,15543.0
Évora,Évora,2020,4,2398.0
Évora,Évora,2020,5,3979.0
Évora,Évora,2020,6,18150.0
Évora,Évora,2020,7,33405.0
Évora,Évora,2020,8,59829.0
Évora,Évora,2020,9,37474.0
Évora,Évora,2020,10,29031.0
Évora,Évora,2020,11,12588.0
Évora,Évora,2020,12,13566.0
Évora,Évora,2021,1,8708.0
Évora,Évora,2021,2,5122.0
Évora,Évora,2021,3,7101.0
Évora,Évora,2021,4,11792.0
Évora,Évora,2021,5,25890.0
Évora,Évora,2021,6,39375.0
Évora,Évora,2021,7,49977.0
Évora,Évora,2021,8,75516.0
Évora,Évora,2021,9,54248.0
Évora,Évora,2021,10,53314.0
Évora,Évora,2021,11,36121.0
Évora,Évora,2021,12,29532.0
Évora,Évora,2022,1,23603.0
Évora,Évora,2022,2,33460.0
Évora,Évora,2022,3,40195.0
Évora,Évora,2022,4,54928.0
Évora,Évora,2022,5,57771.0
Évora,Évora,2022,6,59097.0
Évora,Évora,2022,7,63658.0
Évora,Évora,2022,8,79320.0
Évora,Évora,2022,9,67022.0
Évora,Évora,2022,10,63536.0
Évora,Évora,2022,11,40751.0
Évora,Évora,2022,12,39478.0
Évora,Évora,2023,1,33615.0
Évora,Évora,2023,2,41881.0
Évora,Évora,2023,3,46635.0
Évora,Évora,2023,4,64176.0
Évora,Évora,2023,5,64410.0
Évora,Évora,2023,6,60962.0
Évora,Évora,2023,7,68005.0
Évora,Évora,2023,8,85503.0
Évora,Évora,2023,9,75611.0
Évora,Évora,2023,10,68420.0
Évora,Évora,2023,11,44348.0
Évora,Évora,2023,12,41279.0
Évora,Évora,2024,1,33431.0
Évora,Évora,2024,2,41291.0
Évora,Évora,2024,3,51658.0
Évora,Évora,2024,4,59123.0
Évora,Évora,2024,5,71420.0
Évora,Évora,2024,6,64157.0
Évora,Évora,2024,7,67185.0
Évora,Évora,2024,8,84104.0
Évora,Évora,2024,9,73931.0
Évora,Évora,2024,10,68736.0
Évora,Évora,2024,11,51312.0
Évora,Évora,2024,12,42980.0
Évora,Évora,2025,1,36465.0
Évora,Évora,2025,2,39000.0
Évora,Évora,2025,3,51049.0
Évora,Évora,2025,4,65831.0
Évora,Évora,2025,5,70817.0
Évora,Évora,2025,6,66730.0
Évora,Évora,2025,7,70209.0
Évora,Évora,2025,8,94288.0
Évora,Évora,2025,9,78536.0
Évora,Évora,2025,10,71316.0
Évora,Évora,2025,11,51816.0
Évora,Évora,2025,12,43130.0
Évora,Évora,2026,1,34080.0
Évora,Évora,2026,2,40210.0
Évora,Évora,2026,3,49970.0
Évora,Évora,2026,4,63899.0
Évora,Évora,2026,5,67228.0
Évora,Évora,2026,6,62419.0
Évora,Évora,2026,7,69995.0
Ílhavo,Aveiro,2020,1,4493.0
Ílhavo,Aveiro,2020,2,4667.0
Ílhavo,Aveiro,2020,3,1320.0
Ílhavo,Aveiro,2020,4,
Ílhavo,Aveiro,2020,5,
Ílhavo,Aveiro,2020,6,3805.0
Ílhavo,Aveiro,2020,7,8649.0
Ílhavo,Aveiro,2020,8,14660.0
Ílhavo,Aveiro,2020,9,8463.0
Ílhavo,Aveiro,2020,10,4427.0
Ílhavo,Aveiro,2020,11,
Ílhavo,Aveiro,2020,12,2431.0
Ílhavo,Aveiro,2021,1,
Ílhavo,Aveiro,2021,2,586.0
Ílhavo,Aveiro,2021,3,1222.0
Ílhavo,Aveiro,2021,4,
Ílhavo,Aveiro,2021,5,4672.0
Ílhavo,Aveiro,2021,6,6473.0
Ílhavo,Aveiro,2021,7,8179.0
Ílhavo,Aveiro,2021,8,12552.0
Ílhavo,Aveiro,2021,9,7876.0
Ílhavo,Aveiro,2021,10,7640.0
Ílhavo,Aveiro,2021,11,4333.0
Ílhavo,Aveiro,2021,12,4562.0
Ílhavo,Aveiro,2022,1,3492.0
Ílhavo,Aveiro,2022,2,4855.0
Ílhavo,Aveiro,2022,3,4178.0
Ílhavo,Aveiro,2022,4,8138.0
Ílhavo,Aveiro,2022,5,6962.0
Ílhavo,Aveiro,2022,6,8518.0
Ílhavo,Aveiro,2022,7,11642.0
Ílhavo,Aveiro,2022,8,14699.0
Ílhavo,Aveiro,2022,9,10551.0
Ílhavo,Aveiro,2022,10,7777.0
Ílhavo,Aveiro,2022,11,4668.0
Ílhavo,Aveiro,2022,12,5497.0
Ílhavo,Aveiro,2023,1,4295.0
Ílhavo,Aveiro,2023,2,5457.0
Ílhavo,Aveiro,2023,3,4972.0
Ílhavo,Aveiro,2023,4,9421.0
Ílhavo,Aveiro,2023,5,7355.0
Ílhavo,Aveiro,2023,6,8592.0
Ílhavo,Aveiro,2023,7,11842.0
Ílhavo,Aveiro,2023,8,15176.0
Ílhavo,Aveiro,2023,9,10618.0
Ílhavo,Aveiro,2023,10,7795.0
Ílhavo,Aveiro,2023,11,5187.0
Ílhavo,Aveiro,2023,12,6526.0
Ílhavo,Aveiro,2024,1,5524.0
Ílhavo,Aveiro,2024,2,5562.0
Ílhavo,Aveiro,2024,3,7117.0
Ílhavo,Aveiro,2024,4,7364.0
Ílhavo,Aveiro,2024,5,8696.0
Ílhavo,Aveiro,2024,6,9187.0
Ílhavo,Aveiro,2024,7,12822.0
Ílhavo,Aveiro,2024,8,16945.0
Ílhavo,Aveiro,2024,9,10474.0
Ílhavo,Aveiro,2024,10,7312.0
Ílhavo,Aveiro,2024,11,6513.0
Ílhavo,Aveiro,2024,12,6053.0
Ílhavo,Aveiro,2025,1,4912.0
Ílhavo,Aveiro,2025,2,5148.0
Ílhavo,Aveiro,2025,3,6567.0
Ílhavo,Aveiro,2025,4,9082.0
Ílhavo,Aveiro,2025,5,9049.0
Ílhavo,Aveiro,2025,6,9850.0
Ílhavo,Aveiro,2025,7,12953.0
Ílhavo,Aveiro,2025,8,17712.0
Ílhavo,Aveiro,2025,9,10988.0
Ílhavo,Aveiro,2025,10,9289.0
Ílhavo,Aveiro,2025,11,6629.0
Ílhavo,Aveiro,2025,12,7075.0
Ílhavo,Aveiro,2026,1,5941.0
Ílhavo,Aveiro,2026,2,5575.0
Ílhavo,Aveiro,2026,3,6925.0
Ílhavo,Aveiro,2026,4,8708.0
Ílhavo,Aveiro,2026,5,9516.0
Ílhavo,Aveiro,2026,6,9274.0
Ílhavo,Aveiro,2026,7,13315.0
Óbidos,Leiria,2020,1,9997.0
Óbidos,Leiria,2020,2,11785.0
Óbidos,Leiria,2020,3,5768.0
Óbidos,Leiria,2020,4,
Óbidos,Leiria,2020,5,
Óbidos,Leiria,2020,6,2761.0
Óbidos,Leiria,2020,7,15978.0
Óbidos,Leiria,2020,8,33217.0
Óbidos,Leiria,2020,9,16132.0
Óbidos,Leiria,2020,10,9613.0
Óbidos,Leiria,2020,11,2264.0
Óbidos,Leiria,2020,12,3119.0
Óbidos,Leiria,2021,1,1463.0
Óbidos,Leiria,2021,2,886.0
Óbidos,Leiria,2021,3,1138.0
Óbidos,Leiria,2021,4,2271.0
Óbidos,Leiria,2021,5,4845.0
Óbidos,Leiria,2021,6,14054.0
Óbidos,Leiria,2021,7,19211.0
Óbidos,Leiria,2021,8,37099.0
Óbidos,Leiria,2021,9,21406.0
Óbidos,Leiria,2021,10,20673.0
Óbidos,Leiria,2021,11,6841.0
Óbidos,Leiria,2021,12,10268.0
Óbidos,Leiria,2022,1,7098.0
Óbidos,Leiria,2022,2,9983.0
Óbidos,Leiria,2022,3,12266.0
Óbidos,Leiria,2022,4,24294.0
Óbidos,Leiria,2022,5,21154.0
Óbidos,Leiria,2022,6,26048.0
Óbidos,Leiria,2022,7,34321.0
Óbidos,Leiria,2022,8,42780.0
Óbidos,Leiria,2022,9,27855.0
Óbidos,Leiria,2022,10,25118.0
Óbidos,Leiria,2022,11,14588.0
Óbidos,Leiria,2022,12,21031.0
Óbidos,Leiria,2023,1,8089.0
Óbidos,Leiria,2023,2,13843.0
Óbidos,Leiria,2023,3,18218.0
Óbidos,Leiria,2023,4,26237.0
Óbidos,Leiria,2023,5,25548.0
Óbidos,Leiria,2023,6,26772.0
Óbidos,Leiria,2023,7,32437.0
Óbidos,Leiria,2023,8,44537.0
Óbidos,Leiria,2023,9,28073.0
Óbidos,Leiria,2023,10,28401.0
Óbidos,Leiria,2023,11,17015.0
Óbidos,Leiria,2023,12,24571.0
Óbidos,Leiria,2024,1,11770.0
Óbidos,Leiria,2024,2,16753.0
Óbidos,Leiria,2024,3,24201.0
Óbidos,Leiria,2024,4,22354.0
Óbidos,Leiria,2024,5,27411.0
Óbidos,Leiria,2024,6,25665.0
Óbidos,Leiria,2024,7,35256.0
Óbidos,Leiria,2024,8,46174.0
Óbidos,Leiria,2024,9,28792.0
Óbidos,Leiria,2024,10,26373.0
Óbidos,Leiria,2024,11,18455.0
Óbidos,Leiria,2024,12,22594.0
Óbidos,Leiria,2025,1,13522.0
Óbidos,Leiria,2025,2,13797.0
Óbidos,Leiria,2025,3,20841.0
Óbidos,Leiria,2025,4,24817.0
Óbidos,Leiria,2025,5,25720.0
Óbidos,Leiria,2025,6,26029.0
Óbidos,Leiria,2025,7,35729.0
Óbidos,Leiria,2025,8,44981.0
Óbidos,Leiria,2025,9,30126.0
Óbidos,Leiria,2025,10,26551.0
Óbidos,Leiria,2025,11,18422.0
Óbidos,Leiria,2025,12,21860.0
Óbidos,Leiria,2026,1,11468.0
Óbidos,Leiria,2026,2,11812.0
Óbidos,Leiria,2026,3,16063.0
Óbidos,Leiria,2026,4,22459.0
Óbidos,Leiria,2026,5,25069.0
Óbidos,Leiria,2026,6,24044.0
Óbidos,Leiria,2026,7,34921.0
