distrito,ano,dim_3_t,valor
Aveiro,2020,Alemanha,12731.0
Aveiro,2020,Angola,465.0
Aveiro,2020,Argentina,225.0
Aveiro,2020,Austrália,255.0
Aveiro,2020,Brasil,14708.0
Aveiro,2020,Bulgária,321.0
Aveiro,2020,Bélgica,3238.0
Aveiro,2020,Canadá,947.0
Aveiro,2020,China,1768.0
Aveiro,2020,Chipre,35.0
Aveiro,2020,Chéquia,1103.0
Aveiro,2020,Coreia (República da),263.0
Aveiro,2020,Croácia,181.0
Aveiro,2020,Dinamarca,869.0
Aveiro,2020,Eslováquia,375.0
Aveiro,2020,Eslovénia,235.0
Aveiro,2020,Espanha,75653.0
Aveiro,2020,Estados Unidos da América,2126.0
Aveiro,2020,Estrangeiro,180773.0
Aveiro,2020,Estónia,86.0
Aveiro,2020,Federação da Rússia,1011.0
Aveiro,2020,Finlândia,454.0
Aveiro,2020,França,22245.0
Aveiro,2020,Grécia,234.0
Aveiro,2020,Hungria,254.0
Aveiro,2020,Irlanda,630.0
Aveiro,2020,Israel,633.0
Aveiro,2020,Itália,9257.0
Aveiro,2020,Japão,2293.0
Aveiro,2020,Letónia,148.0
Aveiro,2020,Lituânia,283.0
Aveiro,2020,Luxemburgo,725.0
Aveiro,2020,Malta,42.0
Aveiro,2020,Marrocos,195.0
Aveiro,2020,México,327.0
Aveiro,2020,Noruega,343.0
Aveiro,2020,Outros,4640.0
Aveiro,2020,Países Baixos (Reino dos),5150.0
Aveiro,2020,Polónia,3159.0
Aveiro,2020,Portugal,435717.0
Aveiro,2020,Reino Unido da Grã-Bretanha e Irlanda do Norte,5058.0
Aveiro,2020,Roménia,1305.0
Aveiro,2020,Suécia,494.0
Aveiro,2020,Suíça,3742.0
Aveiro,2020,Sérvia,24.0
Aveiro,2020,Total,616490.0
Aveiro,2020,Turquia,395.0
Aveiro,2020,Ucrânia,777.0
Aveiro,2020,Áustria,937.0
Aveiro,2020,Índia,434.0
Aveiro,2021,Alemanha,20568.0
Aveiro,2021,Angola,760.0
Aveiro,2021,Argentina,313.0
Aveiro,2021,Austrália,493.0
Aveiro,2021,Brasil,12489.0
Aveiro,2021,Bulgária,414.0
Aveiro,2021,Bélgica,5497.0
Aveiro,2021,Canadá,1183.0
Aveiro,2021,China,1233.0
Aveiro,2021,Chipre,44.0
Aveiro,2021,Chéquia,1353.0
Aveiro,2021,Coreia (República da),744.0
Aveiro,2021,Croácia,258.0
Aveiro,2021,Dinamarca,1957.0
Aveiro,2021,Eslováquia,279.0
Aveiro,2021,Eslovénia,303.0
Aveiro,2021,Espanha,105676.0
Aveiro,2021,Estados Unidos da América,5778.0
Aveiro,2021,Estrangeiro,260797.0
Aveiro,2021,Estónia,321.0
Aveiro,2021,Federação da Rússia,1288.0
Aveiro,2021,Finlândia,1002.0
Aveiro,2021,França,33404.0
Aveiro,2021,Grécia,1985.0
Aveiro,2021,Hungria,605.0
Aveiro,2021,Irlanda,1208.0
Aveiro,2021,Israel,2043.0
Aveiro,2021,Itália,13432.0
Aveiro,2021,Japão,159.0
Aveiro,2021,Letónia,255.0
Aveiro,2021,Lituânia,628.0
Aveiro,2021,Luxemburgo,1740.0
Aveiro,2021,Malta,305.0
Aveiro,2021,Marrocos,378.0
Aveiro,2021,México,511.0
Aveiro,2021,Noruega,774.0
Aveiro,2021,Outros,9363.0
Aveiro,2021,Países Baixos (Reino dos),6517.0
Aveiro,2021,Polónia,4615.0
Aveiro,2021,Portugal,593430.0
Aveiro,2021,Reino Unido da Grã-Bretanha e Irlanda do Norte,6688.0
Aveiro,2021,Roménia,1750.0
Aveiro,2021,Suécia,1035.0
Aveiro,2021,Suíça,6583.0
Aveiro,2021,Sérvia,171.0
Aveiro,2021,Total,854227.0
Aveiro,2021,Turquia,1054.0
Aveiro,2021,Ucrânia,657.0
Aveiro,2021,Áustria,1796.0
Aveiro,2021,Índia,1188.0
Aveiro,2022,Alemanha,41507.0
Aveiro,2022,Angola,2240.0
Aveiro,2022,Argentina,2777.0
Aveiro,2022,Austrália,1733.0
Aveiro,2022,Brasil,44674.0
Aveiro,2022,Bulgária,3766.0
Aveiro,2022,Bélgica,9810.0
Aveiro,2022,Canadá,6660.0
Aveiro,2022,China,3250.0
Aveiro,2022,Chipre,267.0
Aveiro,2022,Chéquia,2224.0
Aveiro,2022,Coreia (República da),2680.0
Aveiro,2022,Croácia,836.0
Aveiro,2022,Dinamarca,4170.0
Aveiro,2022,Eslováquia,1210.0
Aveiro,2022,Eslovénia,813.0
Aveiro,2022,Espanha,199013.0
Aveiro,2022,Estados Unidos da América,22105.0
Aveiro,2022,Estrangeiro,578567.0
Aveiro,2022,Estónia,1123.0
Aveiro,2022,Federação da Rússia,2108.0
Aveiro,2022,Finlândia,2293.0
Aveiro,2022,França,62412.0
Aveiro,2022,Grécia,11283.0
Aveiro,2022,Hungria,1986.0
Aveiro,2022,Irlanda,3526.0
Aveiro,2022,Israel,5958.0
Aveiro,2022,Itália,21746.0
Aveiro,2022,Japão,521.0
Aveiro,2022,Letónia,672.0
Aveiro,2022,Lituânia,1590.0
Aveiro,2022,Luxemburgo,2525.0
Aveiro,2022,Malta,116.0
Aveiro,2022,Marrocos,811.0
Aveiro,2022,México,1880.0
Aveiro,2022,Noruega,1424.0
Aveiro,2022,Outros,37221.0
Aveiro,2022,Países Baixos (Reino dos),15031.0
Aveiro,2022,Polónia,7700.0
Aveiro,2022,Portugal,781445.0
Aveiro,2022,Reino Unido da Grã-Bretanha e Irlanda do Norte,19198.0
Aveiro,2022,Roménia,4366.0
Aveiro,2022,Suécia,2459.0
Aveiro,2022,Suíça,11085.0
Aveiro,2022,Sérvia,216.0
Aveiro,2022,Total,1360012.0
Aveiro,2022,Turquia,1924.0
Aveiro,2022,Ucrânia,2747.0
Aveiro,2022,Áustria,3583.0
Aveiro,2022,Índia,1328.0
Aveiro,2023,Alemanha,43983.0
Aveiro,2023,Angola,2917.0
Aveiro,2023,Argentina,3351.0
Aveiro,2023,Austrália,4090.0
Aveiro,2023,Brasil,50066.0
Aveiro,2023,Bulgária,6249.0
Aveiro,2023,Bélgica,10122.0
Aveiro,2023,Canadá,10427.0
Aveiro,2023,China,7288.0
Aveiro,2023,Chipre,181.0
Aveiro,2023,Chéquia,3256.0
Aveiro,2023,Coreia (República da),5002.0
Aveiro,2023,Croácia,1869.0
Aveiro,2023,Dinamarca,4637.0
Aveiro,2023,Eslováquia,1365.0
Aveiro,2023,Eslovénia,974.0
Aveiro,2023,Espanha,214452.0
Aveiro,2023,Estados Unidos da América,29574.0
Aveiro,2023,Estrangeiro,673977.0
Aveiro,2023,Estónia,720.0
Aveiro,2023,Federação da Rússia,2749.0
Aveiro,2023,Finlândia,2893.0
Aveiro,2023,França,72051.0
Aveiro,2023,Grécia,11550.0
Aveiro,2023,Hungria,2113.0
Aveiro,2023,Irlanda,5131.0
Aveiro,2023,Israel,10634.0
Aveiro,2023,Itália,25468.0
Aveiro,2023,Japão,2391.0
Aveiro,2023,Letónia,1067.0
Aveiro,2023,Lituânia,1612.0
Aveiro,2023,Luxemburgo,2599.0
Aveiro,2023,Malta,453.0
Aveiro,2023,Marrocos,1544.0
Aveiro,2023,México,2623.0
Aveiro,2023,Noruega,1916.0
Aveiro,2023,Outros,43121.0
Aveiro,2023,Países Baixos (Reino dos),16006.0
Aveiro,2023,Polónia,9526.0
Aveiro,2023,Portugal,794291.0
Aveiro,2023,Reino Unido da Grã-Bretanha e Irlanda do Norte,22713.0
Aveiro,2023,Roménia,5397.0
Aveiro,2023,Suécia,2737.0
Aveiro,2023,Suíça,15213.0
Aveiro,2023,Sérvia,320.0
Aveiro,2023,Total,1468268.0
Aveiro,2023,Turquia,2785.0
Aveiro,2023,Ucrânia,2036.0
Aveiro,2023,Áustria,4391.0
Aveiro,2023,Índia,2415.0
Aveiro,2024,Alemanha,45285.0
Aveiro,2024,Angola,3378.0
Aveiro,2024,Argentina,2714.0
Aveiro,2024,Austrália,3319.0
Aveiro,2024,Brasil,52566.0
Aveiro,2024,Bulgária,1449.0
Aveiro,2024,Bélgica,11049.0
Aveiro,2024,Canadá,10424.0
Aveiro,2024,China,17508.0
Aveiro,2024,Chipre,182.0
Aveiro,2024,Chéquia,3360.0
Aveiro,2024,Coreia (República da),6023.0
Aveiro,2024,Croácia,796.0
Aveiro,2024,Dinamarca,5585.0
Aveiro,2024,Eslováquia,1186.0
Aveiro,2024,Eslovénia,708.0
Aveiro,2024,Espanha,222842.0
Aveiro,2024,Estados Unidos da América,32454.0
Aveiro,2024,Estrangeiro,674625.0
Aveiro,2024,Estónia,639.0
Aveiro,2024,Federação da Rússia,2406.0
Aveiro,2024,Finlândia,2163.0
Aveiro,2024,França,69384.0
Aveiro,2024,Grécia,8407.0
Aveiro,2024,Hungria,1485.0
Aveiro,2024,Irlanda,6061.0
Aveiro,2024,Israel,5058.0
Aveiro,2024,Itália,24108.0
Aveiro,2024,Japão,4513.0
Aveiro,2024,Letónia,970.0
Aveiro,2024,Lituânia,1431.0
Aveiro,2024,Luxemburgo,2491.0
Aveiro,2024,Malta,382.0
Aveiro,2024,Marrocos,1308.0
Aveiro,2024,México,2703.0
Aveiro,2024,Noruega,2114.0
Aveiro,2024,Outros,34652.0
Aveiro,2024,Países Baixos (Reino dos),17041.0
Aveiro,2024,Polónia,8788.0
Aveiro,2024,Portugal,827276.0
Aveiro,2024,Reino Unido da Grã-Bretanha e Irlanda do Norte,22767.0
Aveiro,2024,Roménia,3580.0
Aveiro,2024,Suécia,3176.0
Aveiro,2024,Suíça,13991.0
Aveiro,2024,Sérvia,824.0
Aveiro,2024,Total,1501901.0
Aveiro,2024,Turquia,2408.0
Aveiro,2024,Ucrânia,2682.0
Aveiro,2024,Áustria,5236.0
Aveiro,2024,Índia,3029.0
Aveiro,2025,Alemanha,49590.0
Aveiro,2025,Angola,3653.0
Aveiro,2025,Argentina,2332.0
Aveiro,2025,Austrália,3090.0
Aveiro,2025,Brasil,45224.0
Aveiro,2025,Bulgária,949.0
Aveiro,2025,Bélgica,10956.0
Aveiro,2025,Canadá,10736.0
Aveiro,2025,China,19588.0
Aveiro,2025,Chipre,236.0
Aveiro,2025,Chéquia,3843.0
Aveiro,2025,Coreia (República da),5617.0
Aveiro,2025,Croácia,1325.0
Aveiro,2025,Dinamarca,4940.0
Aveiro,2025,Eslováquia,1068.0
Aveiro,2025,Eslovénia,1110.0
Aveiro,2025,Espanha,214963.0
Aveiro,2025,Estados Unidos da América,31679.0
Aveiro,2025,Estrangeiro,655311.0
Aveiro,2025,Estónia,626.0
Aveiro,2025,Federação da Rússia,1908.0
Aveiro,2025,Finlândia,2406.0
Aveiro,2025,França,66370.0
Aveiro,2025,Grécia,1163.0
Aveiro,2025,Hungria,1918.0
Aveiro,2025,Irlanda,5304.0
Aveiro,2025,Israel,6205.0
Aveiro,2025,Itália,24793.0
Aveiro,2025,Japão,2764.0
Aveiro,2025,Letónia,1003.0
Aveiro,2025,Lituânia,1308.0
Aveiro,2025,Luxemburgo,3135.0
Aveiro,2025,Malta,398.0
Aveiro,2025,Marrocos,1181.0
Aveiro,2025,México,2059.0
Aveiro,2025,Noruega,2008.0
Aveiro,2025,Outros,28687.0
Aveiro,2025,Países Baixos (Reino dos),16400.0
Aveiro,2025,Polónia,10466.0
Aveiro,2025,Portugal,845299.0
Aveiro,2025,Reino Unido da Grã-Bretanha e Irlanda do Norte,26617.0
Aveiro,2025,Roménia,4673.0
Aveiro,2025,Suécia,3147.0
Aveiro,2025,Suíça,15129.0
Aveiro,2025,Sérvia,520.0
Aveiro,2025,Total,1500610.0
Aveiro,2025,Turquia,3052.0
Aveiro,2025,Ucrânia,3452.0
Aveiro,2025,Áustria,5455.0
Aveiro,2025,Índia,2265.0
Beja,2020,Alemanha,16915.0
Beja,2020,Angola,39.0
Beja,2020,Argentina,150.0
Beja,2020,Austrália,153.0
Beja,2020,Brasil,1584.0
Beja,2020,Bulgária,83.0
Beja,2020,Bélgica,2443.0
Beja,2020,Canadá,929.0
Beja,2020,China,56.0
Beja,2020,Chipre,36.0
Beja,2020,Chéquia,236.0
Beja,2020,Coreia (República da),3.0
Beja,2020,Croácia,31.0
Beja,2020,Dinamarca,286.0
Beja,2020,Eslováquia,58.0
Beja,2020,Eslovénia,27.0
Beja,2020,Espanha,26354.0
Beja,2020,Estados Unidos da América,1231.0
Beja,2020,Estrangeiro,86337.0
Beja,2020,Estónia,13.0
Beja,2020,Federação da Rússia,198.0
Beja,2020,Finlândia,440.0
Beja,2020,França,5686.0
Beja,2020,Grécia,106.0
Beja,2020,Hungria,184.0
Beja,2020,Irlanda,407.0
Beja,2020,Israel,113.0
Beja,2020,Itália,2461.0
Beja,2020,Japão,20.0
Beja,2020,Letónia,32.0
Beja,2020,Lituânia,58.0
Beja,2020,Luxemburgo,398.0
Beja,2020,Malta,53.0
Beja,2020,Marrocos,11.0
Beja,2020,México,32.0
Beja,2020,Noruega,104.0
Beja,2020,Outros,2435.0
Beja,2020,Países Baixos (Reino dos),6080.0
Beja,2020,Polónia,3243.0
Beja,2020,Portugal,381633.0
Beja,2020,Reino Unido da Grã-Bretanha e Irlanda do Norte,4745.0
Beja,2020,Roménia,5053.0
Beja,2020,Suécia,946.0
Beja,2020,Suíça,2073.0
Beja,2020,Sérvia,
Beja,2020,Total,467970.0
Beja,2020,Turquia,21.0
Beja,2020,Ucrânia,436.0
Beja,2020,Áustria,286.0
Beja,2020,Índia,89.0
Beja,2021,Alemanha,21882.0
Beja,2021,Angola,72.0
Beja,2021,Argentina,147.0
Beja,2021,Austrália,218.0
Beja,2021,Brasil,2153.0
Beja,2021,Bulgária,183.0
Beja,2021,Bélgica,4731.0
Beja,2021,Canadá,839.0
Beja,2021,China,80.0
Beja,2021,Chipre,29.0
Beja,2021,Chéquia,392.0
Beja,2021,Coreia (República da),6.0
Beja,2021,Croácia,38.0
Beja,2021,Dinamarca,1151.0
Beja,2021,Eslováquia,56.0
Beja,2021,Eslovénia,429.0
Beja,2021,Espanha,37261.0
Beja,2021,Estados Unidos da América,3117.0
Beja,2021,Estrangeiro,126872.0
Beja,2021,Estónia,71.0
Beja,2021,Federação da Rússia,181.0
Beja,2021,Finlândia,445.0
Beja,2021,França,9745.0
Beja,2021,Grécia,642.0
Beja,2021,Hungria,147.0
Beja,2021,Irlanda,1736.0
Beja,2021,Israel,482.0
Beja,2021,Itália,5024.0
Beja,2021,Japão,14.0
Beja,2021,Letónia,133.0
Beja,2021,Lituânia,130.0
Beja,2021,Luxemburgo,571.0
Beja,2021,Malta,21.0
Beja,2021,Marrocos,12.0
Beja,2021,México,70.0
Beja,2021,Noruega,291.0
Beja,2021,Outros,945.0
Beja,2021,Países Baixos (Reino dos),11709.0
Beja,2021,Polónia,5780.0
Beja,2021,Portugal,448575.0
Beja,2021,Reino Unido da Grã-Bretanha e Irlanda do Norte,6836.0
Beja,2021,Roménia,391.0
Beja,2021,Suécia,1032.0
Beja,2021,Suíça,4704.0
Beja,2021,Sérvia,23.0
Beja,2021,Total,575447.0
Beja,2021,Turquia,38.0
Beja,2021,Ucrânia,708.0
Beja,2021,Áustria,2078.0
Beja,2021,Índia,129.0
Beja,2022,Alemanha,46255.0
Beja,2022,Angola,123.0
Beja,2022,Argentina,338.0
Beja,2022,Austrália,781.0
Beja,2022,Brasil,5224.0
Beja,2022,Bulgária,1352.0
Beja,2022,Bélgica,7002.0
Beja,2022,Canadá,4992.0
Beja,2022,China,120.0
Beja,2022,Chipre,76.0
Beja,2022,Chéquia,1231.0
Beja,2022,Coreia (República da),73.0
Beja,2022,Croácia,125.0
Beja,2022,Dinamarca,1916.0
Beja,2022,Eslováquia,152.0
Beja,2022,Eslovénia,204.0
Beja,2022,Espanha,46465.0
Beja,2022,Estados Unidos da América,11903.0
Beja,2022,Estrangeiro,224962.0
Beja,2022,Estónia,225.0
Beja,2022,Federação da Rússia,322.0
Beja,2022,Finlândia,992.0
Beja,2022,França,17301.0
Beja,2022,Grécia,335.0
Beja,2022,Hungria,397.0
Beja,2022,Irlanda,3070.0
Beja,2022,Israel,1315.0
Beja,2022,Itália,10883.0
Beja,2022,Japão,95.0
Beja,2022,Letónia,261.0
Beja,2022,Lituânia,432.0
Beja,2022,Luxemburgo,836.0
Beja,2022,Malta,25.0
Beja,2022,Marrocos,212.0
Beja,2022,México,229.0
Beja,2022,Noruega,1196.0
Beja,2022,Outros,4080.0
Beja,2022,Países Baixos (Reino dos),16556.0
Beja,2022,Polónia,7603.0
Beja,2022,Portugal,484701.0
Beja,2022,Reino Unido da Grã-Bretanha e Irlanda do Norte,14783.0
Beja,2022,Roménia,728.0
Beja,2022,Suécia,1972.0
Beja,2022,Suíça,8175.0
Beja,2022,Sérvia,38.0
Beja,2022,Total,709663.0
Beja,2022,Turquia,121.0
Beja,2022,Ucrânia,748.0
Beja,2022,Áustria,3433.0
Beja,2022,Índia,267.0
Beja,2023,Alemanha,52906.0
Beja,2023,Angola,257.0
Beja,2023,Argentina,310.0
Beja,2023,Austrália,1765.0
Beja,2023,Brasil,12575.0
Beja,2023,Bulgária,301.0
Beja,2023,Bélgica,12456.0
Beja,2023,Canadá,6052.0
Beja,2023,China,538.0
Beja,2023,Chipre,90.0
Beja,2023,Chéquia,1565.0
Beja,2023,Coreia (República da),506.0
Beja,2023,Croácia,86.0
Beja,2023,Dinamarca,2609.0
Beja,2023,Eslováquia,141.0
Beja,2023,Eslovénia,236.0
Beja,2023,Espanha,50472.0
Beja,2023,Estados Unidos da América,14452.0
Beja,2023,Estrangeiro,262902.0
Beja,2023,Estónia,238.0
Beja,2023,Federação da Rússia,451.0
Beja,2023,Finlândia,944.0
Beja,2023,França,17288.0
Beja,2023,Grécia,488.0
Beja,2023,Hungria,700.0
Beja,2023,Irlanda,3162.0
Beja,2023,Israel,1193.0
Beja,2023,Itália,14249.0
Beja,2023,Japão,102.0
Beja,2023,Letónia,435.0
Beja,2023,Lituânia,833.0
Beja,2023,Luxemburgo,868.0
Beja,2023,Malta,89.0
Beja,2023,Marrocos,198.0
Beja,2023,México,197.0
Beja,2023,Noruega,860.0
Beja,2023,Outros,4176.0
Beja,2023,Países Baixos (Reino dos),16146.0
Beja,2023,Polónia,8107.0
Beja,2023,Portugal,540528.0
Beja,2023,Reino Unido da Grã-Bretanha e Irlanda do Norte,16724.0
Beja,2023,Roménia,831.0
Beja,2023,Suécia,2092.0
Beja,2023,Suíça,9362.0
Beja,2023,Sérvia,123.0
Beja,2023,Total,803430.0
Beja,2023,Turquia,110.0
Beja,2023,Ucrânia,890.0
Beja,2023,Áustria,4401.0
Beja,2023,Índia,328.0
Beja,2024,Alemanha,55278.0
Beja,2024,Angola,310.0
Beja,2024,Argentina,221.0
Beja,2024,Austrália,1493.0
Beja,2024,Brasil,8367.0
Beja,2024,Bulgária,221.0
Beja,2024,Bélgica,10251.0
Beja,2024,Canadá,6158.0
Beja,2024,China,729.0
Beja,2024,Chipre,53.0
Beja,2024,Chéquia,2290.0
Beja,2024,Coreia (República da),825.0
Beja,2024,Croácia,202.0
Beja,2024,Dinamarca,2791.0
Beja,2024,Eslováquia,161.0
Beja,2024,Eslovénia,403.0
Beja,2024,Espanha,46412.0
Beja,2024,Estados Unidos da América,13992.0
Beja,2024,Estrangeiro,268734.0
Beja,2024,Estónia,221.0
Beja,2024,Federação da Rússia,359.0
Beja,2024,Finlândia,944.0
Beja,2024,França,18833.0
Beja,2024,Grécia,317.0
Beja,2024,Hungria,595.0
Beja,2024,Irlanda,3463.0
Beja,2024,Israel,798.0
Beja,2024,Itália,14594.0
Beja,2024,Japão,61.0
Beja,2024,Letónia,448.0
Beja,2024,Lituânia,820.0
Beja,2024,Luxemburgo,964.0
Beja,2024,Malta,20.0
Beja,2024,Marrocos,230.0
Beja,2024,México,136.0
Beja,2024,Noruega,961.0
Beja,2024,Outros,4657.0
Beja,2024,Países Baixos (Reino dos),19383.0
Beja,2024,Polónia,6485.0
Beja,2024,Portugal,570048.0
Beja,2024,Reino Unido da Grã-Bretanha e Irlanda do Norte,16535.0
Beja,2024,Roménia,1554.0
Beja,2024,Suécia,2007.0
Beja,2024,Suíça,10454.0
Beja,2024,Sérvia,45.0
Beja,2024,Total,838782.0
Beja,2024,Turquia,68.0
Beja,2024,Ucrânia,8518.0
Beja,2024,Áustria,4775.0
Beja,2024,Índia,332.0
Beja,2025,Alemanha,61816.0
Beja,2025,Angola,346.0
Beja,2025,Argentina,281.0
Beja,2025,Austrália,1454.0
Beja,2025,Brasil,8075.0
Beja,2025,Bulgária,223.0
Beja,2025,Bélgica,10656.0
Beja,2025,Canadá,5505.0
Beja,2025,China,1438.0
Beja,2025,Chipre,47.0
Beja,2025,Chéquia,2632.0
Beja,2025,Coreia (República da),243.0
Beja,2025,Croácia,119.0
Beja,2025,Dinamarca,2905.0
Beja,2025,Eslováquia,385.0
Beja,2025,Eslovénia,258.0
Beja,2025,Espanha,46047.0
Beja,2025,Estados Unidos da América,14182.0
Beja,2025,Estrangeiro,292449.0
Beja,2025,Estónia,279.0
Beja,2025,Federação da Rússia,663.0
Beja,2025,Finlândia,1032.0
Beja,2025,França,16897.0
Beja,2025,Grécia,908.0
Beja,2025,Hungria,756.0
Beja,2025,Irlanda,3596.0
Beja,2025,Israel,690.0
Beja,2025,Itália,15290.0
Beja,2025,Japão,125.0
Beja,2025,Letónia,436.0
Beja,2025,Lituânia,1277.0
Beja,2025,Luxemburgo,947.0
Beja,2025,Malta,54.0
Beja,2025,Marrocos,263.0
Beja,2025,México,235.0
Beja,2025,Noruega,820.0
Beja,2025,Outros,5778.0
Beja,2025,Países Baixos (Reino dos),23619.0
Beja,2025,Polónia,5404.0
Beja,2025,Portugal,610214.0
Beja,2025,Reino Unido da Grã-Bretanha e Irlanda do Norte,19877.0
Beja,2025,Roménia,941.0
Beja,2025,Suécia,2586.0
Beja,2025,Suíça,11308.0
Beja,2025,Sérvia,82.0
Beja,2025,Total,902663.0
Beja,2025,Turquia,377.0
Beja,2025,Ucrânia,14395.0
Beja,2025,Áustria,6448.0
Beja,2025,Índia,754.0
Braga,2020,Alemanha,13217.0
Braga,2020,Angola,880.0
Braga,2020,Argentina,194.0
Braga,2020,Austrália,212.0
Braga,2020,Brasil,17765.0
Braga,2020,Bulgária,1216.0
Braga,2020,Bélgica,3514.0
Braga,2020,Canadá,1774.0
Braga,2020,China,1416.0
Braga,2020,Chipre,277.0
Braga,2020,Chéquia,957.0
Braga,2020,Coreia (República da),498.0
Braga,2020,Croácia,1789.0
Braga,2020,Dinamarca,747.0
Braga,2020,Eslováquia,152.0
Braga,2020,Eslovénia,594.0
Braga,2020,Espanha,59090.0
Braga,2020,Estados Unidos da América,2650.0
Braga,2020,Estrangeiro,184656.0
Braga,2020,Estónia,158.0
Braga,2020,Federação da Rússia,704.0
Braga,2020,Finlândia,310.0
Braga,2020,França,26446.0
Braga,2020,Grécia,791.0
Braga,2020,Hungria,501.0
Braga,2020,Irlanda,1201.0
Braga,2020,Israel,204.0
Braga,2020,Itália,9962.0
Braga,2020,Japão,920.0
Braga,2020,Letónia,161.0
Braga,2020,Lituânia,646.0
Braga,2020,Luxemburgo,1131.0
Braga,2020,Malta,63.0
Braga,2020,Marrocos,269.0
Braga,2020,México,315.0
Braga,2020,Noruega,194.0
Braga,2020,Outros,6545.0
Braga,2020,Países Baixos (Reino dos),5339.0
Braga,2020,Polónia,2267.0
Braga,2020,Portugal,566020.0
Braga,2020,Reino Unido da Grã-Bretanha e Irlanda do Norte,7263.0
Braga,2020,Roménia,1877.0
Braga,2020,Suécia,1393.0
Braga,2020,Suíça,3178.0
Braga,2020,Sérvia,367.0
Braga,2020,Total,750676.0
Braga,2020,Turquia,3947.0
Braga,2020,Ucrânia,568.0
Braga,2020,Áustria,404.0
Braga,2020,Índia,590.0
Braga,2021,Alemanha,18881.0
Braga,2021,Angola,1034.0
Braga,2021,Argentina,619.0
Braga,2021,Austrália,183.0
Braga,2021,Brasil,20975.0
Braga,2021,Bulgária,5411.0
Braga,2021,Bélgica,6894.0
Braga,2021,Canadá,1681.0
Braga,2021,China,1106.0
Braga,2021,Chipre,262.0
Braga,2021,Chéquia,2960.0
Braga,2021,Coreia (República da),442.0
Braga,2021,Croácia,1160.0
Braga,2021,Dinamarca,1945.0
Braga,2021,Eslováquia,1220.0
Braga,2021,Eslovénia,4687.0
Braga,2021,Espanha,94913.0
Braga,2021,Estados Unidos da América,7767.0
Braga,2021,Estrangeiro,334589.0
Braga,2021,Estónia,300.0
Braga,2021,Federação da Rússia,949.0
Braga,2021,Finlândia,856.0
Braga,2021,França,49830.0
Braga,2021,Grécia,1051.0
Braga,2021,Hungria,2708.0
Braga,2021,Irlanda,1444.0
Braga,2021,Israel,1035.0
Braga,2021,Itália,14692.0
Braga,2021,Japão,269.0
Braga,2021,Letónia,630.0
Braga,2021,Lituânia,722.0
Braga,2021,Luxemburgo,2580.0
Braga,2021,Malta,276.0
Braga,2021,Marrocos,160.0
Braga,2021,México,932.0
Braga,2021,Noruega,341.0
Braga,2021,Outros,12269.0
Braga,2021,Países Baixos (Reino dos),12443.0
Braga,2021,Polónia,24842.0
Braga,2021,Portugal,734527.0
Braga,2021,Reino Unido da Grã-Bretanha e Irlanda do Norte,10775.0
Braga,2021,Roménia,6442.0
Braga,2021,Suécia,1950.0
Braga,2021,Suíça,5966.0
Braga,2021,Sérvia,511.0
Braga,2021,Total,1069116.0
Braga,2021,Turquia,4385.0
Braga,2021,Ucrânia,597.0
Braga,2021,Áustria,1841.0
Braga,2021,Índia,1653.0
Braga,2022,Alemanha,43539.0
Braga,2022,Angola,2258.0
Braga,2022,Argentina,2396.0
Braga,2022,Austrália,2335.0
Braga,2022,Brasil,59042.0
Braga,2022,Bulgária,9413.0
Braga,2022,Bélgica,14271.0
Braga,2022,Canadá,8880.0
Braga,2022,China,2057.0
Braga,2022,Chipre,379.0
Braga,2022,Chéquia,7107.0
Braga,2022,Coreia (República da),1708.0
Braga,2022,Croácia,5905.0
Braga,2022,Dinamarca,5981.0
Braga,2022,Eslováquia,3717.0
Braga,2022,Eslovénia,4191.0
Braga,2022,Espanha,163021.0
Braga,2022,Estados Unidos da América,26474.0
Braga,2022,Estrangeiro,701509.0
Braga,2022,Estónia,1145.0
Braga,2022,Federação da Rússia,1729.0
Braga,2022,Finlândia,2751.0
Braga,2022,França,97171.0
Braga,2022,Grécia,2769.0
Braga,2022,Hungria,6484.0
Braga,2022,Irlanda,4904.0
Braga,2022,Israel,5392.0
Braga,2022,Itália,28229.0
Braga,2022,Japão,807.0
Braga,2022,Letónia,1184.0
Braga,2022,Lituânia,2815.0
Braga,2022,Luxemburgo,2890.0
Braga,2022,Malta,323.0
Braga,2022,Marrocos,843.0
Braga,2022,México,4688.0
Braga,2022,Noruega,1673.0
Braga,2022,Outros,25746.0
Braga,2022,Países Baixos (Reino dos),27203.0
Braga,2022,Polónia,31221.0
Braga,2022,Portugal,918373.0
Braga,2022,Reino Unido da Grã-Bretanha e Irlanda do Norte,40322.0
Braga,2022,Roménia,8376.0
Braga,2022,Suécia,3738.0
Braga,2022,Suíça,9988.0
Braga,2022,Sérvia,709.0
Braga,2022,Total,1619882.0
Braga,2022,Turquia,16632.0
Braga,2022,Ucrânia,2585.0
Braga,2022,Áustria,4518.0
Braga,2022,Índia,2000.0
Braga,2023,Alemanha,48642.0
Braga,2023,Angola,4648.0
Braga,2023,Argentina,2124.0
Braga,2023,Austrália,4192.0
Braga,2023,Brasil,62103.0
Braga,2023,Bulgária,10256.0
Braga,2023,Bélgica,13409.0
Braga,2023,Canadá,13619.0
Braga,2023,China,6255.0
Braga,2023,Chipre,266.0
Braga,2023,Chéquia,7193.0
Braga,2023,Coreia (República da),3952.0
Braga,2023,Croácia,5182.0
Braga,2023,Dinamarca,5262.0
Braga,2023,Eslováquia,2547.0
Braga,2023,Eslovénia,4534.0
Braga,2023,Espanha,185406.0
Braga,2023,Estados Unidos da América,34592.0
Braga,2023,Estrangeiro,808055.0
Braga,2023,Estónia,988.0
Braga,2023,Federação da Rússia,2702.0
Braga,2023,Finlândia,1892.0
Braga,2023,França,109451.0
Braga,2023,Grécia,3349.0
Braga,2023,Hungria,10725.0
Braga,2023,Irlanda,7542.0
Braga,2023,Israel,7271.0
Braga,2023,Itália,32436.0
Braga,2023,Japão,1469.0
Braga,2023,Letónia,1694.0
Braga,2023,Lituânia,1336.0
Braga,2023,Luxemburgo,3640.0
Braga,2023,Malta,390.0
Braga,2023,Marrocos,2979.0
Braga,2023,México,2261.0
Braga,2023,Noruega,1421.0
Braga,2023,Outros,50864.0
Braga,2023,Países Baixos (Reino dos),23579.0
Braga,2023,Polónia,25212.0
Braga,2023,Portugal,934365.0
Braga,2023,Reino Unido da Grã-Bretanha e Irlanda do Norte,53102.0
Braga,2023,Roménia,14166.0
Braga,2023,Suécia,3484.0
Braga,2023,Suíça,11324.0
Braga,2023,Sérvia,1187.0
Braga,2023,Total,1742420.0
Braga,2023,Turquia,6065.0
Braga,2023,Ucrânia,3071.0
Braga,2023,Áustria,7453.0
Braga,2023,Índia,2820.0
Braga,2024,Alemanha,56286.0
Braga,2024,Angola,4310.0
Braga,2024,Argentina,1960.0
Braga,2024,Austrália,5588.0
Braga,2024,Brasil,62764.0
Braga,2024,Bulgária,12820.0
Braga,2024,Bélgica,15385.0
Braga,2024,Canadá,13802.0
Braga,2024,China,7410.0
Braga,2024,Chipre,567.0
Braga,2024,Chéquia,7036.0
Braga,2024,Coreia (República da),4412.0
Braga,2024,Croácia,6825.0
Braga,2024,Dinamarca,5793.0
Braga,2024,Eslováquia,2379.0
Braga,2024,Eslovénia,6145.0
Braga,2024,Espanha,189560.0
Braga,2024,Estados Unidos da América,42896.0
Braga,2024,Estrangeiro,856543.0
Braga,2024,Estónia,852.0
Braga,2024,Federação da Rússia,2546.0
Braga,2024,Finlândia,2554.0
Braga,2024,França,112596.0
Braga,2024,Grécia,3834.0
Braga,2024,Hungria,5891.0
Braga,2024,Irlanda,7765.0
Braga,2024,Israel,7221.0
Braga,2024,Itália,35579.0
Braga,2024,Japão,1907.0
Braga,2024,Letónia,1869.0
Braga,2024,Lituânia,1859.0
Braga,2024,Luxemburgo,3689.0
Braga,2024,Malta,583.0
Braga,2024,Marrocos,1294.0
Braga,2024,México,2600.0
Braga,2024,Noruega,2425.0
Braga,2024,Outros,45171.0
Braga,2024,Países Baixos (Reino dos),31028.0
Braga,2024,Polónia,32207.0
Braga,2024,Portugal,958371.0
Braga,2024,Reino Unido da Grã-Bretanha e Irlanda do Norte,48633.0
Braga,2024,Roménia,17059.0
Braga,2024,Suécia,4418.0
Braga,2024,Suíça,14874.0
Braga,2024,Sérvia,1179.0
Braga,2024,Total,1814914.0
Braga,2024,Turquia,6595.0
Braga,2024,Ucrânia,4204.0
Braga,2024,Áustria,7496.0
Braga,2024,Índia,2677.0
Braga,2025,Alemanha,56833.0
Braga,2025,Angola,4350.0
Braga,2025,Argentina,1731.0
Braga,2025,Austrália,5990.0
Braga,2025,Brasil,57024.0
Braga,2025,Bulgária,15004.0
Braga,2025,Bélgica,18224.0
Braga,2025,Canadá,13825.0
Braga,2025,China,6545.0
Braga,2025,Chipre,892.0
Braga,2025,Chéquia,6713.0
Braga,2025,Coreia (República da),5559.0
Braga,2025,Croácia,5922.0
Braga,2025,Dinamarca,5265.0
Braga,2025,Eslováquia,3286.0
Braga,2025,Eslovénia,3740.0
Braga,2025,Espanha,186354.0
Braga,2025,Estados Unidos da América,46354.0
Braga,2025,Estrangeiro,863189.0
Braga,2025,Estónia,727.0
Braga,2025,Federação da Rússia,2643.0
Braga,2025,Finlândia,2706.0
Braga,2025,França,109542.0
Braga,2025,Grécia,5030.0
Braga,2025,Hungria,8201.0
Braga,2025,Irlanda,8536.0
Braga,2025,Israel,5511.0
Braga,2025,Itália,34865.0
Braga,2025,Japão,1784.0
Braga,2025,Letónia,2058.0
Braga,2025,Lituânia,1965.0
Braga,2025,Luxemburgo,3839.0
Braga,2025,Malta,385.0
Braga,2025,Marrocos,1226.0
Braga,2025,México,2266.0
Braga,2025,Noruega,3657.0
Braga,2025,Outros,44468.0
Braga,2025,Países Baixos (Reino dos),30131.0
Braga,2025,Polónia,31357.0
Braga,2025,Portugal,1001797.0
Braga,2025,Reino Unido da Grã-Bretanha e Irlanda do Norte,66552.0
Braga,2025,Roménia,10502.0
Braga,2025,Suécia,5887.0
Braga,2025,Suíça,13666.0
Braga,2025,Sérvia,1311.0
Braga,2025,Total,1864986.0
Braga,2025,Turquia,6991.0
Braga,2025,Ucrânia,3287.0
Braga,2025,Áustria,7553.0
Braga,2025,Índia,2932.0
Bragança,2020,Alemanha,805.0
Bragança,2020,Angola,33.0
Bragança,2020,Argentina,8.0
Bragança,2020,Austrália,7.0
Bragança,2020,Brasil,972.0
Bragança,2020,Bulgária,91.0
Bragança,2020,Bélgica,274.0
Bragança,2020,Canadá,71.0
Bragança,2020,China,26.0
Bragança,2020,Chipre,
Bragança,2020,Chéquia,16.0
Bragança,2020,Coreia (República da),47.0
Bragança,2020,Croácia,2.0
Bragança,2020,Dinamarca,8.0
Bragança,2020,Eslováquia,
Bragança,2020,Eslovénia,
Bragança,2020,Espanha,8944.0
Bragança,2020,Estados Unidos da América,235.0
Bragança,2020,Estrangeiro,16710.0
Bragança,2020,Estónia,
Bragança,2020,Federação da Rússia,14.0
Bragança,2020,Finlândia,47.0
Bragança,2020,França,3004.0
Bragança,2020,Grécia,
Bragança,2020,Hungria,6.0
Bragança,2020,Irlanda,70.0
Bragança,2020,Israel,3.0
Bragança,2020,Itália,293.0
Bragança,2020,Japão,6.0
Bragança,2020,Letónia,
Bragança,2020,Lituânia,2.0
Bragança,2020,Luxemburgo,29.0
Bragança,2020,Malta,
Bragança,2020,Marrocos,30.0
Bragança,2020,México,39.0
Bragança,2020,Noruega,7.0
Bragança,2020,Outros,321.0
Bragança,2020,Países Baixos (Reino dos),427.0
Bragança,2020,Polónia,98.0
Bragança,2020,Portugal,143354.0
Bragança,2020,Reino Unido da Grã-Bretanha e Irlanda do Norte,412.0
Bragança,2020,Roménia,5.0
Bragança,2020,Suécia,44.0
Bragança,2020,Suíça,167.0
Bragança,2020,Sérvia,2.0
Bragança,2020,Total,160064.0
Bragança,2020,Turquia,12.0
Bragança,2020,Ucrânia,9.0
Bragança,2020,Áustria,12.0
Bragança,2020,Índia,112.0
Bragança,2021,Alemanha,1327.0
Bragança,2021,Angola,185.0
Bragança,2021,Argentina,91.0
Bragança,2021,Austrália,12.0
Bragança,2021,Brasil,1027.0
Bragança,2021,Bulgária,110.0
Bragança,2021,Bélgica,474.0
Bragança,2021,Canadá,136.0
Bragança,2021,China,14.0
Bragança,2021,Chipre,
Bragança,2021,Chéquia,190.0
Bragança,2021,Coreia (República da),86.0
Bragança,2021,Croácia,9.0
Bragança,2021,Dinamarca,176.0
Bragança,2021,Eslováquia,7.0
Bragança,2021,Eslovénia,14.0
Bragança,2021,Espanha,14364.0
Bragança,2021,Estados Unidos da América,330.0
Bragança,2021,Estrangeiro,31995.0
Bragança,2021,Estónia,3.0
Bragança,2021,Federação da Rússia,275.0
Bragança,2021,Finlândia,24.0
Bragança,2021,França,4868.0
Bragança,2021,Grécia,6.0
Bragança,2021,Hungria,7.0
Bragança,2021,Irlanda,233.0
Bragança,2021,Israel,30.0
Bragança,2021,Itália,542.0
Bragança,2021,Japão,3.0
Bragança,2021,Letónia,2.0
Bragança,2021,Lituânia,12.0
Bragança,2021,Luxemburgo,79.0
Bragança,2021,Malta,51.0
Bragança,2021,Marrocos,8.0
Bragança,2021,México,9.0
Bragança,2021,Noruega,24.0
Bragança,2021,Outros,3810.0
Bragança,2021,Países Baixos (Reino dos),939.0
Bragança,2021,Polónia,950.0
Bragança,2021,Portugal,175433.0
Bragança,2021,Reino Unido da Grã-Bretanha e Irlanda do Norte,872.0
Bragança,2021,Roménia,43.0
Bragança,2021,Suécia,56.0
Bragança,2021,Suíça,443.0
Bragança,2021,Sérvia,4.0
Bragança,2021,Total,207428.0
Bragança,2021,Turquia,4.0
Bragança,2021,Ucrânia,13.0
Bragança,2021,Áustria,49.0
Bragança,2021,Índia,84.0
Bragança,2022,Alemanha,3067.0
Bragança,2022,Angola,236.0
Bragança,2022,Argentina,186.0
Bragança,2022,Austrália,163.0
Bragança,2022,Brasil,3889.0
Bragança,2022,Bulgária,141.0
Bragança,2022,Bélgica,1091.0
Bragança,2022,Canadá,429.0
Bragança,2022,China,94.0
Bragança,2022,Chipre,
Bragança,2022,Chéquia,94.0
Bragança,2022,Coreia (República da),144.0
Bragança,2022,Croácia,23.0
Bragança,2022,Dinamarca,272.0
Bragança,2022,Eslováquia,278.0
Bragança,2022,Eslovénia,231.0
Bragança,2022,Espanha,25761.0
Bragança,2022,Estados Unidos da América,1408.0
Bragança,2022,Estrangeiro,62631.0
Bragança,2022,Estónia,42.0
Bragança,2022,Federação da Rússia,205.0
Bragança,2022,Finlândia,96.0
Bragança,2022,França,8676.0
Bragança,2022,Grécia,25.0
Bragança,2022,Hungria,183.0
Bragança,2022,Irlanda,336.0
Bragança,2022,Israel,207.0
Bragança,2022,Itália,1828.0
Bragança,2022,Japão,68.0
Bragança,2022,Letónia,17.0
Bragança,2022,Lituânia,78.0
Bragança,2022,Luxemburgo,99.0
Bragança,2022,Malta,35.0
Bragança,2022,Marrocos,29.0
Bragança,2022,México,51.0
Bragança,2022,Noruega,153.0
Bragança,2022,Outros,6220.0
Bragança,2022,Países Baixos (Reino dos),1796.0
Bragança,2022,Polónia,716.0
Bragança,2022,Portugal,239642.0
Bragança,2022,Reino Unido da Grã-Bretanha e Irlanda do Norte,2477.0
Bragança,2022,Roménia,143.0
Bragança,2022,Suécia,157.0
Bragança,2022,Suíça,889.0
Bragança,2022,Sérvia,34.0
Bragança,2022,Total,302273.0
Bragança,2022,Turquia,59.0
Bragança,2022,Ucrânia,153.0
Bragança,2022,Áustria,152.0
Bragança,2022,Índia,200.0
Bragança,2023,Alemanha,2198.0
Bragança,2023,Angola,97.0
Bragança,2023,Argentina,538.0
Bragança,2023,Austrália,230.0
Bragança,2023,Brasil,3720.0
Bragança,2023,Bulgária,51.0
Bragança,2023,Bélgica,1488.0
Bragança,2023,Canadá,493.0
Bragança,2023,China,332.0
Bragança,2023,Chipre,4.0
Bragança,2023,Chéquia,301.0
Bragança,2023,Coreia (República da),48.0
Bragança,2023,Croácia,70.0
Bragança,2023,Dinamarca,377.0
Bragança,2023,Eslováquia,113.0
Bragança,2023,Eslovénia,72.0
Bragança,2023,Espanha,31081.0
Bragança,2023,Estados Unidos da América,1761.0
Bragança,2023,Estrangeiro,72880.0
Bragança,2023,Estónia,145.0
Bragança,2023,Federação da Rússia,276.0
Bragança,2023,Finlândia,95.0
Bragança,2023,França,9642.0
Bragança,2023,Grécia,43.0
Bragança,2023,Hungria,110.0
Bragança,2023,Irlanda,666.0
Bragança,2023,Israel,306.0
Bragança,2023,Itália,2243.0
Bragança,2023,Japão,123.0
Bragança,2023,Letónia,41.0
Bragança,2023,Lituânia,121.0
Bragança,2023,Luxemburgo,104.0
Bragança,2023,Malta,37.0
Bragança,2023,Marrocos,35.0
Bragança,2023,México,148.0
Bragança,2023,Noruega,266.0
Bragança,2023,Outros,7003.0
Bragança,2023,Países Baixos (Reino dos),2323.0
Bragança,2023,Polónia,311.0
Bragança,2023,Portugal,251647.0
Bragança,2023,Reino Unido da Grã-Bretanha e Irlanda do Norte,2651.0
Bragança,2023,Roménia,331.0
Bragança,2023,Suécia,465.0
Bragança,2023,Suíça,1117.0
Bragança,2023,Sérvia,20.0
Bragança,2023,Total,324527.0
Bragança,2023,Turquia,121.0
Bragança,2023,Ucrânia,428.0
Bragança,2023,Áustria,357.0
Bragança,2023,Índia,378.0
Bragança,2024,Alemanha,3175.0
Bragança,2024,Angola,268.0
Bragança,2024,Argentina,111.0
Bragança,2024,Austrália,399.0
Bragança,2024,Brasil,4030.0
Bragança,2024,Bulgária,36.0
Bragança,2024,Bélgica,1212.0
Bragança,2024,Canadá,514.0
Bragança,2024,China,532.0
Bragança,2024,Chipre,3.0
Bragança,2024,Chéquia,103.0
Bragança,2024,Coreia (República da),30.0
Bragança,2024,Croácia,59.0
Bragança,2024,Dinamarca,387.0
Bragança,2024,Eslováquia,29.0
Bragança,2024,Eslovénia,92.0
Bragança,2024,Espanha,36691.0
Bragança,2024,Estados Unidos da América,1613.0
Bragança,2024,Estrangeiro,80457.0
Bragança,2024,Estónia,12.0
Bragança,2024,Federação da Rússia,139.0
Bragança,2024,Finlândia,101.0
Bragança,2024,França,11145.0
Bragança,2024,Grécia,144.0
Bragança,2024,Hungria,106.0
Bragança,2024,Irlanda,811.0
Bragança,2024,Israel,283.0
Bragança,2024,Itália,1988.0
Bragança,2024,Japão,63.0
Bragança,2024,Letónia,72.0
Bragança,2024,Lituânia,106.0
Bragança,2024,Luxemburgo,107.0
Bragança,2024,Malta,23.0
Bragança,2024,Marrocos,22.0
Bragança,2024,México,70.0
Bragança,2024,Noruega,157.0
Bragança,2024,Outros,5216.0
Bragança,2024,Países Baixos (Reino dos),2888.0
Bragança,2024,Polónia,541.0
Bragança,2024,Portugal,254359.0
Bragança,2024,Reino Unido da Grã-Bretanha e Irlanda do Norte,3509.0
Bragança,2024,Roménia,260.0
Bragança,2024,Suécia,266.0
Bragança,2024,Suíça,1358.0
Bragança,2024,Sérvia,2.0
Bragança,2024,Total,334816.0
Bragança,2024,Turquia,269.0
Bragança,2024,Ucrânia,1019.0
Bragança,2024,Áustria,265.0
Bragança,2024,Índia,231.0
Bragança,2025,Alemanha,4411.0
Bragança,2025,Angola,307.0
Bragança,2025,Argentina,164.0
Bragança,2025,Austrália,762.0
Bragança,2025,Brasil,3848.0
Bragança,2025,Bulgária,83.0
Bragança,2025,Bélgica,1568.0
Bragança,2025,Canadá,649.0
Bragança,2025,China,479.0
Bragança,2025,Chipre,18.0
Bragança,2025,Chéquia,228.0
Bragança,2025,Coreia (República da),213.0
Bragança,2025,Croácia,47.0
Bragança,2025,Dinamarca,394.0
Bragança,2025,Eslováquia,56.0
Bragança,2025,Eslovénia,54.0
Bragança,2025,Espanha,35965.0
Bragança,2025,Estados Unidos da América,1998.0
Bragança,2025,Estrangeiro,79197.0
Bragança,2025,Estónia,14.0
Bragança,2025,Federação da Rússia,152.0
Bragança,2025,Finlândia,95.0
Bragança,2025,França,10246.0
Bragança,2025,Grécia,64.0
Bragança,2025,Hungria,64.0
Bragança,2025,Irlanda,945.0
Bragança,2025,Israel,197.0
Bragança,2025,Itália,2085.0
Bragança,2025,Japão,64.0
Bragança,2025,Letónia,37.0
Bragança,2025,Lituânia,109.0
Bragança,2025,Luxemburgo,158.0
Bragança,2025,Malta,22.0
Bragança,2025,Marrocos,117.0
Bragança,2025,México,50.0
Bragança,2025,Noruega,113.0
Bragança,2025,Outros,4721.0
Bragança,2025,Países Baixos (Reino dos),1947.0
Bragança,2025,Polónia,288.0
Bragança,2025,Portugal,254475.0
Bragança,2025,Reino Unido da Grã-Bretanha e Irlanda do Norte,4087.0
Bragança,2025,Roménia,240.0
Bragança,2025,Suécia,215.0
Bragança,2025,Suíça,1096.0
Bragança,2025,Sérvia,29.0
Bragança,2025,Total,333672.0
Bragança,2025,Turquia,281.0
Bragança,2025,Ucrânia,164.0
Bragança,2025,Áustria,260.0
Bragança,2025,Índia,93.0
Castelo Branco,2020,Alemanha,2121.0
Castelo Branco,2020,Angola,198.0
Castelo Branco,2020,Argentina,43.0
Castelo Branco,2020,Austrália,94.0
Castelo Branco,2020,Brasil,7970.0
Castelo Branco,2020,Bulgária,22.0
Castelo Branco,2020,Bélgica,1176.0
Castelo Branco,2020,Canadá,266.0
Castelo Branco,2020,China,284.0
Castelo Branco,2020,Chipre,2.0
Castelo Branco,2020,Chéquia,158.0
Castelo Branco,2020,Coreia (República da),27.0
Castelo Branco,2020,Croácia,71.0
Castelo Branco,2020,Dinamarca,122.0
Castelo Branco,2020,Eslováquia,70.0
Castelo Branco,2020,Eslovénia,60.0
Castelo Branco,2020,Espanha,15007.0
Castelo Branco,2020,Estados Unidos da América,946.0
Castelo Branco,2020,Estrangeiro,54356.0
Castelo Branco,2020,Estónia,23.0
Castelo Branco,2020,Federação da Rússia,191.0
Castelo Branco,2020,Finlândia,257.0
Castelo Branco,2020,França,5838.0
Castelo Branco,2020,Grécia,33.0
Castelo Branco,2020,Hungria,104.0
Castelo Branco,2020,Irlanda,341.0
Castelo Branco,2020,Israel,318.0
Castelo Branco,2020,Itália,1440.0
Castelo Branco,2020,Japão,97.0
Castelo Branco,2020,Letónia,21.0
Castelo Branco,2020,Lituânia,121.0
Castelo Branco,2020,Luxemburgo,424.0
Castelo Branco,2020,Malta,16.0
Castelo Branco,2020,Marrocos,41.0
Castelo Branco,2020,México,33.0
Castelo Branco,2020,Noruega,59.0
Castelo Branco,2020,Outros,3230.0
Castelo Branco,2020,Países Baixos (Reino dos),1737.0
Castelo Branco,2020,Polónia,309.0
Castelo Branco,2020,Portugal,386070.0
Castelo Branco,2020,Reino Unido da Grã-Bretanha e Irlanda do Norte,8894.0
Castelo Branco,2020,Roménia,603.0
Castelo Branco,2020,Suécia,276.0
Castelo Branco,2020,Suíça,893.0
Castelo Branco,2020,Sérvia,14.0
Castelo Branco,2020,Total,440426.0
Castelo Branco,2020,Turquia,103.0
Castelo Branco,2020,Ucrânia,161.0
Castelo Branco,2020,Áustria,36.0
Castelo Branco,2020,Índia,106.0
Castelo Branco,2021,Alemanha,2523.0
Castelo Branco,2021,Angola,164.0
Castelo Branco,2021,Argentina,95.0
Castelo Branco,2021,Austrália,146.0
Castelo Branco,2021,Brasil,5649.0
Castelo Branco,2021,Bulgária,2599.0
Castelo Branco,2021,Bélgica,1427.0
Castelo Branco,2021,Canadá,354.0
Castelo Branco,2021,China,115.0
Castelo Branco,2021,Chipre,21.0
Castelo Branco,2021,Chéquia,229.0
Castelo Branco,2021,Coreia (República da),170.0
Castelo Branco,2021,Croácia,42.0
Castelo Branco,2021,Dinamarca,517.0
Castelo Branco,2021,Eslováquia,81.0
Castelo Branco,2021,Eslovénia,141.0
Castelo Branco,2021,Espanha,20432.0
Castelo Branco,2021,Estados Unidos da América,1912.0
Castelo Branco,2021,Estrangeiro,74743.0
Castelo Branco,2021,Estónia,55.0
Castelo Branco,2021,Federação da Rússia,143.0
Castelo Branco,2021,Finlândia,189.0
Castelo Branco,2021,França,9473.0
Castelo Branco,2021,Grécia,114.0
Castelo Branco,2021,Hungria,108.0
Castelo Branco,2021,Irlanda,827.0
Castelo Branco,2021,Israel,847.0
Castelo Branco,2021,Itália,1351.0
Castelo Branco,2021,Japão,112.0
Castelo Branco,2021,Letónia,102.0
Castelo Branco,2021,Lituânia,142.0
Castelo Branco,2021,Luxemburgo,727.0
Castelo Branco,2021,Malta,14.0
Castelo Branco,2021,Marrocos,82.0
Castelo Branco,2021,México,71.0
Castelo Branco,2021,Noruega,137.0
Castelo Branco,2021,Outros,2660.0
Castelo Branco,2021,Países Baixos (Reino dos),3412.0
Castelo Branco,2021,Polónia,1299.0
Castelo Branco,2021,Portugal,465339.0
Castelo Branco,2021,Reino Unido da Grã-Bretanha e Irlanda do Norte,10439.0
Castelo Branco,2021,Roménia,2567.0
Castelo Branco,2021,Suécia,362.0
Castelo Branco,2021,Suíça,1872.0
Castelo Branco,2021,Sérvia,5.0
Castelo Branco,2021,Total,540082.0
Castelo Branco,2021,Turquia,279.0
Castelo Branco,2021,Ucrânia,252.0
Castelo Branco,2021,Áustria,194.0
Castelo Branco,2021,Índia,291.0
Castelo Branco,2022,Alemanha,5147.0
Castelo Branco,2022,Angola,505.0
Castelo Branco,2022,Argentina,231.0
Castelo Branco,2022,Austrália,515.0
Castelo Branco,2022,Brasil,12780.0
Castelo Branco,2022,Bulgária,10380.0
Castelo Branco,2022,Bélgica,3172.0
Castelo Branco,2022,Canadá,1579.0
Castelo Branco,2022,China,571.0
Castelo Branco,2022,Chipre,206.0
Castelo Branco,2022,Chéquia,546.0
Castelo Branco,2022,Coreia (República da),102.0
Castelo Branco,2022,Croácia,81.0
Castelo Branco,2022,Dinamarca,813.0
Castelo Branco,2022,Eslováquia,157.0
Castelo Branco,2022,Eslovénia,414.0
Castelo Branco,2022,Espanha,26652.0
Castelo Branco,2022,Estados Unidos da América,5917.0
Castelo Branco,2022,Estrangeiro,148826.0
Castelo Branco,2022,Estónia,87.0
Castelo Branco,2022,Federação da Rússia,366.0
Castelo Branco,2022,Finlândia,530.0
Castelo Branco,2022,França,16262.0
Castelo Branco,2022,Grécia,229.0
Castelo Branco,2022,Hungria,334.0
Castelo Branco,2022,Irlanda,1954.0
Castelo Branco,2022,Israel,6144.0
Castelo Branco,2022,Itália,2851.0
Castelo Branco,2022,Japão,165.0
Castelo Branco,2022,Letónia,124.0
Castelo Branco,2022,Lituânia,176.0
Castelo Branco,2022,Luxemburgo,692.0
Castelo Branco,2022,Malta,98.0
Castelo Branco,2022,Marrocos,229.0
Castelo Branco,2022,México,131.0
Castelo Branco,2022,Noruega,389.0
Castelo Branco,2022,Outros,4500.0
Castelo Branco,2022,Países Baixos (Reino dos),5805.0
Castelo Branco,2022,Polónia,1039.0
Castelo Branco,2022,Portugal,541593.0
Castelo Branco,2022,Reino Unido da Grã-Bretanha e Irlanda do Norte,22038.0
Castelo Branco,2022,Roménia,1624.0
Castelo Branco,2022,Suécia,540.0
Castelo Branco,2022,Suíça,2320.0
Castelo Branco,2022,Sérvia,7.0
Castelo Branco,2022,Total,690419.0
Castelo Branco,2022,Turquia,8674.0
Castelo Branco,2022,Ucrânia,572.0
Castelo Branco,2022,Áustria,392.0
Castelo Branco,2022,Índia,786.0
Castelo Branco,2023,Alemanha,5896.0
Castelo Branco,2023,Angola,786.0
Castelo Branco,2023,Argentina,286.0
Castelo Branco,2023,Austrália,797.0
Castelo Branco,2023,Brasil,16912.0
Castelo Branco,2023,Bulgária,185.0
Castelo Branco,2023,Bélgica,2921.0
Castelo Branco,2023,Canadá,2436.0
Castelo Branco,2023,China,983.0
Castelo Branco,2023,Chipre,98.0
Castelo Branco,2023,Chéquia,576.0
Castelo Branco,2023,Coreia (República da),436.0
Castelo Branco,2023,Croácia,49.0
Castelo Branco,2023,Dinamarca,863.0
Castelo Branco,2023,Eslováquia,172.0
Castelo Branco,2023,Eslovénia,378.0
Castelo Branco,2023,Espanha,35433.0
Castelo Branco,2023,Estados Unidos da América,7409.0
Castelo Branco,2023,Estrangeiro,158287.0
Castelo Branco,2023,Estónia,63.0
Castelo Branco,2023,Federação da Rússia,626.0
Castelo Branco,2023,Finlândia,681.0
Castelo Branco,2023,França,18467.0
Castelo Branco,2023,Grécia,157.0
Castelo Branco,2023,Hungria,384.0
Castelo Branco,2023,Irlanda,2935.0
Castelo Branco,2023,Israel,7632.0
Castelo Branco,2023,Itália,3783.0
Castelo Branco,2023,Japão,325.0
Castelo Branco,2023,Letónia,95.0
Castelo Branco,2023,Lituânia,270.0
Castelo Branco,2023,Luxemburgo,691.0
Castelo Branco,2023,Malta,24.0
Castelo Branco,2023,Marrocos,336.0
Castelo Branco,2023,México,187.0
Castelo Branco,2023,Noruega,382.0
Castelo Branco,2023,Outros,9184.0
Castelo Branco,2023,Países Baixos (Reino dos),5678.0
Castelo Branco,2023,Polónia,754.0
Castelo Branco,2023,Portugal,604778.0
Castelo Branco,2023,Reino Unido da Grã-Bretanha e Irlanda do Norte,21960.0
Castelo Branco,2023,Roménia,881.0
Castelo Branco,2023,Suécia,682.0
Castelo Branco,2023,Suíça,2980.0
Castelo Branco,2023,Sérvia,33.0
Castelo Branco,2023,Total,763065.0
Castelo Branco,2023,Turquia,412.0
Castelo Branco,2023,Ucrânia,939.0
Castelo Branco,2023,Áustria,457.0
Castelo Branco,2023,Índia,673.0
Castelo Branco,2024,Alemanha,6134.0
Castelo Branco,2024,Angola,939.0
Castelo Branco,2024,Argentina,326.0
Castelo Branco,2024,Austrália,692.0
Castelo Branco,2024,Brasil,17009.0
Castelo Branco,2024,Bulgária,175.0
Castelo Branco,2024,Bélgica,3116.0
Castelo Branco,2024,Canadá,3229.0
Castelo Branco,2024,China,1869.0
Castelo Branco,2024,Chipre,206.0
Castelo Branco,2024,Chéquia,476.0
Castelo Branco,2024,Coreia (República da),566.0
Castelo Branco,2024,Croácia,109.0
Castelo Branco,2024,Dinamarca,1234.0
Castelo Branco,2024,Eslováquia,86.0
Castelo Branco,2024,Eslovénia,553.0
Castelo Branco,2024,Espanha,33392.0
Castelo Branco,2024,Estados Unidos da América,7201.0
Castelo Branco,2024,Estrangeiro,151651.0
Castelo Branco,2024,Estónia,168.0
Castelo Branco,2024,Federação da Rússia,653.0
Castelo Branco,2024,Finlândia,633.0
Castelo Branco,2024,França,17148.0
Castelo Branco,2024,Grécia,194.0
Castelo Branco,2024,Hungria,510.0
Castelo Branco,2024,Irlanda,2393.0
Castelo Branco,2024,Israel,4180.0
Castelo Branco,2024,Itália,3724.0
Castelo Branco,2024,Japão,249.0
Castelo Branco,2024,Letónia,132.0
Castelo Branco,2024,Lituânia,161.0
Castelo Branco,2024,Luxemburgo,726.0
Castelo Branco,2024,Malta,127.0
Castelo Branco,2024,Marrocos,348.0
Castelo Branco,2024,México,211.0
Castelo Branco,2024,Noruega,281.0
Castelo Branco,2024,Outros,7072.0
Castelo Branco,2024,Países Baixos (Reino dos),6142.0
Castelo Branco,2024,Polónia,1392.0
Castelo Branco,2024,Portugal,668375.0
Castelo Branco,2024,Reino Unido da Grã-Bretanha e Irlanda do Norte,21011.0
Castelo Branco,2024,Roménia,901.0
Castelo Branco,2024,Suécia,554.0
Castelo Branco,2024,Suíça,3280.0
Castelo Branco,2024,Sérvia,75.0
Castelo Branco,2024,Total,820026.0
Castelo Branco,2024,Turquia,384.0
Castelo Branco,2024,Ucrânia,751.0
Castelo Branco,2024,Áustria,486.0
Castelo Branco,2024,Índia,453.0
Castelo Branco,2025,Alemanha,5636.0
Castelo Branco,2025,Angola,850.0
Castelo Branco,2025,Argentina,316.0
Castelo Branco,2025,Austrália,873.0
Castelo Branco,2025,Brasil,14416.0
Castelo Branco,2025,Bulgária,195.0
Castelo Branco,2025,Bélgica,2312.0
Castelo Branco,2025,Canadá,2374.0
Castelo Branco,2025,China,1808.0
Castelo Branco,2025,Chipre,40.0
Castelo Branco,2025,Chéquia,476.0
Castelo Branco,2025,Coreia (República da),397.0
Castelo Branco,2025,Croácia,186.0
Castelo Branco,2025,Dinamarca,1032.0
Castelo Branco,2025,Eslováquia,111.0
Castelo Branco,2025,Eslovénia,579.0
Castelo Branco,2025,Espanha,30144.0
Castelo Branco,2025,Estados Unidos da América,6374.0
Castelo Branco,2025,Estrangeiro,143347.0
Castelo Branco,2025,Estónia,179.0
Castelo Branco,2025,Federação da Rússia,908.0
Castelo Branco,2025,Finlândia,708.0
Castelo Branco,2025,França,15728.0
Castelo Branco,2025,Grécia,211.0
Castelo Branco,2025,Hungria,366.0
Castelo Branco,2025,Irlanda,2108.0
Castelo Branco,2025,Israel,5399.0
Castelo Branco,2025,Itália,4415.0
Castelo Branco,2025,Japão,396.0
Castelo Branco,2025,Letónia,180.0
Castelo Branco,2025,Lituânia,227.0
Castelo Branco,2025,Luxemburgo,469.0
Castelo Branco,2025,Malta,123.0
Castelo Branco,2025,Marrocos,199.0
Castelo Branco,2025,México,269.0
Castelo Branco,2025,Noruega,375.0
Castelo Branco,2025,Outros,7281.0
Castelo Branco,2025,Países Baixos (Reino dos),5867.0
Castelo Branco,2025,Polónia,1261.0
Castelo Branco,2025,Portugal,702430.0
Castelo Branco,2025,Reino Unido da Grã-Bretanha e Irlanda do Norte,18098.0
Castelo Branco,2025,Roménia,4128.0
Castelo Branco,2025,Suécia,918.0
Castelo Branco,2025,Suíça,3065.0
Castelo Branco,2025,Sérvia,41.0
Castelo Branco,2025,Total,845777.0
Castelo Branco,2025,Turquia,273.0
Castelo Branco,2025,Ucrânia,648.0
Castelo Branco,2025,Áustria,965.0
Castelo Branco,2025,Índia,423.0
Coimbra,2020,Alemanha,10769.0
Coimbra,2020,Angola,769.0
Coimbra,2020,Argentina,521.0
Coimbra,2020,Austrália,465.0
Coimbra,2020,Brasil,23770.0
Coimbra,2020,Bulgária,91.0
Coimbra,2020,Bélgica,3891.0
Coimbra,2020,Canadá,1550.0
Coimbra,2020,China,1540.0
Coimbra,2020,Chipre,28.0
Coimbra,2020,Chéquia,598.0
Coimbra,2020,Coreia (República da),752.0
Coimbra,2020,Croácia,76.0
Coimbra,2020,Dinamarca,769.0
Coimbra,2020,Eslováquia,89.0
Coimbra,2020,Eslovénia,121.0
Coimbra,2020,Espanha,46117.0
Coimbra,2020,Estados Unidos da América,3785.0
Coimbra,2020,Estrangeiro,158378.0
Coimbra,2020,Estónia,91.0
Coimbra,2020,Federação da Rússia,1509.0
Coimbra,2020,Finlândia,1375.0
Coimbra,2020,França,15831.0
Coimbra,2020,Grécia,241.0
Coimbra,2020,Hungria,176.0
Coimbra,2020,Irlanda,699.0
Coimbra,2020,Israel,436.0
Coimbra,2020,Itália,7284.0
Coimbra,2020,Japão,3203.0
Coimbra,2020,Letónia,157.0
Coimbra,2020,Lituânia,157.0
Coimbra,2020,Luxemburgo,1310.0
Coimbra,2020,Malta,43.0
Coimbra,2020,Marrocos,116.0
Coimbra,2020,México,251.0
Coimbra,2020,Noruega,233.0
Coimbra,2020,Outros,5488.0
Coimbra,2020,Países Baixos (Reino dos),7637.0
Coimbra,2020,Polónia,2359.0
Coimbra,2020,Portugal,461099.0
Coimbra,2020,Reino Unido da Grã-Bretanha e Irlanda do Norte,5907.0
Coimbra,2020,Roménia,2016.0
Coimbra,2020,Suécia,737.0
Coimbra,2020,Suíça,2625.0
Coimbra,2020,Sérvia,85.0
Coimbra,2020,Total,619477.0
Coimbra,2020,Turquia,1180.0
Coimbra,2020,Ucrânia,613.0
Coimbra,2020,Áustria,632.0
Coimbra,2020,Índia,286.0
Coimbra,2021,Alemanha,14696.0
Coimbra,2021,Angola,1316.0
Coimbra,2021,Argentina,396.0
Coimbra,2021,Austrália,403.0
Coimbra,2021,Brasil,17079.0
Coimbra,2021,Bulgária,382.0
Coimbra,2021,Bélgica,8221.0
Coimbra,2021,Canadá,1745.0
Coimbra,2021,China,506.0
Coimbra,2021,Chipre,74.0
Coimbra,2021,Chéquia,1390.0
Coimbra,2021,Coreia (República da),169.0
Coimbra,2021,Croácia,397.0
Coimbra,2021,Dinamarca,1687.0
Coimbra,2021,Eslováquia,523.0
Coimbra,2021,Eslovénia,470.0
Coimbra,2021,Espanha,68799.0
Coimbra,2021,Estados Unidos da América,10206.0
Coimbra,2021,Estrangeiro,227986.0
Coimbra,2021,Estónia,476.0
Coimbra,2021,Federação da Rússia,1652.0
Coimbra,2021,Finlândia,1944.0
Coimbra,2021,França,25056.0
Coimbra,2021,Grécia,804.0
Coimbra,2021,Hungria,719.0
Coimbra,2021,Irlanda,1499.0
Coimbra,2021,Israel,2870.0
Coimbra,2021,Itália,12996.0
Coimbra,2021,Japão,933.0
Coimbra,2021,Letónia,645.0
Coimbra,2021,Lituânia,571.0
Coimbra,2021,Luxemburgo,2010.0
Coimbra,2021,Malta,164.0
Coimbra,2021,Marrocos,193.0
Coimbra,2021,México,534.0
Coimbra,2021,Noruega,374.0
Coimbra,2021,Outros,5690.0
Coimbra,2021,Países Baixos (Reino dos),15390.0
Coimbra,2021,Polónia,3131.0
Coimbra,2021,Portugal,600938.0
Coimbra,2021,Reino Unido da Grã-Bretanha e Irlanda do Norte,8162.0
Coimbra,2021,Roménia,2927.0
Coimbra,2021,Suécia,1368.0
Coimbra,2021,Suíça,5528.0
Coimbra,2021,Sérvia,171.0
Coimbra,2021,Total,828924.0
Coimbra,2021,Turquia,1048.0
Coimbra,2021,Ucrânia,652.0
Coimbra,2021,Áustria,1373.0
Coimbra,2021,Índia,647.0
Coimbra,2022,Alemanha,39793.0
Coimbra,2022,Angola,2994.0
Coimbra,2022,Argentina,2770.0
Coimbra,2022,Austrália,3759.0
Coimbra,2022,Brasil,58760.0
Coimbra,2022,Bulgária,1131.0
Coimbra,2022,Bélgica,16616.0
Coimbra,2022,Canadá,12913.0
Coimbra,2022,China,2435.0
Coimbra,2022,Chipre,340.0
Coimbra,2022,Chéquia,2039.0
Coimbra,2022,Coreia (República da),937.0
Coimbra,2022,Croácia,1113.0
Coimbra,2022,Dinamarca,3623.0
Coimbra,2022,Eslováquia,731.0
Coimbra,2022,Eslovénia,1368.0
Coimbra,2022,Espanha,129149.0
Coimbra,2022,Estados Unidos da América,47519.0
Coimbra,2022,Estrangeiro,565181.0
Coimbra,2022,Estónia,883.0
Coimbra,2022,Federação da Rússia,2190.0
Coimbra,2022,Finlândia,2990.0
Coimbra,2022,França,55688.0
Coimbra,2022,Grécia,3072.0
Coimbra,2022,Hungria,1816.0
Coimbra,2022,Irlanda,4045.0
Coimbra,2022,Israel,12791.0
Coimbra,2022,Itália,36392.0
Coimbra,2022,Japão,1296.0
Coimbra,2022,Letónia,879.0
Coimbra,2022,Lituânia,996.0
Coimbra,2022,Luxemburgo,3232.0
Coimbra,2022,Malta,499.0
Coimbra,2022,Marrocos,672.0
Coimbra,2022,México,2502.0
Coimbra,2022,Noruega,1600.0
Coimbra,2022,Outros,17415.0
Coimbra,2022,Países Baixos (Reino dos),31207.0
Coimbra,2022,Polónia,7562.0
Coimbra,2022,Portugal,784684.0
Coimbra,2022,Reino Unido da Grã-Bretanha e Irlanda do Norte,21997.0
Coimbra,2022,Roménia,5191.0
Coimbra,2022,Suécia,3097.0
Coimbra,2022,Suíça,9309.0
Coimbra,2022,Sérvia,448.0
Coimbra,2022,Total,1349865.0
Coimbra,2022,Turquia,1407.0
Coimbra,2022,Ucrânia,2469.0
Coimbra,2022,Áustria,4217.0
Coimbra,2022,Índia,1329.0
Coimbra,2023,Alemanha,40557.0
Coimbra,2023,Angola,3096.0
Coimbra,2023,Argentina,3529.0
Coimbra,2023,Austrália,8451.0
Coimbra,2023,Brasil,65498.0
Coimbra,2023,Bulgária,1108.0
Coimbra,2023,Bélgica,11325.0
Coimbra,2023,Canadá,17734.0
Coimbra,2023,China,4739.0
Coimbra,2023,Chipre,409.0
Coimbra,2023,Chéquia,2180.0
Coimbra,2023,Coreia (República da),1423.0
Coimbra,2023,Croácia,1349.0
Coimbra,2023,Dinamarca,3450.0
Coimbra,2023,Eslováquia,1022.0
Coimbra,2023,Eslovénia,1065.0
Coimbra,2023,Espanha,136169.0
Coimbra,2023,Estados Unidos da América,58731.0
Coimbra,2023,Estrangeiro,632265.0
Coimbra,2023,Estónia,807.0
Coimbra,2023,Federação da Rússia,2790.0
Coimbra,2023,Finlândia,2491.0
Coimbra,2023,França,60984.0
Coimbra,2023,Grécia,3885.0
Coimbra,2023,Hungria,2446.0
Coimbra,2023,Irlanda,4969.0
Coimbra,2023,Israel,14583.0
Coimbra,2023,Itália,42927.0
Coimbra,2023,Japão,3637.0
Coimbra,2023,Letónia,966.0
Coimbra,2023,Lituânia,973.0
Coimbra,2023,Luxemburgo,3555.0
Coimbra,2023,Malta,341.0
Coimbra,2023,Marrocos,520.0
Coimbra,2023,México,2673.0
Coimbra,2023,Noruega,1472.0
Coimbra,2023,Outros,25662.0
Coimbra,2023,Países Baixos (Reino dos),29101.0
Coimbra,2023,Polónia,8513.0
Coimbra,2023,Portugal,807624.0
Coimbra,2023,Reino Unido da Grã-Bretanha e Irlanda do Norte,24723.0
Coimbra,2023,Roménia,8725.0
Coimbra,2023,Suécia,2650.0
Coimbra,2023,Suíça,9952.0
Coimbra,2023,Sérvia,637.0
Coimbra,2023,Total,1439889.0
Coimbra,2023,Turquia,1754.0
Coimbra,2023,Ucrânia,2456.0
Coimbra,2023,Áustria,4549.0
Coimbra,2023,Índia,1689.0
Coimbra,2024,Alemanha,46377.0
Coimbra,2024,Angola,2995.0
Coimbra,2024,Argentina,3514.0
Coimbra,2024,Austrália,8817.0
Coimbra,2024,Brasil,65808.0
Coimbra,2024,Bulgária,2161.0
Coimbra,2024,Bélgica,13863.0
Coimbra,2024,Canadá,19943.0
Coimbra,2024,China,6832.0
Coimbra,2024,Chipre,359.0
Coimbra,2024,Chéquia,2612.0
Coimbra,2024,Coreia (República da),2466.0
Coimbra,2024,Croácia,1455.0
Coimbra,2024,Dinamarca,3649.0
Coimbra,2024,Eslováquia,779.0
Coimbra,2024,Eslovénia,1612.0
Coimbra,2024,Espanha,129110.0
Coimbra,2024,Estados Unidos da América,58328.0
Coimbra,2024,Estrangeiro,662938.0
Coimbra,2024,Estónia,882.0
Coimbra,2024,Federação da Rússia,2510.0
Coimbra,2024,Finlândia,2680.0
Coimbra,2024,França,68299.0
Coimbra,2024,Grécia,4783.0
Coimbra,2024,Hungria,2025.0
Coimbra,2024,Irlanda,5302.0
Coimbra,2024,Israel,7365.0
Coimbra,2024,Itália,45504.0
Coimbra,2024,Japão,5171.0
Coimbra,2024,Letónia,654.0
Coimbra,2024,Lituânia,1331.0
Coimbra,2024,Luxemburgo,2979.0
Coimbra,2024,Malta,272.0
Coimbra,2024,Marrocos,701.0
Coimbra,2024,México,3185.0
Coimbra,2024,Noruega,1822.0
Coimbra,2024,Outros,28992.0
Coimbra,2024,Países Baixos (Reino dos),33255.0
Coimbra,2024,Polónia,8209.0
Coimbra,2024,Portugal,817262.0
Coimbra,2024,Reino Unido da Grã-Bretanha e Irlanda do Norte,30159.0
Coimbra,2024,Roménia,10242.0
Coimbra,2024,Suécia,2868.0
Coimbra,2024,Suíça,11642.0
Coimbra,2024,Sérvia,445.0
Coimbra,2024,Total,1480200.0
Coimbra,2024,Turquia,1978.0
Coimbra,2024,Ucrânia,2743.0
Coimbra,2024,Áustria,4492.0
Coimbra,2024,Índia,1768.0
Coimbra,2025,Alemanha,46286.0
Coimbra,2025,Angola,3178.0
Coimbra,2025,Argentina,3557.0
Coimbra,2025,Austrália,9247.0
Coimbra,2025,Brasil,57739.0
Coimbra,2025,Bulgária,1781.0
Coimbra,2025,Bélgica,13322.0
Coimbra,2025,Canadá,19565.0
Coimbra,2025,China,7841.0
Coimbra,2025,Chipre,594.0
Coimbra,2025,Chéquia,3402.0
Coimbra,2025,Coreia (República da),4104.0
Coimbra,2025,Croácia,1613.0
Coimbra,2025,Dinamarca,3528.0
Coimbra,2025,Eslováquia,1360.0
Coimbra,2025,Eslovénia,1957.0
Coimbra,2025,Espanha,120799.0
Coimbra,2025,Estados Unidos da América,57852.0
Coimbra,2025,Estrangeiro,650225.0
Coimbra,2025,Estónia,792.0
Coimbra,2025,Federação da Rússia,2541.0
Coimbra,2025,Finlândia,3314.0
Coimbra,2025,França,69581.0
Coimbra,2025,Grécia,4119.0
Coimbra,2025,Hungria,1876.0
Coimbra,2025,Irlanda,5116.0
Coimbra,2025,Israel,7019.0
Coimbra,2025,Itália,41945.0
Coimbra,2025,Japão,6354.0
Coimbra,2025,Letónia,990.0
Coimbra,2025,Lituânia,1598.0
Coimbra,2025,Luxemburgo,3512.0
Coimbra,2025,Malta,267.0
Coimbra,2025,Marrocos,533.0
Coimbra,2025,México,2778.0
Coimbra,2025,Noruega,1736.0
Coimbra,2025,Outros,30022.0
Coimbra,2025,Países Baixos (Reino dos),31411.0
Coimbra,2025,Polónia,9612.0
Coimbra,2025,Portugal,846266.0
Coimbra,2025,Reino Unido da Grã-Bretanha e Irlanda do Norte,27035.0
Coimbra,2025,Roménia,11554.0
Coimbra,2025,Suécia,4361.0
Coimbra,2025,Suíça,11487.0
Coimbra,2025,Sérvia,508.0
Coimbra,2025,Total,1496491.0
Coimbra,2025,Turquia,2520.0
Coimbra,2025,Ucrânia,2982.0
Coimbra,2025,Áustria,4971.0
Coimbra,2025,Índia,1966.0
Faro,2020,Alemanha,679081.0
Faro,2020,Angola,2018.0
Faro,2020,Argentina,2901.0
Faro,2020,Austrália,5416.0
Faro,2020,Brasil,51411.0
Faro,2020,Bulgária,3013.0
Faro,2020,Bélgica,125835.0
Faro,2020,Canadá,111202.0
Faro,2020,China,5698.0
Faro,2020,Chipre,315.0
Faro,2020,Chéquia,9234.0
Faro,2020,Coreia (República da),2890.0
Faro,2020,Croácia,1473.0
Faro,2020,Dinamarca,17347.0
Faro,2020,Eslováquia,2247.0
Faro,2020,Eslovénia,1306.0
Faro,2020,Espanha,468418.0
Faro,2020,Estados Unidos da América,36545.0
Faro,2020,Estrangeiro,4086137.0
Faro,2020,Estónia,2281.0
Faro,2020,Federação da Rússia,11579.0
Faro,2020,Finlândia,17614.0
Faro,2020,França,415496.0
Faro,2020,Grécia,1715.0
Faro,2020,Hungria,6409.0
Faro,2020,Irlanda,113132.0
Faro,2020,Israel,1646.0
Faro,2020,Itália,97112.0
Faro,2020,Japão,2801.0
Faro,2020,Letónia,2102.0
Faro,2020,Lituânia,3706.0
Faro,2020,Luxemburgo,26261.0
Faro,2020,Malta,348.0
Faro,2020,Marrocos,3044.0
Faro,2020,México,1093.0
Faro,2020,Noruega,12099.0
Faro,2020,Outros,43613.0
Faro,2020,Países Baixos (Reino dos),532798.0
Faro,2020,Polónia,39879.0
Faro,2020,Portugal,3828628.0
Faro,2020,Reino Unido da Grã-Bretanha e Irlanda do Norte,1018720.0
Faro,2020,Roménia,13762.0
Faro,2020,Suécia,77931.0
Faro,2020,Suíça,83020.0
Faro,2020,Sérvia,478.0
Faro,2020,Total,7914765.0
Faro,2020,Turquia,1373.0
Faro,2020,Ucrânia,7079.0
Faro,2020,Áustria,18283.0
Faro,2020,Índia,4413.0
Faro,2021,Alemanha,703892.0
Faro,2021,Angola,3325.0
Faro,2021,Argentina,3128.0
Faro,2021,Austrália,6655.0
Faro,2021,Brasil,60646.0
Faro,2021,Bulgária,3348.0
Faro,2021,Bélgica,208224.0
Faro,2021,Canadá,21993.0
Faro,2021,China,4575.0
Faro,2021,Chipre,455.0
Faro,2021,Chéquia,15435.0
Faro,2021,Coreia (República da),1248.0
Faro,2021,Croácia,1997.0
Faro,2021,Dinamarca,48587.0
Faro,2021,Eslováquia,4935.0
Faro,2021,Eslovénia,2383.0
Faro,2021,Espanha,589407.0
Faro,2021,Estados Unidos da América,94414.0
Faro,2021,Estrangeiro,5670868.0
Faro,2021,Estónia,5990.0
Faro,2021,Federação da Rússia,10341.0
Faro,2021,Finlândia,17382.0
Faro,2021,França,635329.0
Faro,2021,Grécia,2650.0
Faro,2021,Hungria,10339.0
Faro,2021,Irlanda,397978.0
Faro,2021,Israel,6561.0
Faro,2021,Itália,123561.0
Faro,2021,Japão,3478.0
Faro,2021,Letónia,8516.0
Faro,2021,Lituânia,10398.0
Faro,2021,Luxemburgo,38898.0
Faro,2021,Malta,1213.0
Faro,2021,Marrocos,2520.0
Faro,2021,México,2671.0
Faro,2021,Noruega,18477.0
Faro,2021,Outros,60736.0
Faro,2021,Países Baixos (Reino dos),524131.0
Faro,2021,Polónia,98529.0
Faro,2021,Portugal,5252750.0
Faro,2021,Reino Unido da Grã-Bretanha e Irlanda do Norte,1562957.0
Faro,2021,Roménia,20249.0
Faro,2021,Suécia,104113.0
Faro,2021,Suíça,163721.0
Faro,2021,Sérvia,1047.0
Faro,2021,Total,10923618.0
Faro,2021,Turquia,2747.0
Faro,2021,Ucrânia,10420.0
Faro,2021,Áustria,43882.0
Faro,2021,Índia,7387.0
Faro,2022,Alemanha,1583344.0
Faro,2022,Angola,5409.0
Faro,2022,Argentina,18211.0
Faro,2022,Austrália,37708.0
Faro,2022,Brasil,174989.0
Faro,2022,Bulgária,8217.0
Faro,2022,Bélgica,320510.0
Faro,2022,Canadá,203603.0
Faro,2022,China,15860.0
Faro,2022,Chipre,1238.0
Faro,2022,Chéquia,35225.0
Faro,2022,Coreia (República da),5061.0
Faro,2022,Croácia,3747.0
Faro,2022,Dinamarca,97884.0
Faro,2022,Eslováquia,10701.0
Faro,2022,Eslovénia,6315.0
Faro,2022,Espanha,937108.0
Faro,2022,Estados Unidos da América,397417.0
Faro,2022,Estrangeiro,14217364.0
Faro,2022,Estónia,12315.0
Faro,2022,Federação da Rússia,18653.0
Faro,2022,Finlândia,39364.0
Faro,2022,França,1059264.0
Faro,2022,Grécia,5941.0
Faro,2022,Hungria,15832.0
Faro,2022,Irlanda,1432371.0
Faro,2022,Israel,16777.0
Faro,2022,Itália,245085.0
Faro,2022,Japão,6099.0
Faro,2022,Letónia,14600.0
Faro,2022,Lituânia,26514.0
Faro,2022,Luxemburgo,45920.0
Faro,2022,Malta,1545.0
Faro,2022,Marrocos,13755.0
Faro,2022,México,6727.0
Faro,2022,Noruega,84535.0
Faro,2022,Outros,165205.0
Faro,2022,Países Baixos (Reino dos),1067288.0
Faro,2022,Polónia,171515.0
Faro,2022,Portugal,5035268.0
Faro,2022,Reino Unido da Grã-Bretanha e Irlanda do Norte,5262696.0
Faro,2022,Roménia,36851.0
Faro,2022,Suécia,209170.0
Faro,2022,Suíça,257733.0
Faro,2022,Sérvia,1915.0
Faro,2022,Total,19252632.0
Faro,2022,Turquia,5159.0
Faro,2022,Ucrânia,25492.0
Faro,2022,Áustria,88701.0
Faro,2022,Índia,17795.0
Faro,2023,Alemanha,1814690.0
Faro,2023,Angola,8295.0
Faro,2023,Argentina,22154.0
Faro,2023,Austrália,70551.0
Faro,2023,Brasil,188980.0
Faro,2023,Bulgária,10440.0
Faro,2023,Bélgica,339737.0
Faro,2023,Canadá,364717.0
Faro,2023,China,28909.0
Faro,2023,Chipre,1560.0
Faro,2023,Chéquia,39638.0
Faro,2023,Coreia (República da),10766.0
Faro,2023,Croácia,5532.0
Faro,2023,Dinamarca,121077.0
Faro,2023,Eslováquia,12325.0
Faro,2023,Eslovénia,6769.0
Faro,2023,Espanha,912863.0
Faro,2023,Estados Unidos da América,495097.0
Faro,2023,Estrangeiro,15794748.0
Faro,2023,Estónia,13102.0
Faro,2023,Federação da Rússia,22607.0
Faro,2023,Finlândia,48461.0
Faro,2023,França,1089432.0
Faro,2023,Grécia,6970.0
Faro,2023,Hungria,20086.0
Faro,2023,Irlanda,1618786.0
Faro,2023,Israel,19003.0
Faro,2023,Itália,267163.0
Faro,2023,Japão,7301.0
Faro,2023,Letónia,18005.0
Faro,2023,Lituânia,33030.0
Faro,2023,Luxemburgo,46201.0
Faro,2023,Malta,2392.0
Faro,2023,Marrocos,21344.0
Faro,2023,México,7689.0
Faro,2023,Noruega,87418.0
Faro,2023,Outros,204834.0
Faro,2023,Países Baixos (Reino dos),1107419.0
Faro,2023,Polónia,190045.0
Faro,2023,Portugal,4677494.0
Faro,2023,Reino Unido da Grã-Bretanha e Irlanda do Norte,5807778.0
Faro,2023,Roménia,43323.0
Faro,2023,Suécia,216306.0
Faro,2023,Suíça,271752.0
Faro,2023,Sérvia,2696.0
Faro,2023,Total,20472242.0
Faro,2023,Turquia,6652.0
Faro,2023,Ucrânia,30491.0
Faro,2023,Áustria,102058.0
Faro,2023,Índia,28304.0
Faro,2024,Alemanha,1867201.0
Faro,2024,Angola,7930.0
Faro,2024,Argentina,21494.0
Faro,2024,Austrália,67614.0
Faro,2024,Brasil,190842.0
Faro,2024,Bulgária,9613.0
Faro,2024,Bélgica,354598.0
Faro,2024,Canadá,424771.0
Faro,2024,China,39794.0
Faro,2024,Chipre,1323.0
Faro,2024,Chéquia,43121.0
Faro,2024,Coreia (República da),11375.0
Faro,2024,Croácia,5401.0
Faro,2024,Dinamarca,146099.0
Faro,2024,Eslováquia,15607.0
Faro,2024,Eslovénia,7744.0
Faro,2024,Espanha,856476.0
Faro,2024,Estados Unidos da América,563159.0
Faro,2024,Estrangeiro,16177659.0
Faro,2024,Estónia,13204.0
Faro,2024,Federação da Rússia,22215.0
Faro,2024,Finlândia,50767.0
Faro,2024,França,1010004.0
Faro,2024,Grécia,6457.0
Faro,2024,Hungria,28167.0
Faro,2024,Irlanda,1725646.0
Faro,2024,Israel,18402.0
Faro,2024,Itália,259860.0
Faro,2024,Japão,7826.0
Faro,2024,Letónia,18499.0
Faro,2024,Lituânia,30607.0
Faro,2024,Luxemburgo,50577.0
Faro,2024,Malta,2055.0
Faro,2024,Marrocos,24740.0
Faro,2024,México,8625.0
Faro,2024,Noruega,95452.0
Faro,2024,Outros,206474.0
Faro,2024,Países Baixos (Reino dos),1153642.0
Faro,2024,Polónia,209617.0
Faro,2024,Portugal,4702755.0
Faro,2024,Reino Unido da Grã-Bretanha e Irlanda do Norte,5885419.0
Faro,2024,Roménia,58466.0
Faro,2024,Suécia,211128.0
Faro,2024,Suíça,264346.0
Faro,2024,Sérvia,2703.0
Faro,2024,Total,20880414.0
Faro,2024,Turquia,6779.0
Faro,2024,Ucrânia,36452.0
Faro,2024,Áustria,106133.0
Faro,2024,Índia,29235.0
Faro,2025,Alemanha,1897442.0
Faro,2025,Angola,8706.0
Faro,2025,Argentina,23360.0
Faro,2025,Austrália,70439.0
Faro,2025,Brasil,180861.0
Faro,2025,Bulgária,9206.0
Faro,2025,Bélgica,351173.0
Faro,2025,Canadá,444312.0
Faro,2025,China,46215.0
Faro,2025,Chipre,1571.0
Faro,2025,Chéquia,56332.0
Faro,2025,Coreia (República da),19255.0
Faro,2025,Croácia,6477.0
Faro,2025,Dinamarca,130723.0
Faro,2025,Eslováquia,16482.0
Faro,2025,Eslovénia,9070.0
Faro,2025,Espanha,834843.0
Faro,2025,Estados Unidos da América,633983.0
Faro,2025,Estrangeiro,16115003.0
Faro,2025,Estónia,11772.0
Faro,2025,Federação da Rússia,21908.0
Faro,2025,Finlândia,102262.0
Faro,2025,França,955591.0
Faro,2025,Grécia,7008.0
Faro,2025,Hungria,29140.0
Faro,2025,Irlanda,1678621.0
Faro,2025,Israel,20067.0
Faro,2025,Itália,256325.0
Faro,2025,Japão,8034.0
Faro,2025,Letónia,23499.0
Faro,2025,Lituânia,30737.0
Faro,2025,Luxemburgo,46188.0
Faro,2025,Malta,2112.0
Faro,2025,Marrocos,23066.0
Faro,2025,México,8031.0
Faro,2025,Noruega,102048.0
Faro,2025,Outros,245077.0
Faro,2025,Países Baixos (Reino dos),1084102.0
Faro,2025,Polónia,231171.0
Faro,2025,Portugal,4819652.0
Faro,2025,Reino Unido da Grã-Bretanha e Irlanda do Norte,5736428.0
Faro,2025,Roménia,57685.0
Faro,2025,Suécia,210625.0
Faro,2025,Suíça,276144.0
Faro,2025,Sérvia,3651.0
Faro,2025,Total,20934655.0
Faro,2025,Turquia,8268.0
Faro,2025,Ucrânia,42275.0
Faro,2025,Áustria,117302.0
Faro,2025,Índia,35416.0
Guarda,2020,Alemanha,1989.0
Guarda,2020,Angola,48.0
Guarda,2020,Argentina,16.0
Guarda,2020,Austrália,23.0
Guarda,2020,Brasil,3675.0
Guarda,2020,Bulgária,1.0
Guarda,2020,Bélgica,1007.0
Guarda,2020,Canadá,60.0
Guarda,2020,China,86.0
Guarda,2020,Chipre,
Guarda,2020,Chéquia,35.0
Guarda,2020,Coreia (República da),12.0
Guarda,2020,Croácia,11.0
Guarda,2020,Dinamarca,40.0
Guarda,2020,Eslováquia,
Guarda,2020,Eslovénia,5.0
Guarda,2020,Espanha,6423.0
Guarda,2020,Estados Unidos da América,365.0
Guarda,2020,Estrangeiro,23584.0
Guarda,2020,Estónia,6.0
Guarda,2020,Federação da Rússia,71.0
Guarda,2020,Finlândia,17.0
Guarda,2020,França,4253.0
Guarda,2020,Grécia,4.0
Guarda,2020,Hungria,23.0
Guarda,2020,Irlanda,69.0
Guarda,2020,Israel,58.0
Guarda,2020,Itália,451.0
Guarda,2020,Japão,14.0
Guarda,2020,Letónia,5.0
Guarda,2020,Lituânia,8.0
Guarda,2020,Luxemburgo,201.0
Guarda,2020,Malta,14.0
Guarda,2020,Marrocos,18.0
Guarda,2020,México,20.0
Guarda,2020,Noruega,33.0
Guarda,2020,Outros,1254.0
Guarda,2020,Países Baixos (Reino dos),996.0
Guarda,2020,Polónia,87.0
Guarda,2020,Portugal,233643.0
Guarda,2020,Reino Unido da Grã-Bretanha e Irlanda do Norte,988.0
Guarda,2020,Roménia,79.0
Guarda,2020,Suécia,342.0
Guarda,2020,Suíça,472.0
Guarda,2020,Sérvia,2.0
Guarda,2020,Total,257227.0
Guarda,2020,Turquia,24.0
Guarda,2020,Ucrânia,82.0
Guarda,2020,Áustria,91.0
Guarda,2020,Índia,106.0
Guarda,2021,Alemanha,2193.0
Guarda,2021,Angola,33.0
Guarda,2021,Argentina,18.0
Guarda,2021,Austrália,54.0
Guarda,2021,Brasil,2424.0
Guarda,2021,Bulgária,92.0
Guarda,2021,Bélgica,1217.0
Guarda,2021,Canadá,194.0
Guarda,2021,China,45.0
Guarda,2021,Chipre,
Guarda,2021,Chéquia,139.0
Guarda,2021,Coreia (República da),10.0
Guarda,2021,Croácia,3.0
Guarda,2021,Dinamarca,207.0
Guarda,2021,Eslováquia,15.0
Guarda,2021,Eslovénia,103.0
Guarda,2021,Espanha,8333.0
Guarda,2021,Estados Unidos da América,1317.0
Guarda,2021,Estrangeiro,31161.0
Guarda,2021,Estónia,46.0
Guarda,2021,Federação da Rússia,97.0
Guarda,2021,Finlândia,58.0
Guarda,2021,França,5855.0
Guarda,2021,Grécia,8.0
Guarda,2021,Hungria,13.0
Guarda,2021,Irlanda,217.0
Guarda,2021,Israel,231.0
Guarda,2021,Itália,591.0
Guarda,2021,Japão,41.0
Guarda,2021,Letónia,102.0
Guarda,2021,Lituânia,40.0
Guarda,2021,Luxemburgo,298.0
Guarda,2021,Malta,13.0
Guarda,2021,Marrocos,16.0
Guarda,2021,México,8.0
Guarda,2021,Noruega,130.0
Guarda,2021,Outros,1214.0
Guarda,2021,Países Baixos (Reino dos),1995.0
Guarda,2021,Polónia,300.0
Guarda,2021,Portugal,284477.0
Guarda,2021,Reino Unido da Grã-Bretanha e Irlanda do Norte,1713.0
Guarda,2021,Roménia,110.0
Guarda,2021,Suécia,209.0
Guarda,2021,Suíça,1032.0
Guarda,2021,Sérvia,
Guarda,2021,Total,315638.0
Guarda,2021,Turquia,11.0
Guarda,2021,Ucrânia,138.0
Guarda,2021,Áustria,171.0
Guarda,2021,Índia,107.0
Guarda,2022,Alemanha,5617.0
Guarda,2022,Angola,112.0
Guarda,2022,Argentina,79.0
Guarda,2022,Austrália,620.0
Guarda,2022,Brasil,6033.0
Guarda,2022,Bulgária,82.0
Guarda,2022,Bélgica,2583.0
Guarda,2022,Canadá,890.0
Guarda,2022,China,215.0
Guarda,2022,Chipre,4.0
Guarda,2022,Chéquia,471.0
Guarda,2022,Coreia (República da),55.0
Guarda,2022,Croácia,66.0
Guarda,2022,Dinamarca,307.0
Guarda,2022,Eslováquia,238.0
Guarda,2022,Eslovénia,319.0
Guarda,2022,Espanha,14377.0
Guarda,2022,Estados Unidos da América,4647.0
Guarda,2022,Estrangeiro,69481.0
Guarda,2022,Estónia,157.0
Guarda,2022,Federação da Rússia,213.0
Guarda,2022,Finlândia,826.0
Guarda,2022,França,10448.0
Guarda,2022,Grécia,85.0
Guarda,2022,Hungria,451.0
Guarda,2022,Irlanda,651.0
Guarda,2022,Israel,2651.0
Guarda,2022,Itália,986.0
Guarda,2022,Japão,101.0
Guarda,2022,Letónia,173.0
Guarda,2022,Lituânia,70.0
Guarda,2022,Luxemburgo,254.0
Guarda,2022,Malta,24.0
Guarda,2022,Marrocos,32.0
Guarda,2022,México,113.0
Guarda,2022,Noruega,269.0
Guarda,2022,Outros,1822.0
Guarda,2022,Países Baixos (Reino dos),3779.0
Guarda,2022,Polónia,741.0
Guarda,2022,Portugal,371247.0
Guarda,2022,Reino Unido da Grã-Bretanha e Irlanda do Norte,5522.0
Guarda,2022,Roménia,262.0
Guarda,2022,Suécia,433.0
Guarda,2022,Suíça,1401.0
Guarda,2022,Sérvia,38.0
Guarda,2022,Total,440728.0
Guarda,2022,Turquia,123.0
Guarda,2022,Ucrânia,445.0
Guarda,2022,Áustria,556.0
Guarda,2022,Índia,140.0
Guarda,2023,Alemanha,5238.0
Guarda,2023,Angola,476.0
Guarda,2023,Argentina,176.0
Guarda,2023,Austrália,502.0
Guarda,2023,Brasil,7759.0
Guarda,2023,Bulgária,117.0
Guarda,2023,Bélgica,2331.0
Guarda,2023,Canadá,1175.0
Guarda,2023,China,513.0
Guarda,2023,Chipre,
Guarda,2023,Chéquia,279.0
Guarda,2023,Coreia (República da),99.0
Guarda,2023,Croácia,38.0
Guarda,2023,Dinamarca,366.0
Guarda,2023,Eslováquia,31.0
Guarda,2023,Eslovénia,309.0
Guarda,2023,Espanha,16128.0
Guarda,2023,Estados Unidos da América,6278.0
Guarda,2023,Estrangeiro,72383.0
Guarda,2023,Estónia,43.0
Guarda,2023,Federação da Rússia,364.0
Guarda,2023,Finlândia,183.0
Guarda,2023,França,9947.0
Guarda,2023,Grécia,39.0
Guarda,2023,Hungria,133.0
Guarda,2023,Irlanda,1019.0
Guarda,2023,Israel,2836.0
Guarda,2023,Itália,1144.0
Guarda,2023,Japão,53.0
Guarda,2023,Letónia,102.0
Guarda,2023,Lituânia,108.0
Guarda,2023,Luxemburgo,319.0
Guarda,2023,Malta,24.0
Guarda,2023,Marrocos,76.0
Guarda,2023,México,39.0
Guarda,2023,Noruega,188.0
Guarda,2023,Outros,2168.0
Guarda,2023,Países Baixos (Reino dos),3418.0
Guarda,2023,Polónia,378.0
Guarda,2023,Portugal,399182.0
Guarda,2023,Reino Unido da Grã-Bretanha e Irlanda do Norte,4794.0
Guarda,2023,Roménia,238.0
Guarda,2023,Suécia,467.0
Guarda,2023,Suíça,1630.0
Guarda,2023,Sérvia,11.0
Guarda,2023,Total,471565.0
Guarda,2023,Turquia,66.0
Guarda,2023,Ucrânia,244.0
Guarda,2023,Áustria,349.0
Guarda,2023,Índia,188.0
Guarda,2024,Alemanha,5209.0
Guarda,2024,Angola,170.0
Guarda,2024,Argentina,112.0
Guarda,2024,Austrália,539.0
Guarda,2024,Brasil,9142.0
Guarda,2024,Bulgária,49.0
Guarda,2024,Bélgica,2201.0
Guarda,2024,Canadá,1036.0
Guarda,2024,China,613.0
Guarda,2024,Chipre,4.0
Guarda,2024,Chéquia,277.0
Guarda,2024,Coreia (República da),139.0
Guarda,2024,Croácia,23.0
Guarda,2024,Dinamarca,564.0
Guarda,2024,Eslováquia,27.0
Guarda,2024,Eslovénia,296.0
Guarda,2024,Espanha,16944.0
Guarda,2024,Estados Unidos da América,5765.0
Guarda,2024,Estrangeiro,79049.0
Guarda,2024,Estónia,39.0
Guarda,2024,Federação da Rússia,448.0
Guarda,2024,Finlândia,633.0
Guarda,2024,França,11582.0
Guarda,2024,Grécia,46.0
Guarda,2024,Hungria,234.0
Guarda,2024,Irlanda,696.0
Guarda,2024,Israel,1691.0
Guarda,2024,Itália,1420.0
Guarda,2024,Japão,112.0
Guarda,2024,Letónia,91.0
Guarda,2024,Lituânia,87.0
Guarda,2024,Luxemburgo,432.0
Guarda,2024,Malta,19.0
Guarda,2024,Marrocos,95.0
Guarda,2024,México,132.0
Guarda,2024,Noruega,561.0
Guarda,2024,Outros,1989.0
Guarda,2024,Países Baixos (Reino dos),4483.0
Guarda,2024,Polónia,509.0
Guarda,2024,Portugal,410717.0
Guarda,2024,Reino Unido da Grã-Bretanha e Irlanda do Norte,5607.0
Guarda,2024,Roménia,1663.0
Guarda,2024,Suécia,536.0
Guarda,2024,Suíça,1741.0
Guarda,2024,Sérvia,6.0
Guarda,2024,Total,489766.0
Guarda,2024,Turquia,85.0
Guarda,2024,Ucrânia,455.0
Guarda,2024,Áustria,406.0
Guarda,2024,Índia,141.0
Guarda,2025,Alemanha,5175.0
Guarda,2025,Angola,272.0
Guarda,2025,Argentina,276.0
Guarda,2025,Austrália,560.0
Guarda,2025,Brasil,7601.0
Guarda,2025,Bulgária,209.0
Guarda,2025,Bélgica,2217.0
Guarda,2025,Canadá,1057.0
Guarda,2025,China,520.0
Guarda,2025,Chipre,20.0
Guarda,2025,Chéquia,244.0
Guarda,2025,Coreia (República da),60.0
Guarda,2025,Croácia,16.0
Guarda,2025,Dinamarca,444.0
Guarda,2025,Eslováquia,58.0
Guarda,2025,Eslovénia,410.0
Guarda,2025,Espanha,15347.0
Guarda,2025,Estados Unidos da América,5724.0
Guarda,2025,Estrangeiro,76831.0
Guarda,2025,Estónia,139.0
Guarda,2025,Federação da Rússia,522.0
Guarda,2025,Finlândia,684.0
Guarda,2025,França,12223.0
Guarda,2025,Grécia,53.0
Guarda,2025,Hungria,92.0
Guarda,2025,Irlanda,638.0
Guarda,2025,Israel,2501.0
Guarda,2025,Itália,1534.0
Guarda,2025,Japão,82.0
Guarda,2025,Letónia,163.0
Guarda,2025,Lituânia,141.0
Guarda,2025,Luxemburgo,392.0
Guarda,2025,Malta,63.0
Guarda,2025,Marrocos,81.0
Guarda,2025,México,167.0
Guarda,2025,Noruega,241.0
Guarda,2025,Outros,2399.0
Guarda,2025,Países Baixos (Reino dos),3926.0
Guarda,2025,Polónia,584.0
Guarda,2025,Portugal,404405.0
Guarda,2025,Reino Unido da Grã-Bretanha e Irlanda do Norte,6096.0
Guarda,2025,Roménia,517.0
Guarda,2025,Suécia,361.0
Guarda,2025,Suíça,1663.0
Guarda,2025,Sérvia,13.0
Guarda,2025,Total,481236.0
Guarda,2025,Turquia,111.0
Guarda,2025,Ucrânia,592.0
Guarda,2025,Áustria,460.0
Guarda,2025,Índia,183.0
Leiria,2020,Alemanha,24051.0
Leiria,2020,Angola,385.0
Leiria,2020,Argentina,187.0
Leiria,2020,Austrália,457.0
Leiria,2020,Brasil,11905.0
Leiria,2020,Bulgária,147.0
Leiria,2020,Bélgica,7301.0
Leiria,2020,Canadá,1655.0
Leiria,2020,China,726.0
Leiria,2020,Chipre,37.0
Leiria,2020,Chéquia,1221.0
Leiria,2020,Coreia (República da),334.0
Leiria,2020,Croácia,283.0
Leiria,2020,Dinamarca,778.0
Leiria,2020,Eslováquia,184.0
Leiria,2020,Eslovénia,102.0
Leiria,2020,Espanha,51886.0
Leiria,2020,Estados Unidos da América,12588.0
Leiria,2020,Estrangeiro,199720.0
Leiria,2020,Estónia,105.0
Leiria,2020,Federação da Rússia,1811.0
Leiria,2020,Finlândia,722.0
Leiria,2020,França,29554.0
Leiria,2020,Grécia,153.0
Leiria,2020,Hungria,413.0
Leiria,2020,Irlanda,1263.0
Leiria,2020,Israel,708.0
Leiria,2020,Itália,8420.0
Leiria,2020,Japão,965.0
Leiria,2020,Letónia,89.0
Leiria,2020,Lituânia,147.0
Leiria,2020,Luxemburgo,1251.0
Leiria,2020,Malta,181.0
Leiria,2020,Marrocos,178.0
Leiria,2020,México,188.0
Leiria,2020,Noruega,317.0
Leiria,2020,Outros,4128.0
Leiria,2020,Países Baixos (Reino dos),9771.0
Leiria,2020,Polónia,3278.0
Leiria,2020,Portugal,557323.0
Leiria,2020,Reino Unido da Grã-Bretanha e Irlanda do Norte,8333.0
Leiria,2020,Roménia,2421.0
Leiria,2020,Suécia,2389.0
Leiria,2020,Suíça,6376.0
Leiria,2020,Sérvia,36.0
Leiria,2020,Total,757043.0
Leiria,2020,Turquia,130.0
Leiria,2020,Ucrânia,1179.0
Leiria,2020,Áustria,799.0
Leiria,2020,Índia,188.0
Leiria,2021,Alemanha,31522.0
Leiria,2021,Angola,285.0
Leiria,2021,Argentina,176.0
Leiria,2021,Austrália,476.0
Leiria,2021,Brasil,11285.0
Leiria,2021,Bulgária,313.0
Leiria,2021,Bélgica,11303.0
Leiria,2021,Canadá,2065.0
Leiria,2021,China,465.0
Leiria,2021,Chipre,101.0
Leiria,2021,Chéquia,1765.0
Leiria,2021,Coreia (República da),153.0
Leiria,2021,Croácia,427.0
Leiria,2021,Dinamarca,3208.0
Leiria,2021,Eslováquia,246.0
Leiria,2021,Eslovénia,339.0
Leiria,2021,Espanha,79007.0
Leiria,2021,Estados Unidos da América,11657.0
Leiria,2021,Estrangeiro,304150.0
Leiria,2021,Estónia,515.0
Leiria,2021,Federação da Rússia,2452.0
Leiria,2021,Finlândia,1833.0
Leiria,2021,França,49181.0
Leiria,2021,Grécia,297.0
Leiria,2021,Hungria,951.0
Leiria,2021,Irlanda,3149.0
Leiria,2021,Israel,2559.0
Leiria,2021,Itália,13603.0
Leiria,2021,Japão,172.0
Leiria,2021,Letónia,528.0
Leiria,2021,Lituânia,603.0
Leiria,2021,Luxemburgo,2188.0
Leiria,2021,Malta,132.0
Leiria,2021,Marrocos,200.0
Leiria,2021,México,246.0
Leiria,2021,Noruega,652.0
Leiria,2021,Outros,4565.0
Leiria,2021,Países Baixos (Reino dos),18959.0
Leiria,2021,Polónia,6585.0
Leiria,2021,Portugal,687609.0
Leiria,2021,Reino Unido da Grã-Bretanha e Irlanda do Norte,14040.0
Leiria,2021,Roménia,3466.0
Leiria,2021,Suécia,4363.0
Leiria,2021,Suíça,11419.0
Leiria,2021,Sérvia,141.0
Leiria,2021,Total,991759.0
Leiria,2021,Turquia,777.0
Leiria,2021,Ucrânia,2336.0
Leiria,2021,Áustria,3183.0
Leiria,2021,Índia,262.0
Leiria,2022,Alemanha,69480.0
Leiria,2022,Angola,726.0
Leiria,2022,Argentina,1463.0
Leiria,2022,Austrália,3466.0
Leiria,2022,Brasil,38747.0
Leiria,2022,Bulgária,673.0
Leiria,2022,Bélgica,21982.0
Leiria,2022,Canadá,13346.0
Leiria,2022,China,1636.0
Leiria,2022,Chipre,117.0
Leiria,2022,Chéquia,4876.0
Leiria,2022,Coreia (República da),895.0
Leiria,2022,Croácia,949.0
Leiria,2022,Dinamarca,6410.0
Leiria,2022,Eslováquia,1097.0
Leiria,2022,Eslovénia,954.0
Leiria,2022,Espanha,160401.0
Leiria,2022,Estados Unidos da América,47669.0
Leiria,2022,Estrangeiro,687155.0
Leiria,2022,Estónia,860.0
Leiria,2022,Federação da Rússia,3541.0
Leiria,2022,Finlândia,5730.0
Leiria,2022,França,94924.0
Leiria,2022,Grécia,621.0
Leiria,2022,Hungria,1587.0
Leiria,2022,Irlanda,7880.0
Leiria,2022,Israel,7903.0
Leiria,2022,Itália,29995.0
Leiria,2022,Japão,1066.0
Leiria,2022,Letónia,1176.0
Leiria,2022,Lituânia,1273.0
Leiria,2022,Luxemburgo,2678.0
Leiria,2022,Malta,293.0
Leiria,2022,Marrocos,897.0
Leiria,2022,México,1344.0
Leiria,2022,Noruega,2982.0
Leiria,2022,Outros,15288.0
Leiria,2022,Países Baixos (Reino dos),32585.0
Leiria,2022,Polónia,10388.0
Leiria,2022,Portugal,933352.0
Leiria,2022,Reino Unido da Grã-Bretanha e Irlanda do Norte,38069.0
Leiria,2022,Roménia,4738.0
Leiria,2022,Suécia,10245.0
Leiria,2022,Suíça,21533.0
Leiria,2022,Sérvia,192.0
Leiria,2022,Total,1620507.0
Leiria,2022,Turquia,1161.0
Leiria,2022,Ucrânia,5538.0
Leiria,2022,Áustria,6890.0
Leiria,2022,Índia,891.0
Leiria,2023,Alemanha,80147.0
Leiria,2023,Angola,842.0
Leiria,2023,Argentina,2356.0
Leiria,2023,Austrália,7348.0
Leiria,2023,Brasil,47443.0
Leiria,2023,Bulgária,1620.0
Leiria,2023,Bélgica,19231.0
Leiria,2023,Canadá,22088.0
Leiria,2023,China,3694.0
Leiria,2023,Chipre,250.0
Leiria,2023,Chéquia,5173.0
Leiria,2023,Coreia (República da),2444.0
Leiria,2023,Croácia,764.0
Leiria,2023,Dinamarca,6995.0
Leiria,2023,Eslováquia,1103.0
Leiria,2023,Eslovénia,1904.0
Leiria,2023,Espanha,175317.0
Leiria,2023,Estados Unidos da América,63762.0
Leiria,2023,Estrangeiro,813578.0
Leiria,2023,Estónia,1394.0
Leiria,2023,Federação da Rússia,3702.0
Leiria,2023,Finlândia,6970.0
Leiria,2023,França,107000.0
Leiria,2023,Grécia,1015.0
Leiria,2023,Hungria,2528.0
Leiria,2023,Irlanda,8626.0
Leiria,2023,Israel,9191.0
Leiria,2023,Itália,44055.0
Leiria,2023,Japão,2203.0
Leiria,2023,Letónia,2136.0
Leiria,2023,Lituânia,1652.0
Leiria,2023,Luxemburgo,2767.0
Leiria,2023,Malta,522.0
Leiria,2023,Marrocos,924.0
Leiria,2023,México,2102.0
Leiria,2023,Noruega,3159.0
Leiria,2023,Outros,22978.0
Leiria,2023,Países Baixos (Reino dos),31314.0
Leiria,2023,Polónia,15624.0
Leiria,2023,Portugal,990843.0
Leiria,2023,Reino Unido da Grã-Bretanha e Irlanda do Norte,43419.0
Leiria,2023,Roménia,8139.0
Leiria,2023,Suécia,10057.0
Leiria,2023,Suíça,22321.0
Leiria,2023,Sérvia,256.0
Leiria,2023,Total,1804421.0
Leiria,2023,Turquia,1105.0
Leiria,2023,Ucrânia,5807.0
Leiria,2023,Áustria,8547.0
Leiria,2023,Índia,1584.0
Leiria,2024,Alemanha,83590.0
Leiria,2024,Angola,1780.0
Leiria,2024,Argentina,2363.0
Leiria,2024,Austrália,6984.0
Leiria,2024,Brasil,47608.0
Leiria,2024,Bulgária,945.0
Leiria,2024,Bélgica,21153.0
Leiria,2024,Canadá,23590.0
Leiria,2024,China,4880.0
Leiria,2024,Chipre,176.0
Leiria,2024,Chéquia,5427.0
Leiria,2024,Coreia (República da),4208.0
Leiria,2024,Croácia,1053.0
Leiria,2024,Dinamarca,6204.0
Leiria,2024,Eslováquia,1049.0
Leiria,2024,Eslovénia,1795.0
Leiria,2024,Espanha,166513.0
Leiria,2024,Estados Unidos da América,65446.0
Leiria,2024,Estrangeiro,809484.0
Leiria,2024,Estónia,1489.0
Leiria,2024,Federação da Rússia,4114.0
Leiria,2024,Finlândia,6795.0
Leiria,2024,França,99355.0
Leiria,2024,Grécia,643.0
Leiria,2024,Hungria,2157.0
Leiria,2024,Irlanda,7675.0
Leiria,2024,Israel,6328.0
Leiria,2024,Itália,40794.0
Leiria,2024,Japão,1676.0
Leiria,2024,Letónia,1674.0
Leiria,2024,Lituânia,2015.0
Leiria,2024,Luxemburgo,2993.0
Leiria,2024,Malta,880.0
Leiria,2024,Marrocos,1287.0
Leiria,2024,México,2072.0
Leiria,2024,Noruega,2796.0
Leiria,2024,Outros,25838.0
Leiria,2024,Países Baixos (Reino dos),32648.0
Leiria,2024,Polónia,16912.0
Leiria,2024,Portugal,1021265.0
Leiria,2024,Reino Unido da Grã-Bretanha e Irlanda do Norte,44400.0
Leiria,2024,Roménia,7251.0
Leiria,2024,Suécia,9499.0
Leiria,2024,Suíça,23358.0
Leiria,2024,Sérvia,523.0
Leiria,2024,Total,1830749.0
Leiria,2024,Turquia,1539.0
Leiria,2024,Ucrânia,6622.0
Leiria,2024,Áustria,9398.0
Leiria,2024,Índia,1989.0
Leiria,2025,Alemanha,80096.0
Leiria,2025,Angola,2254.0
Leiria,2025,Argentina,2449.0
Leiria,2025,Austrália,6675.0
Leiria,2025,Brasil,44093.0
Leiria,2025,Bulgária,764.0
Leiria,2025,Bélgica,24316.0
Leiria,2025,Canadá,24516.0
Leiria,2025,China,7139.0
Leiria,2025,Chipre,213.0
Leiria,2025,Chéquia,4580.0
Leiria,2025,Coreia (República da),2411.0
Leiria,2025,Croácia,623.0
Leiria,2025,Dinamarca,5821.0
Leiria,2025,Eslováquia,1383.0
Leiria,2025,Eslovénia,1329.0
Leiria,2025,Espanha,157877.0
Leiria,2025,Estados Unidos da América,65280.0
Leiria,2025,Estrangeiro,798394.0
Leiria,2025,Estónia,1223.0
Leiria,2025,Federação da Rússia,4557.0
Leiria,2025,Finlândia,5671.0
Leiria,2025,França,97179.0
Leiria,2025,Grécia,875.0
Leiria,2025,Hungria,2360.0
Leiria,2025,Irlanda,8233.0
Leiria,2025,Israel,7054.0
Leiria,2025,Itália,35575.0
Leiria,2025,Japão,2122.0
Leiria,2025,Letónia,2366.0
Leiria,2025,Lituânia,2076.0
Leiria,2025,Luxemburgo,3436.0
Leiria,2025,Malta,639.0
Leiria,2025,Marrocos,1244.0
Leiria,2025,México,1876.0
Leiria,2025,Noruega,3949.0
Leiria,2025,Outros,26621.0
Leiria,2025,Países Baixos (Reino dos),29950.0
Leiria,2025,Polónia,18285.0
Leiria,2025,Portugal,1076001.0
Leiria,2025,Reino Unido da Grã-Bretanha e Irlanda do Norte,44912.0
Leiria,2025,Roménia,9936.0
Leiria,2025,Suécia,10005.0
Leiria,2025,Suíça,23969.0
Leiria,2025,Sérvia,310.0
Leiria,2025,Total,1874395.0
Leiria,2025,Turquia,1430.0
Leiria,2025,Ucrânia,8525.0
Leiria,2025,Áustria,10104.0
Leiria,2025,Índia,2093.0
Lisboa,2020,Alemanha,265283.0
Lisboa,2020,Angola,52893.0
Lisboa,2020,Argentina,14702.0
Lisboa,2020,Austrália,14928.0
Lisboa,2020,Brasil,366945.0
Lisboa,2020,Bulgária,5010.0
Lisboa,2020,Bélgica,68763.0
Lisboa,2020,Canadá,52020.0
Lisboa,2020,China,53845.0
Lisboa,2020,Chipre,1439.0
Lisboa,2020,Chéquia,14328.0
Lisboa,2020,Coreia (República da),29775.0
Lisboa,2020,Croácia,5333.0
Lisboa,2020,Dinamarca,22943.0
Lisboa,2020,Eslováquia,4741.0
Lisboa,2020,Eslovénia,3059.0
Lisboa,2020,Espanha,395494.0
Lisboa,2020,Estados Unidos da América,170340.0
Lisboa,2020,Estrangeiro,3138408.0
Lisboa,2020,Estónia,2109.0
Lisboa,2020,Federação da Rússia,56125.0
Lisboa,2020,Finlândia,19670.0
Lisboa,2020,França,418616.0
Lisboa,2020,Grécia,12946.0
Lisboa,2020,Hungria,14161.0
Lisboa,2020,Irlanda,43794.0
Lisboa,2020,Israel,18580.0
Lisboa,2020,Itália,192414.0
Lisboa,2020,Japão,31822.0
Lisboa,2020,Letónia,2984.0
Lisboa,2020,Lituânia,3556.0
Lisboa,2020,Luxemburgo,12685.0
Lisboa,2020,Malta,2917.0
Lisboa,2020,Marrocos,9369.0
Lisboa,2020,México,8888.0
Lisboa,2020,Noruega,13341.0
Lisboa,2020,Outros,160199.0
Lisboa,2020,Países Baixos (Reino dos),90943.0
Lisboa,2020,Polónia,47894.0
Lisboa,2020,Portugal,1591870.0
Lisboa,2020,Reino Unido da Grã-Bretanha e Irlanda do Norte,226154.0
Lisboa,2020,Roménia,26095.0
Lisboa,2020,Suécia,38862.0
Lisboa,2020,Suíça,64431.0
Lisboa,2020,Sérvia,3778.0
Lisboa,2020,Total,4730278.0
Lisboa,2020,Turquia,11052.0
Lisboa,2020,Ucrânia,17197.0
Lisboa,2020,Áustria,22643.0
Lisboa,2020,Índia,23342.0
Lisboa,2021,Alemanha,408300.0
Lisboa,2021,Angola,47414.0
Lisboa,2021,Argentina,9987.0
Lisboa,2021,Austrália,12867.0
Lisboa,2021,Brasil,321056.0
Lisboa,2021,Bulgária,11326.0
Lisboa,2021,Bélgica,164371.0
Lisboa,2021,Canadá,57028.0
Lisboa,2021,China,25290.0
Lisboa,2021,Chipre,2438.0
Lisboa,2021,Chéquia,29784.0
Lisboa,2021,Coreia (República da),7213.0
Lisboa,2021,Croácia,10938.0
Lisboa,2021,Dinamarca,65065.0
Lisboa,2021,Eslováquia,10415.0
Lisboa,2021,Eslovénia,8485.0
Lisboa,2021,Espanha,621514.0
Lisboa,2021,Estados Unidos da América,417213.0
Lisboa,2021,Estrangeiro,4834526.0
Lisboa,2021,Estónia,7464.0
Lisboa,2021,Federação da Rússia,36355.0
Lisboa,2021,Finlândia,28741.0
Lisboa,2021,França,647940.0
Lisboa,2021,Grécia,18438.0
Lisboa,2021,Hungria,25296.0
Lisboa,2021,Irlanda,104206.0
Lisboa,2021,Israel,53278.0
Lisboa,2021,Itália,287364.0
Lisboa,2021,Japão,7899.0
Lisboa,2021,Letónia,10120.0
Lisboa,2021,Lituânia,11034.0
Lisboa,2021,Luxemburgo,21474.0
Lisboa,2021,Malta,5753.0
Lisboa,2021,Marrocos,9165.0
Lisboa,2021,México,14178.0
Lisboa,2021,Noruega,22740.0
Lisboa,2021,Outros,229448.0
Lisboa,2021,Países Baixos (Reino dos),233716.0
Lisboa,2021,Polónia,106847.0
Lisboa,2021,Portugal,2258277.0
Lisboa,2021,Reino Unido da Grã-Bretanha e Irlanda do Norte,350866.0
Lisboa,2021,Roménia,48223.0
Lisboa,2021,Suécia,68019.0
Lisboa,2021,Suíça,119891.0
Lisboa,2021,Sérvia,4734.0
Lisboa,2021,Total,7092803.0
Lisboa,2021,Turquia,16373.0
Lisboa,2021,Ucrânia,35171.0
Lisboa,2021,Áustria,58607.0
Lisboa,2021,Índia,20482.0
Lisboa,2022,Alemanha,1058877.0
Lisboa,2022,Angola,117984.0
Lisboa,2022,Argentina,66720.0
Lisboa,2022,Austrália,103021.0
Lisboa,2022,Brasil,1215129.0
Lisboa,2022,Bulgária,37401.0
Lisboa,2022,Bélgica,289981.0
Lisboa,2022,Canadá,395555.0
Lisboa,2022,China,86421.0
Lisboa,2022,Chipre,7340.0
Lisboa,2022,Chéquia,54121.0
Lisboa,2022,Coreia (República da),46003.0
Lisboa,2022,Croácia,26165.0
Lisboa,2022,Dinamarca,139371.0
Lisboa,2022,Eslováquia,25184.0
Lisboa,2022,Eslovénia,19766.0
Lisboa,2022,Espanha,1337305.0
Lisboa,2022,Estados Unidos da América,1792686.0
Lisboa,2022,Estrangeiro,13472906.0
Lisboa,2022,Estónia,18198.0
Lisboa,2022,Federação da Rússia,86402.0
Lisboa,2022,Finlândia,103200.0
Lisboa,2022,França,1336182.0
Lisboa,2022,Grécia,54566.0
Lisboa,2022,Hungria,57343.0
Lisboa,2022,Irlanda,311977.0
Lisboa,2022,Israel,182624.0
Lisboa,2022,Itália,734603.0
Lisboa,2022,Japão,32212.0
Lisboa,2022,Letónia,18538.0
Lisboa,2022,Lituânia,24532.0
Lisboa,2022,Luxemburgo,37286.0
Lisboa,2022,Malta,7830.0
Lisboa,2022,Marrocos,30534.0
Lisboa,2022,México,64484.0
Lisboa,2022,Noruega,105194.0
Lisboa,2022,Outros,697928.0
Lisboa,2022,Países Baixos (Reino dos),518816.0
Lisboa,2022,Polónia,176516.0
Lisboa,2022,Portugal,3575923.0
Lisboa,2022,Reino Unido da Grã-Bretanha e Irlanda do Norte,1122382.0
Lisboa,2022,Roménia,107018.0
Lisboa,2022,Suécia,159600.0
Lisboa,2022,Suíça,256025.0
Lisboa,2022,Sérvia,21545.0
Lisboa,2022,Total,17048829.0
Lisboa,2022,Turquia,48463.0
Lisboa,2022,Ucrânia,106996.0
Lisboa,2022,Áustria,144562.0
Lisboa,2022,Índia,88320.0
Lisboa,2023,Alemanha,1151562.0
Lisboa,2023,Angola,121719.0
Lisboa,2023,Argentina,88494.0
Lisboa,2023,Austrália,229951.0
Lisboa,2023,Brasil,1374641.0
Lisboa,2023,Bulgária,46402.0
Lisboa,2023,Bélgica,281321.0
Lisboa,2023,Canadá,589518.0
Lisboa,2023,China,188194.0
Lisboa,2023,Chipre,9380.0
Lisboa,2023,Chéquia,61941.0
Lisboa,2023,Coreia (República da),89094.0
Lisboa,2023,Croácia,26107.0
Lisboa,2023,Dinamarca,132131.0
Lisboa,2023,Eslováquia,24914.0
Lisboa,2023,Eslovénia,20933.0
Lisboa,2023,Espanha,1380681.0
Lisboa,2023,Estados Unidos da América,2380032.0
Lisboa,2023,Estrangeiro,15493178.0
Lisboa,2023,Estónia,18549.0
Lisboa,2023,Federação da Rússia,85261.0
Lisboa,2023,Finlândia,105206.0
Lisboa,2023,França,1368984.0
Lisboa,2023,Grécia,69402.0
Lisboa,2023,Hungria,68002.0
Lisboa,2023,Irlanda,308290.0
Lisboa,2023,Israel,189618.0
Lisboa,2023,Itália,870009.0
Lisboa,2023,Japão,62474.0
Lisboa,2023,Letónia,20736.0
Lisboa,2023,Lituânia,25029.0
Lisboa,2023,Luxemburgo,37056.0
Lisboa,2023,Malta,13702.0
Lisboa,2023,Marrocos,38911.0
Lisboa,2023,México,98469.0
Lisboa,2023,Noruega,103493.0
Lisboa,2023,Outros,875293.0
Lisboa,2023,Países Baixos (Reino dos),483433.0
Lisboa,2023,Polónia,189293.0
Lisboa,2023,Portugal,3687691.0
Lisboa,2023,Reino Unido da Grã-Bretanha e Irlanda do Norte,1236966.0
Lisboa,2023,Roménia,106023.0
Lisboa,2023,Suécia,161007.0
Lisboa,2023,Suíça,295989.0
Lisboa,2023,Sérvia,38234.0
Lisboa,2023,Total,19180869.0
Lisboa,2023,Turquia,55892.0
Lisboa,2023,Ucrânia,97140.0
Lisboa,2023,Áustria,158732.0
Lisboa,2023,Índia,114970.0
Lisboa,2024,Alemanha,1187262.0
Lisboa,2024,Angola,122359.0
Lisboa,2024,Argentina,81820.0
Lisboa,2024,Austrália,229050.0
Lisboa,2024,Brasil,1279965.0
Lisboa,2024,Bulgária,43514.0
Lisboa,2024,Bélgica,276700.0
Lisboa,2024,Canadá,674776.0
Lisboa,2024,China,269775.0
Lisboa,2024,Chipre,12444.0
Lisboa,2024,Chéquia,74999.0
Lisboa,2024,Coreia (República da),126085.0
Lisboa,2024,Croácia,33217.0
Lisboa,2024,Dinamarca,138890.0
Lisboa,2024,Eslováquia,28847.0
Lisboa,2024,Eslovénia,21852.0
Lisboa,2024,Espanha,1360998.0
Lisboa,2024,Estados Unidos da América,2586505.0
Lisboa,2024,Estrangeiro,16151902.0
Lisboa,2024,Estónia,20640.0
Lisboa,2024,Federação da Rússia,85838.0
Lisboa,2024,Finlândia,105341.0
Lisboa,2024,França,1256899.0
Lisboa,2024,Grécia,87512.0
Lisboa,2024,Hungria,75881.0
Lisboa,2024,Irlanda,304054.0
Lisboa,2024,Israel,153821.0
Lisboa,2024,Itália,861919.0
Lisboa,2024,Japão,88809.0
Lisboa,2024,Letónia,20688.0
Lisboa,2024,Lituânia,31970.0
Lisboa,2024,Luxemburgo,39890.0
Lisboa,2024,Malta,15244.0
Lisboa,2024,Marrocos,53629.0
Lisboa,2024,México,114886.0
Lisboa,2024,Noruega,105498.0
Lisboa,2024,Outros,985428.0
Lisboa,2024,Países Baixos (Reino dos),496940.0
Lisboa,2024,Polónia,238290.0
Lisboa,2024,Portugal,3736613.0
Lisboa,2024,Reino Unido da Grã-Bretanha e Irlanda do Norte,1348268.0
Lisboa,2024,Roménia,113678.0
Lisboa,2024,Suécia,174193.0
Lisboa,2024,Suíça,301652.0
Lisboa,2024,Sérvia,47001.0
Lisboa,2024,Total,19888515.0
Lisboa,2024,Turquia,91755.0
Lisboa,2024,Ucrânia,103198.0
Lisboa,2024,Áustria,154392.0
Lisboa,2024,Índia,125530.0
Lisboa,2025,Alemanha,1177300.0
Lisboa,2025,Angola,144004.0
Lisboa,2025,Argentina,94731.0
Lisboa,2025,Austrália,242578.0
Lisboa,2025,Brasil,1242843.0
Lisboa,2025,Bulgária,36409.0
Lisboa,2025,Bélgica,277175.0
Lisboa,2025,Canadá,719948.0
Lisboa,2025,China,295011.0
Lisboa,2025,Chipre,11858.0
Lisboa,2025,Chéquia,76212.0
Lisboa,2025,Coreia (República da),189521.0
Lisboa,2025,Croácia,33748.0
Lisboa,2025,Dinamarca,139569.0
Lisboa,2025,Eslováquia,26210.0
Lisboa,2025,Eslovénia,22149.0
Lisboa,2025,Espanha,1232320.0
Lisboa,2025,Estados Unidos da América,2691176.0
Lisboa,2025,Estrangeiro,16149085.0
Lisboa,2025,Estónia,18883.0
Lisboa,2025,Federação da Rússia,90023.0
Lisboa,2025,Finlândia,103599.0
Lisboa,2025,França,1109255.0
Lisboa,2025,Grécia,92474.0
Lisboa,2025,Hungria,72141.0
Lisboa,2025,Irlanda,279286.0
Lisboa,2025,Israel,160925.0
Lisboa,2025,Itália,875136.0
Lisboa,2025,Japão,105984.0
Lisboa,2025,Letónia,19764.0
Lisboa,2025,Lituânia,33892.0
Lisboa,2025,Luxemburgo,40474.0
Lisboa,2025,Malta,16054.0
Lisboa,2025,Marrocos,53110.0
Lisboa,2025,México,104958.0
Lisboa,2025,Noruega,108931.0
Lisboa,2025,Outros,1035676.0
Lisboa,2025,Países Baixos (Reino dos),457901.0
Lisboa,2025,Polónia,260753.0
Lisboa,2025,Portugal,3901665.0
Lisboa,2025,Reino Unido da Grã-Bretanha e Irlanda do Norte,1296874.0
Lisboa,2025,Roménia,125583.0
Lisboa,2025,Suécia,177740.0
Lisboa,2025,Suíça,289157.0
Lisboa,2025,Sérvia,43548.0
Lisboa,2025,Total,20050750.0
Lisboa,2025,Turquia,121117.0
Lisboa,2025,Ucrânia,114292.0
Lisboa,2025,Áustria,156798.0
Lisboa,2025,Índia,131995.0
Portalegre,2020,Alemanha,2312.0
Portalegre,2020,Angola,27.0
Portalegre,2020,Argentina,8.0
Portalegre,2020,Austrália,82.0
Portalegre,2020,Brasil,1311.0
Portalegre,2020,Bulgária,7.0
Portalegre,2020,Bélgica,1287.0
Portalegre,2020,Canadá,281.0
Portalegre,2020,China,4684.0
Portalegre,2020,Chipre,27.0
Portalegre,2020,Chéquia,32.0
Portalegre,2020,Coreia (República da),64.0
Portalegre,2020,Croácia,2.0
Portalegre,2020,Dinamarca,902.0
Portalegre,2020,Eslováquia,39.0
Portalegre,2020,Eslovénia,2.0
Portalegre,2020,Espanha,13498.0
Portalegre,2020,Estados Unidos da América,523.0
Portalegre,2020,Estrangeiro,37657.0
Portalegre,2020,Estónia,23.0
Portalegre,2020,Federação da Rússia,120.0
Portalegre,2020,Finlândia,101.0
Portalegre,2020,França,3159.0
Portalegre,2020,Grécia,18.0
Portalegre,2020,Hungria,30.0
Portalegre,2020,Irlanda,425.0
Portalegre,2020,Israel,80.0
Portalegre,2020,Itália,739.0
Portalegre,2020,Japão,97.0
Portalegre,2020,Letónia,38.0
Portalegre,2020,Lituânia,3.0
Portalegre,2020,Luxemburgo,109.0
Portalegre,2020,Malta,2.0
Portalegre,2020,Marrocos,11.0
Portalegre,2020,México,26.0
Portalegre,2020,Noruega,223.0
Portalegre,2020,Outros,557.0
Portalegre,2020,Países Baixos (Reino dos),1630.0
Portalegre,2020,Polónia,320.0
Portalegre,2020,Portugal,254028.0
Portalegre,2020,Reino Unido da Grã-Bretanha e Irlanda do Norte,3377.0
Portalegre,2020,Roménia,165.0
Portalegre,2020,Suécia,335.0
Portalegre,2020,Suíça,440.0
Portalegre,2020,Sérvia,
Portalegre,2020,Total,291685.0
Portalegre,2020,Turquia,44.0
Portalegre,2020,Ucrânia,158.0
Portalegre,2020,Áustria,311.0
Portalegre,2020,Índia,28.0
Portalegre,2021,Alemanha,2241.0
Portalegre,2021,Angola,118.0
Portalegre,2021,Argentina,100.0
Portalegre,2021,Austrália,66.0
Portalegre,2021,Brasil,1401.0
Portalegre,2021,Bulgária,74.0
Portalegre,2021,Bélgica,2532.0
Portalegre,2021,Canadá,225.0
Portalegre,2021,China,93.0
Portalegre,2021,Chipre,55.0
Portalegre,2021,Chéquia,75.0
Portalegre,2021,Coreia (República da),24.0
Portalegre,2021,Croácia,7.0
Portalegre,2021,Dinamarca,1359.0
Portalegre,2021,Eslováquia,24.0
Portalegre,2021,Eslovénia,15.0
Portalegre,2021,Espanha,19093.0
Portalegre,2021,Estados Unidos da América,1380.0
Portalegre,2021,Estrangeiro,44988.0
Portalegre,2021,Estónia,27.0
Portalegre,2021,Federação da Rússia,197.0
Portalegre,2021,Finlândia,157.0
Portalegre,2021,França,4115.0
Portalegre,2021,Grécia,7.0
Portalegre,2021,Hungria,113.0
Portalegre,2021,Irlanda,323.0
Portalegre,2021,Israel,214.0
Portalegre,2021,Itália,1314.0
Portalegre,2021,Japão,19.0
Portalegre,2021,Letónia,26.0
Portalegre,2021,Lituânia,37.0
Portalegre,2021,Luxemburgo,250.0
Portalegre,2021,Malta,6.0
Portalegre,2021,Marrocos,7.0
Portalegre,2021,México,22.0
Portalegre,2021,Noruega,65.0
Portalegre,2021,Outros,1009.0
Portalegre,2021,Países Baixos (Reino dos),2013.0
Portalegre,2021,Polónia,630.0
Portalegre,2021,Portugal,305951.0
Portalegre,2021,Reino Unido da Grã-Bretanha e Irlanda do Norte,3432.0
Portalegre,2021,Roménia,76.0
Portalegre,2021,Suécia,756.0
Portalegre,2021,Suíça,798.0
Portalegre,2021,Sérvia,4.0
Portalegre,2021,Total,350939.0
Portalegre,2021,Turquia,43.0
Portalegre,2021,Ucrânia,146.0
Portalegre,2021,Áustria,122.0
Portalegre,2021,Índia,178.0
Portalegre,2022,Alemanha,4766.0
Portalegre,2022,Angola,185.0
Portalegre,2022,Argentina,108.0
Portalegre,2022,Austrália,353.0
Portalegre,2022,Brasil,3805.0
Portalegre,2022,Bulgária,127.0
Portalegre,2022,Bélgica,3530.0
Portalegre,2022,Canadá,1462.0
Portalegre,2022,China,204.0
Portalegre,2022,Chipre,96.0
Portalegre,2022,Chéquia,119.0
Portalegre,2022,Coreia (República da),112.0
Portalegre,2022,Croácia,20.0
Portalegre,2022,Dinamarca,1300.0
Portalegre,2022,Eslováquia,252.0
Portalegre,2022,Eslovénia,38.0
Portalegre,2022,Espanha,34871.0
Portalegre,2022,Estados Unidos da América,5157.0
Portalegre,2022,Estrangeiro,86529.0
Portalegre,2022,Estónia,46.0
Portalegre,2022,Federação da Rússia,240.0
Portalegre,2022,Finlândia,332.0
Portalegre,2022,França,7003.0
Portalegre,2022,Grécia,49.0
Portalegre,2022,Hungria,193.0
Portalegre,2022,Irlanda,848.0
Portalegre,2022,Israel,780.0
Portalegre,2022,Itália,1831.0
Portalegre,2022,Japão,64.0
Portalegre,2022,Letónia,76.0
Portalegre,2022,Lituânia,87.0
Portalegre,2022,Luxemburgo,284.0
Portalegre,2022,Malta,69.0
Portalegre,2022,Marrocos,72.0
Portalegre,2022,México,84.0
Portalegre,2022,Noruega,163.0
Portalegre,2022,Outros,1764.0
Portalegre,2022,Países Baixos (Reino dos),3751.0
Portalegre,2022,Polónia,690.0
Portalegre,2022,Portugal,363592.0
Portalegre,2022,Reino Unido da Grã-Bretanha e Irlanda do Norte,7329.0
Portalegre,2022,Roménia,348.0
Portalegre,2022,Suécia,1346.0
Portalegre,2022,Suíça,1668.0
Portalegre,2022,Sérvia,8.0
Portalegre,2022,Total,450121.0
Portalegre,2022,Turquia,134.0
Portalegre,2022,Ucrânia,165.0
Portalegre,2022,Áustria,500.0
Portalegre,2022,Índia,100.0
Portalegre,2023,Alemanha,5261.0
Portalegre,2023,Angola,209.0
Portalegre,2023,Argentina,229.0
Portalegre,2023,Austrália,523.0
Portalegre,2023,Brasil,5115.0
Portalegre,2023,Bulgária,197.0
Portalegre,2023,Bélgica,2712.0
Portalegre,2023,Canadá,2092.0
Portalegre,2023,China,969.0
Portalegre,2023,Chipre,175.0
Portalegre,2023,Chéquia,109.0
Portalegre,2023,Coreia (República da),145.0
Portalegre,2023,Croácia,26.0
Portalegre,2023,Dinamarca,1271.0
Portalegre,2023,Eslováquia,11.0
Portalegre,2023,Eslovénia,41.0
Portalegre,2023,Espanha,35380.0
Portalegre,2023,Estados Unidos da América,6448.0
Portalegre,2023,Estrangeiro,95579.0
Portalegre,2023,Estónia,99.0
Portalegre,2023,Federação da Rússia,281.0
Portalegre,2023,Finlândia,376.0
Portalegre,2023,França,7529.0
Portalegre,2023,Grécia,100.0
Portalegre,2023,Hungria,249.0
Portalegre,2023,Irlanda,1186.0
Portalegre,2023,Israel,735.0
Portalegre,2023,Itália,2729.0
Portalegre,2023,Japão,168.0
Portalegre,2023,Letónia,33.0
Portalegre,2023,Lituânia,83.0
Portalegre,2023,Luxemburgo,251.0
Portalegre,2023,Malta,8.0
Portalegre,2023,Marrocos,302.0
Portalegre,2023,México,194.0
Portalegre,2023,Noruega,240.0
Portalegre,2023,Outros,3506.0
Portalegre,2023,Países Baixos (Reino dos),3652.0
Portalegre,2023,Polónia,545.0
Portalegre,2023,Portugal,361959.0
Portalegre,2023,Reino Unido da Grã-Bretanha e Irlanda do Norte,8735.0
Portalegre,2023,Roménia,342.0
Portalegre,2023,Suécia,423.0
Portalegre,2023,Suíça,1954.0
Portalegre,2023,Sérvia,31.0
Portalegre,2023,Total,457538.0
Portalegre,2023,Turquia,75.0
Portalegre,2023,Ucrânia,292.0
Portalegre,2023,Áustria,365.0
Portalegre,2023,Índia,183.0
Portalegre,2024,Alemanha,5527.0
Portalegre,2024,Angola,169.0
Portalegre,2024,Argentina,183.0
Portalegre,2024,Austrália,575.0
Portalegre,2024,Brasil,4914.0
Portalegre,2024,Bulgária,142.0
Portalegre,2024,Bélgica,2479.0
Portalegre,2024,Canadá,1999.0
Portalegre,2024,China,2641.0
Portalegre,2024,Chipre,159.0
Portalegre,2024,Chéquia,186.0
Portalegre,2024,Coreia (República da),225.0
Portalegre,2024,Croácia,29.0
Portalegre,2024,Dinamarca,1835.0
Portalegre,2024,Eslováquia,22.0
Portalegre,2024,Eslovénia,61.0
Portalegre,2024,Espanha,35017.0
Portalegre,2024,Estados Unidos da América,7376.0
Portalegre,2024,Estrangeiro,98019.0
Portalegre,2024,Estónia,136.0
Portalegre,2024,Federação da Rússia,222.0
Portalegre,2024,Finlândia,335.0
Portalegre,2024,França,7518.0
Portalegre,2024,Grécia,89.0
Portalegre,2024,Hungria,325.0
Portalegre,2024,Irlanda,984.0
Portalegre,2024,Israel,828.0
Portalegre,2024,Itália,1826.0
Portalegre,2024,Japão,188.0
Portalegre,2024,Letónia,98.0
Portalegre,2024,Lituânia,53.0
Portalegre,2024,Luxemburgo,254.0
Portalegre,2024,Malta,15.0
Portalegre,2024,Marrocos,198.0
Portalegre,2024,México,178.0
Portalegre,2024,Noruega,894.0
Portalegre,2024,Outros,3283.0
Portalegre,2024,Países Baixos (Reino dos),3594.0
Portalegre,2024,Polónia,780.0
Portalegre,2024,Portugal,380664.0
Portalegre,2024,Reino Unido da Grã-Bretanha e Irlanda do Norte,9261.0
Portalegre,2024,Roménia,476.0
Portalegre,2024,Suécia,397.0
Portalegre,2024,Suíça,1393.0
Portalegre,2024,Sérvia,12.0
Portalegre,2024,Total,478683.0
Portalegre,2024,Turquia,89.0
Portalegre,2024,Ucrânia,400.0
Portalegre,2024,Áustria,392.0
Portalegre,2024,Índia,262.0
Portalegre,2025,Alemanha,4568.0
Portalegre,2025,Angola,238.0
Portalegre,2025,Argentina,160.0
Portalegre,2025,Austrália,734.0
Portalegre,2025,Brasil,4063.0
Portalegre,2025,Bulgária,122.0
Portalegre,2025,Bélgica,2964.0
Portalegre,2025,Canadá,1833.0
Portalegre,2025,China,3037.0
Portalegre,2025,Chipre,185.0
Portalegre,2025,Chéquia,346.0
Portalegre,2025,Coreia (República da),239.0
Portalegre,2025,Croácia,21.0
Portalegre,2025,Dinamarca,656.0
Portalegre,2025,Eslováquia,18.0
Portalegre,2025,Eslovénia,81.0
Portalegre,2025,Espanha,34656.0
Portalegre,2025,Estados Unidos da América,7394.0
Portalegre,2025,Estrangeiro,92201.0
Portalegre,2025,Estónia,98.0
Portalegre,2025,Federação da Rússia,337.0
Portalegre,2025,Finlândia,190.0
Portalegre,2025,França,6259.0
Portalegre,2025,Grécia,69.0
Portalegre,2025,Hungria,210.0
Portalegre,2025,Irlanda,944.0
Portalegre,2025,Israel,409.0
Portalegre,2025,Itália,1805.0
Portalegre,2025,Japão,174.0
Portalegre,2025,Letónia,59.0
Portalegre,2025,Lituânia,104.0
Portalegre,2025,Luxemburgo,386.0
Portalegre,2025,Malta,25.0
Portalegre,2025,Marrocos,76.0
Portalegre,2025,México,199.0
Portalegre,2025,Noruega,1362.0
Portalegre,2025,Outros,2551.0
Portalegre,2025,Países Baixos (Reino dos),3111.0
Portalegre,2025,Polónia,876.0
Portalegre,2025,Portugal,388274.0
Portalegre,2025,Reino Unido da Grã-Bretanha e Irlanda do Norte,8339.0
Portalegre,2025,Roménia,597.0
Portalegre,2025,Suécia,363.0
Portalegre,2025,Suíça,1317.0
Portalegre,2025,Sérvia,12.0
Portalegre,2025,Total,480475.0
Portalegre,2025,Turquia,96.0
Portalegre,2025,Ucrânia,280.0
Portalegre,2025,Áustria,425.0
Portalegre,2025,Índia,213.0
Porto,2020,Alemanha,100527.0
Porto,2020,Angola,6297.0
Porto,2020,Argentina,5112.0
Porto,2020,Austrália,4449.0
Porto,2020,Brasil,125701.0
Porto,2020,Bulgária,1926.0
Porto,2020,Bélgica,28055.0
Porto,2020,Canadá,12332.0
Porto,2020,China,13269.0
Porto,2020,Chipre,334.0
Porto,2020,Chéquia,4346.0
Porto,2020,Coreia (República da),20821.0
Porto,2020,Croácia,1669.0
Porto,2020,Dinamarca,5248.0
Porto,2020,Eslováquia,1908.0
Porto,2020,Eslovénia,1152.0
Porto,2020,Espanha,316327.0
Porto,2020,Estados Unidos da América,40063.0
Porto,2020,Estrangeiro,1191816.0
Porto,2020,Estónia,526.0
Porto,2020,Federação da Rússia,11165.0
Porto,2020,Finlândia,3133.0
Porto,2020,França,170418.0
Porto,2020,Grécia,2545.0
Porto,2020,Hungria,4895.0
Porto,2020,Irlanda,8093.0
Porto,2020,Israel,4178.0
Porto,2020,Itália,54111.0
Porto,2020,Japão,12869.0
Porto,2020,Letónia,803.0
Porto,2020,Lituânia,1190.0
Porto,2020,Luxemburgo,6524.0
Porto,2020,Malta,1819.0
Porto,2020,Marrocos,2446.0
Porto,2020,México,3234.0
Porto,2020,Noruega,1247.0
Porto,2020,Outros,40294.0
Porto,2020,Países Baixos (Reino dos),35186.0
Porto,2020,Polónia,19657.0
Porto,2020,Portugal,1151114.0
Porto,2020,Reino Unido da Grã-Bretanha e Irlanda do Norte,65867.0
Porto,2020,Roménia,6388.0
Porto,2020,Suécia,4823.0
Porto,2020,Suíça,23448.0
Porto,2020,Sérvia,787.0
Porto,2020,Total,2342930.0
Porto,2020,Turquia,4284.0
Porto,2020,Ucrânia,4509.0
Porto,2020,Áustria,4864.0
Porto,2020,Índia,2977.0
Porto,2021,Alemanha,139115.0
Porto,2021,Angola,4953.0
Porto,2021,Argentina,3298.0
Porto,2021,Austrália,3020.0
Porto,2021,Brasil,95765.0
Porto,2021,Bulgária,4457.0
Porto,2021,Bélgica,53596.0
Porto,2021,Canadá,14024.0
Porto,2021,China,6172.0
Porto,2021,Chipre,683.0
Porto,2021,Chéquia,10125.0
Porto,2021,Coreia (República da),3639.0
Porto,2021,Croácia,2591.0
Porto,2021,Dinamarca,19840.0
Porto,2021,Eslováquia,3710.0
Porto,2021,Eslovénia,3791.0
Porto,2021,Espanha,525120.0
Porto,2021,Estados Unidos da América,112880.0
Porto,2021,Estrangeiro,1860245.0
Porto,2021,Estónia,2893.0
Porto,2021,Federação da Rússia,6806.0
Porto,2021,Finlândia,7186.0
Porto,2021,França,281824.0
Porto,2021,Grécia,5560.0
Porto,2021,Hungria,11472.0
Porto,2021,Irlanda,19533.0
Porto,2021,Israel,18260.0
Porto,2021,Itália,86749.0
Porto,2021,Japão,2936.0
Porto,2021,Letónia,2329.0
Porto,2021,Lituânia,3188.0
Porto,2021,Luxemburgo,10943.0
Porto,2021,Malta,4061.0
Porto,2021,Marrocos,2679.0
Porto,2021,México,6822.0
Porto,2021,Noruega,3408.0
Porto,2021,Outros,57252.0
Porto,2021,Países Baixos (Reino dos),74410.0
Porto,2021,Polónia,41356.0
Porto,2021,Portugal,1519602.0
Porto,2021,Reino Unido da Grã-Bretanha e Irlanda do Norte,97890.0
Porto,2021,Roménia,13121.0
Porto,2021,Suécia,9622.0
Porto,2021,Suíça,49132.0
Porto,2021,Sérvia,1444.0
Porto,2021,Total,3379847.0
Porto,2021,Turquia,4882.0
Porto,2021,Ucrânia,7586.0
Porto,2021,Áustria,16542.0
Porto,2021,Índia,3580.0
Porto,2022,Alemanha,387563.0
Porto,2022,Angola,12133.0
Porto,2022,Argentina,31370.0
Porto,2022,Austrália,36939.0
Porto,2022,Brasil,413669.0
Porto,2022,Bulgária,12299.0
Porto,2022,Bélgica,109777.0
Porto,2022,Canadá,126833.0
Porto,2022,China,26693.0
Porto,2022,Chipre,2267.0
Porto,2022,Chéquia,24379.0
Porto,2022,Coreia (República da),30730.0
Porto,2022,Croácia,9094.0
Porto,2022,Dinamarca,54259.0
Porto,2022,Eslováquia,8407.0
Porto,2022,Eslovénia,8200.0
Porto,2022,Espanha,1036834.0
Porto,2022,Estados Unidos da América,558327.0
Porto,2022,Estrangeiro,5238174.0
Porto,2022,Estónia,7901.0
Porto,2022,Federação da Rússia,20108.0
Porto,2022,Finlândia,21982.0
Porto,2022,França,689270.0
Porto,2022,Grécia,16830.0
Porto,2022,Hungria,20833.0
Porto,2022,Irlanda,60925.0
Porto,2022,Israel,69162.0
Porto,2022,Itália,237432.0
Porto,2022,Japão,10147.0
Porto,2022,Letónia,5412.0
Porto,2022,Lituânia,9351.0
Porto,2022,Luxemburgo,20496.0
Porto,2022,Malta,6987.0
Porto,2022,Marrocos,9613.0
Porto,2022,México,35117.0
Porto,2022,Noruega,19148.0
Porto,2022,Outros,202958.0
Porto,2022,Países Baixos (Reino dos),164043.0
Porto,2022,Polónia,69480.0
Porto,2022,Portugal,2221567.0
Porto,2022,Reino Unido da Grã-Bretanha e Irlanda do Norte,369021.0
Porto,2022,Roménia,29320.0
Porto,2022,Suécia,28752.0
Porto,2022,Suíça,119823.0
Porto,2022,Sérvia,3999.0
Porto,2022,Total,7459741.0
Porto,2022,Turquia,22158.0
Porto,2022,Ucrânia,23054.0
Porto,2022,Áustria,37996.0
Porto,2022,Índia,17083.0
Porto,2023,Alemanha,451537.0
Porto,2023,Angola,17617.0
Porto,2023,Argentina,45492.0
Porto,2023,Austrália,90230.0
Porto,2023,Brasil,461726.0
Porto,2023,Bulgária,15875.0
Porto,2023,Bélgica,117381.0
Porto,2023,Canadá,202857.0
Porto,2023,China,61583.0
Porto,2023,Chipre,3793.0
Porto,2023,Chéquia,31658.0
Porto,2023,Coreia (República da),69060.0
Porto,2023,Croácia,9878.0
Porto,2023,Dinamarca,61183.0
Porto,2023,Eslováquia,12625.0
Porto,2023,Eslovénia,8483.0
Porto,2023,Espanha,1130082.0
Porto,2023,Estados Unidos da América,773093.0
Porto,2023,Estrangeiro,6433883.0
Porto,2023,Estónia,7253.0
Porto,2023,Federação da Rússia,26072.0
Porto,2023,Finlândia,18547.0
Porto,2023,França,762144.0
Porto,2023,Grécia,24509.0
Porto,2023,Hungria,22844.0
Porto,2023,Irlanda,92343.0
Porto,2023,Israel,87256.0
Porto,2023,Itália,302410.0
Porto,2023,Japão,24042.0
Porto,2023,Letónia,8748.0
Porto,2023,Lituânia,9558.0
Porto,2023,Luxemburgo,24242.0
Porto,2023,Malta,6623.0
Porto,2023,Marrocos,13114.0
Porto,2023,México,43916.0
Porto,2023,Noruega,22743.0
Porto,2023,Outros,289913.0
Porto,2023,Países Baixos (Reino dos),170051.0
Porto,2023,Polónia,88939.0
Porto,2023,Portugal,2396748.0
Porto,2023,Reino Unido da Grã-Bretanha e Irlanda do Norte,470066.0
Porto,2023,Roménia,38195.0
Porto,2023,Suécia,33806.0
Porto,2023,Suíça,139914.0
Porto,2023,Sérvia,5273.0
Porto,2023,Total,8830631.0
Porto,2023,Turquia,26013.0
Porto,2023,Ucrânia,27736.0
Porto,2023,Áustria,56315.0
Porto,2023,Índia,27145.0
Porto,2024,Alemanha,499670.0
Porto,2024,Angola,18014.0
Porto,2024,Argentina,40790.0
Porto,2024,Austrália,96358.0
Porto,2024,Brasil,463636.0
Porto,2024,Bulgária,16754.0
Porto,2024,Bélgica,120911.0
Porto,2024,Canadá,242627.0
Porto,2024,China,85090.0
Porto,2024,Chipre,4795.0
Porto,2024,Chéquia,31907.0
Porto,2024,Coreia (República da),103514.0
Porto,2024,Croácia,12209.0
Porto,2024,Dinamarca,67287.0
Porto,2024,Eslováquia,12555.0
Porto,2024,Eslovénia,10068.0
Porto,2024,Espanha,1124991.0
Porto,2024,Estados Unidos da América,914173.0
Porto,2024,Estrangeiro,6977779.0
Porto,2024,Estónia,8263.0
Porto,2024,Federação da Rússia,26835.0
Porto,2024,Finlândia,21639.0
Porto,2024,França,761671.0
Porto,2024,Grécia,28161.0
Porto,2024,Hungria,21805.0
Porto,2024,Irlanda,102689.0
Porto,2024,Israel,60608.0
Porto,2024,Itália,322144.0
Porto,2024,Japão,36839.0
Porto,2024,Letónia,8308.0
Porto,2024,Lituânia,12025.0
Porto,2024,Luxemburgo,23877.0
Porto,2024,Malta,7450.0
Porto,2024,Marrocos,19616.0
Porto,2024,México,48777.0
Porto,2024,Noruega,29307.0
Porto,2024,Outros,338989.0
Porto,2024,Países Baixos (Reino dos),186796.0
Porto,2024,Polónia,105841.0
Porto,2024,Portugal,2500531.0
Porto,2024,Reino Unido da Grã-Bretanha e Irlanda do Norte,542804.0
Porto,2024,Roménia,40837.0
Porto,2024,Suécia,43101.0
Porto,2024,Suíça,148151.0
Porto,2024,Sérvia,11363.0
Porto,2024,Total,9478310.0
Porto,2024,Turquia,34542.0
Porto,2024,Ucrânia,27961.0
Porto,2024,Áustria,59291.0
Porto,2024,Índia,32740.0
Porto,2025,Alemanha,527675.0
Porto,2025,Angola,20527.0
Porto,2025,Argentina,47100.0
Porto,2025,Austrália,99527.0
Porto,2025,Brasil,438763.0
Porto,2025,Bulgária,15702.0
Porto,2025,Bélgica,130934.0
Porto,2025,Canadá,265514.0
Porto,2025,China,114469.0
Porto,2025,Chipre,6119.0
Porto,2025,Chéquia,33220.0
Porto,2025,Coreia (República da),154953.0
Porto,2025,Croácia,15320.0
Porto,2025,Dinamarca,62694.0
Porto,2025,Eslováquia,13440.0
Porto,2025,Eslovénia,10451.0
Porto,2025,Espanha,1084294.0
Porto,2025,Estados Unidos da América,973284.0
Porto,2025,Estrangeiro,7318995.0
Porto,2025,Estónia,9037.0
Porto,2025,Federação da Rússia,30197.0
Porto,2025,Finlândia,22072.0
Porto,2025,França,717933.0
Porto,2025,Grécia,32672.0
Porto,2025,Hungria,21584.0
Porto,2025,Irlanda,111718.0
Porto,2025,Israel,61260.0
Porto,2025,Itália,329949.0
Porto,2025,Japão,48015.0
Porto,2025,Letónia,10262.0
Porto,2025,Lituânia,13606.0
Porto,2025,Luxemburgo,26466.0
Porto,2025,Malta,7125.0
Porto,2025,Marrocos,19712.0
Porto,2025,México,50766.0
Porto,2025,Noruega,33290.0
Porto,2025,Outros,379334.0
Porto,2025,Países Baixos (Reino dos),207161.0
Porto,2025,Polónia,119730.0
Porto,2025,Portugal,2617354.0
Porto,2025,Reino Unido da Grã-Bretanha e Irlanda do Norte,613851.0
Porto,2025,Roménia,41749.0
Porto,2025,Suécia,53159.0
Porto,2025,Suíça,151106.0
Porto,2025,Sérvia,10975.0
Porto,2025,Total,9936349.0
Porto,2025,Turquia,44379.0
Porto,2025,Ucrânia,33358.0
Porto,2025,Áustria,65747.0
Porto,2025,Índia,38796.0
Região Autónoma da Madeira,2020,Alemanha,568842.0
Região Autónoma da Madeira,2020,Angola,226.0
Região Autónoma da Madeira,2020,Argentina,565.0
Região Autónoma da Madeira,2020,Austrália,2227.0
Região Autónoma da Madeira,2020,Brasil,9171.0
Região Autónoma da Madeira,2020,Bulgária,922.0
Região Autónoma da Madeira,2020,Bélgica,34600.0
Região Autónoma da Madeira,2020,Canadá,8130.0
Região Autónoma da Madeira,2020,China,1476.0
Região Autónoma da Madeira,2020,Chipre,135.0
Região Autónoma da Madeira,2020,Chéquia,17545.0
Região Autónoma da Madeira,2020,Coreia (República da),264.0
Região Autónoma da Madeira,2020,Croácia,884.0
Região Autónoma da Madeira,2020,Dinamarca,80805.0
Região Autónoma da Madeira,2020,Eslováquia,1540.0
Região Autónoma da Madeira,2020,Eslovénia,1947.0
Região Autónoma da Madeira,2020,Espanha,24959.0
Região Autónoma da Madeira,2020,Estados Unidos da América,12022.0
Região Autónoma da Madeira,2020,Estrangeiro,1910592.0
Região Autónoma da Madeira,2020,Estónia,1189.0
Região Autónoma da Madeira,2020,Federação da Rússia,12776.0
Região Autónoma da Madeira,2020,Finlândia,50009.0
Região Autónoma da Madeira,2020,França,113753.0
Região Autónoma da Madeira,2020,Grécia,623.0
Região Autónoma da Madeira,2020,Hungria,6311.0
Região Autónoma da Madeira,2020,Irlanda,8357.0
Região Autónoma da Madeira,2020,Israel,2213.0
Região Autónoma da Madeira,2020,Itália,13684.0
Região Autónoma da Madeira,2020,Japão,989.0
Região Autónoma da Madeira,2020,Letónia,1297.0
Região Autónoma da Madeira,2020,Lituânia,3752.0
Região Autónoma da Madeira,2020,Luxemburgo,12488.0
Região Autónoma da Madeira,2020,Malta,178.0
Região Autónoma da Madeira,2020,Marrocos,311.0
Região Autónoma da Madeira,2020,México,201.0
Região Autónoma da Madeira,2020,Noruega,23196.0
Região Autónoma da Madeira,2020,Outros,11848.0
Região Autónoma da Madeira,2020,Países Baixos (Reino dos),75386.0
Região Autónoma da Madeira,2020,Polónia,84923.0
Região Autónoma da Madeira,2020,Portugal,530944.0
Região Autónoma da Madeira,2020,Reino Unido da Grã-Bretanha e Irlanda do Norte,602609.0
Região Autónoma da Madeira,2020,Roménia,5397.0
Região Autónoma da Madeira,2020,Suécia,61313.0
Região Autónoma da Madeira,2020,Suíça,29608.0
Região Autónoma da Madeira,2020,Sérvia,429.0
Região Autónoma da Madeira,2020,Total,2441536.0
Região Autónoma da Madeira,2020,Turquia,778.0
Região Autónoma da Madeira,2020,Ucrânia,3946.0
Região Autónoma da Madeira,2020,Áustria,16205.0
Região Autónoma da Madeira,2020,Índia,563.0
Região Autónoma da Madeira,2021,Alemanha,692933.0
Região Autónoma da Madeira,2021,Angola,376.0
Região Autónoma da Madeira,2021,Argentina,662.0
Região Autónoma da Madeira,2021,Austrália,3595.0
Região Autónoma da Madeira,2021,Brasil,13743.0
Região Autónoma da Madeira,2021,Bulgária,3949.0
Região Autónoma da Madeira,2021,Bélgica,70885.0
Região Autónoma da Madeira,2021,Canadá,7543.0
Região Autónoma da Madeira,2021,China,2725.0
Região Autónoma da Madeira,2021,Chipre,482.0
Região Autónoma da Madeira,2021,Chéquia,90508.0
Região Autónoma da Madeira,2021,Coreia (República da),1402.0
Região Autónoma da Madeira,2021,Croácia,2595.0
Região Autónoma da Madeira,2021,Dinamarca,87345.0
Região Autónoma da Madeira,2021,Eslováquia,6801.0
Região Autónoma da Madeira,2021,Eslovénia,11440.0
Região Autónoma da Madeira,2021,Espanha,88116.0
Região Autónoma da Madeira,2021,Estados Unidos da América,33958.0
Região Autónoma da Madeira,2021,Estrangeiro,3283016.0
Região Autónoma da Madeira,2021,Estónia,4254.0
Região Autónoma da Madeira,2021,Federação da Rússia,11167.0
Região Autónoma da Madeira,2021,Finlândia,62559.0
Região Autónoma da Madeira,2021,França,260190.0
Região Autónoma da Madeira,2021,Grécia,2980.0
Região Autónoma da Madeira,2021,Hungria,14966.0
Região Autónoma da Madeira,2021,Irlanda,14215.0
Região Autónoma da Madeira,2021,Israel,3788.0
Região Autónoma da Madeira,2021,Itália,29398.0
Região Autónoma da Madeira,2021,Japão,788.0
Região Autónoma da Madeira,2021,Letónia,9914.0
Região Autónoma da Madeira,2021,Lituânia,68684.0
Região Autónoma da Madeira,2021,Luxemburgo,30819.0
Região Autónoma da Madeira,2021,Malta,719.0
Região Autónoma da Madeira,2021,Marrocos,308.0
Região Autónoma da Madeira,2021,México,436.0
Região Autónoma da Madeira,2021,Noruega,20261.0
Região Autónoma da Madeira,2021,Outros,22893.0
Região Autónoma da Madeira,2021,Países Baixos (Reino dos),154631.0
Região Autónoma da Madeira,2021,Polónia,273485.0
Região Autónoma da Madeira,2021,Portugal,1112749.0
Região Autónoma da Madeira,2021,Reino Unido da Grã-Bretanha e Irlanda do Norte,924008.0
Região Autónoma da Madeira,2021,Roménia,35492.0
Região Autónoma da Madeira,2021,Suécia,45200.0
Região Autónoma da Madeira,2021,Suíça,71928.0
Região Autónoma da Madeira,2021,Sérvia,443.0
Região Autónoma da Madeira,2021,Total,4395765.0
Região Autónoma da Madeira,2021,Turquia,1216.0
Região Autónoma da Madeira,2021,Ucrânia,62353.0
Região Autónoma da Madeira,2021,Áustria,34744.0
Região Autónoma da Madeira,2021,Índia,2119.0
Região Autónoma da Madeira,2022,Alemanha,1657694.0
Região Autónoma da Madeira,2022,Angola,1016.0
Região Autónoma da Madeira,2022,Argentina,1390.0
Região Autónoma da Madeira,2022,Austrália,7140.0
Região Autónoma da Madeira,2022,Brasil,36194.0
Região Autónoma da Madeira,2022,Bulgária,6239.0
Região Autónoma da Madeira,2022,Bélgica,143152.0
Região Autónoma da Madeira,2022,Canadá,36593.0
Região Autónoma da Madeira,2022,China,5765.0
Região Autónoma da Madeira,2022,Chipre,635.0
Região Autónoma da Madeira,2022,Chéquia,160413.0
Região Autónoma da Madeira,2022,Coreia (República da),2096.0
Região Autónoma da Madeira,2022,Croácia,4502.0
Região Autónoma da Madeira,2022,Dinamarca,182068.0
Região Autónoma da Madeira,2022,Eslováquia,17215.0
Região Autónoma da Madeira,2022,Eslovénia,17522.0
Região Autónoma da Madeira,2022,Espanha,187767.0
Região Autónoma da Madeira,2022,Estados Unidos da América,104553.0
Região Autónoma da Madeira,2022,Estrangeiro,6880086.0
Região Autónoma da Madeira,2022,Estónia,14131.0
Região Autónoma da Madeira,2022,Federação da Rússia,22609.0
Região Autónoma da Madeira,2022,Finlândia,181744.0
Região Autónoma da Madeira,2022,França,553253.0
Região Autónoma da Madeira,2022,Grécia,4746.0
Região Autónoma da Madeira,2022,Hungria,36499.0
Região Autónoma da Madeira,2022,Irlanda,69546.0
Região Autónoma da Madeira,2022,Israel,14116.0
Região Autónoma da Madeira,2022,Itália,91380.0
Região Autónoma da Madeira,2022,Japão,2506.0
Região Autónoma da Madeira,2022,Letónia,15845.0
Região Autónoma da Madeira,2022,Lituânia,110929.0
Região Autónoma da Madeira,2022,Luxemburgo,30740.0
Região Autónoma da Madeira,2022,Malta,1142.0
Região Autónoma da Madeira,2022,Marrocos,1395.0
Região Autónoma da Madeira,2022,México,1615.0
Região Autónoma da Madeira,2022,Noruega,76636.0
Região Autónoma da Madeira,2022,Outros,57354.0
Região Autónoma da Madeira,2022,Países Baixos (Reino dos),292503.0
Região Autónoma da Madeira,2022,Polónia,412868.0
Região Autónoma da Madeira,2022,Portugal,1500447.0
Região Autónoma da Madeira,2022,Reino Unido da Grã-Bretanha e Irlanda do Norte,1897010.0
Região Autónoma da Madeira,2022,Roménia,47037.0
Região Autónoma da Madeira,2022,Suécia,107922.0
Região Autónoma da Madeira,2022,Suíça,119248.0
Região Autónoma da Madeira,2022,Sérvia,1534.0
Região Autónoma da Madeira,2022,Total,8380533.0
Região Autónoma da Madeira,2022,Turquia,2879.0
Região Autónoma da Madeira,2022,Ucrânia,38603.0
Região Autónoma da Madeira,2022,Áustria,98992.0
Região Autónoma da Madeira,2022,Índia,3350.0
Região Autónoma da Madeira,2023,Alemanha,1897436.0
Região Autónoma da Madeira,2023,Angola,1340.0
Região Autónoma da Madeira,2023,Argentina,1178.0
Região Autónoma da Madeira,2023,Austrália,14403.0
Região Autónoma da Madeira,2023,Brasil,40903.0
Região Autónoma da Madeira,2023,Bulgária,8411.0
Região Autónoma da Madeira,2023,Bélgica,162678.0
Região Autónoma da Madeira,2023,Canadá,63415.0
Região Autónoma da Madeira,2023,China,6229.0
Região Autónoma da Madeira,2023,Chipre,1193.0
Região Autónoma da Madeira,2023,Chéquia,210264.0
Região Autónoma da Madeira,2023,Coreia (República da),1339.0
Região Autónoma da Madeira,2023,Croácia,6411.0
Região Autónoma da Madeira,2023,Dinamarca,187417.0
Região Autónoma da Madeira,2023,Eslováquia,32529.0
Região Autónoma da Madeira,2023,Eslovénia,22913.0
Região Autónoma da Madeira,2023,Espanha,229274.0
Região Autónoma da Madeira,2023,Estados Unidos da América,151905.0
Região Autónoma da Madeira,2023,Estrangeiro,7778282.0
Região Autónoma da Madeira,2023,Estónia,13450.0
Região Autónoma da Madeira,2023,Federação da Rússia,20965.0
Região Autónoma da Madeira,2023,Finlândia,159033.0
Região Autónoma da Madeira,2023,França,607123.0
Região Autónoma da Madeira,2023,Grécia,4504.0
Região Autónoma da Madeira,2023,Hungria,80576.0
Região Autónoma da Madeira,2023,Irlanda,79928.0
Região Autónoma da Madeira,2023,Israel,18400.0
Região Autónoma da Madeira,2023,Itália,143680.0
Região Autónoma da Madeira,2023,Japão,2092.0
Região Autónoma da Madeira,2023,Letónia,22618.0
Região Autónoma da Madeira,2023,Lituânia,115708.0
Região Autónoma da Madeira,2023,Luxemburgo,30541.0
Região Autónoma da Madeira,2023,Malta,2121.0
Região Autónoma da Madeira,2023,Marrocos,1295.0
Região Autónoma da Madeira,2023,México,1882.0
Região Autónoma da Madeira,2023,Noruega,76664.0
Região Autónoma da Madeira,2023,Outros,67468.0
Região Autónoma da Madeira,2023,Países Baixos (Reino dos),320948.0
Região Autónoma da Madeira,2023,Polónia,504599.0
Região Autónoma da Madeira,2023,Portugal,1465688.0
Região Autónoma da Madeira,2023,Reino Unido da Grã-Bretanha e Irlanda do Norte,1967204.0
Região Autónoma da Madeira,2023,Roménia,57052.0
Região Autónoma da Madeira,2023,Suécia,113098.0
Região Autónoma da Madeira,2023,Suíça,139912.0
Região Autónoma da Madeira,2023,Sérvia,2751.0
Região Autónoma da Madeira,2023,Total,9243970.0
Região Autónoma da Madeira,2023,Turquia,2722.0
Região Autónoma da Madeira,2023,Ucrânia,51204.0
Região Autónoma da Madeira,2023,Áustria,126723.0
Região Autónoma da Madeira,2023,Índia,4783.0
Região Autónoma da Madeira,2024,Alemanha,1968461.0
Região Autónoma da Madeira,2024,Angola,1099.0
Região Autónoma da Madeira,2024,Argentina,1685.0
Região Autónoma da Madeira,2024,Austrália,15680.0
Região Autónoma da Madeira,2024,Brasil,36595.0
Região Autónoma da Madeira,2024,Bulgária,9828.0
Região Autónoma da Madeira,2024,Bélgica,184962.0
Região Autónoma da Madeira,2024,Canadá,91848.0
Região Autónoma da Madeira,2024,China,5755.0
Região Autónoma da Madeira,2024,Chipre,2137.0
Região Autónoma da Madeira,2024,Chéquia,208135.0
Região Autónoma da Madeira,2024,Coreia (República da),1246.0
Região Autónoma da Madeira,2024,Croácia,8241.0
Região Autónoma da Madeira,2024,Dinamarca,207596.0
Região Autónoma da Madeira,2024,Eslováquia,37691.0
Região Autónoma da Madeira,2024,Eslovénia,21239.0
Região Autónoma da Madeira,2024,Espanha,231221.0
Região Autónoma da Madeira,2024,Estados Unidos da América,192625.0
Região Autónoma da Madeira,2024,Estrangeiro,8175466.0
Região Autónoma da Madeira,2024,Estónia,13986.0
Região Autónoma da Madeira,2024,Federação da Rússia,21893.0
Região Autónoma da Madeira,2024,Finlândia,154437.0
Região Autónoma da Madeira,2024,França,660661.0
Região Autónoma da Madeira,2024,Grécia,5360.0
Região Autónoma da Madeira,2024,Hungria,75753.0
Região Autónoma da Madeira,2024,Irlanda,68886.0
Região Autónoma da Madeira,2024,Israel,13952.0
Região Autónoma da Madeira,2024,Itália,147339.0
Região Autónoma da Madeira,2024,Japão,1970.0
Região Autónoma da Madeira,2024,Letónia,23469.0
Região Autónoma da Madeira,2024,Lituânia,65940.0
Região Autónoma da Madeira,2024,Luxemburgo,27328.0
Região Autónoma da Madeira,2024,Malta,2308.0
Região Autónoma da Madeira,2024,Marrocos,1838.0
Região Autónoma da Madeira,2024,México,2975.0
Região Autónoma da Madeira,2024,Noruega,91469.0
Região Autónoma da Madeira,2024,Outros,84796.0
Região Autónoma da Madeira,2024,Países Baixos (Reino dos),400511.0
Região Autónoma da Madeira,2024,Polónia,579868.0
Região Autónoma da Madeira,2024,Portugal,1377051.0
Região Autónoma da Madeira,2024,Reino Unido da Grã-Bretanha e Irlanda do Norte,1950931.0
Região Autónoma da Madeira,2024,Roménia,66313.0
Região Autónoma da Madeira,2024,Suécia,109506.0
Região Autónoma da Madeira,2024,Suíça,163262.0
Região Autónoma da Madeira,2024,Sérvia,4179.0
Região Autónoma da Madeira,2024,Total,9552517.0
Região Autónoma da Madeira,2024,Turquia,3357.0
Região Autónoma da Madeira,2024,Ucrânia,63847.0
Região Autónoma da Madeira,2024,Áustria,138244.0
Região Autónoma da Madeira,2024,Índia,5044.0
Região Autónoma da Madeira,2025,Alemanha,1966488.0
Região Autónoma da Madeira,2025,Angola,1624.0
Região Autónoma da Madeira,2025,Argentina,1687.0
Região Autónoma da Madeira,2025,Austrália,15711.0
Região Autónoma da Madeira,2025,Brasil,32620.0
Região Autónoma da Madeira,2025,Bulgária,10916.0
Região Autónoma da Madeira,2025,Bélgica,193684.0
Região Autónoma da Madeira,2025,Canadá,94590.0
Região Autónoma da Madeira,2025,China,7127.0
Região Autónoma da Madeira,2025,Chipre,1349.0
Região Autónoma da Madeira,2025,Chéquia,186256.0
Região Autónoma da Madeira,2025,Coreia (República da),2253.0
Região Autónoma da Madeira,2025,Croácia,9229.0
Região Autónoma da Madeira,2025,Dinamarca,198034.0
Região Autónoma da Madeira,2025,Eslováquia,37130.0
Região Autónoma da Madeira,2025,Eslovénia,21562.0
Região Autónoma da Madeira,2025,Espanha,197470.0
Região Autónoma da Madeira,2025,Estados Unidos da América,202572.0
Região Autónoma da Madeira,2025,Estrangeiro,8250048.0
Região Autónoma da Madeira,2025,Estónia,20584.0
Região Autónoma da Madeira,2025,Federação da Rússia,22002.0
Região Autónoma da Madeira,2025,Finlândia,187443.0
Região Autónoma da Madeira,2025,França,627378.0
Região Autónoma da Madeira,2025,Grécia,9599.0
Região Autónoma da Madeira,2025,Hungria,72433.0
Região Autónoma da Madeira,2025,Irlanda,118631.0
Região Autónoma da Madeira,2025,Israel,22400.0
Região Autónoma da Madeira,2025,Itália,126137.0
Região Autónoma da Madeira,2025,Japão,2332.0
Região Autónoma da Madeira,2025,Letónia,28050.0
Região Autónoma da Madeira,2025,Lituânia,58778.0
Região Autónoma da Madeira,2025,Luxemburgo,25934.0
Região Autónoma da Madeira,2025,Malta,2838.0
Região Autónoma da Madeira,2025,Marrocos,2368.0
Região Autónoma da Madeira,2025,México,2768.0
Região Autónoma da Madeira,2025,Noruega,80488.0
Região Autónoma da Madeira,2025,Outros,95554.0
Região Autónoma da Madeira,2025,Países Baixos (Reino dos),413374.0
Região Autónoma da Madeira,2025,Polónia,679210.0
Região Autónoma da Madeira,2025,Portugal,1676705.0
Região Autónoma da Madeira,2025,Reino Unido da Grã-Bretanha e Irlanda do Norte,1891464.0
Região Autónoma da Madeira,2025,Roménia,70787.0
Região Autónoma da Madeira,2025,Suécia,117986.0
Região Autónoma da Madeira,2025,Suíça,164542.0
Região Autónoma da Madeira,2025,Sérvia,4294.0
Região Autónoma da Madeira,2025,Total,9926753.0
Região Autónoma da Madeira,2025,Turquia,3269.0
Região Autónoma da Madeira,2025,Ucrânia,77930.0
Região Autónoma da Madeira,2025,Áustria,133846.0
Região Autónoma da Madeira,2025,Índia,7327.0
Região Autónoma dos Açores,2020,Alemanha,39957.0
Região Autónoma dos Açores,2020,Angola,101.0
Região Autónoma dos Açores,2020,Argentina,95.0
Região Autónoma dos Açores,2020,Austrália,329.0
Região Autónoma dos Açores,2020,Brasil,3951.0
Região Autónoma dos Açores,2020,Bulgária,591.0
Região Autónoma dos Açores,2020,Bélgica,5362.0
Região Autónoma dos Açores,2020,Canadá,19905.0
Região Autónoma dos Açores,2020,China,625.0
Região Autónoma dos Açores,2020,Chipre,47.0
Região Autónoma dos Açores,2020,Chéquia,2468.0
Região Autónoma dos Açores,2020,Coreia (República da),57.0
Região Autónoma dos Açores,2020,Croácia,170.0
Região Autónoma dos Açores,2020,Dinamarca,1650.0
Região Autónoma dos Açores,2020,Eslováquia,861.0
Região Autónoma dos Açores,2020,Eslovénia,406.0
Região Autónoma dos Açores,2020,Espanha,18705.0
Região Autónoma dos Açores,2020,Estados Unidos da América,26503.0
Região Autónoma dos Açores,2020,Estrangeiro,185525.0
Região Autónoma dos Açores,2020,Estónia,229.0
Região Autónoma dos Açores,2020,Federação da Rússia,2566.0
Região Autónoma dos Açores,2020,Finlândia,1131.0
Região Autónoma dos Açores,2020,França,13615.0
Região Autónoma dos Açores,2020,Grécia,284.0
Região Autónoma dos Açores,2020,Hungria,1889.0
Região Autónoma dos Açores,2020,Irlanda,965.0
Região Autónoma dos Açores,2020,Israel,426.0
Região Autónoma dos Açores,2020,Itália,7823.0
Região Autónoma dos Açores,2020,Japão,171.0
Região Autónoma dos Açores,2020,Letónia,458.0
Região Autónoma dos Açores,2020,Lituânia,410.0
Região Autónoma dos Açores,2020,Luxemburgo,876.0
Região Autónoma dos Açores,2020,Malta,311.0
Região Autónoma dos Açores,2020,Marrocos,100.0
Região Autónoma dos Açores,2020,México,124.0
Região Autónoma dos Açores,2020,Noruega,495.0
Região Autónoma dos Açores,2020,Outros,3740.0
Região Autónoma dos Açores,2020,Países Baixos (Reino dos),4443.0
Região Autónoma dos Açores,2020,Polónia,3250.0
Região Autónoma dos Açores,2020,Portugal,444797.0
Região Autónoma dos Açores,2020,Reino Unido da Grã-Bretanha e Irlanda do Norte,8953.0
Região Autónoma dos Açores,2020,Roménia,1403.0
Região Autónoma dos Açores,2020,Suécia,1094.0
Região Autónoma dos Açores,2020,Suíça,5775.0
Região Autónoma dos Açores,2020,Sérvia,63.0
Região Autónoma dos Açores,2020,Total,630322.0
Região Autónoma dos Açores,2020,Turquia,92.0
Região Autónoma dos Açores,2020,Ucrânia,997.0
Região Autónoma dos Açores,2020,Áustria,1594.0
Região Autónoma dos Açores,2020,Índia,465.0
Região Autónoma dos Açores,2021,Alemanha,72961.0
Região Autónoma dos Açores,2021,Angola,94.0
Região Autónoma dos Açores,2021,Argentina,112.0
Região Autónoma dos Açores,2021,Austrália,830.0
Região Autónoma dos Açores,2021,Brasil,3834.0
Região Autónoma dos Açores,2021,Bulgária,1694.0
Região Autónoma dos Açores,2021,Bélgica,21064.0
Região Autónoma dos Açores,2021,Canadá,8917.0
Região Autónoma dos Açores,2021,China,1019.0
Região Autónoma dos Açores,2021,Chipre,84.0
Região Autónoma dos Açores,2021,Chéquia,7724.0
Região Autónoma dos Açores,2021,Coreia (República da),117.0
Região Autónoma dos Açores,2021,Croácia,520.0
Região Autónoma dos Açores,2021,Dinamarca,24962.0
Região Autónoma dos Açores,2021,Eslováquia,4232.0
Região Autónoma dos Açores,2021,Eslovénia,3239.0
Região Autónoma dos Açores,2021,Espanha,60913.0
Região Autónoma dos Açores,2021,Estados Unidos da América,49523.0
Região Autónoma dos Açores,2021,Estrangeiro,503020.0
Região Autónoma dos Açores,2021,Estónia,1266.0
Região Autónoma dos Açores,2021,Federação da Rússia,2416.0
Região Autónoma dos Açores,2021,Finlândia,1551.0
Região Autónoma dos Açores,2021,França,64311.0
Região Autónoma dos Açores,2021,Grécia,983.0
Região Autónoma dos Açores,2021,Hungria,6085.0
Região Autónoma dos Açores,2021,Irlanda,2672.0
Região Autónoma dos Açores,2021,Israel,3796.0
Região Autónoma dos Açores,2021,Itália,38901.0
Região Autónoma dos Açores,2021,Japão,268.0
Região Autónoma dos Açores,2021,Letónia,2639.0
Região Autónoma dos Açores,2021,Lituânia,1792.0
Região Autónoma dos Açores,2021,Luxemburgo,1905.0
Região Autónoma dos Açores,2021,Malta,1358.0
Região Autónoma dos Açores,2021,Marrocos,144.0
Região Autónoma dos Açores,2021,México,229.0
Região Autónoma dos Açores,2021,Noruega,1394.0
Região Autónoma dos Açores,2021,Outros,9213.0
Região Autónoma dos Açores,2021,Países Baixos (Reino dos),31686.0
Região Autónoma dos Açores,2021,Polónia,10885.0
Região Autónoma dos Açores,2021,Portugal,897113.0
Região Autónoma dos Açores,2021,Reino Unido da Grã-Bretanha e Irlanda do Norte,17744.0
Região Autónoma dos Açores,2021,Roménia,3822.0
Região Autónoma dos Açores,2021,Suécia,3116.0
Região Autónoma dos Açores,2021,Suíça,20624.0
Região Autónoma dos Açores,2021,Sérvia,226.0
Região Autónoma dos Açores,2021,Total,1400133.0
Região Autónoma dos Açores,2021,Turquia,435.0
Região Autónoma dos Açores,2021,Ucrânia,2914.0
Região Autónoma dos Açores,2021,Áustria,8458.0
Região Autónoma dos Açores,2021,Índia,348.0
Região Autónoma dos Açores,2022,Alemanha,232453.0
Região Autónoma dos Açores,2022,Angola,408.0
Região Autónoma dos Açores,2022,Argentina,496.0
Região Autónoma dos Açores,2022,Austrália,2494.0
Região Autónoma dos Açores,2022,Brasil,10434.0
Região Autónoma dos Açores,2022,Bulgária,2538.0
Região Autónoma dos Açores,2022,Bélgica,47951.0
Região Autónoma dos Açores,2022,Canadá,73119.0
Região Autónoma dos Açores,2022,China,2357.0
Região Autónoma dos Açores,2022,Chipre,473.0
Região Autónoma dos Açores,2022,Chéquia,17528.0
Região Autónoma dos Açores,2022,Coreia (República da),510.0
Região Autónoma dos Açores,2022,Croácia,1585.0
Região Autónoma dos Açores,2022,Dinamarca,54873.0
Região Autónoma dos Açores,2022,Eslováquia,9862.0
Região Autónoma dos Açores,2022,Eslovénia,10662.0
Região Autónoma dos Açores,2022,Espanha,126927.0
Região Autónoma dos Açores,2022,Estados Unidos da América,196641.0
Região Autónoma dos Açores,2022,Estrangeiro,1325847.0
Região Autónoma dos Açores,2022,Estónia,3113.0
Região Autónoma dos Açores,2022,Federação da Rússia,4310.0
Região Autónoma dos Açores,2022,Finlândia,4714.0
Região Autónoma dos Açores,2022,França,120503.0
Região Autónoma dos Açores,2022,Grécia,1855.0
Região Autónoma dos Açores,2022,Hungria,11612.0
Região Autónoma dos Açores,2022,Irlanda,7077.0
Região Autónoma dos Açores,2022,Israel,17039.0
Região Autónoma dos Açores,2022,Itália,70137.0
Região Autónoma dos Açores,2022,Japão,633.0
Região Autónoma dos Açores,2022,Letónia,3203.0
Região Autónoma dos Açores,2022,Lituânia,3772.0
Região Autónoma dos Açores,2022,Luxemburgo,3493.0
Região Autónoma dos Açores,2022,Malta,2136.0
Região Autónoma dos Açores,2022,Marrocos,387.0
Região Autónoma dos Açores,2022,México,608.0
Região Autónoma dos Açores,2022,Noruega,3746.0
Região Autónoma dos Açores,2022,Outros,16498.0
Região Autónoma dos Açores,2022,Países Baixos (Reino dos),78246.0
Região Autónoma dos Açores,2022,Polónia,21038.0
Região Autónoma dos Açores,2022,Portugal,1042342.0
Região Autónoma dos Açores,2022,Reino Unido da Grã-Bretanha e Irlanda do Norte,60502.0
Região Autónoma dos Açores,2022,Roménia,6189.0
Região Autónoma dos Açores,2022,Suécia,10247.0
Região Autónoma dos Açores,2022,Suíça,48570.0
Região Autónoma dos Açores,2022,Sérvia,518.0
Região Autónoma dos Açores,2022,Total,2368189.0
Região Autónoma dos Açores,2022,Turquia,828.0
Região Autónoma dos Açores,2022,Ucrânia,5750.0
Região Autónoma dos Açores,2022,Áustria,26673.0
Região Autónoma dos Açores,2022,Índia,1139.0
Região Autónoma dos Açores,2023,Alemanha,268911.0
Região Autónoma dos Açores,2023,Angola,959.0
Região Autónoma dos Açores,2023,Argentina,857.0
Região Autónoma dos Açores,2023,Austrália,3578.0
Região Autónoma dos Açores,2023,Brasil,13248.0
Região Autónoma dos Açores,2023,Bulgária,2511.0
Região Autónoma dos Açores,2023,Bélgica,50192.0
Região Autónoma dos Açores,2023,Canadá,103206.0
Região Autónoma dos Açores,2023,China,2557.0
Região Autónoma dos Açores,2023,Chipre,405.0
Região Autónoma dos Açores,2023,Chéquia,24009.0
Região Autónoma dos Açores,2023,Coreia (República da),373.0
Região Autónoma dos Açores,2023,Croácia,1781.0
Região Autónoma dos Açores,2023,Dinamarca,42519.0
Região Autónoma dos Açores,2023,Eslováquia,8180.0
Região Autónoma dos Açores,2023,Eslovénia,10356.0
Região Autónoma dos Açores,2023,Espanha,186672.0
Região Autónoma dos Açores,2023,Estados Unidos da América,277770.0
Região Autónoma dos Açores,2023,Estrangeiro,1602480.0
Região Autónoma dos Açores,2023,Estónia,2747.0
Região Autónoma dos Açores,2023,Federação da Rússia,6624.0
Região Autónoma dos Açores,2023,Finlândia,6631.0
Região Autónoma dos Açores,2023,França,146472.0
Região Autónoma dos Açores,2023,Grécia,2368.0
Região Autónoma dos Açores,2023,Hungria,11181.0
Região Autónoma dos Açores,2023,Irlanda,7140.0
Região Autónoma dos Açores,2023,Israel,15409.0
Região Autónoma dos Açores,2023,Itália,72351.0
Região Autónoma dos Açores,2023,Japão,948.0
Região Autónoma dos Açores,2023,Letónia,3683.0
Região Autónoma dos Açores,2023,Lituânia,4117.0
Região Autónoma dos Açores,2023,Luxemburgo,4001.0
Região Autónoma dos Açores,2023,Malta,3022.0
Região Autónoma dos Açores,2023,Marrocos,537.0
Região Autónoma dos Açores,2023,México,1073.0
Região Autónoma dos Açores,2023,Noruega,5357.0
Região Autónoma dos Açores,2023,Outros,19880.0
Região Autónoma dos Açores,2023,Países Baixos (Reino dos),78415.0
Região Autónoma dos Açores,2023,Polónia,24203.0
Região Autónoma dos Açores,2023,Portugal,1028342.0
Região Autónoma dos Açores,2023,Reino Unido da Grã-Bretanha e Irlanda do Norte,60868.0
Região Autónoma dos Açores,2023,Roménia,7786.0
Região Autónoma dos Açores,2023,Suécia,11491.0
Região Autónoma dos Açores,2023,Suíça,67111.0
Região Autónoma dos Açores,2023,Sérvia,663.0
Região Autónoma dos Açores,2023,Total,2630822.0
Região Autónoma dos Açores,2023,Turquia,1056.0
Região Autónoma dos Açores,2023,Ucrânia,8841.0
Região Autónoma dos Açores,2023,Áustria,29003.0
Região Autónoma dos Açores,2023,Índia,1418.0
Região Autónoma dos Açores,2024,Alemanha,285692.0
Região Autónoma dos Açores,2024,Angola,2147.0
Região Autónoma dos Açores,2024,Argentina,887.0
Região Autónoma dos Açores,2024,Austrália,4205.0
Região Autónoma dos Açores,2024,Brasil,14704.0
Região Autónoma dos Açores,2024,Bulgária,3076.0
Região Autónoma dos Açores,2024,Bélgica,54680.0
Região Autónoma dos Açores,2024,Canadá,123601.0
Região Autónoma dos Açores,2024,China,3749.0
Região Autónoma dos Açores,2024,Chipre,809.0
Região Autónoma dos Açores,2024,Chéquia,37337.0
Região Autónoma dos Açores,2024,Coreia (República da),461.0
Região Autónoma dos Açores,2024,Croácia,2131.0
Região Autónoma dos Açores,2024,Dinamarca,40249.0
Região Autónoma dos Açores,2024,Eslováquia,12003.0
Região Autónoma dos Açores,2024,Eslovénia,12961.0
Região Autónoma dos Açores,2024,Espanha,239179.0
Região Autónoma dos Açores,2024,Estados Unidos da América,322865.0
Região Autónoma dos Açores,2024,Estrangeiro,1842851.0
Região Autónoma dos Açores,2024,Estónia,3356.0
Região Autónoma dos Açores,2024,Federação da Rússia,7433.0
Região Autónoma dos Açores,2024,Finlândia,5223.0
Região Autónoma dos Açores,2024,França,147867.0
Região Autónoma dos Açores,2024,Grécia,2848.0
Região Autónoma dos Açores,2024,Hungria,10860.0
Região Autónoma dos Açores,2024,Irlanda,8274.0
Região Autónoma dos Açores,2024,Israel,12930.0
Região Autónoma dos Açores,2024,Itália,87123.0
Região Autónoma dos Açores,2024,Japão,885.0
Região Autónoma dos Açores,2024,Letónia,3743.0
Região Autónoma dos Açores,2024,Lituânia,5643.0
Região Autónoma dos Açores,2024,Luxemburgo,6173.0
Região Autónoma dos Açores,2024,Malta,3327.0
Região Autónoma dos Açores,2024,Marrocos,410.0
Região Autónoma dos Açores,2024,México,955.0
Região Autónoma dos Açores,2024,Noruega,5700.0
Região Autónoma dos Açores,2024,Outros,28464.0
Região Autónoma dos Açores,2024,Países Baixos (Reino dos),97964.0
Região Autónoma dos Açores,2024,Polónia,35739.0
Região Autónoma dos Açores,2024,Portugal,1043248.0
Região Autónoma dos Açores,2024,Reino Unido da Grã-Bretanha e Irlanda do Norte,71102.0
Região Autónoma dos Açores,2024,Roménia,8610.0
Região Autónoma dos Açores,2024,Suécia,9496.0
Região Autónoma dos Açores,2024,Suíça,73693.0
Região Autónoma dos Açores,2024,Sérvia,760.0
Região Autónoma dos Açores,2024,Total,2886099.0
Região Autónoma dos Açores,2024,Turquia,1113.0
Região Autónoma dos Açores,2024,Ucrânia,8525.0
Região Autónoma dos Açores,2024,Áustria,31464.0
Região Autónoma dos Açores,2024,Índia,2435.0
Região Autónoma dos Açores,2025,Alemanha,310008.0
Região Autónoma dos Açores,2025,Angola,737.0
Região Autónoma dos Açores,2025,Argentina,932.0
Região Autónoma dos Açores,2025,Austrália,4576.0
Região Autónoma dos Açores,2025,Brasil,14992.0
Região Autónoma dos Açores,2025,Bulgária,2303.0
Região Autónoma dos Açores,2025,Bélgica,50381.0
Região Autónoma dos Açores,2025,Canadá,131261.0
Região Autónoma dos Açores,2025,China,4892.0
Região Autónoma dos Açores,2025,Chipre,762.0
Região Autónoma dos Açores,2025,Chéquia,44806.0
Região Autónoma dos Açores,2025,Coreia (República da),600.0
Região Autónoma dos Açores,2025,Croácia,3207.0
Região Autónoma dos Açores,2025,Dinamarca,38715.0
Região Autónoma dos Açores,2025,Eslováquia,11896.0
Região Autónoma dos Açores,2025,Eslovénia,9162.0
Região Autónoma dos Açores,2025,Espanha,234440.0
Região Autónoma dos Açores,2025,Estados Unidos da América,330288.0
Região Autónoma dos Açores,2025,Estrangeiro,1920876.0
Região Autónoma dos Açores,2025,Estónia,3312.0
Região Autónoma dos Açores,2025,Federação da Rússia,7943.0
Região Autónoma dos Açores,2025,Finlândia,5604.0
Região Autónoma dos Açores,2025,França,146909.0
Região Autónoma dos Açores,2025,Grécia,3533.0
Região Autónoma dos Açores,2025,Hungria,14219.0
Região Autónoma dos Açores,2025,Irlanda,9166.0
Região Autónoma dos Açores,2025,Israel,19946.0
Região Autónoma dos Açores,2025,Itália,88047.0
Região Autónoma dos Açores,2025,Japão,802.0
Região Autónoma dos Açores,2025,Letónia,4786.0
Região Autónoma dos Açores,2025,Lituânia,7422.0
Região Autónoma dos Açores,2025,Luxemburgo,5051.0
Região Autónoma dos Açores,2025,Malta,2993.0
Região Autónoma dos Açores,2025,Marrocos,600.0
Região Autónoma dos Açores,2025,México,1117.0
Região Autónoma dos Açores,2025,Noruega,7176.0
Região Autónoma dos Açores,2025,Outros,26040.0
Região Autónoma dos Açores,2025,Países Baixos (Reino dos),93259.0
Região Autónoma dos Açores,2025,Polónia,51219.0
Região Autónoma dos Açores,2025,Portugal,1036133.0
Região Autónoma dos Açores,2025,Reino Unido da Grã-Bretanha e Irlanda do Norte,75539.0
Região Autónoma dos Açores,2025,Roménia,9017.0
Região Autónoma dos Açores,2025,Suécia,10539.0
Região Autónoma dos Açores,2025,Suíça,79788.0
Região Autónoma dos Açores,2025,Sérvia,1322.0
Região Autónoma dos Açores,2025,Total,2957009.0
Região Autónoma dos Açores,2025,Turquia,1796.0
Região Autónoma dos Açores,2025,Ucrânia,9427.0
Região Autónoma dos Açores,2025,Áustria,38209.0
Região Autónoma dos Açores,2025,Índia,2137.0
Santarém,2020,Alemanha,5662.0
Santarém,2020,Angola,385.0
Santarém,2020,Argentina,374.0
Santarém,2020,Austrália,331.0
Santarém,2020,Brasil,11392.0
Santarém,2020,Bulgária,770.0
Santarém,2020,Bélgica,1740.0
Santarém,2020,Canadá,1077.0
Santarém,2020,China,942.0
Santarém,2020,Chipre,27.0
Santarém,2020,Chéquia,557.0
Santarém,2020,Coreia (República da),14686.0
Santarém,2020,Croácia,322.0
Santarém,2020,Dinamarca,397.0
Santarém,2020,Eslováquia,291.0
Santarém,2020,Eslovénia,139.0
Santarém,2020,Espanha,40816.0
Santarém,2020,Estados Unidos da América,4482.0
Santarém,2020,Estrangeiro,131730.0
Santarém,2020,Estónia,57.0
Santarém,2020,Federação da Rússia,527.0
Santarém,2020,Finlândia,272.0
Santarém,2020,França,10018.0
Santarém,2020,Grécia,105.0
Santarém,2020,Hungria,494.0
Santarém,2020,Irlanda,1466.0
Santarém,2020,Israel,290.0
Santarém,2020,Itália,7278.0
Santarém,2020,Japão,875.0
Santarém,2020,Letónia,119.0
Santarém,2020,Lituânia,70.0
Santarém,2020,Luxemburgo,274.0
Santarém,2020,Malta,10.0
Santarém,2020,Marrocos,128.0
Santarém,2020,México,199.0
Santarém,2020,Noruega,49.0
Santarém,2020,Outros,5168.0
Santarém,2020,Países Baixos (Reino dos),2285.0
Santarém,2020,Polónia,8548.0
Santarém,2020,Portugal,345653.0
Santarém,2020,Reino Unido da Grã-Bretanha e Irlanda do Norte,3394.0
Santarém,2020,Roménia,2353.0
Santarém,2020,Suécia,569.0
Santarém,2020,Suíça,1186.0
Santarém,2020,Sérvia,7.0
Santarém,2020,Total,477383.0
Santarém,2020,Turquia,160.0
Santarém,2020,Ucrânia,508.0
Santarém,2020,Áustria,322.0
Santarém,2020,Índia,609.0
Santarém,2021,Alemanha,7270.0
Santarém,2021,Angola,374.0
Santarém,2021,Argentina,251.0
Santarém,2021,Austrália,118.0
Santarém,2021,Brasil,8703.0
Santarém,2021,Bulgária,297.0
Santarém,2021,Bélgica,3060.0
Santarém,2021,Canadá,901.0
Santarém,2021,China,271.0
Santarém,2021,Chipre,36.0
Santarém,2021,Chéquia,465.0
Santarém,2021,Coreia (República da),258.0
Santarém,2021,Croácia,332.0
Santarém,2021,Dinamarca,735.0
Santarém,2021,Eslováquia,411.0
Santarém,2021,Eslovénia,361.0
Santarém,2021,Espanha,77640.0
Santarém,2021,Estados Unidos da América,8766.0
Santarém,2021,Estrangeiro,185018.0
Santarém,2021,Estónia,174.0
Santarém,2021,Federação da Rússia,591.0
Santarém,2021,Finlândia,523.0
Santarém,2021,França,16287.0
Santarém,2021,Grécia,211.0
Santarém,2021,Hungria,528.0
Santarém,2021,Irlanda,2147.0
Santarém,2021,Israel,825.0
Santarém,2021,Itália,12507.0
Santarém,2021,Japão,102.0
Santarém,2021,Letónia,988.0
Santarém,2021,Lituânia,696.0
Santarém,2021,Luxemburgo,446.0
Santarém,2021,Malta,274.0
Santarém,2021,Marrocos,121.0
Santarém,2021,México,664.0
Santarém,2021,Noruega,177.0
Santarém,2021,Outros,5338.0
Santarém,2021,Países Baixos (Reino dos),3757.0
Santarém,2021,Polónia,17331.0
Santarém,2021,Portugal,498610.0
Santarém,2021,Reino Unido da Grã-Bretanha e Irlanda do Norte,4347.0
Santarém,2021,Roménia,1224.0
Santarém,2021,Suécia,760.0
Santarém,2021,Suíça,2281.0
Santarém,2021,Sérvia,13.0
Santarém,2021,Total,683628.0
Santarém,2021,Turquia,178.0
Santarém,2021,Ucrânia,683.0
Santarém,2021,Áustria,1144.0
Santarém,2021,Índia,452.0
Santarém,2022,Alemanha,15953.0
Santarém,2022,Angola,1546.0
Santarém,2022,Argentina,2441.0
Santarém,2022,Austrália,2207.0
Santarém,2022,Brasil,46278.0
Santarém,2022,Bulgária,612.0
Santarém,2022,Bélgica,6275.0
Santarém,2022,Canadá,7482.0
Santarém,2022,China,1198.0
Santarém,2022,Chipre,91.0
Santarém,2022,Chéquia,2319.0
Santarém,2022,Coreia (República da),14456.0
Santarém,2022,Croácia,1939.0
Santarém,2022,Dinamarca,1526.0
Santarém,2022,Eslováquia,1070.0
Santarém,2022,Eslovénia,1368.0
Santarém,2022,Espanha,227289.0
Santarém,2022,Estados Unidos da América,45841.0
Santarém,2022,Estrangeiro,624192.0
Santarém,2022,Estónia,275.0
Santarém,2022,Federação da Rússia,899.0
Santarém,2022,Finlândia,813.0
Santarém,2022,França,45453.0
Santarém,2022,Grécia,756.0
Santarém,2022,Hungria,3450.0
Santarém,2022,Irlanda,10337.0
Santarém,2022,Israel,7333.0
Santarém,2022,Itália,40738.0
Santarém,2022,Japão,412.0
Santarém,2022,Letónia,2032.0
Santarém,2022,Lituânia,931.0
Santarém,2022,Luxemburgo,930.0
Santarém,2022,Malta,1525.0
Santarém,2022,Marrocos,444.0
Santarém,2022,México,4051.0
Santarém,2022,Noruega,1322.0
Santarém,2022,Outros,24534.0
Santarém,2022,Países Baixos (Reino dos),8689.0
Santarém,2022,Polónia,53606.0
Santarém,2022,Portugal,716938.0
Santarém,2022,Reino Unido da Grã-Bretanha e Irlanda do Norte,16313.0
Santarém,2022,Roménia,3267.0
Santarém,2022,Suécia,1290.0
Santarém,2022,Suíça,5574.0
Santarém,2022,Sérvia,99.0
Santarém,2022,Total,1341130.0
Santarém,2022,Turquia,791.0
Santarém,2022,Ucrânia,2126.0
Santarém,2022,Áustria,3489.0
Santarém,2022,Índia,2822.0
Santarém,2023,Alemanha,21076.0
Santarém,2023,Angola,4664.0
Santarém,2023,Argentina,3714.0
Santarém,2023,Austrália,8527.0
Santarém,2023,Brasil,68970.0
Santarém,2023,Bulgária,3212.0
Santarém,2023,Bélgica,9101.0
Santarém,2023,Canadá,15982.0
Santarém,2023,China,4671.0
Santarém,2023,Chipre,50.0
Santarém,2023,Chéquia,2663.0
Santarém,2023,Coreia (República da),58886.0
Santarém,2023,Croácia,2575.0
Santarém,2023,Dinamarca,2399.0
Santarém,2023,Eslováquia,3423.0
Santarém,2023,Eslovénia,2473.0
Santarém,2023,Espanha,273613.0
Santarém,2023,Estados Unidos da América,83905.0
Santarém,2023,Estrangeiro,917647.0
Santarém,2023,Estónia,1169.0
Santarém,2023,Federação da Rússia,1101.0
Santarém,2023,Finlândia,1464.0
Santarém,2023,França,52471.0
Santarém,2023,Grécia,562.0
Santarém,2023,Hungria,3552.0
Santarém,2023,Irlanda,13429.0
Santarém,2023,Israel,15294.0
Santarém,2023,Itália,61149.0
Santarém,2023,Japão,1563.0
Santarém,2023,Letónia,980.0
Santarém,2023,Lituânia,3317.0
Santarém,2023,Luxemburgo,881.0
Santarém,2023,Malta,2544.0
Santarém,2023,Marrocos,277.0
Santarém,2023,México,7236.0
Santarém,2023,Noruega,951.0
Santarém,2023,Outros,48673.0
Santarém,2023,Países Baixos (Reino dos),11187.0
Santarém,2023,Polónia,68487.0
Santarém,2023,Portugal,776895.0
Santarém,2023,Reino Unido da Grã-Bretanha e Irlanda do Norte,22315.0
Santarém,2023,Roménia,6251.0
Santarém,2023,Suécia,1926.0
Santarém,2023,Suíça,7018.0
Santarém,2023,Sérvia,150.0
Santarém,2023,Total,1694542.0
Santarém,2023,Turquia,479.0
Santarém,2023,Ucrânia,2407.0
Santarém,2023,Áustria,5263.0
Santarém,2023,Índia,5647.0
Santarém,2024,Alemanha,23936.0
Santarém,2024,Angola,4385.0
Santarém,2024,Argentina,3734.0
Santarém,2024,Austrália,5348.0
Santarém,2024,Brasil,68189.0
Santarém,2024,Bulgária,2577.0
Santarém,2024,Bélgica,11988.0
Santarém,2024,Canadá,18734.0
Santarém,2024,China,6159.0
Santarém,2024,Chipre,97.0
Santarém,2024,Chéquia,3236.0
Santarém,2024,Coreia (República da),65872.0
Santarém,2024,Croácia,7314.0
Santarém,2024,Dinamarca,2645.0
Santarém,2024,Eslováquia,3679.0
Santarém,2024,Eslovénia,1798.0
Santarém,2024,Espanha,295168.0
Santarém,2024,Estados Unidos da América,95408.0
Santarém,2024,Estrangeiro,1048718.0
Santarém,2024,Estónia,295.0
Santarém,2024,Federação da Rússia,1093.0
Santarém,2024,Finlândia,1273.0
Santarém,2024,França,58242.0
Santarém,2024,Grécia,509.0
Santarém,2024,Hungria,4539.0
Santarém,2024,Irlanda,15487.0
Santarém,2024,Israel,7801.0
Santarém,2024,Itália,73906.0
Santarém,2024,Japão,2543.0
Santarém,2024,Letónia,2156.0
Santarém,2024,Lituânia,1941.0
Santarém,2024,Luxemburgo,1021.0
Santarém,2024,Malta,2394.0
Santarém,2024,Marrocos,527.0
Santarém,2024,México,10694.0
Santarém,2024,Noruega,868.0
Santarém,2024,Outros,60759.0
Santarém,2024,Países Baixos (Reino dos),12289.0
Santarém,2024,Polónia,112282.0
Santarém,2024,Portugal,824066.0
Santarém,2024,Reino Unido da Grã-Bretanha e Irlanda do Norte,23673.0
Santarém,2024,Roménia,7870.0
Santarém,2024,Suécia,1572.0
Santarém,2024,Suíça,7926.0
Santarém,2024,Sérvia,102.0
Santarém,2024,Total,1872784.0
Santarém,2024,Turquia,819.0
Santarém,2024,Ucrânia,3080.0
Santarém,2024,Áustria,5300.0
Santarém,2024,Índia,7490.0
Santarém,2025,Alemanha,24615.0
Santarém,2025,Angola,3493.0
Santarém,2025,Argentina,4503.0
Santarém,2025,Austrália,6789.0
Santarém,2025,Brasil,65705.0
Santarém,2025,Bulgária,1634.0
Santarém,2025,Bélgica,9850.0
Santarém,2025,Canadá,18787.0
Santarém,2025,China,7732.0
Santarém,2025,Chipre,126.0
Santarém,2025,Chéquia,2560.0
Santarém,2025,Coreia (República da),58097.0
Santarém,2025,Croácia,5673.0
Santarém,2025,Dinamarca,4723.0
Santarém,2025,Eslováquia,3588.0
Santarém,2025,Eslovénia,2204.0
Santarém,2025,Espanha,259063.0
Santarém,2025,Estados Unidos da América,91727.0
Santarém,2025,Estrangeiro,1007498.0
Santarém,2025,Estónia,352.0
Santarém,2025,Federação da Rússia,1540.0
Santarém,2025,Finlândia,1876.0
Santarém,2025,França,58491.0
Santarém,2025,Grécia,378.0
Santarém,2025,Hungria,5307.0
Santarém,2025,Irlanda,16147.0
Santarém,2025,Israel,8026.0
Santarém,2025,Itália,60921.0
Santarém,2025,Japão,3517.0
Santarém,2025,Letónia,870.0
Santarém,2025,Lituânia,2148.0
Santarém,2025,Luxemburgo,1339.0
Santarém,2025,Malta,1912.0
Santarém,2025,Marrocos,471.0
Santarém,2025,México,8924.0
Santarém,2025,Noruega,1323.0
Santarém,2025,Outros,87843.0
Santarém,2025,Países Baixos (Reino dos),12144.0
Santarém,2025,Polónia,102769.0
Santarém,2025,Portugal,886715.0
Santarém,2025,Reino Unido da Grã-Bretanha e Irlanda do Norte,23626.0
Santarém,2025,Roménia,8269.0
Santarém,2025,Suécia,1569.0
Santarém,2025,Suíça,8668.0
Santarém,2025,Sérvia,225.0
Santarém,2025,Total,1894213.0
Santarém,2025,Turquia,942.0
Santarém,2025,Ucrânia,3210.0
Santarém,2025,Áustria,5052.0
Santarém,2025,Índia,8770.0
Setúbal,2020,Alemanha,29127.0
Setúbal,2020,Angola,950.0
Setúbal,2020,Argentina,521.0
Setúbal,2020,Austrália,687.0
Setúbal,2020,Brasil,11941.0
Setúbal,2020,Bulgária,665.0
Setúbal,2020,Bélgica,9963.0
Setúbal,2020,Canadá,1465.0
Setúbal,2020,China,10485.0
Setúbal,2020,Chipre,95.0
Setúbal,2020,Chéquia,806.0
Setúbal,2020,Coreia (República da),4014.0
Setúbal,2020,Croácia,1457.0
Setúbal,2020,Dinamarca,2275.0
Setúbal,2020,Eslováquia,245.0
Setúbal,2020,Eslovénia,116.0
Setúbal,2020,Espanha,88830.0
Setúbal,2020,Estados Unidos da América,5351.0
Setúbal,2020,Estrangeiro,300507.0
Setúbal,2020,Estónia,214.0
Setúbal,2020,Federação da Rússia,1722.0
Setúbal,2020,Finlândia,1586.0
Setúbal,2020,França,37779.0
Setúbal,2020,Grécia,1830.0
Setúbal,2020,Hungria,783.0
Setúbal,2020,Irlanda,2539.0
Setúbal,2020,Israel,520.0
Setúbal,2020,Itália,9691.0
Setúbal,2020,Japão,2415.0
Setúbal,2020,Letónia,407.0
Setúbal,2020,Lituânia,471.0
Setúbal,2020,Luxemburgo,2185.0
Setúbal,2020,Malta,48.0
Setúbal,2020,Marrocos,392.0
Setúbal,2020,México,412.0
Setúbal,2020,Noruega,2421.0
Setúbal,2020,Outros,8064.0
Setúbal,2020,Países Baixos (Reino dos),12903.0
Setúbal,2020,Polónia,3677.0
Setúbal,2020,Portugal,862473.0
Setúbal,2020,Reino Unido da Grã-Bretanha e Irlanda do Norte,19367.0
Setúbal,2020,Roménia,2986.0
Setúbal,2020,Suécia,4066.0
Setúbal,2020,Suíça,8445.0
Setúbal,2020,Sérvia,1945.0
Setúbal,2020,Total,1162980.0
Setúbal,2020,Turquia,609.0
Setúbal,2020,Ucrânia,1294.0
Setúbal,2020,Áustria,1623.0
Setúbal,2020,Índia,1120.0
Setúbal,2021,Alemanha,39774.0
Setúbal,2021,Angola,1111.0
Setúbal,2021,Argentina,479.0
Setúbal,2021,Austrália,1098.0
Setúbal,2021,Brasil,16796.0
Setúbal,2021,Bulgária,2248.0
Setúbal,2021,Bélgica,17789.0
Setúbal,2021,Canadá,2308.0
Setúbal,2021,China,926.0
Setúbal,2021,Chipre,235.0
Setúbal,2021,Chéquia,1432.0
Setúbal,2021,Coreia (República da),2872.0
Setúbal,2021,Croácia,1152.0
Setúbal,2021,Dinamarca,6634.0
Setúbal,2021,Eslováquia,800.0
Setúbal,2021,Eslovénia,1306.0
Setúbal,2021,Espanha,112524.0
Setúbal,2021,Estados Unidos da América,13406.0
Setúbal,2021,Estrangeiro,421676.0
Setúbal,2021,Estónia,414.0
Setúbal,2021,Federação da Rússia,2733.0
Setúbal,2021,Finlândia,2647.0
Setúbal,2021,França,50203.0
Setúbal,2021,Grécia,4018.0
Setúbal,2021,Hungria,2157.0
Setúbal,2021,Irlanda,5197.0
Setúbal,2021,Israel,1108.0
Setúbal,2021,Itália,13831.0
Setúbal,2021,Japão,604.0
Setúbal,2021,Letónia,600.0
Setúbal,2021,Lituânia,608.0
Setúbal,2021,Luxemburgo,3470.0
Setúbal,2021,Malta,137.0
Setúbal,2021,Marrocos,455.0
Setúbal,2021,México,714.0
Setúbal,2021,Noruega,3517.0
Setúbal,2021,Outros,13603.0
Setúbal,2021,Países Baixos (Reino dos),20475.0
Setúbal,2021,Polónia,7202.0
Setúbal,2021,Portugal,1036122.0
Setúbal,2021,Reino Unido da Grã-Bretanha e Irlanda do Norte,29286.0
Setúbal,2021,Roménia,4700.0
Setúbal,2021,Suécia,6417.0
Setúbal,2021,Suíça,14854.0
Setúbal,2021,Sérvia,701.0
Setúbal,2021,Total,1457798.0
Setúbal,2021,Turquia,619.0
Setúbal,2021,Ucrânia,2875.0
Setúbal,2021,Áustria,3289.0
Setúbal,2021,Índia,2352.0
Setúbal,2022,Alemanha,90220.0
Setúbal,2022,Angola,2947.0
Setúbal,2022,Argentina,2220.0
Setúbal,2022,Austrália,2824.0
Setúbal,2022,Brasil,42394.0
Setúbal,2022,Bulgária,4965.0
Setúbal,2022,Bélgica,25265.0
Setúbal,2022,Canadá,13548.0
Setúbal,2022,China,5376.0
Setúbal,2022,Chipre,451.0
Setúbal,2022,Chéquia,2595.0
Setúbal,2022,Coreia (República da),5518.0
Setúbal,2022,Croácia,1469.0
Setúbal,2022,Dinamarca,13625.0
Setúbal,2022,Eslováquia,1437.0
Setúbal,2022,Eslovénia,831.0
Setúbal,2022,Espanha,192890.0
Setúbal,2022,Estados Unidos da América,49521.0
Setúbal,2022,Estrangeiro,858772.0
Setúbal,2022,Estónia,1131.0
Setúbal,2022,Federação da Rússia,4115.0
Setúbal,2022,Finlândia,8003.0
Setúbal,2022,França,85767.0
Setúbal,2022,Grécia,5525.0
Setúbal,2022,Hungria,4130.0
Setúbal,2022,Irlanda,15710.0
Setúbal,2022,Israel,3908.0
Setúbal,2022,Itália,27173.0
Setúbal,2022,Japão,1325.0
Setúbal,2022,Letónia,1447.0
Setúbal,2022,Lituânia,1906.0
Setúbal,2022,Luxemburgo,4834.0
Setúbal,2022,Malta,227.0
Setúbal,2022,Marrocos,1566.0
Setúbal,2022,México,1096.0
Setúbal,2022,Noruega,7914.0
Setúbal,2022,Outros,28203.0
Setúbal,2022,Países Baixos (Reino dos),40070.0
Setúbal,2022,Polónia,13395.0
Setúbal,2022,Portugal,1183809.0
Setúbal,2022,Reino Unido da Grã-Bretanha e Irlanda do Norte,68810.0
Setúbal,2022,Roménia,9906.0
Setúbal,2022,Suécia,16413.0
Setúbal,2022,Suíça,23974.0
Setúbal,2022,Sérvia,507.0
Setúbal,2022,Total,2042581.0
Setúbal,2022,Turquia,3490.0
Setúbal,2022,Ucrânia,7627.0
Setúbal,2022,Áustria,7779.0
Setúbal,2022,Índia,4725.0
Setúbal,2023,Alemanha,101237.0
Setúbal,2023,Angola,5006.0
Setúbal,2023,Argentina,3745.0
Setúbal,2023,Austrália,5513.0
Setúbal,2023,Brasil,45914.0
Setúbal,2023,Bulgária,10298.0
Setúbal,2023,Bélgica,23841.0
Setúbal,2023,Canadá,16990.0
Setúbal,2023,China,20489.0
Setúbal,2023,Chipre,212.0
Setúbal,2023,Chéquia,3648.0
Setúbal,2023,Coreia (República da),19813.0
Setúbal,2023,Croácia,1333.0
Setúbal,2023,Dinamarca,11549.0
Setúbal,2023,Eslováquia,1522.0
Setúbal,2023,Eslovénia,1083.0
Setúbal,2023,Espanha,223355.0
Setúbal,2023,Estados Unidos da América,70095.0
Setúbal,2023,Estrangeiro,1041550.0
Setúbal,2023,Estónia,1078.0
Setúbal,2023,Federação da Rússia,4377.0
Setúbal,2023,Finlândia,8128.0
Setúbal,2023,França,101057.0
Setúbal,2023,Grécia,5851.0
Setúbal,2023,Hungria,5904.0
Setúbal,2023,Irlanda,18203.0
Setúbal,2023,Israel,5070.0
Setúbal,2023,Itália,33589.0
Setúbal,2023,Japão,1973.0
Setúbal,2023,Letónia,1586.0
Setúbal,2023,Lituânia,2332.0
Setúbal,2023,Luxemburgo,5029.0
Setúbal,2023,Malta,407.0
Setúbal,2023,Marrocos,2437.0
Setúbal,2023,México,2078.0
Setúbal,2023,Noruega,9085.0
Setúbal,2023,Outros,38087.0
Setúbal,2023,Países Baixos (Reino dos),40219.0
Setúbal,2023,Polónia,19791.0
Setúbal,2023,Portugal,1281440.0
Setúbal,2023,Reino Unido da Grã-Bretanha e Irlanda do Norte,83360.0
Setúbal,2023,Roménia,15494.0
Setúbal,2023,Suécia,15170.0
Setúbal,2023,Suíça,28795.0
Setúbal,2023,Sérvia,815.0
Setúbal,2023,Total,2322990.0
Setúbal,2023,Turquia,4830.0
Setúbal,2023,Ucrânia,6469.0
Setúbal,2023,Áustria,8941.0
Setúbal,2023,Índia,5752.0
Setúbal,2024,Alemanha,116272.0
Setúbal,2024,Angola,3737.0
Setúbal,2024,Argentina,2701.0
Setúbal,2024,Austrália,5220.0
Setúbal,2024,Brasil,44549.0
Setúbal,2024,Bulgária,9601.0
Setúbal,2024,Bélgica,26337.0
Setúbal,2024,Canadá,22253.0
Setúbal,2024,China,43299.0
Setúbal,2024,Chipre,248.0
Setúbal,2024,Chéquia,5622.0
Setúbal,2024,Coreia (República da),22140.0
Setúbal,2024,Croácia,1791.0
Setúbal,2024,Dinamarca,10451.0
Setúbal,2024,Eslováquia,2198.0
Setúbal,2024,Eslovénia,1063.0
Setúbal,2024,Espanha,206417.0
Setúbal,2024,Estados Unidos da América,84618.0
Setúbal,2024,Estrangeiro,1128828.0
Setúbal,2024,Estónia,1740.0
Setúbal,2024,Federação da Rússia,4652.0
Setúbal,2024,Finlândia,8036.0
Setúbal,2024,França,106475.0
Setúbal,2024,Grécia,5305.0
Setúbal,2024,Hungria,5148.0
Setúbal,2024,Irlanda,20827.0
Setúbal,2024,Israel,3871.0
Setúbal,2024,Itália,36316.0
Setúbal,2024,Japão,2452.0
Setúbal,2024,Letónia,1706.0
Setúbal,2024,Lituânia,2735.0
Setúbal,2024,Luxemburgo,7014.0
Setúbal,2024,Malta,319.0
Setúbal,2024,Marrocos,2050.0
Setúbal,2024,México,2033.0
Setúbal,2024,Noruega,7508.0
Setúbal,2024,Outros,38298.0
Setúbal,2024,Países Baixos (Reino dos),48426.0
Setúbal,2024,Polónia,25207.0
Setúbal,2024,Portugal,1309955.0
Setúbal,2024,Reino Unido da Grã-Bretanha e Irlanda do Norte,103207.0
Setúbal,2024,Roménia,13104.0
Setúbal,2024,Suécia,13115.0
Setúbal,2024,Suíça,30257.0
Setúbal,2024,Sérvia,486.0
Setúbal,2024,Total,2438783.0
Setúbal,2024,Turquia,4933.0
Setúbal,2024,Ucrânia,8466.0
Setúbal,2024,Áustria,10766.0
Setúbal,2024,Índia,5859.0
Setúbal,2025,Alemanha,126607.0
Setúbal,2025,Angola,4416.0
Setúbal,2025,Argentina,2765.0
Setúbal,2025,Austrália,6564.0
Setúbal,2025,Brasil,50515.0
Setúbal,2025,Bulgária,9494.0
Setúbal,2025,Bélgica,29674.0
Setúbal,2025,Canadá,24508.0
Setúbal,2025,China,51034.0
Setúbal,2025,Chipre,502.0
Setúbal,2025,Chéquia,6670.0
Setúbal,2025,Coreia (República da),28455.0
Setúbal,2025,Croácia,1235.0
Setúbal,2025,Dinamarca,11208.0
Setúbal,2025,Eslováquia,1765.0
Setúbal,2025,Eslovénia,1069.0
Setúbal,2025,Espanha,215123.0
Setúbal,2025,Estados Unidos da América,101903.0
Setúbal,2025,Estrangeiro,1216540.0
Setúbal,2025,Estónia,1696.0
Setúbal,2025,Federação da Rússia,4263.0
Setúbal,2025,Finlândia,11028.0
Setúbal,2025,França,103000.0
Setúbal,2025,Grécia,6638.0
Setúbal,2025,Hungria,4932.0
Setúbal,2025,Irlanda,18185.0
Setúbal,2025,Israel,4083.0
Setúbal,2025,Itália,38153.0
Setúbal,2025,Japão,2021.0
Setúbal,2025,Letónia,1647.0
Setúbal,2025,Lituânia,2910.0
Setúbal,2025,Luxemburgo,6316.0
Setúbal,2025,Malta,842.0
Setúbal,2025,Marrocos,1603.0
Setúbal,2025,México,3396.0
Setúbal,2025,Noruega,11662.0
Setúbal,2025,Outros,42079.0
Setúbal,2025,Países Baixos (Reino dos),48277.0
Setúbal,2025,Polónia,24178.0
Setúbal,2025,Portugal,1379188.0
Setúbal,2025,Reino Unido da Grã-Bretanha e Irlanda do Norte,107600.0
Setúbal,2025,Roménia,12952.0
Setúbal,2025,Suécia,14276.0
Setúbal,2025,Suíça,34236.0
Setúbal,2025,Sérvia,599.0
Setúbal,2025,Total,2595728.0
Setúbal,2025,Turquia,7094.0
Setúbal,2025,Ucrânia,9971.0
Setúbal,2025,Áustria,11539.0
Setúbal,2025,Índia,7857.0
Viana do Castelo,2020,Alemanha,14326.0
Viana do Castelo,2020,Angola,145.0
Viana do Castelo,2020,Argentina,45.0
Viana do Castelo,2020,Austrália,137.0
Viana do Castelo,2020,Brasil,3037.0
Viana do Castelo,2020,Bulgária,85.0
Viana do Castelo,2020,Bélgica,3059.0
Viana do Castelo,2020,Canadá,225.0
Viana do Castelo,2020,China,70.0
Viana do Castelo,2020,Chipre,6.0
Viana do Castelo,2020,Chéquia,289.0
Viana do Castelo,2020,Coreia (República da),150.0
Viana do Castelo,2020,Croácia,227.0
Viana do Castelo,2020,Dinamarca,971.0
Viana do Castelo,2020,Eslováquia,33.0
Viana do Castelo,2020,Eslovénia,15.0
Viana do Castelo,2020,Espanha,45260.0
Viana do Castelo,2020,Estados Unidos da América,901.0
Viana do Castelo,2020,Estrangeiro,106081.0
Viana do Castelo,2020,Estónia,59.0
Viana do Castelo,2020,Federação da Rússia,318.0
Viana do Castelo,2020,Finlândia,302.0
Viana do Castelo,2020,França,14878.0
Viana do Castelo,2020,Grécia,874.0
Viana do Castelo,2020,Hungria,28.0
Viana do Castelo,2020,Irlanda,373.0
Viana do Castelo,2020,Israel,39.0
Viana do Castelo,2020,Itália,3157.0
Viana do Castelo,2020,Japão,657.0
Viana do Castelo,2020,Letónia,31.0
Viana do Castelo,2020,Lituânia,47.0
Viana do Castelo,2020,Luxemburgo,469.0
Viana do Castelo,2020,Malta,19.0
Viana do Castelo,2020,Marrocos,92.0
Viana do Castelo,2020,México,101.0
Viana do Castelo,2020,Noruega,463.0
Viana do Castelo,2020,Outros,1658.0
Viana do Castelo,2020,Países Baixos (Reino dos),4343.0
Viana do Castelo,2020,Polónia,967.0
Viana do Castelo,2020,Portugal,353455.0
Viana do Castelo,2020,Reino Unido da Grã-Bretanha e Irlanda do Norte,4123.0
Viana do Castelo,2020,Roménia,303.0
Viana do Castelo,2020,Suécia,335.0
Viana do Castelo,2020,Suíça,2468.0
Viana do Castelo,2020,Sérvia,13.0
Viana do Castelo,2020,Total,459536.0
Viana do Castelo,2020,Turquia,382.0
Viana do Castelo,2020,Ucrânia,201.0
Viana do Castelo,2020,Áustria,270.0
Viana do Castelo,2020,Índia,130.0
Viana do Castelo,2021,Alemanha,16633.0
Viana do Castelo,2021,Angola,192.0
Viana do Castelo,2021,Argentina,100.0
Viana do Castelo,2021,Austrália,149.0
Viana do Castelo,2021,Brasil,4292.0
Viana do Castelo,2021,Bulgária,156.0
Viana do Castelo,2021,Bélgica,4894.0
Viana do Castelo,2021,Canadá,550.0
Viana do Castelo,2021,China,128.0
Viana do Castelo,2021,Chipre,65.0
Viana do Castelo,2021,Chéquia,719.0
Viana do Castelo,2021,Coreia (República da),66.0
Viana do Castelo,2021,Croácia,132.0
Viana do Castelo,2021,Dinamarca,1666.0
Viana do Castelo,2021,Eslováquia,126.0
Viana do Castelo,2021,Eslovénia,136.0
Viana do Castelo,2021,Espanha,67127.0
Viana do Castelo,2021,Estados Unidos da América,3739.0
Viana do Castelo,2021,Estrangeiro,160870.0
Viana do Castelo,2021,Estónia,66.0
Viana do Castelo,2021,Federação da Rússia,235.0
Viana do Castelo,2021,Finlândia,371.0
Viana do Castelo,2021,França,24351.0
Viana do Castelo,2021,Grécia,184.0
Viana do Castelo,2021,Hungria,204.0
Viana do Castelo,2021,Irlanda,1341.0
Viana do Castelo,2021,Israel,365.0
Viana do Castelo,2021,Itália,4624.0
Viana do Castelo,2021,Japão,247.0
Viana do Castelo,2021,Letónia,56.0
Viana do Castelo,2021,Lituânia,221.0
Viana do Castelo,2021,Luxemburgo,579.0
Viana do Castelo,2021,Malta,74.0
Viana do Castelo,2021,Marrocos,69.0
Viana do Castelo,2021,México,325.0
Viana do Castelo,2021,Noruega,631.0
Viana do Castelo,2021,Outros,1761.0
Viana do Castelo,2021,Países Baixos (Reino dos),6911.0
Viana do Castelo,2021,Polónia,1859.0
Viana do Castelo,2021,Portugal,443484.0
Viana do Castelo,2021,Reino Unido da Grã-Bretanha e Irlanda do Norte,7219.0
Viana do Castelo,2021,Roménia,533.0
Viana do Castelo,2021,Suécia,586.0
Viana do Castelo,2021,Suíça,4420.0
Viana do Castelo,2021,Sérvia,12.0
Viana do Castelo,2021,Total,604354.0
Viana do Castelo,2021,Turquia,346.0
Viana do Castelo,2021,Ucrânia,347.0
Viana do Castelo,2021,Áustria,1880.0
Viana do Castelo,2021,Índia,183.0
Viana do Castelo,2022,Alemanha,43724.0
Viana do Castelo,2022,Angola,343.0
Viana do Castelo,2022,Argentina,666.0
Viana do Castelo,2022,Austrália,1689.0
Viana do Castelo,2022,Brasil,11097.0
Viana do Castelo,2022,Bulgária,234.0
Viana do Castelo,2022,Bélgica,7242.0
Viana do Castelo,2022,Canadá,5130.0
Viana do Castelo,2022,China,275.0
Viana do Castelo,2022,Chipre,25.0
Viana do Castelo,2022,Chéquia,2105.0
Viana do Castelo,2022,Coreia (República da),341.0
Viana do Castelo,2022,Croácia,453.0
Viana do Castelo,2022,Dinamarca,4114.0
Viana do Castelo,2022,Eslováquia,578.0
Viana do Castelo,2022,Eslovénia,459.0
Viana do Castelo,2022,Espanha,100866.0
Viana do Castelo,2022,Estados Unidos da América,19923.0
Viana do Castelo,2022,Estrangeiro,323281.0
Viana do Castelo,2022,Estónia,207.0
Viana do Castelo,2022,Federação da Rússia,642.0
Viana do Castelo,2022,Finlândia,1054.0
Viana do Castelo,2022,França,40149.0
Viana do Castelo,2022,Grécia,399.0
Viana do Castelo,2022,Hungria,917.0
Viana do Castelo,2022,Irlanda,4973.0
Viana do Castelo,2022,Israel,1391.0
Viana do Castelo,2022,Itália,8375.0
Viana do Castelo,2022,Japão,350.0
Viana do Castelo,2022,Letónia,237.0
Viana do Castelo,2022,Lituânia,355.0
Viana do Castelo,2022,Luxemburgo,1089.0
Viana do Castelo,2022,Malta,82.0
Viana do Castelo,2022,Marrocos,207.0
Viana do Castelo,2022,México,303.0
Viana do Castelo,2022,Noruega,1494.0
Viana do Castelo,2022,Outros,5409.0
Viana do Castelo,2022,Países Baixos (Reino dos),13326.0
Viana do Castelo,2022,Polónia,3065.0
Viana do Castelo,2022,Portugal,537494.0
Viana do Castelo,2022,Reino Unido da Grã-Bretanha e Irlanda do Norte,23914.0
Viana do Castelo,2022,Roménia,1272.0
Viana do Castelo,2022,Suécia,2075.0
Viana do Castelo,2022,Suíça,7063.0
Viana do Castelo,2022,Sérvia,52.0
Viana do Castelo,2022,Total,860775.0
Viana do Castelo,2022,Turquia,522.0
Viana do Castelo,2022,Ucrânia,1144.0
Viana do Castelo,2022,Áustria,3392.0
Viana do Castelo,2022,Índia,559.0
Viana do Castelo,2023,Alemanha,43697.0
Viana do Castelo,2023,Angola,397.0
Viana do Castelo,2023,Argentina,666.0
Viana do Castelo,2023,Austrália,4320.0
Viana do Castelo,2023,Brasil,12844.0
Viana do Castelo,2023,Bulgária,649.0
Viana do Castelo,2023,Bélgica,8736.0
Viana do Castelo,2023,Canadá,7014.0
Viana do Castelo,2023,China,2036.0
Viana do Castelo,2023,Chipre,55.0
Viana do Castelo,2023,Chéquia,2467.0
Viana do Castelo,2023,Coreia (República da),710.0
Viana do Castelo,2023,Croácia,432.0
Viana do Castelo,2023,Dinamarca,4590.0
Viana do Castelo,2023,Eslováquia,566.0
Viana do Castelo,2023,Eslovénia,404.0
Viana do Castelo,2023,Espanha,112587.0
Viana do Castelo,2023,Estados Unidos da América,20689.0
Viana do Castelo,2023,Estrangeiro,360775.0
Viana do Castelo,2023,Estónia,284.0
Viana do Castelo,2023,Federação da Rússia,865.0
Viana do Castelo,2023,Finlândia,1793.0
Viana do Castelo,2023,França,42318.0
Viana do Castelo,2023,Grécia,291.0
Viana do Castelo,2023,Hungria,1130.0
Viana do Castelo,2023,Irlanda,5976.0
Viana do Castelo,2023,Israel,1483.0
Viana do Castelo,2023,Itália,10069.0
Viana do Castelo,2023,Japão,581.0
Viana do Castelo,2023,Letónia,358.0
Viana do Castelo,2023,Lituânia,823.0
Viana do Castelo,2023,Luxemburgo,1165.0
Viana do Castelo,2023,Malta,122.0
Viana do Castelo,2023,Marrocos,233.0
Viana do Castelo,2023,México,631.0
Viana do Castelo,2023,Noruega,1525.0
Viana do Castelo,2023,Outros,7327.0
Viana do Castelo,2023,Países Baixos (Reino dos),13418.0
Viana do Castelo,2023,Polónia,4248.0
Viana do Castelo,2023,Portugal,567753.0
Viana do Castelo,2023,Reino Unido da Grã-Bretanha e Irlanda do Norte,25482.0
Viana do Castelo,2023,Roménia,1068.0
Viana do Castelo,2023,Suécia,2658.0
Viana do Castelo,2023,Suíça,8077.0
Viana do Castelo,2023,Sérvia,42.0
Viana do Castelo,2023,Total,928528.0
Viana do Castelo,2023,Turquia,395.0
Viana do Castelo,2023,Ucrânia,917.0
Viana do Castelo,2023,Áustria,3547.0
Viana do Castelo,2023,Índia,1090.0
Viana do Castelo,2024,Alemanha,49221.0
Viana do Castelo,2024,Angola,743.0
Viana do Castelo,2024,Argentina,773.0
Viana do Castelo,2024,Austrália,5614.0
Viana do Castelo,2024,Brasil,14155.0
Viana do Castelo,2024,Bulgária,615.0
Viana do Castelo,2024,Bélgica,8270.0
Viana do Castelo,2024,Canadá,7778.0
Viana do Castelo,2024,China,2359.0
Viana do Castelo,2024,Chipre,186.0
Viana do Castelo,2024,Chéquia,3726.0
Viana do Castelo,2024,Coreia (República da),1121.0
Viana do Castelo,2024,Croácia,969.0
Viana do Castelo,2024,Dinamarca,4548.0
Viana do Castelo,2024,Eslováquia,641.0
Viana do Castelo,2024,Eslovénia,447.0
Viana do Castelo,2024,Espanha,128725.0
Viana do Castelo,2024,Estados Unidos da América,28070.0
Viana do Castelo,2024,Estrangeiro,411738.0
Viana do Castelo,2024,Estónia,380.0
Viana do Castelo,2024,Federação da Rússia,833.0
Viana do Castelo,2024,Finlândia,1316.0
Viana do Castelo,2024,França,41115.0
Viana do Castelo,2024,Grécia,443.0
Viana do Castelo,2024,Hungria,1262.0
Viana do Castelo,2024,Irlanda,6830.0
Viana do Castelo,2024,Israel,1441.0
Viana do Castelo,2024,Itália,11942.0
Viana do Castelo,2024,Japão,768.0
Viana do Castelo,2024,Letónia,406.0
Viana do Castelo,2024,Lituânia,708.0
Viana do Castelo,2024,Luxemburgo,1329.0
Viana do Castelo,2024,Malta,115.0
Viana do Castelo,2024,Marrocos,307.0
Viana do Castelo,2024,México,976.0
Viana do Castelo,2024,Noruega,1813.0
Viana do Castelo,2024,Outros,8783.0
Viana do Castelo,2024,Países Baixos (Reino dos),16247.0
Viana do Castelo,2024,Polónia,5896.0
Viana do Castelo,2024,Portugal,573502.0
Viana do Castelo,2024,Reino Unido da Grã-Bretanha e Irlanda do Norte,30538.0
Viana do Castelo,2024,Roménia,1375.0
Viana do Castelo,2024,Suécia,2682.0
Viana do Castelo,2024,Suíça,8969.0
Viana do Castelo,2024,Sérvia,90.0
Viana do Castelo,2024,Total,985240.0
Viana do Castelo,2024,Turquia,619.0
Viana do Castelo,2024,Ucrânia,1404.0
Viana do Castelo,2024,Áustria,4281.0
Viana do Castelo,2024,Índia,909.0
Viana do Castelo,2025,Alemanha,48112.0
Viana do Castelo,2025,Angola,1538.0
Viana do Castelo,2025,Argentina,782.0
Viana do Castelo,2025,Austrália,6067.0
Viana do Castelo,2025,Brasil,13602.0
Viana do Castelo,2025,Bulgária,547.0
Viana do Castelo,2025,Bélgica,9220.0
Viana do Castelo,2025,Canadá,8326.0
Viana do Castelo,2025,China,2433.0
Viana do Castelo,2025,Chipre,276.0
Viana do Castelo,2025,Chéquia,3336.0
Viana do Castelo,2025,Coreia (República da),1087.0
Viana do Castelo,2025,Croácia,472.0
Viana do Castelo,2025,Dinamarca,5487.0
Viana do Castelo,2025,Eslováquia,734.0
Viana do Castelo,2025,Eslovénia,535.0
Viana do Castelo,2025,Espanha,129497.0
Viana do Castelo,2025,Estados Unidos da América,31711.0
Viana do Castelo,2025,Estrangeiro,422321.0
Viana do Castelo,2025,Estónia,352.0
Viana do Castelo,2025,Federação da Rússia,1423.0
Viana do Castelo,2025,Finlândia,1526.0
Viana do Castelo,2025,França,40353.0
Viana do Castelo,2025,Grécia,447.0
Viana do Castelo,2025,Hungria,1335.0
Viana do Castelo,2025,Irlanda,7149.0
Viana do Castelo,2025,Israel,1415.0
Viana do Castelo,2025,Itália,11520.0
Viana do Castelo,2025,Japão,926.0
Viana do Castelo,2025,Letónia,558.0
Viana do Castelo,2025,Lituânia,602.0
Viana do Castelo,2025,Luxemburgo,1216.0
Viana do Castelo,2025,Malta,98.0
Viana do Castelo,2025,Marrocos,342.0
Viana do Castelo,2025,México,1122.0
Viana do Castelo,2025,Noruega,3083.0
Viana do Castelo,2025,Outros,9788.0
Viana do Castelo,2025,Países Baixos (Reino dos),16820.0
Viana do Castelo,2025,Polónia,6639.0
Viana do Castelo,2025,Portugal,608758.0
Viana do Castelo,2025,Reino Unido da Grã-Bretanha e Irlanda do Norte,29467.0
Viana do Castelo,2025,Roménia,1548.0
Viana do Castelo,2025,Suécia,2931.0
Viana do Castelo,2025,Suíça,9043.0
Viana do Castelo,2025,Sérvia,328.0
Viana do Castelo,2025,Total,1031079.0
Viana do Castelo,2025,Turquia,666.0
Viana do Castelo,2025,Ucrânia,2192.0
Viana do Castelo,2025,Áustria,5040.0
Viana do Castelo,2025,Índia,630.0
Vila Real,2020,Alemanha,2931.0
Vila Real,2020,Angola,57.0
Vila Real,2020,Argentina,30.0
Vila Real,2020,Austrália,83.0
Vila Real,2020,Brasil,3118.0
Vila Real,2020,Bulgária,6.0
Vila Real,2020,Bélgica,1386.0
Vila Real,2020,Canadá,463.0
Vila Real,2020,China,124.0
Vila Real,2020,Chipre,9.0
Vila Real,2020,Chéquia,89.0
Vila Real,2020,Coreia (República da),92.0
Vila Real,2020,Croácia,29.0
Vila Real,2020,Dinamarca,324.0
Vila Real,2020,Eslováquia,85.0
Vila Real,2020,Eslovénia,73.0
Vila Real,2020,Espanha,17114.0
Vila Real,2020,Estados Unidos da América,1376.0
Vila Real,2020,Estrangeiro,44363.0
Vila Real,2020,Estónia,11.0
Vila Real,2020,Federação da Rússia,177.0
Vila Real,2020,Finlândia,46.0
Vila Real,2020,França,6811.0
Vila Real,2020,Grécia,7.0
Vila Real,2020,Hungria,38.0
Vila Real,2020,Irlanda,204.0
Vila Real,2020,Israel,67.0
Vila Real,2020,Itália,917.0
Vila Real,2020,Japão,69.0
Vila Real,2020,Letónia,19.0
Vila Real,2020,Lituânia,19.0
Vila Real,2020,Luxemburgo,397.0
Vila Real,2020,Malta,7.0
Vila Real,2020,Marrocos,43.0
Vila Real,2020,México,18.0
Vila Real,2020,Noruega,43.0
Vila Real,2020,Outros,1416.0
Vila Real,2020,Países Baixos (Reino dos),1524.0
Vila Real,2020,Polónia,143.0
Vila Real,2020,Portugal,293875.0
Vila Real,2020,Reino Unido da Grã-Bretanha e Irlanda do Norte,2540.0
Vila Real,2020,Roménia,258.0
Vila Real,2020,Suécia,302.0
Vila Real,2020,Suíça,1297.0
Vila Real,2020,Sérvia,6.0
Vila Real,2020,Total,338238.0
Vila Real,2020,Turquia,44.0
Vila Real,2020,Ucrânia,54.0
Vila Real,2020,Áustria,447.0
Vila Real,2020,Índia,50.0
Vila Real,2021,Alemanha,3952.0
Vila Real,2021,Angola,172.0
Vila Real,2021,Argentina,24.0
Vila Real,2021,Austrália,155.0
Vila Real,2021,Brasil,3748.0
Vila Real,2021,Bulgária,17.0
Vila Real,2021,Bélgica,2816.0
Vila Real,2021,Canadá,798.0
Vila Real,2021,China,266.0
Vila Real,2021,Chipre,9.0
Vila Real,2021,Chéquia,241.0
Vila Real,2021,Coreia (República da),67.0
Vila Real,2021,Croácia,63.0
Vila Real,2021,Dinamarca,1177.0
Vila Real,2021,Eslováquia,48.0
Vila Real,2021,Eslovénia,75.0
Vila Real,2021,Espanha,23261.0
Vila Real,2021,Estados Unidos da América,6316.0
Vila Real,2021,Estrangeiro,74226.0
Vila Real,2021,Estónia,66.0
Vila Real,2021,Federação da Rússia,257.0
Vila Real,2021,Finlândia,235.0
Vila Real,2021,França,11293.0
Vila Real,2021,Grécia,52.0
Vila Real,2021,Hungria,124.0
Vila Real,2021,Irlanda,544.0
Vila Real,2021,Israel,630.0
Vila Real,2021,Itália,1300.0
Vila Real,2021,Japão,41.0
Vila Real,2021,Letónia,50.0
Vila Real,2021,Lituânia,83.0
Vila Real,2021,Luxemburgo,768.0
Vila Real,2021,Malta,80.0
Vila Real,2021,Marrocos,100.0
Vila Real,2021,México,86.0
Vila Real,2021,Noruega,87.0
Vila Real,2021,Outros,1035.0
Vila Real,2021,Países Baixos (Reino dos),3328.0
Vila Real,2021,Polónia,493.0
Vila Real,2021,Portugal,356605.0
Vila Real,2021,Reino Unido da Grã-Bretanha e Irlanda do Norte,5685.0
Vila Real,2021,Roménia,219.0
Vila Real,2021,Suécia,863.0
Vila Real,2021,Suíça,3071.0
Vila Real,2021,Sérvia,10.0
Vila Real,2021,Total,430831.0
Vila Real,2021,Turquia,19.0
Vila Real,2021,Ucrânia,113.0
Vila Real,2021,Áustria,328.0
Vila Real,2021,Índia,61.0
Vila Real,2022,Alemanha,8697.0
Vila Real,2022,Angola,226.0
Vila Real,2022,Argentina,204.0
Vila Real,2022,Austrália,1121.0
Vila Real,2022,Brasil,11177.0
Vila Real,2022,Bulgária,109.0
Vila Real,2022,Bélgica,4461.0
Vila Real,2022,Canadá,5452.0
Vila Real,2022,China,380.0
Vila Real,2022,Chipre,23.0
Vila Real,2022,Chéquia,614.0
Vila Real,2022,Coreia (República da),94.0
Vila Real,2022,Croácia,44.0
Vila Real,2022,Dinamarca,3993.0
Vila Real,2022,Eslováquia,40.0
Vila Real,2022,Eslovénia,93.0
Vila Real,2022,Espanha,37608.0
Vila Real,2022,Estados Unidos da América,25902.0
Vila Real,2022,Estrangeiro,169540.0
Vila Real,2022,Estónia,87.0
Vila Real,2022,Federação da Rússia,232.0
Vila Real,2022,Finlândia,773.0
Vila Real,2022,França,23324.0
Vila Real,2022,Grécia,107.0
Vila Real,2022,Hungria,225.0
Vila Real,2022,Irlanda,1566.0
Vila Real,2022,Israel,2464.0
Vila Real,2022,Itália,2605.0
Vila Real,2022,Japão,85.0
Vila Real,2022,Letónia,65.0
Vila Real,2022,Lituânia,249.0
Vila Real,2022,Luxemburgo,991.0
Vila Real,2022,Malta,59.0
Vila Real,2022,Marrocos,42.0
Vila Real,2022,México,238.0
Vila Real,2022,Noruega,781.0
Vila Real,2022,Outros,2595.0
Vila Real,2022,Países Baixos (Reino dos),5704.0
Vila Real,2022,Polónia,923.0
Vila Real,2022,Portugal,439416.0
Vila Real,2022,Reino Unido da Grã-Bretanha e Irlanda do Norte,17526.0
Vila Real,2022,Roménia,342.0
Vila Real,2022,Suécia,1492.0
Vila Real,2022,Suíça,5216.0
Vila Real,2022,Sérvia,24.0
Vila Real,2022,Total,608956.0
Vila Real,2022,Turquia,86.0
Vila Real,2022,Ucrânia,490.0
Vila Real,2022,Áustria,821.0
Vila Real,2022,Índia,190.0
Vila Real,2023,Alemanha,9711.0
Vila Real,2023,Angola,306.0
Vila Real,2023,Argentina,485.0
Vila Real,2023,Austrália,2412.0
Vila Real,2023,Brasil,13259.0
Vila Real,2023,Bulgária,97.0
Vila Real,2023,Bélgica,3952.0
Vila Real,2023,Canadá,7366.0
Vila Real,2023,China,873.0
Vila Real,2023,Chipre,24.0
Vila Real,2023,Chéquia,726.0
Vila Real,2023,Coreia (República da),143.0
Vila Real,2023,Croácia,59.0
Vila Real,2023,Dinamarca,4008.0
Vila Real,2023,Eslováquia,71.0
Vila Real,2023,Eslovénia,113.0
Vila Real,2023,Espanha,41549.0
Vila Real,2023,Estados Unidos da América,31170.0
Vila Real,2023,Estrangeiro,189967.0
Vila Real,2023,Estónia,94.0
Vila Real,2023,Federação da Rússia,581.0
Vila Real,2023,Finlândia,762.0
Vila Real,2023,França,25231.0
Vila Real,2023,Grécia,107.0
Vila Real,2023,Hungria,235.0
Vila Real,2023,Irlanda,1525.0
Vila Real,2023,Israel,2589.0
Vila Real,2023,Itália,3371.0
Vila Real,2023,Japão,131.0
Vila Real,2023,Letónia,149.0
Vila Real,2023,Lituânia,176.0
Vila Real,2023,Luxemburgo,1089.0
Vila Real,2023,Malta,68.0
Vila Real,2023,Marrocos,102.0
Vila Real,2023,México,366.0
Vila Real,2023,Noruega,861.0
Vila Real,2023,Outros,3765.0
Vila Real,2023,Países Baixos (Reino dos),5756.0
Vila Real,2023,Polónia,740.0
Vila Real,2023,Portugal,459310.0
Vila Real,2023,Reino Unido da Grã-Bretanha e Irlanda do Norte,16723.0
Vila Real,2023,Roménia,416.0
Vila Real,2023,Suécia,1418.0
Vila Real,2023,Suíça,5223.0
Vila Real,2023,Sérvia,22.0
Vila Real,2023,Total,649277.0
Vila Real,2023,Turquia,103.0
Vila Real,2023,Ucrânia,429.0
Vila Real,2023,Áustria,1357.0
Vila Real,2023,Índia,254.0
Vila Real,2024,Alemanha,11483.0
Vila Real,2024,Angola,184.0
Vila Real,2024,Argentina,284.0
Vila Real,2024,Austrália,3116.0
Vila Real,2024,Brasil,12756.0
Vila Real,2024,Bulgária,217.0
Vila Real,2024,Bélgica,4157.0
Vila Real,2024,Canadá,8093.0
Vila Real,2024,China,847.0
Vila Real,2024,Chipre,16.0
Vila Real,2024,Chéquia,527.0
Vila Real,2024,Coreia (República da),412.0
Vila Real,2024,Croácia,37.0
Vila Real,2024,Dinamarca,3904.0
Vila Real,2024,Eslováquia,147.0
Vila Real,2024,Eslovénia,100.0
Vila Real,2024,Espanha,46450.0
Vila Real,2024,Estados Unidos da América,36314.0
Vila Real,2024,Estrangeiro,214260.0
Vila Real,2024,Estónia,282.0
Vila Real,2024,Federação da Rússia,419.0
Vila Real,2024,Finlândia,815.0
Vila Real,2024,França,27324.0
Vila Real,2024,Grécia,104.0
Vila Real,2024,Hungria,381.0
Vila Real,2024,Irlanda,1978.0
Vila Real,2024,Israel,2240.0
Vila Real,2024,Itália,3351.0
Vila Real,2024,Japão,176.0
Vila Real,2024,Letónia,98.0
Vila Real,2024,Lituânia,210.0
Vila Real,2024,Luxemburgo,1029.0
Vila Real,2024,Malta,162.0
Vila Real,2024,Marrocos,105.0
Vila Real,2024,México,376.0
Vila Real,2024,Noruega,989.0
Vila Real,2024,Outros,5064.0
Vila Real,2024,Países Baixos (Reino dos),7475.0
Vila Real,2024,Polónia,947.0
Vila Real,2024,Portugal,472938.0
Vila Real,2024,Reino Unido da Grã-Bretanha e Irlanda do Norte,20562.0
Vila Real,2024,Roménia,492.0
Vila Real,2024,Suécia,1620.0
Vila Real,2024,Suíça,6283.0
Vila Real,2024,Sérvia,63.0
Vila Real,2024,Total,687198.0
Vila Real,2024,Turquia,323.0
Vila Real,2024,Ucrânia,699.0
Vila Real,2024,Áustria,1380.0
Vila Real,2024,Índia,269.0
Vila Real,2025,Alemanha,12576.0
Vila Real,2025,Angola,448.0
Vila Real,2025,Argentina,302.0
Vila Real,2025,Austrália,3541.0
Vila Real,2025,Brasil,15353.0
Vila Real,2025,Bulgária,132.0
Vila Real,2025,Bélgica,4908.0
Vila Real,2025,Canadá,8317.0
Vila Real,2025,China,1193.0
Vila Real,2025,Chipre,35.0
Vila Real,2025,Chéquia,485.0
Vila Real,2025,Coreia (República da),217.0
Vila Real,2025,Croácia,83.0
Vila Real,2025,Dinamarca,4119.0
Vila Real,2025,Eslováquia,68.0
Vila Real,2025,Eslovénia,116.0
Vila Real,2025,Espanha,47279.0
Vila Real,2025,Estados Unidos da América,38565.0
Vila Real,2025,Estrangeiro,227567.0
Vila Real,2025,Estónia,234.0
Vila Real,2025,Federação da Rússia,510.0
Vila Real,2025,Finlândia,780.0
Vila Real,2025,França,25804.0
Vila Real,2025,Grécia,149.0
Vila Real,2025,Hungria,207.0
Vila Real,2025,Irlanda,2430.0
Vila Real,2025,Israel,2883.0
Vila Real,2025,Itália,3271.0
Vila Real,2025,Japão,258.0
Vila Real,2025,Letónia,202.0
Vila Real,2025,Lituânia,295.0
Vila Real,2025,Luxemburgo,1464.0
Vila Real,2025,Malta,82.0
Vila Real,2025,Marrocos,95.0
Vila Real,2025,México,523.0
Vila Real,2025,Noruega,1175.0
Vila Real,2025,Outros,5319.0
Vila Real,2025,Países Baixos (Reino dos),8914.0
Vila Real,2025,Polónia,1117.0
Vila Real,2025,Portugal,500412.0
Vila Real,2025,Reino Unido da Grã-Bretanha e Irlanda do Norte,22614.0
Vila Real,2025,Roménia,691.0
Vila Real,2025,Suécia,1705.0
Vila Real,2025,Suíça,6261.0
Vila Real,2025,Sérvia,29.0
Vila Real,2025,Total,727979.0
Vila Real,2025,Turquia,248.0
Vila Real,2025,Ucrânia,646.0
Vila Real,2025,Áustria,1560.0
Vila Real,2025,Índia,364.0
Viseu,2020,Alemanha,5141.0
Viseu,2020,Angola,78.0
Viseu,2020,Argentina,23.0
Viseu,2020,Austrália,115.0
Viseu,2020,Brasil,6912.0
Viseu,2020,Bulgária,47.0
Viseu,2020,Bélgica,1888.0
Viseu,2020,Canadá,670.0
Viseu,2020,China,2564.0
Viseu,2020,Chipre,4.0
Viseu,2020,Chéquia,216.0
Viseu,2020,Coreia (República da),64.0
Viseu,2020,Croácia,104.0
Viseu,2020,Dinamarca,521.0
Viseu,2020,Eslováquia,2.0
Viseu,2020,Eslovénia,34.0
Viseu,2020,Espanha,15638.0
Viseu,2020,Estados Unidos da América,2672.0
Viseu,2020,Estrangeiro,60228.0
Viseu,2020,Estónia,46.0
Viseu,2020,Federação da Rússia,1163.0
Viseu,2020,Finlândia,143.0
Viseu,2020,França,7198.0
Viseu,2020,Grécia,86.0
Viseu,2020,Hungria,96.0
Viseu,2020,Irlanda,269.0
Viseu,2020,Israel,121.0
Viseu,2020,Itália,2218.0
Viseu,2020,Japão,115.0
Viseu,2020,Letónia,57.0
Viseu,2020,Lituânia,250.0
Viseu,2020,Luxemburgo,684.0
Viseu,2020,Malta,24.0
Viseu,2020,Marrocos,24.0
Viseu,2020,México,139.0
Viseu,2020,Noruega,185.0
Viseu,2020,Outros,1677.0
Viseu,2020,Países Baixos (Reino dos),2012.0
Viseu,2020,Polónia,1028.0
Viseu,2020,Portugal,397846.0
Viseu,2020,Reino Unido da Grã-Bretanha e Irlanda do Norte,3357.0
Viseu,2020,Roménia,280.0
Viseu,2020,Suécia,193.0
Viseu,2020,Suíça,1798.0
Viseu,2020,Sérvia,43.0
Viseu,2020,Total,458074.0
Viseu,2020,Turquia,46.0
Viseu,2020,Ucrânia,100.0
Viseu,2020,Áustria,124.0
Viseu,2020,Índia,59.0
Viseu,2021,Alemanha,6107.0
Viseu,2021,Angola,238.0
Viseu,2021,Argentina,41.0
Viseu,2021,Austrália,200.0
Viseu,2021,Brasil,7653.0
Viseu,2021,Bulgária,89.0
Viseu,2021,Bélgica,3295.0
Viseu,2021,Canadá,661.0
Viseu,2021,China,205.0
Viseu,2021,Chipre,7.0
Viseu,2021,Chéquia,420.0
Viseu,2021,Coreia (República da),108.0
Viseu,2021,Croácia,54.0
Viseu,2021,Dinamarca,3034.0
Viseu,2021,Eslováquia,80.0
Viseu,2021,Eslovénia,147.0
Viseu,2021,Espanha,20670.0
Viseu,2021,Estados Unidos da América,9005.0
Viseu,2021,Estrangeiro,95099.0
Viseu,2021,Estónia,74.0
Viseu,2021,Federação da Rússia,522.0
Viseu,2021,Finlândia,319.0
Viseu,2021,França,12042.0
Viseu,2021,Grécia,119.0
Viseu,2021,Hungria,572.0
Viseu,2021,Irlanda,863.0
Viseu,2021,Israel,1030.0
Viseu,2021,Itália,3218.0
Viseu,2021,Japão,61.0
Viseu,2021,Letónia,330.0
Viseu,2021,Lituânia,338.0
Viseu,2021,Luxemburgo,1273.0
Viseu,2021,Malta,67.0
Viseu,2021,Marrocos,39.0
Viseu,2021,México,244.0
Viseu,2021,Noruega,807.0
Viseu,2021,Outros,2122.0
Viseu,2021,Países Baixos (Reino dos),4249.0
Viseu,2021,Polónia,2172.0
Viseu,2021,Portugal,487400.0
Viseu,2021,Reino Unido da Grã-Bretanha e Irlanda do Norte,7072.0
Viseu,2021,Roménia,517.0
Viseu,2021,Suécia,538.0
Viseu,2021,Suíça,3541.0
Viseu,2021,Sérvia,6.0
Viseu,2021,Total,582499.0
Viseu,2021,Turquia,154.0
Viseu,2021,Ucrânia,226.0
Viseu,2021,Áustria,424.0
Viseu,2021,Índia,146.0
Viseu,2022,Alemanha,16067.0
Viseu,2022,Angola,285.0
Viseu,2022,Argentina,265.0
Viseu,2022,Austrália,1225.0
Viseu,2022,Brasil,26567.0
Viseu,2022,Bulgária,534.0
Viseu,2022,Bélgica,5553.0
Viseu,2022,Canadá,6749.0
Viseu,2022,China,633.0
Viseu,2022,Chipre,74.0
Viseu,2022,Chéquia,814.0
Viseu,2022,Coreia (República da),278.0
Viseu,2022,Croácia,90.0
Viseu,2022,Dinamarca,4762.0
Viseu,2022,Eslováquia,199.0
Viseu,2022,Eslovénia,145.0
Viseu,2022,Espanha,32011.0
Viseu,2022,Estados Unidos da América,40336.0
Viseu,2022,Estrangeiro,229409.0
Viseu,2022,Estónia,99.0
Viseu,2022,Federação da Rússia,268.0
Viseu,2022,Finlândia,1112.0
Viseu,2022,França,23233.0
Viseu,2022,Grécia,231.0
Viseu,2022,Hungria,707.0
Viseu,2022,Irlanda,2580.0
Viseu,2022,Israel,4530.0
Viseu,2022,Itália,5208.0
Viseu,2022,Japão,178.0
Viseu,2022,Letónia,294.0
Viseu,2022,Lituânia,809.0
Viseu,2022,Luxemburgo,1525.0
Viseu,2022,Malta,188.0
Viseu,2022,Marrocos,68.0
Viseu,2022,México,692.0
Viseu,2022,Noruega,648.0
Viseu,2022,Outros,4529.0
Viseu,2022,Países Baixos (Reino dos),9756.0
Viseu,2022,Polónia,3989.0
Viseu,2022,Portugal,639637.0
Viseu,2022,Reino Unido da Grã-Bretanha e Irlanda do Norte,19199.0
Viseu,2022,Roménia,994.0
Viseu,2022,Suécia,1787.0
Viseu,2022,Suíça,7111.0
Viseu,2022,Sérvia,47.0
Viseu,2022,Total,869046.0
Viseu,2022,Turquia,763.0
Viseu,2022,Ucrânia,698.0
Viseu,2022,Áustria,1119.0
Viseu,2022,Índia,460.0
Viseu,2023,Alemanha,16528.0
Viseu,2023,Angola,510.0
Viseu,2023,Argentina,547.0
Viseu,2023,Austrália,3230.0
Viseu,2023,Brasil,28780.0
Viseu,2023,Bulgária,197.0
Viseu,2023,Bélgica,5829.0
Viseu,2023,Canadá,8461.0
Viseu,2023,China,1466.0
Viseu,2023,Chipre,74.0
Viseu,2023,Chéquia,996.0
Viseu,2023,Coreia (República da),318.0
Viseu,2023,Croácia,132.0
Viseu,2023,Dinamarca,4458.0
Viseu,2023,Eslováquia,152.0
Viseu,2023,Eslovénia,275.0
Viseu,2023,Espanha,38193.0
Viseu,2023,Estados Unidos da América,50043.0
Viseu,2023,Estrangeiro,262793.0
Viseu,2023,Estónia,118.0
Viseu,2023,Federação da Rússia,824.0
Viseu,2023,Finlândia,902.0
Viseu,2023,França,25393.0
Viseu,2023,Grécia,306.0
Viseu,2023,Hungria,1084.0
Viseu,2023,Irlanda,2243.0
Viseu,2023,Israel,4944.0
Viseu,2023,Itália,6324.0
Viseu,2023,Japão,384.0
Viseu,2023,Letónia,553.0
Viseu,2023,Lituânia,953.0
Viseu,2023,Luxemburgo,1484.0
Viseu,2023,Malta,151.0
Viseu,2023,Marrocos,153.0
Viseu,2023,México,1238.0
Viseu,2023,Noruega,1215.0
Viseu,2023,Outros,10857.0
Viseu,2023,Países Baixos (Reino dos),9494.0
Viseu,2023,Polónia,2529.0
Viseu,2023,Portugal,670512.0
Viseu,2023,Reino Unido da Grã-Bretanha e Irlanda do Norte,17514.0
Viseu,2023,Roménia,1419.0
Viseu,2023,Suécia,1510.0
Viseu,2023,Suíça,7881.0
Viseu,2023,Sérvia,31.0
Viseu,2023,Total,933305.0
Viseu,2023,Turquia,480.0
Viseu,2023,Ucrânia,584.0
Viseu,2023,Áustria,1303.0
Viseu,2023,Índia,733.0
Viseu,2024,Alemanha,17830.0
Viseu,2024,Angola,552.0
Viseu,2024,Argentina,499.0
Viseu,2024,Austrália,3749.0
Viseu,2024,Brasil,27568.0
Viseu,2024,Bulgária,562.0
Viseu,2024,Bélgica,5877.0
Viseu,2024,Canadá,10070.0
Viseu,2024,China,1892.0
Viseu,2024,Chipre,96.0
Viseu,2024,Chéquia,617.0
Viseu,2024,Coreia (República da),397.0
Viseu,2024,Croácia,120.0
Viseu,2024,Dinamarca,4074.0
Viseu,2024,Eslováquia,161.0
Viseu,2024,Eslovénia,277.0
Viseu,2024,Espanha,39882.0
Viseu,2024,Estados Unidos da América,56792.0
Viseu,2024,Estrangeiro,285153.0
Viseu,2024,Estónia,234.0
Viseu,2024,Federação da Rússia,1061.0
Viseu,2024,Finlândia,757.0
Viseu,2024,França,26730.0
Viseu,2024,Grécia,278.0
Viseu,2024,Hungria,1107.0
Viseu,2024,Irlanda,2263.0
Viseu,2024,Israel,4116.0
Viseu,2024,Itália,6339.0
Viseu,2024,Japão,594.0
Viseu,2024,Letónia,189.0
Viseu,2024,Lituânia,988.0
Viseu,2024,Luxemburgo,1520.0
Viseu,2024,Malta,133.0
Viseu,2024,Marrocos,152.0
Viseu,2024,México,1003.0
Viseu,2024,Noruega,834.0
Viseu,2024,Outros,10380.0
Viseu,2024,Países Baixos (Reino dos),10825.0
Viseu,2024,Polónia,2986.0
Viseu,2024,Portugal,745127.0
Viseu,2024,Reino Unido da Grã-Bretanha e Irlanda do Norte,21461.0
Viseu,2024,Roménia,4727.0
Viseu,2024,Suécia,2189.0
Viseu,2024,Suíça,8469.0
Viseu,2024,Sérvia,618.0
Viseu,2024,Total,1030280.0
Viseu,2024,Turquia,600.0
Viseu,2024,Ucrânia,1263.0
Viseu,2024,Áustria,1657.0
Viseu,2024,Índia,665.0
Viseu,2025,Alemanha,19929.0
Viseu,2025,Angola,783.0
Viseu,2025,Argentina,349.0
Viseu,2025,Austrália,4329.0
Viseu,2025,Brasil,25324.0
Viseu,2025,Bulgária,420.0
Viseu,2025,Bélgica,6496.0
Viseu,2025,Canadá,11289.0
Viseu,2025,China,2365.0
Viseu,2025,Chipre,87.0
Viseu,2025,Chéquia,902.0
Viseu,2025,Coreia (República da),476.0
Viseu,2025,Croácia,89.0
Viseu,2025,Dinamarca,4133.0
Viseu,2025,Eslováquia,130.0
Viseu,2025,Eslovénia,251.0
Viseu,2025,Espanha,39617.0
Viseu,2025,Estados Unidos da América,62203.0
Viseu,2025,Estrangeiro,292007.0
Viseu,2025,Estónia,182.0
Viseu,2025,Federação da Rússia,1189.0
Viseu,2025,Finlândia,1148.0
Viseu,2025,França,27295.0
Viseu,2025,Grécia,511.0
Viseu,2025,Hungria,643.0
Viseu,2025,Irlanda,2528.0
Viseu,2025,Israel,4696.0
Viseu,2025,Itália,5593.0
Viseu,2025,Japão,384.0
Viseu,2025,Letónia,235.0
Viseu,2025,Lituânia,563.0
Viseu,2025,Luxemburgo,2355.0
Viseu,2025,Malta,113.0
Viseu,2025,Marrocos,156.0
Viseu,2025,México,1046.0
Viseu,2025,Noruega,809.0
Viseu,2025,Outros,11429.0
Viseu,2025,Países Baixos (Reino dos),11299.0
Viseu,2025,Polónia,2499.0
Viseu,2025,Portugal,770137.0
Viseu,2025,Reino Unido da Grã-Bretanha e Irlanda do Norte,19082.0
Viseu,2025,Roménia,1684.0
Viseu,2025,Suécia,1690.0
Viseu,2025,Suíça,10410.0
Viseu,2025,Sérvia,118.0
Viseu,2025,Total,1062144.0
Viseu,2025,Turquia,535.0
Viseu,2025,Ucrânia,1497.0
Viseu,2025,Áustria,2257.0
Viseu,2025,Índia,889.0
Évora,2020,Alemanha,7562.0
Évora,2020,Angola,272.0
Évora,2020,Argentina,187.0
Évora,2020,Austrália,380.0
Évora,2020,Brasil,15110.0
Évora,2020,Bulgária,319.0
Évora,2020,Bélgica,4152.0
Évora,2020,Canadá,2005.0
Évora,2020,China,3134.0
Évora,2020,Chipre,13.0
Évora,2020,Chéquia,191.0
Évora,2020,Coreia (República da),135.0
Évora,2020,Croácia,46.0
Évora,2020,Dinamarca,363.0
Évora,2020,Eslováquia,125.0
Évora,2020,Eslovénia,84.0
Évora,2020,Espanha,22909.0
Évora,2020,Estados Unidos da América,5755.0
Évora,2020,Estrangeiro,102132.0
Évora,2020,Estónia,52.0
Évora,2020,Federação da Rússia,354.0
Évora,2020,Finlândia,832.0
Évora,2020,França,10708.0
Évora,2020,Grécia,56.0
Évora,2020,Hungria,96.0
Évora,2020,Irlanda,712.0
Évora,2020,Israel,182.0
Évora,2020,Itália,3341.0
Évora,2020,Japão,252.0
Évora,2020,Letónia,23.0
Évora,2020,Lituânia,45.0
Évora,2020,Luxemburgo,345.0
Évora,2020,Malta,38.0
Évora,2020,Marrocos,87.0
Évora,2020,México,144.0
Évora,2020,Noruega,259.0
Évora,2020,Outros,4161.0
Évora,2020,Países Baixos (Reino dos),5637.0
Évora,2020,Polónia,715.0
Évora,2020,Portugal,379067.0
Évora,2020,Reino Unido da Grã-Bretanha e Irlanda do Norte,5328.0
Évora,2020,Roménia,1227.0
Évora,2020,Suécia,1086.0
Évora,2020,Suíça,2298.0
Évora,2020,Sérvia,2.0
Évora,2020,Total,481199.0
Évora,2020,Turquia,733.0
Évora,2020,Ucrânia,290.0
Évora,2020,Áustria,204.0
Évora,2020,Índia,183.0
Évora,2021,Alemanha,9142.0
Évora,2021,Angola,269.0
Évora,2021,Argentina,178.0
Évora,2021,Austrália,288.0
Évora,2021,Brasil,11476.0
Évora,2021,Bulgária,188.0
Évora,2021,Bélgica,6703.0
Évora,2021,Canadá,1406.0
Évora,2021,China,369.0
Évora,2021,Chipre,13.0
Évora,2021,Chéquia,406.0
Évora,2021,Coreia (República da),81.0
Évora,2021,Croácia,27.0
Évora,2021,Dinamarca,1308.0
Évora,2021,Eslováquia,115.0
Évora,2021,Eslovénia,189.0
Évora,2021,Espanha,27284.0
Évora,2021,Estados Unidos da América,12804.0
Évora,2021,Estrangeiro,130955.0
Évora,2021,Estónia,109.0
Évora,2021,Federação da Rússia,321.0
Évora,2021,Finlândia,250.0
Évora,2021,França,14990.0
Évora,2021,Grécia,324.0
Évora,2021,Hungria,153.0
Évora,2021,Irlanda,1535.0
Évora,2021,Israel,468.0
Évora,2021,Itália,5841.0
Évora,2021,Japão,125.0
Évora,2021,Letónia,173.0
Évora,2021,Lituânia,203.0
Évora,2021,Luxemburgo,675.0
Évora,2021,Malta,40.0
Évora,2021,Marrocos,251.0
Évora,2021,México,214.0
Évora,2021,Noruega,209.0
Évora,2021,Outros,4591.0
Évora,2021,Países Baixos (Reino dos),8880.0
Évora,2021,Polónia,2024.0
Évora,2021,Portugal,484515.0
Évora,2021,Reino Unido da Grã-Bretanha e Irlanda do Norte,9212.0
Évora,2021,Roménia,711.0
Évora,2021,Suécia,1797.0
Évora,2021,Suíça,3713.0
Évora,2021,Sérvia,59.0
Évora,2021,Total,615470.0
Évora,2021,Turquia,208.0
Évora,2021,Ucrânia,617.0
Évora,2021,Áustria,817.0
Évora,2021,Índia,199.0
Évora,2022,Alemanha,23680.0
Évora,2022,Angola,709.0
Évora,2022,Argentina,765.0
Évora,2022,Austrália,2332.0
Évora,2022,Brasil,51675.0
Évora,2022,Bulgária,247.0
Évora,2022,Bélgica,11541.0
Évora,2022,Canadá,13074.0
Évora,2022,China,958.0
Évora,2022,Chipre,77.0
Évora,2022,Chéquia,823.0
Évora,2022,Coreia (República da),273.0
Évora,2022,Croácia,184.0
Évora,2022,Dinamarca,2256.0
Évora,2022,Eslováquia,220.0
Évora,2022,Eslovénia,550.0
Évora,2022,Espanha,52945.0
Évora,2022,Estados Unidos da América,60001.0
Évora,2022,Estrangeiro,341471.0
Évora,2022,Estónia,175.0
Évora,2022,Federação da Rússia,625.0
Évora,2022,Finlândia,1592.0
Évora,2022,França,26813.0
Évora,2022,Grécia,467.0
Évora,2022,Hungria,467.0
Évora,2022,Irlanda,2968.0
Évora,2022,Israel,2094.0
Évora,2022,Itália,17201.0
Évora,2022,Japão,348.0
Évora,2022,Letónia,361.0
Évora,2022,Lituânia,386.0
Évora,2022,Luxemburgo,829.0
Évora,2022,Malta,103.0
Évora,2022,Marrocos,559.0
Évora,2022,México,842.0
Évora,2022,Noruega,928.0
Évora,2022,Outros,8311.0
Évora,2022,Países Baixos (Reino dos),15814.0
Évora,2022,Polónia,4229.0
Évora,2022,Portugal,577438.0
Évora,2022,Reino Unido da Grã-Bretanha e Irlanda do Norte,18694.0
Évora,2022,Roménia,1430.0
Évora,2022,Suécia,2991.0
Évora,2022,Suíça,6566.0
Évora,2022,Sérvia,127.0
Évora,2022,Total,918909.0
Évora,2022,Turquia,418.0
Évora,2022,Ucrânia,943.0
Évora,2022,Áustria,1831.0
Évora,2022,Índia,1049.0
Évora,2023,Alemanha,25758.0
Évora,2023,Angola,1712.0
Évora,2023,Argentina,1754.0
Évora,2023,Austrália,5143.0
Évora,2023,Brasil,50199.0
Évora,2023,Bulgária,291.0
Évora,2023,Bélgica,9013.0
Évora,2023,Canadá,21546.0
Évora,2023,China,7126.0
Évora,2023,Chipre,63.0
Évora,2023,Chéquia,1372.0
Évora,2023,Coreia (República da),1460.0
Évora,2023,Croácia,192.0
Évora,2023,Dinamarca,2390.0
Évora,2023,Eslováquia,172.0
Évora,2023,Eslovénia,383.0
Évora,2023,Espanha,59892.0
Évora,2023,Estados Unidos da América,73612.0
Évora,2023,Estrangeiro,394884.0
Évora,2023,Estónia,380.0
Évora,2023,Federação da Rússia,1004.0
Évora,2023,Finlândia,2741.0
Évora,2023,França,26346.0
Évora,2023,Grécia,702.0
Évora,2023,Hungria,539.0
Évora,2023,Irlanda,2924.0
Évora,2023,Israel,1669.0
Évora,2023,Itália,18259.0
Évora,2023,Japão,666.0
Évora,2023,Letónia,393.0
Évora,2023,Lituânia,514.0
Évora,2023,Luxemburgo,734.0
Évora,2023,Malta,84.0
Évora,2023,Marrocos,481.0
Évora,2023,México,1216.0
Évora,2023,Noruega,1588.0
Évora,2023,Outros,18187.0
Évora,2023,Países Baixos (Reino dos),13963.0
Évora,2023,Polónia,2199.0
Évora,2023,Portugal,621967.0
Évora,2023,Reino Unido da Grã-Bretanha e Irlanda do Norte,19865.0
Évora,2023,Roménia,1540.0
Évora,2023,Suécia,3031.0
Évora,2023,Suíça,7277.0
Évora,2023,Sérvia,47.0
Évora,2023,Total,1016851.0
Évora,2023,Turquia,305.0
Évora,2023,Ucrânia,924.0
Évora,2023,Áustria,2574.0
Évora,2023,Índia,2654.0
Évora,2024,Alemanha,29007.0
Évora,2024,Angola,1723.0
Évora,2024,Argentina,2535.0
Évora,2024,Austrália,6161.0
Évora,2024,Brasil,48648.0
Évora,2024,Bulgária,207.0
Évora,2024,Bélgica,10778.0
Évora,2024,Canadá,25112.0
Évora,2024,China,11025.0
Évora,2024,Chipre,62.0
Évora,2024,Chéquia,1161.0
Évora,2024,Coreia (República da),1739.0
Évora,2024,Croácia,217.0
Évora,2024,Dinamarca,2564.0
Évora,2024,Eslováquia,150.0
Évora,2024,Eslovénia,393.0
Évora,2024,Espanha,53977.0
Évora,2024,Estados Unidos da América,86616.0
Évora,2024,Estrangeiro,417905.0
Évora,2024,Estónia,394.0
Évora,2024,Federação da Rússia,1266.0
Évora,2024,Finlândia,1447.0
Évora,2024,França,26033.0
Évora,2024,Grécia,722.0
Évora,2024,Hungria,641.0
Évora,2024,Irlanda,3203.0
Évora,2024,Israel,1481.0
Évora,2024,Itália,16980.0
Évora,2024,Japão,714.0
Évora,2024,Letónia,203.0
Évora,2024,Lituânia,694.0
Évora,2024,Luxemburgo,1041.0
Évora,2024,Malta,120.0
Évora,2024,Marrocos,512.0
Évora,2024,México,1120.0
Évora,2024,Noruega,1057.0
Évora,2024,Outros,20127.0
Évora,2024,Países Baixos (Reino dos),17487.0
Évora,2024,Polónia,2215.0
Évora,2024,Portugal,646951.0
Évora,2024,Reino Unido da Grã-Bretanha e Irlanda do Norte,20753.0
Évora,2024,Roménia,1799.0
Évora,2024,Suécia,2260.0
Évora,2024,Suíça,7650.0
Évora,2024,Sérvia,141.0
Évora,2024,Total,1064856.0
Évora,2024,Turquia,376.0
Évora,2024,Ucrânia,1112.0
Évora,2024,Áustria,2341.0
Évora,2024,Índia,1941.0
Évora,2025,Alemanha,30845.0
Évora,2025,Angola,1363.0
Évora,2025,Argentina,1824.0
Évora,2025,Austrália,6322.0
Évora,2025,Brasil,43136.0
Évora,2025,Bulgária,392.0
Évora,2025,Bélgica,11793.0
Évora,2025,Canadá,24652.0
Évora,2025,China,12893.0
Évora,2025,Chipre,117.0
Évora,2025,Chéquia,1889.0
Évora,2025,Coreia (República da),1966.0
Évora,2025,Croácia,274.0
Évora,2025,Dinamarca,2814.0
Évora,2025,Eslováquia,226.0
Évora,2025,Eslovénia,438.0
Évora,2025,Espanha,54247.0
Évora,2025,Estados Unidos da América,81820.0
Évora,2025,Estrangeiro,416583.0
Évora,2025,Estónia,335.0
Évora,2025,Federação da Rússia,1289.0
Évora,2025,Finlândia,1217.0
Évora,2025,França,25195.0
Évora,2025,Grécia,824.0
Évora,2025,Hungria,695.0
Évora,2025,Irlanda,3252.0
Évora,2025,Israel,1614.0
Évora,2025,Itália,16316.0
Évora,2025,Japão,942.0
Évora,2025,Letónia,497.0
Évora,2025,Lituânia,703.0
Évora,2025,Luxemburgo,1313.0
Évora,2025,Malta,123.0
Évora,2025,Marrocos,513.0
Évora,2025,México,1389.0
Évora,2025,Noruega,956.0
Évora,2025,Outros,21314.0
Évora,2025,Países Baixos (Reino dos),17223.0
Évora,2025,Polónia,3178.0
Évora,2025,Portugal,698111.0
Évora,2025,Reino Unido da Grã-Bretanha e Irlanda do Norte,22619.0
Évora,2025,Roménia,1367.0
Évora,2025,Suécia,2600.0
Évora,2025,Suíça,7210.0
Évora,2025,Sérvia,142.0
Évora,2025,Total,1114694.0
Évora,2025,Turquia,680.0
Évora,2025,Ucrânia,1369.0
Évora,2025,Áustria,2449.0
Évora,2025,Índia,2248.0
